season,pid,team,type,award_position,player_position,name,username
1,201,AZ,championship,RB,Running Back,Reg Mackworthy,Esa77
1,207,AZ,championship,LB,Linebacker,Jaylon Lee,youngcricket
1,209,AZ,championship,WR,Wide Receiver,- Stormblessed,Stormblessed
1,214,AZ,championship,DT,Defensive Tackle,Arbin Asipi,DeathOnReddit
1,217,AZ,championship,LB,Linebacker,Harrif Ernston,Valtookan
1,225,AZ,championship,WR,Quarterback,King Bronko,ADwyer87
1,225,AZ,championship,QB,Quarterback,King Bronko,ADwyer87
1,228,AZ,championship,T,Offensive Lineman,Tim Pest,Admin
1,526,AZ,championship,LB,Linebacker,Brady Stropko,Bushito
1,533,AZ,championship,DE,Defensive End,Dental Dam,Foompin
1,536,AZ,championship,S,Safety,Isaiah Rashad,Destroyer
1,547,AZ,championship,S,Safety,Ryan Flock,theFlock
1,550,AZ,championship,DE,Defensive End,Jayce Tuck,ErMurazor
1,553,AZ,championship,T,Offensive Lineman,Alex Thomas,Pandar
1,556,AZ,championship,TE,Tight End,Joseph Tkachuk,Theo667
1,561,AZ,championship,DT,Defensive Tackle,Luke Pierce,Ramadeus
1,582,AZ,championship,WR,Safety,Lincoln Jefferson,adam2552
1,586,AZ,championship,RB,Running Back,Michael Newman,mnewman19
1,593,AZ,championship,RB,Running Back,Jack Durden,Durden
1,603,AZ,championship,QB,Quarterback,Vincent Draxel,701
1,607,AZ,championship,CB,Cornerback,Jason Williams,RayCobaine
1,617,AZ,championship,S,Safety,Samuel Watson,Evolution
1,624,AZ,championship,S,Wide Receiver,Mayran Jackson,Kendrick
1,630,AZ,championship,K,Kicker,Adrienne Nugent,galatix
1,639,AZ,championship,RB,Running Back,Fernando Bessel,WillW
1,642,AZ,championship,WR,Wide Receiver,Wes Washington,scmsf49
1,651,AZ,championship,T,Offensive Lineman,Saggitariutt Jefferspin,BasedGase
1,685,AZ,championship,C,Offensive Lineman,Scott Timlin,scottyt
1,687,AZ,championship,DE,Defensive End,Blaster Blade,Blaster
1,735,AZ,championship,G,Offensive Lineman,Braden Sharp,adamantium
1,736,AZ,championship,WR,Wide Receiver,Matthew Vincent,sapp2013
1,536,AZ,DBOTY,S,Safety,Isaiah Rashad,Destroyer
1,550,AZ,DLOTY,DE,Defensive End,Jayce Tuck,ErMurazor
1,536,AZ,DPOTY,S,Safety,Isaiah Rashad,Destroyer
1,614,YKW,KOTY,K,,Archibald Booter,PoloPro
1,211,COL,LBOTY,LB,Linebacker,Johnathon Saint,jparks98
1,403,OCO,MOP,OL,Defensive End,Angus Winchester,timeconsumer
1,625,YKW,MVP,RB,Running Back,Bubba Nuck,NUCK
1,403,OCO,OLOTY,OL,Defensive End,Angus Winchester,timeconsumer
1,403,OCO,OPOTY,OL,Defensive End,Angus Winchester,timeconsumer
1,656,OCO,PEROTY,DE,Defensive End,Adamle Tomlinson,Jbearly
1,565,COL,POTY,K,Kicker,Jimmy Darkapple,TheAliensAreCumming
1,603,AZ,Pro Bowl,QB,Quarterback,Vincent Draxel,701
1,202,SJS,Pro Bowl,QB,Wide Receiver,Gosh Jarden,daBenchwarmer
1,570,OCO,Pro Bowl,RB,Running Back,Omar Wright,dave
1,634,OCO,Pro Bowl,RB,Running Back,Leroy Jenkins,Jiggly_333
1,579,SJS,Pro Bowl,RB,Running Back,Vick Bowers Jr.,Bengals1Fan
1,605,SJS,Pro Bowl,WR,Wide Receiver,Bailey Cook,RainDelay
1,215,OCO,Pro Bowl,WR,Wide Receiver,Bradley Westfield,Bwestfield
1,643,OCO,Pro Bowl,WR,Wide Receiver,Robert Phelps,DrunkenTeddy
1,644,AZ,Pro Bowl,WR,Wide Receiver,Stormblessed -,Stormblessed
1,527,OCO,Pro Bowl,TE,Defensive End,George Wright Jr.,Player1
1,645,SJS,Pro Bowl,TE,Tight End,Break Bottles,Blake Bortles
1,403,OCO,Pro Bowl,OL,Defensive End,Angus Winchester,timeconsumer
1,543,SJS,Pro Bowl,OL,Offensive Lineman,Daniel Robicheaux,Electraspace
1,557,OCO,Pro Bowl,OL,Offensive Lineman,Marcus Boyd,Professorpayne69
1,640,OCO,Pro Bowl,OL,Offensive Lineman,Cliff Hamilton,breakingthe4THWALL
1,636,SJS,Pro Bowl,OL,Offensive Lineman,Tim Tebow,.wahala.
1,550,AZ,Pro Bowl,DE,Defensive End,Jayce Tuck,ErMurazor
1,656,OCO,Pro Bowl,DE,Defensive End,Adamle Tomlinson,Jbearly
1,632,OCO,Pro Bowl,DT,Wide Receiver,J.J. Reigns,Shaka
1,534,OCO,Pro Bowl,DT,Linebacker,Franklin Harris,Apache_Chief
1,641,SJS,Pro Bowl,LB,Linebacker,Alexander Selich,Tomen
1,526,AZ,Pro Bowl,LB,Linebacker,Brady Stropko,Bushito
1,205,OCO,Pro Bowl,LB,Linebacker,Ian Bavitz,Molarpistols
1,217,AZ,Pro Bowl,LB,Linebacker,Harrif Ernston,Valtookan
1,536,AZ,Pro Bowl,DB,Safety,Isaiah Rashad,Destroyer
1,628,SJS,Pro Bowl,DB,Safety,Ja Brill,ckroyal92
1,607,AZ,Pro Bowl,DB,Cornerback,Jason Williams,RayCobaine
1,552,OCO,Pro Bowl,DB,Running Back,Anthony Petrakis,Grapehead
1,547,AZ,Pro Bowl,DB,Safety,Ryan Flock,theFlock
1,599,OCO,Pro Bowl,DB,Safety,Dominic Verns,Roshambo
1,587,SJS,Pro Bowl,K,,None None,
1,587,SJS,Pro Bowl,P,,None None,
1,571,COL,Pro Bowl,QB,Quarterback,Logan Noble,Noble
1,627,YKW,Pro Bowl,QB,Quarterback,Chris Orosz,Aenir
1,625,YKW,Pro Bowl,RB,Running Back,Bubba Nuck,NUCK
1,647,BAL,Pro Bowl,RB,Running Back,Marcus Robinson,.Broken
1,618,COL,Pro Bowl,RB,Running Back,Kieran O’Connell,Lainncli
1,200,YKW,Pro Bowl,WR,Wide Receiver,Josh Garden,Ballerstorm
1,619,BAL,Pro Bowl,WR,Wide Receiver,Damian West,GoodLeftUndone
1,559,COL,Pro Bowl,WR,Wide Receiver,Kendrick Hendrix,deadendpath27
1,212,YKW,Pro Bowl,WR,Wide Receiver,Alexandre LeClair,Zoone16
1,575,YKW,Pro Bowl,TE,Defensive End,Ricky Maddox,SimmerDownBruhh
1,612,BAL,Pro Bowl,TE,Tight End,Gabriel Tenzini,princekyle
1,576,YKW,Pro Bowl,OL,Quarterback,Mat Akselsen,Bzerkap
1,657,COL,Pro Bowl,OL,Offensive Lineman,Bender Rodriguez,BenderRodriguez
1,520,BAL,Pro Bowl,OL,Offensive Lineman,Jordan Weal,samee
1,633,YKW,Pro Bowl,OL,Safety,Jogn Floggity,Jogn
1,530,YKW,Pro Bowl,OL,Offensive Lineman,D’Brickashaw Ferguson,mjdharder
1,538,YKW,Pro Bowl,DE,Defensive End,Jason Spearhead,BasedPooter
1,206,COL,Pro Bowl,DE,Defensive End,Fuego Wozy,TheWoZy
1,602,YKW,Pro Bowl,DT,Defensive Tackle,Mark Ramrio,Anti-Hype
1,540,BAL,Pro Bowl,DT,Defensive Tackle,Bert Metas,Bertiswho
1,211,COL,Pro Bowl,LB,Linebacker,Johnathon Saint,jparks98
1,210,BAL,Pro Bowl,LB,Defensive End,Kurt Hendrix,HENDRIX
1,542,YKW,Pro Bowl,LB,Linebacker,Lindarius Shelton,EvanR123
1,226,COL,Pro Bowl,LB,Linebacker,Wyatt Fulton,DELIRIVM
1,522,COL,Pro Bowl,DB,Cornerback,Alex Hayden,Rich
1,227,YKW,Pro Bowl,DB,Cornerback,Dermot Lavelle,White Cornerback
1,616,BAL,Pro Bowl,DB,Cornerback,Matthew Peterson,Peterson
1,652,COL,Pro Bowl,DB,,None None,
1,631,YKW,Pro Bowl,DB,Cornerback,Dirk Cutter,CaptainCats
1,548,COL,Pro Bowl,DB,Cornerback,Philippe Carter,enigmatic
1,565,COL,Pro Bowl,P,Kicker,Jimmy Darkapple,TheAliensAreCumming
1,614,YKW,Pro Bowl,K,,Archibald Booter,PoloPro
1,627,YKW,QBOTY,QB,Quarterback,Chris Orosz,Aenir
1,625,YKW,RBOTY,RB,Running Back,Bubba Nuck,NUCK
1,612,BAL,TEOTY,TE,Tight End,Gabriel Tenzini,princekyle
1,200,YKW,WROTY,WR,Wide Receiver,Josh Garden,Ballerstorm
2,604,BAL,BROTY,LB,Defensive Tackle,Erasmo Broadway,evryday
2,201,AZ,championship,RB,Running Back,Reg Mackworthy,Esa77
2,207,AZ,championship,LB,Linebacker,Jaylon Lee,youngcricket
2,214,AZ,championship,DT,Defensive Tackle,Arbin Asipi,DeathOnReddit
2,217,AZ,championship,LB,Linebacker,Harrif Ernston,Valtookan
2,225,AZ,championship,QB,Quarterback,King Bronko,ADwyer87
2,228,AZ,championship,T,Offensive Lineman,Tim Pest,Admin
2,236,AZ,championship,LB,Linebacker,Luke Luechly,Admin
2,237,AZ,championship,K,Kicker,Christiano Ronaldo,Admin
2,533,AZ,championship,DE,Defensive End,Dental Dam,Foompin
2,536,AZ,championship,S,Safety,Isaiah Rashad,Destroyer
2,547,AZ,championship,S,Safety,Ryan Flock,theFlock
2,550,AZ,championship,DE,Defensive End,Jayce Tuck,ErMurazor
2,553,AZ,championship,G,Offensive Lineman,Alex Thomas,Pandar
2,556,AZ,championship,TE,Tight End,Joseph Tkachuk,Theo667
2,561,AZ,championship,DT,Defensive Tackle,Luke Pierce,Ramadeus
2,603,AZ,championship,QB,Quarterback,Vincent Draxel,701
2,607,AZ,championship,CB,Cornerback,Jason Williams,RayCobaine
2,624,AZ,championship,WR,Wide Receiver,Mayran Jackson,Kendrick
2,639,AZ,championship,RB,Running Back,Fernando Bessel,WillW
2,669,AZ,championship,WR,Wide Receiver,C.A Chess,4D Chess
2,671,AZ,championship,WR,Wide Receiver,Dustin Evans,AsylumParty
2,685,AZ,championship,C,Offensive Lineman,Scott Timlin,scottyt
2,712,AZ,championship,G,Offensive Lineman,Connor MacManus,veritas
2,720,AZ,championship,S,Safety,Allen Davis,XxpurplepurpsxX
2,723,AZ,championship,RB,Running Back,Teez Tobin,Geh
2,739,AZ,championship,C,Offensive Lineman,Busters Brownce,RandomDays
2,746,AZ,championship,S,Safety,Gavin Graham,Creyes971
2,764,AZ,championship,QB,Quarterback,Mark Strike,OwlStrike13
2,771,AZ,championship,DT,Defensive Tackle,Godfrey King,Shadowz
2,785,AZ,championship,G,Offensive Lineman,Sammy Walters,PointGod
2,809,AZ,championship,G,Offensive Lineman,Sachimo Zoidberg,Jala
2,582,PHI,DBOTY,S,Safety,Lincoln Jefferson,adam2552
2,550,AZ,DLOTY,DE,Defensive End,Jayce Tuck,ErMurazor
2,550,AZ,DPOTY,DE,Defensive End,Jayce Tuck,ErMurazor
2,672,PHI,DROTY,CB,Quarterback,Tyler Oles,Oles
2,216,BAL,KOTY,K,Kicker,Turk Turkleton,Raven
2,604,BAL,LBOTY,LB,Defensive Tackle,Erasmo Broadway,evryday
2,217,AZ,LBOTY,LB,Linebacker,Harrif Ernston,Valtookan
2,550,AZ,MOP,DE,Defensive End,Jayce Tuck,ErMurazor
2,550,AZ,MVP,DE,Defensive End,Jayce Tuck,ErMurazor
2,228,AZ,OLOTY,OL,Offensive Lineman,Tim Pest,Admin
2,627,YKW,OPOTY,QB,Quarterback,Chris Orosz,Aenir
2,733,BAL,OROTY,RB,Running Back,Darlane Farlane,Gwdaja
2,225,AZ,PEROTY,QB,Quarterback,King Bronko,ADwyer87
2,528,PHI,POTY,K,Kicker,Stephen Harris,WinstonKodogo
2,208,OCO,Pro Bowl,QB,Quarterback,Mike Boss,JBLAZE_THE_BOSS
2,225,AZ,Pro Bowl,QB,Quarterback,King Bronko,ADwyer87
2,201,AZ,Pro Bowl,RB,Running Back,Reg Mackworthy,Esa77
2,593,SJS,Pro Bowl,RB,Running Back,Jack Durden,Durden
2,678,LVL,Pro Bowl,RB,Tight End,Ardie Savea,Ben
2,624,AZ,Pro Bowl,WR,Wide Receiver,Mayran Jackson,Kendrick
2,643,OCO,Pro Bowl,WR,Wide Receiver,Robert Phelps,DrunkenTeddy
2,215,OCO,Pro Bowl,WR,Wide Receiver,Bradley Westfield,Bwestfield
2,650,SJS,Pro Bowl,WR,Wide Receiver,Shane Weston,Symmetrik
2,527,OCO,Pro Bowl,TE,Defensive End,George Wright Jr.,Player1
2,645,SJS,Pro Bowl,TE,Tight End,Break Bottles,Blake Bortles
2,228,AZ,Pro Bowl,OL,Offensive Lineman,Tim Pest,Admin
2,403,OCO,Pro Bowl,OL,Defensive End,Angus Winchester,timeconsumer
2,726,SJS,Pro Bowl,OL,Linebacker,Vincent Sharpei,Muford
2,596,SJS,Pro Bowl,OL,Offensive Lineman,Ben Longshaw,dropbear
2,695,SJS,Pro Bowl,OL,Running Back,Jordan Yates,jordan327
2,550,AZ,Pro Bowl,DE,Defensive End,Jayce Tuck,ErMurazor
2,656,OCO,Pro Bowl,DE,Defensive End,Adamle Tomlinson,Jbearly
2,602,LVL,Pro Bowl,DT,Defensive Tackle,Mark Ramrio,Anti-Hype
2,611,LVL,Pro Bowl,DT,Defensive Tackle,Vinny Cox,Gooney
2,207,AZ,Pro Bowl,LB,Linebacker,Jaylon Lee,youngcricket
2,217,AZ,Pro Bowl,LB,Linebacker,Harrif Ernston,Valtookan
2,236,AZ,Pro Bowl,LB,Linebacker,Luke Luechly,Admin
2,584,LVL,Pro Bowl,LB,Linebacker,Tyler Varga,RavensFanFromOntario
2,547,AZ,Pro Bowl,DB,Safety,Ryan Flock,theFlock
2,568,SJS,Pro Bowl,DB,Cornerback,John Canton,Sweetwater
2,599,OCO,Pro Bowl,DB,Safety,Dominic Verns,Roshambo
2,536,AZ,Pro Bowl,DB,Safety,Isaiah Rashad,Destroyer
2,564,LVL,Pro Bowl,DB,Cornerback,Stanislaw Maddox,Nick
2,552,OCO,Pro Bowl,DB,Running Back,Anthony Petrakis,Grapehead
2,237,AZ,Pro Bowl,P,Kicker,Christiano Ronaldo,Admin
2,237,AZ,Pro Bowl,K,Kicker,Christiano Ronaldo,Admin
2,627,YKW,Pro Bowl,QB,Quarterback,Chris Orosz,Aenir
2,585,BAL,Pro Bowl,QB,Safety,Scrub Kyubee,DollarAndADream
2,222,COL,Pro Bowl,RB,Running Back,Boss Tweed,PigSnout
2,733,BAL,Pro Bowl,RB,Running Back,Darlane Farlane,Gwdaja
2,570,PHI,Pro Bowl,RB,Running Back,Omar Wright,dave
2,200,YKW,Pro Bowl,WR,Wide Receiver,Josh Garden,Ballerstorm
2,559,COL,Pro Bowl,WR,Wide Receiver,Kendrick Hendrix,deadendpath27
2,704,PHI,Pro Bowl,WR,Wide Receiver,Fox North,Silver Fox
2,659,BAL,Pro Bowl,WR,Wide Receiver,Cooper Christmas,Ghostspeed
2,575,YKW,Pro Bowl,TE,Defensive End,Ricky Maddox,SimmerDownBruhh
2,232,PHI,Pro Bowl,TE,Tight End,Paul DiMirio,124715
2,576,YKW,Pro Bowl,OL,Quarterback,Mat Akselsen,Bzerkap
2,633,YKW,Pro Bowl,OL,Safety,Jogn Floggity,Jogn
2,684,PHI,Pro Bowl,OL,Linebacker,Micah Hendrix,HalfEatenOnionBagel
2,682,YKW,Pro Bowl,OL,Offensive Lineman,Matt James,MattJames
2,708,BAL,Pro Bowl,OL,Running Back,Dieter Koch,Sleepy
2,206,COL,Pro Bowl,DE,Defensive End,Fuego Wozy,TheWoZy
2,210,BAL,Pro Bowl,DE,Defensive End,Kurt Hendrix,HENDRIX
2,540,BAL,Pro Bowl,DT,Defensive Tackle,Bert Metas,Bertiswho
2,670,YKW,Pro Bowl,DT,Defensive End,Bork Björnsson,bovovovo
2,211,COL,Pro Bowl,LB,Linebacker,Johnathon Saint,jparks98
2,604,BAL,Pro Bowl,LB,Defensive Tackle,Erasmo Broadway,evryday
2,226,COL,Pro Bowl,LB,Linebacker,Wyatt Fulton,DELIRIVM
2,581,BAL,Pro Bowl,LB,Linebacker,Stephen Harrison,Noppadet
2,672,PHI,Pro Bowl,DB,Quarterback,Tyler Oles,Oles
2,227,YKW,Pro Bowl,DB,Cornerback,Dermot Lavelle,White Cornerback
2,582,PHI,Pro Bowl,DB,Safety,Lincoln Jefferson,adam2552
2,213,BAL,Pro Bowl,DB,Cornerback,Antoine Delacour,37thchamber
2,667,BAL,Pro Bowl,DB,Cornerback,Darnell Turner,Darnellthebeast
2,548,COL,Pro Bowl,DB,Cornerback,Philippe Carter,enigmatic
2,528,PHI,Pro Bowl,P,Kicker,Stephen Harris,WinstonKodogo
2,216,BAL,Pro Bowl,K,Kicker,Turk Turkleton,Raven
2,627,YKW,QBOTY,QB,Quarterback,Chris Orosz,Aenir
2,733,BAL,RBOTY,RB,Running Back,Darlane Farlane,Gwdaja
2,575,YKW,TEOTY,TE,Defensive End,Ricky Maddox,SimmerDownBruhh
2,643,OCO,WROTY,WR,Wide Receiver,Robert Phelps,DrunkenTeddy
3,219,SJS,BROTY,DT,Defensive Tackle,Dan Miller,7hawk77
3,201,AZ,championship,RB,Running Back,Reg Mackworthy,Esa77
3,207,AZ,championship,LB,Linebacker,Jaylon Lee,youngcricket
3,214,AZ,championship,G,Defensive Tackle,Arbin Asipi,DeathOnReddit
3,217,AZ,championship,LB,Linebacker,Harrif Ernston,Valtookan
3,225,AZ,championship,QB,Quarterback,King Bronko,ADwyer87
3,228,AZ,championship,T,Offensive Lineman,Tim Pest,Admin
3,236,AZ,championship,LB,Linebacker,Luke Luechly,Admin
3,237,AZ,championship,K,Kicker,Christiano Ronaldo,Admin
3,239,AZ,championship,G,Offensive Lineman,Pat Pancake,Admin
3,533,AZ,championship,DE,Defensive End,Dental Dam,Foompin
3,547,AZ,championship,S,Safety,Ryan Flock,theFlock
3,548,AZ,championship,CB,Cornerback,Philippe Carter,enigmatic
3,550,AZ,championship,DE,Defensive End,Jayce Tuck,ErMurazor
3,553,AZ,championship,T,Offensive Lineman,Alex Thomas,Pandar
3,669,AZ,championship,WR,Wide Receiver,C.A Chess,4D Chess
3,671,AZ,championship,WR,Wide Receiver,Dustin Evans,AsylumParty
3,685,AZ,championship,C,Offensive Lineman,Scott Timlin,scottyt
3,720,AZ,championship,S,Safety,Allen Davis,XxpurplepurpsxX
3,755,AZ,championship,WR,Cornerback,Samuel Zhang,kcheng686
3,765,AZ,championship,G,Offensive Lineman,Archetype Schmarchetype,Schmarchee
3,769,AZ,championship,CB,Tight End,Franklin Harris Jr.,Apache_Chief
3,771,AZ,championship,DT,Defensive Tackle,Godfrey King,Shadowz
3,776,AZ,championship,TE,Wide Receiver,Charlie Law,AdamS
3,769,AZ,DBOTY,CB,Tight End,Franklin Harris Jr.,Apache_Chief
3,654,TIJ,DBOTY,CB,Cornerback,Mark Bowden,neall26
3,550,AZ,DLOTY,DE,Defensive End,Jayce Tuck,ErMurazor
3,825,POR,DLOTY,DE,Defensive End,Andreas Waiters,Chukka
3,550,AZ,DPOTY,DE,Defensive End,Jayce Tuck,ErMurazor
3,825,POR,DPOTY,DE,Defensive End,Andreas Waiters,Chukka
3,769,AZ,DROTY,CB,Tight End,Franklin Harris Jr.,Apache_Chief
3,825,POR,DROTY,DE,Defensive End,Andreas Waiters,Chukka
3,798,OCO,KOTY,K,Kicker,Al Sims,Askin
3,818,TIJ,KOTY,K,Kicker,Brent Lane,Brent
3,226,YKW,LBOTY,LB,Linebacker,Wyatt Fulton,DELIRIVM
3,714,TIJ,LBOTY,LB,Linebacker,Hingle Mcringleberry,Colombiano
3,208,OCO,MOP,QB,Quarterback,Mike Boss,JBLAZE_THE_BOSS
3,550,AZ,MVP,DE,Defensive End,Jayce Tuck,ErMurazor
3,811,NOR,MVP,RB,Running Back,Shawn Ariel,Luminous
3,228,AZ,OLOTY,OL,Offensive Lineman,Tim Pest,Admin
3,719,SAN,OLOTY,OL,Offensive Lineman,Gui Worthy,Guy worthy
3,208,OCO,OPOTY,QB,Quarterback,Mike Boss,JBLAZE_THE_BOSS
3,811,NOR,OPOTY,RB,Running Back,Shawn Ariel,Luminous
3,750,BAL,OROTY,WR,Wide Receiver,Trey Willie,ItsJustBarry
3,811,NOR,OROTY,RB,Running Back,Shawn Ariel,Luminous
3,670,YKW,PEROTY,DE,Defensive End,Bork Björnsson,bovovovo
3,811,NOR,PEROTY,RB,Running Back,Shawn Ariel,Luminous
3,237,AZ,POTY,K,Kicker,Christiano Ronaldo,Admin
3,818,TIJ,POTY,K,Kicker,Brent Lane,Brent
3,208,OCO,Pro Bowl,QB,Quarterback,Mike Boss,JBLAZE_THE_BOSS
3,225,AZ,Pro Bowl,QB,Quarterback,King Bronko,ADwyer87
3,201,AZ,Pro Bowl,RB,Running Back,Reg Mackworthy,Esa77
3,678,LVL,Pro Bowl,RB,Tight End,Ardie Savea,Ben
3,754,OCO,Pro Bowl,RB,Running Back,Erlich Burnsman,BoltyMcSpeedy
3,215,OCO,Pro Bowl,WR,Wide Receiver,Bradley Westfield,Bwestfield
3,643,OCO,Pro Bowl,WR,Wide Receiver,Robert Phelps,DrunkenTeddy
3,650,SJS,Pro Bowl,WR,Wide Receiver,Shane Weston,Symmetrik
3,212,LVL,Pro Bowl,WR,Wide Receiver,Alexandre LeClair,Zoone16
3,776,AZ,Pro Bowl,TE,Wide Receiver,Charlie Law,AdamS
3,774,LVL,Pro Bowl,TE,Tight End,Connor Tanner,Keyg_an
3,228,AZ,Pro Bowl,OL,Offensive Lineman,Tim Pest,Admin
3,403,OCO,Pro Bowl,OL,Defensive End,Angus Winchester,timeconsumer
3,726,SJS,Pro Bowl,OL,Linebacker,Vincent Sharpei,Muford
3,702,OCO,Pro Bowl,OL,Defensive Tackle,Greg Clegane,automatic
3,695,SJS,Pro Bowl,OL,Running Back,Jordan Yates,jordan327
3,550,AZ,Pro Bowl,DE,Defensive End,Jayce Tuck,ErMurazor
3,687,LVL,Pro Bowl,DE,Defensive End,Blaster Blade,Blaster
3,219,SJS,Pro Bowl,DT,Defensive Tackle,Dan Miller,7hawk77
3,771,AZ,Pro Bowl,DT,Defensive Tackle,Godfrey King,Shadowz
3,236,AZ,Pro Bowl,LB,Linebacker,Luke Luechly,Admin
3,205,OCO,Pro Bowl,LB,Linebacker,Ian Bavitz,Molarpistols
3,584,LVL,Pro Bowl,LB,Linebacker,Tyler Varga,RavensFanFromOntario
3,641,SJS,Pro Bowl,LB,Linebacker,Alexander Selich,Tomen
3,769,AZ,Pro Bowl,DB,Tight End,Franklin Harris Jr.,Apache_Chief
3,548,AZ,Pro Bowl,DB,Cornerback,Philippe Carter,enigmatic
3,568,SJS,Pro Bowl,DB,Cornerback,John Canton,Sweetwater
3,599,OCO,Pro Bowl,DB,Safety,Dominic Verns,Roshambo
3,564,LVL,Pro Bowl,DB,Cornerback,Stanislaw Maddox,Nick
3,703,SJS,Pro Bowl,DB,Safety,Torque Lewith,Hypodynamic
3,237,AZ,Pro Bowl,P,Kicker,Christiano Ronaldo,Admin
3,798,OCO,Pro Bowl,K,Kicker,Al Sims,Askin
3,627,YKW,Pro Bowl,QB,Quarterback,Chris Orosz,Aenir
3,585,BAL,Pro Bowl,QB,Safety,Scrub Kyubee,DollarAndADream
3,625,YKW,Pro Bowl,RB,Running Back,Bubba Nuck,NUCK
3,222,COL,Pro Bowl,RB,Running Back,Boss Tweed,PigSnout
3,733,BAL,Pro Bowl,RB,Running Back,Darlane Farlane,Gwdaja
3,750,BAL,Pro Bowl,WR,Wide Receiver,Trey Willie,ItsJustBarry
3,200,YKW,Pro Bowl,WR,Wide Receiver,Josh Garden,Ballerstorm
3,704,PHI,Pro Bowl,WR,Wide Receiver,Fox North,Silver Fox
3,605,YKW,Pro Bowl,WR,Wide Receiver,Bailey Cook,RainDelay
3,232,PHI,Pro Bowl,TE,Tight End,Paul DiMirio,124715
3,766,YKW,Pro Bowl,TE,Defensive Tackle,Joseph Askins,jaskins811
3,233,BAL,Pro Bowl,OL,Cornerback,Avon Blocksdale,iamslm22
3,684,PHI,Pro Bowl,OL,Linebacker,Micah Hendrix,HalfEatenOnionBagel
3,576,YKW,Pro Bowl,OL,Quarterback,Mat Akselsen,Bzerkap
3,633,YKW,Pro Bowl,OL,Safety,Jogn Floggity,Jogn
3,691,COL,Pro Bowl,OL,Offensive Lineman,Shjom Finkenlarkin,Big Country
3,206,COL,Pro Bowl,DE,Defensive End,Fuego Wozy,TheWoZy
3,230,BAL,Pro Bowl,DE,Running Back,Owen Taylor,manicmav36
3,806,BAL,Pro Bowl,DT,Defensive Tackle,Ricardo Sandoval,cosbornballboy
3,670,YKW,Pro Bowl,DT,Defensive End,Bork Björnsson,bovovovo
3,581,BAL,Pro Bowl,LB,Linebacker,Stephen Harrison,Noppadet
3,226,YKW,Pro Bowl,LB,Linebacker,Wyatt Fulton,DELIRIVM
3,658,YKW,Pro Bowl,LB,Linebacker,Luke Tiernan,Ltsmashie
3,211,COL,Pro Bowl,LB,Linebacker,Johnathon Saint,jparks98
3,672,PHI,Pro Bowl,DB,Quarterback,Tyler Oles,Oles
3,522,COL,Pro Bowl,DB,Cornerback,Alex Hayden,Rich
3,652,PHI,Pro Bowl,DB,,None None,
3,213,BAL,Pro Bowl,DB,Cornerback,Antoine Delacour,37thchamber
3,667,BAL,Pro Bowl,DB,Cornerback,Darnell Turner,Darnellthebeast
3,227,YKW,Pro Bowl,DB,Cornerback,Dermot Lavelle,White Cornerback
3,521,COL,Pro Bowl,P,Kicker,Bojo Kicksit,Bojo
3,528,PHI,Pro Bowl,K,Kicker,Stephen Harris,WinstonKodogo
3,208,OCO,QBOTY,QB,Quarterback,Mike Boss,JBLAZE_THE_BOSS
3,725,KCC,QBOTY,QB,Quarterback,Shawn Brady,TheLastOlympian07
3,201,AZ,RBOTY,RB,Running Back,Reg Mackworthy,Esa77
3,811,NOR,RBOTY,RB,Running Back,Shawn Ariel,Luminous
3,232,PHI,TEOTY,TE,Tight End,Paul DiMirio,124715
3,734,TIJ,TEOTY,TE,Tight End,Rich Gucci,MixAndMatch
3,215,OCO,WROTY,WR,Wide Receiver,Bradley Westfield,Bwestfield
3,711,NOR,WROTY,WR,Wide Receiver,Hunter Mason,hmason91
4,626,YKW,BROTY,S,Safety,Clee Hardrool,Saliva^
4,230,BAL,BROTY,RB,Running Back,Owen Taylor,manicmav36
4,403,OCO,championship,LB,Defensive End,Angus Winchester,timeconsumer
4,205,OCO,championship,LB,Linebacker,Ian Bavitz,Molarpistols
4,208,OCO,championship,QB,Quarterback,Mike Boss,JBLAZE_THE_BOSS
4,215,OCO,championship,WR,Wide Receiver,Bradley Westfield,Bwestfield
4,234,OCO,championship,CB,Cornerback,Marc Spector,RedCydranth
4,242,OCO,championship,LB,Linebacker,Julian O'Sullivan,JuOSu
4,527,OCO,championship,DE,Defensive End,George Wright Jr.,Player1
4,552,OCO,championship,CB,Running Back,Anthony Petrakis,Grapehead
4,593,OCO,championship,RB,Running Back,Jack Durden,Durden
4,599,OCO,championship,S,Safety,Dominic Verns,Roshambo
4,632,OCO,championship,WR,Wide Receiver,J.J. Reigns,Shaka
4,634,OCO,championship,RB,Running Back,Leroy Jenkins,Jiggly_333
4,643,OCO,championship,WR,Wide Receiver,Robert Phelps,DrunkenTeddy
4,656,OCO,championship,DE,Defensive End,Adamle Tomlinson,Jbearly
4,673,OCO,championship,K,Kicker,Bradley T Madlad,BradtheMadLad
4,702,OCO,championship,DT,Defensive Tackle,Greg Clegane,automatic
4,743,OCO,championship,S,Safety,Ragnar Kronen,Kronen
4,754,OCO,championship,RB,Running Back,Erlich Burnsman,BoltyMcSpeedy
4,803,OCO,championship,DE,Defensive End,J.D. Boom,BOOM™
4,826,OCO,championship,TE,Tight End,Steven O’Sullivan,StevenOSullivan
4,568,SJS,DBOTY,CB,Cornerback,John Canton,Sweetwater
4,864,SAN,DBOTY,CB,Cornerback,Gregory Fletcher,The_Hero
4,219,SJS,DLOTY,DT,Defensive Tackle,Dan Miller,7hawk77
4,825,POR,DLOTY,DE,Defensive End,Andreas Waiters,Chukka
4,219,SJS,DPOTY,DT,Defensive Tackle,Dan Miller,7hawk77
4,825,POR,DPOTY,DE,Defensive End,Andreas Waiters,Chukka
4,816,LVL,DROTY,S,Safety,Blackford Oakes,Beaver
4,820,AZ,DROTY,LB,Linebacker,Noah Goodson,toivo
4,841,TIJ,DROTY,CB,Cornerback,Terrell Brister,tbone415
4,528,PHI,KOTY,K,Kicker,Stephen Harris,WinstonKodogo
4,856,TIJ,KOTY,K,Kicker,Dean Jackson,run_CMC
4,217,AZ,LBOTY,LB,Linebacker,Harrif Ernston,Valtookan
4,207,SJS,LBOTY,LB,Linebacker,Jaylon Lee,youngcricket
4,761,BLU,LBOTY,LB,Linebacker,Matt Edilio,nijomemo
4,208,OCO,MOP,QB,Quarterback,Mike Boss,JBLAZE_THE_BOSS
4,208,OCO,MVP,QB,Quarterback,Mike Boss,JBLAZE_THE_BOSS
4,842,POR,MVP,WR,Wide Receiver,John Wachter,JohnWachter
4,787,POR,OLOTY,OL,Offensive Lineman,Crith Coalrange,Howley
4,208,OCO,OPOTY,QB,Quarterback,Mike Boss,JBLAZE_THE_BOSS
4,842,POR,OPOTY,WR,Wide Receiver,John Wachter,JohnWachter
4,826,OCO,OROTY,TE,Tight End,Steven O’Sullivan,StevenOSullivan
4,842,POR,OROTY,WR,Wide Receiver,John Wachter,JohnWachter
4,208,OCO,PEROTY,QB,Quarterback,Mike Boss,JBLAZE_THE_BOSS
4,825,POR,PEROTY,DE,Defensive End,Andreas Waiters,Chukka
4,759,SJS,POTY,K,Kicker,Iyah Blewitt,Rabidsponge21
4,216,BAL,POTY,K,Kicker,Turk Turkleton,Raven
4,208,OCO,Pro Bowl,QB,Quarterback,Mike Boss,JBLAZE_THE_BOSS
4,225,AZ,Pro Bowl,QB,Quarterback,King Bronko,ADwyer87
4,678,LVL,Pro Bowl,RB,Tight End,Ardie Savea,Ben
4,695,SJS,Pro Bowl,RB,Running Back,Jordan Yates,jordan327
4,201,AZ,Pro Bowl,RB,Running Back,Reg Mackworthy,Esa77
4,200,AZ,Pro Bowl,WR,Wide Receiver,Josh Garden,Ballerstorm
4,643,OCO,Pro Bowl,WR,Wide Receiver,Robert Phelps,DrunkenTeddy
4,215,OCO,Pro Bowl,WR,Wide Receiver,Bradley Westfield,Bwestfield
4,624,SJS,Pro Bowl,WR,Wide Receiver,Mayran Jackson,Kendrick
4,776,AZ,Pro Bowl,TE,Wide Receiver,Charlie Law,AdamS
4,826,OCO,Pro Bowl,TE,Tight End,Steven O’Sullivan,StevenOSullivan
4,527,OCO,Pro Bowl,DE,Defensive End,George Wright Jr.,Player1
4,656,OCO,Pro Bowl,DE,Defensive End,Adamle Tomlinson,Jbearly
4,219,SJS,Pro Bowl,DT,Defensive Tackle,Dan Miller,7hawk77
4,214,AZ,Pro Bowl,DT,Defensive Tackle,Arbin Asipi,DeathOnReddit
4,226,LVL,Pro Bowl,LB,Linebacker,Wyatt Fulton,DELIRIVM
4,205,OCO,Pro Bowl,LB,Linebacker,Ian Bavitz,Molarpistols
4,526,LVL,Pro Bowl,LB,Linebacker,Brady Stropko,Bushito
4,207,SJS,Pro Bowl,LB,Linebacker,Jaylon Lee,youngcricket
4,568,SJS,Pro Bowl,DB,Cornerback,John Canton,Sweetwater
4,234,OCO,Pro Bowl,DB,Cornerback,Marc Spector,RedCydranth
4,769,AZ,Pro Bowl,DB,Tight End,Franklin Harris Jr.,Apache_Chief
4,548,LVL,Pro Bowl,DB,Cornerback,Philippe Carter,enigmatic
4,599,OCO,Pro Bowl,DB,Safety,Dominic Verns,Roshambo
4,241,SJS,Pro Bowl,DB,Cornerback,Benson Bayley,Bayley
4,673,OCO,Pro Bowl,P,Kicker,Bradley T Madlad,BradtheMadLad
4,683,LVL,Pro Bowl,K,Kicker,Wayne Gooney,Bafetimbi Gomis
4,576,YKW,Pro Bowl,QB,Quarterback,Mat Akselsen,Bzerkap
4,233,BAL,Pro Bowl,QB,Cornerback,Avon Blocksdale,iamslm22
4,230,BAL,Pro Bowl,RB,Running Back,Owen Taylor,manicmav36
4,222,COL,Pro Bowl,RB,Running Back,Boss Tweed,PigSnout
4,625,YKW,Pro Bowl,RB,Running Back,Bubba Nuck,NUCK
4,704,PHI,Pro Bowl,WR,Wide Receiver,Fox North,Silver Fox
4,605,YKW,Pro Bowl,WR,Wide Receiver,Bailey Cook,RainDelay
4,750,BAL,Pro Bowl,WR,Wide Receiver,Trey Willie,ItsJustBarry
4,644,BAL,Pro Bowl,WR,Wide Receiver,Stormblessed -,Stormblessed
4,232,PHI,Pro Bowl,TE,Tight End,Paul DiMirio,124715
4,766,YKW,Pro Bowl,TE,Defensive Tackle,Joseph Askins,jaskins811
4,210,BAL,Pro Bowl,DE,Defensive End,Kurt Hendrix,HENDRIX
4,206,COL,Pro Bowl,DE,Defensive End,Fuego Wozy,TheWoZy
4,806,BAL,Pro Bowl,DT,Defensive Tackle,Ricardo Sandoval,cosbornballboy
4,795,PHI,Pro Bowl,DT,Defensive Tackle,Eli Kamaka,PDXBaller
4,211,COL,Pro Bowl,LB,Linebacker,Johnathon Saint,jparks98
4,581,BAL,Pro Bowl,LB,Linebacker,Stephen Harrison,Noppadet
4,684,PHI,Pro Bowl,LB,Linebacker,Micah Hendrix,HalfEatenOnionBagel
4,717,PHI,Pro Bowl,LB,Linebacker,Perry Tucker,Perry87
4,667,BAL,Pro Bowl,DB,Cornerback,Darnell Turner,Darnellthebeast
4,227,YKW,Pro Bowl,DB,Cornerback,Dermot Lavelle,White Cornerback
4,522,COL,Pro Bowl,DB,Cornerback,Alex Hayden,Rich
4,213,BAL,Pro Bowl,DB,Cornerback,Antoine Delacour,37thchamber
4,633,YKW,Pro Bowl,DB,Safety,Jogn Floggity,Jogn
4,626,YKW,Pro Bowl,DB,Safety,Clee Hardrool,Saliva^
4,216,BAL,Pro Bowl,P,Kicker,Turk Turkleton,Raven
4,528,PHI,Pro Bowl,K,Kicker,Stephen Harris,WinstonKodogo
4,208,OCO,QBOTY,QB,Quarterback,Mike Boss,JBLAZE_THE_BOSS
4,589,POR,QBOTY,QB,Quarterback,Jameis Christ,Perkules
4,230,BAL,RBOTY,RB,Running Back,Owen Taylor,manicmav36
4,854,NOR,RBOTY,RB,Running Back,Conall O’Sullivan,Kristy95
4,862,TIJ,RBOTY,RB,Running Back,Sydney Spinelli,Squeeze
4,232,PHI,TEOTY,TE,Tight End,Paul DiMirio,124715
4,860,POR,TEOTY,WR,Wide Receiver,Carlito Crush,JKortesi81
4,200,AZ,WROTY,WR,Wide Receiver,Josh Garden,Ballerstorm
4,842,POR,WROTY,WR,Wide Receiver,John Wachter,JohnWachter
5,729,YKW,BROTY,RB,Wide Receiver,Eric Kennedy,SwagSloth
5,403,OCO,championship,LB,Defensive End,Angus Winchester,timeconsumer
5,205,OCO,championship,LB,Linebacker,Ian Bavitz,Molarpistols
5,208,OCO,championship,QB,Quarterback,Mike Boss,JBLAZE_THE_BOSS
5,215,OCO,championship,WR,Wide Receiver,Bradley Westfield,Bwestfield
5,234,OCO,championship,CB,Cornerback,Marc Spector,RedCydranth
5,242,OCO,championship,LB,Linebacker,Julian O'Sullivan,JuOSu
5,527,OCO,championship,DE,Defensive End,George Wright Jr.,Player1
5,552,OCO,championship,FB,Running Back,Anthony Petrakis,Grapehead
5,593,OCO,championship,RB,Running Back,Jack Durden,Durden
5,599,OCO,championship,S,Safety,Dominic Verns,Roshambo
5,611,OCO,championship,DT,Defensive Tackle,Vinny Cox,Gooney
5,632,OCO,championship,WR,Wide Receiver,J.J. Reigns,Shaka
5,643,OCO,championship,WR,Wide Receiver,Robert Phelps,DrunkenTeddy
5,673,OCO,championship,K,Kicker,Bradley T Madlad,BradtheMadLad
5,695,OCO,championship,RB,Running Back,Jordan Yates,jordan327
5,702,OCO,championship,DT,Defensive Tackle,Greg Clegane,automatic
5,754,OCO,championship,RB,Running Back,Erlich Burnsman,BoltyMcSpeedy
5,780,OCO,championship,CB,Cornerback,Jonathan King,ralams123
5,826,OCO,championship,TE,Tight End,Steven O’Sullivan,StevenOSullivan
5,827,OCO,championship,CB,Wide Receiver,Tegan Atwell,Jiggly_333
5,865,OCO,championship,DT,Defensive Tackle,Ryan Sierra,Battleborn
5,652,PHI,DBOTY,S,,None None,
5,753,TIJ,DBOTY,S,Safety,Eddy Kim,flight
5,865,OCO,DLOTY,DT,Defensive Tackle,Ryan Sierra,Battleborn
5,886,KCC,DLOTY,DE,Defensive End,Cordell Joshua,Drizzy
5,217,AZ,DPOTY,LB,Linebacker,Harrif Ernston,Valtookan
5,881,TIJ,DPOTY,LB,Linebacker,Elvin Enchant,ElvinEnchant
5,865,OCO,DROTY,DT,Defensive Tackle,Ryan Sierra,Battleborn
5,841,LVL,DROTY,CB,Cornerback,Terrell Brister,tbone415
5,881,TIJ,DROTY,LB,Linebacker,Elvin Enchant,ElvinEnchant
5,528,PHI,KOTY,K,Kicker,Stephen Harris,WinstonKodogo
5,889,TIJ,KOTY,K,Kicker,- Forfeit,KimJungBigDong
5,217,AZ,LBOTY,LB,Linebacker,Harrif Ernston,Valtookan
5,881,TIJ,LBOTY,LB,Linebacker,Elvin Enchant,ElvinEnchant
5,695,SJS,MOP,RB,Running Back,Jordan Yates,jordan327
5,729,YKW,MVP,RB,Wide Receiver,Eric Kennedy,SwagSloth
5,208,OCO,MVP,QB,Quarterback,Mike Boss,JBLAZE_THE_BOSS
5,893,POR,MVP,WR,Wide Receiver,Dwayne Aaron,Supersquare04
5,729,YKW,OPOTY,RB,Wide Receiver,Eric Kennedy,SwagSloth
5,893,POR,OPOTY,WR,Wide Receiver,Dwayne Aaron,Supersquare04
5,842,BAL,OROTY,WR,Wide Receiver,John Wachter,JohnWachter
5,893,POR,OROTY,WR,Wide Receiver,Dwayne Aaron,Supersquare04
5,222,COL,PEROTY,RB,Running Back,Boss Tweed,PigSnout
5,753,TIJ,PEROTY,S,Safety,Eddy Kim,flight
5,216,BAL,POTY,K,Kicker,Turk Turkleton,Raven
5,889,TIJ,POTY,K,Kicker,- Forfeit,KimJungBigDong
5,208,OCO,Pro Bowl,QB,Quarterback,Mike Boss,JBLAZE_THE_BOSS
5,225,AZ,Pro Bowl,QB,Quarterback,King Bronko,ADwyer87
5,678,LVL,Pro Bowl,RB,Tight End,Ardie Savea,Ben
5,695,SJS,Pro Bowl,RB,Running Back,Jordan Yates,jordan327
5,238,OCO,Pro Bowl,RB,Wide Receiver,Darren Smallwood,tlk742
5,770,AZ,Pro Bowl,WR,Wide Receiver,Budda Browning,Rindiee
5,671,LVL,Pro Bowl,WR,Wide Receiver,Dustin Evans,AsylumParty
5,215,OCO,Pro Bowl,WR,Wide Receiver,Bradley Westfield,Bwestfield
5,624,SJS,Pro Bowl,WR,Wide Receiver,Mayran Jackson,Kendrick
5,776,AZ,Pro Bowl,TE,Wide Receiver,Charlie Law,AdamS
5,774,SJS,Pro Bowl,TE,Tight End,Connor Tanner,Keyg_an
5,825,AZ,Pro Bowl,DE,Defensive End,Andreas Waiters,Chukka
5,705,SJS,Pro Bowl,DE,Defensive End,Chidubem Okonkwo,okonkwoco
5,865,OCO,Pro Bowl,DT,Defensive Tackle,Ryan Sierra,Battleborn
5,702,OCO,Pro Bowl,DT,Defensive Tackle,Greg Clegane,automatic
5,217,AZ,Pro Bowl,LB,Linebacker,Harrif Ernston,Valtookan
5,403,OCO,Pro Bowl,LB,Defensive End,Angus Winchester,timeconsumer
5,205,OCO,Pro Bowl,LB,Linebacker,Ian Bavitz,Molarpistols
5,242,OCO,Pro Bowl,LB,Linebacker,Julian O'Sullivan,JuOSu
5,841,LVL,Pro Bowl,DB,Cornerback,Terrell Brister,tbone415
5,234,OCO,Pro Bowl,DB,Cornerback,Marc Spector,RedCydranth
5,720,AZ,Pro Bowl,DB,Safety,Allen Davis,XxpurplepurpsxX
5,703,SJS,Pro Bowl,DB,Safety,Torque Lewith,Hypodynamic
5,599,OCO,Pro Bowl,DB,Safety,Dominic Verns,Roshambo
5,241,SJS,Pro Bowl,DB,Cornerback,Benson Bayley,Bayley
5,856,AZ,Pro Bowl,P,Kicker,Dean Jackson,run_CMC
5,521,SJS,Pro Bowl,K,Kicker,Bojo Kicksit,Bojo
5,576,YKW,Pro Bowl,QB,Quarterback,Mat Akselsen,Bzerkap
5,233,BAL,Pro Bowl,QB,Cornerback,Avon Blocksdale,iamslm22
5,230,BAL,Pro Bowl,RB,Running Back,Owen Taylor,manicmav36
5,222,COL,Pro Bowl,RB,Running Back,Boss Tweed,PigSnout
5,729,YKW,Pro Bowl,RB,Wide Receiver,Eric Kennedy,SwagSloth
5,212,BAL,Pro Bowl,WR,Wide Receiver,Alexandre LeClair,Zoone16
5,605,YKW,Pro Bowl,WR,Wide Receiver,Bailey Cook,RainDelay
5,750,BAL,Pro Bowl,WR,Wide Receiver,Trey Willie,ItsJustBarry
5,200,PHI,Pro Bowl,WR,Wide Receiver,Josh Garden,Ballerstorm
5,232,PHI,Pro Bowl,TE,Tight End,Paul DiMirio,124715
5,769,YKW,Pro Bowl,TE,Tight End,Franklin Harris Jr.,Apache_Chief
5,687,YKW,Pro Bowl,DE,Defensive End,Blaster Blade,Blaster
5,206,YKW,Pro Bowl,DE,Defensive End,Fuego Wozy,TheWoZy
5,806,COL,Pro Bowl,DT,Defensive Tackle,Ricardo Sandoval,cosbornballboy
5,795,PHI,Pro Bowl,DT,Defensive Tackle,Eli Kamaka,PDXBaller
5,211,COL,Pro Bowl,LB,Linebacker,Johnathon Saint,jparks98
5,207,PHI,Pro Bowl,LB,Linebacker,Jaylon Lee,youngcricket
5,793,YKW,Pro Bowl,LB,Linebacker,William Ridley,MacTonight
5,615,PHI,Pro Bowl,LB,Linebacker,AC Hackett,Deusolis
5,828,COL,Pro Bowl,DB,Cornerback,Andre Bly Jr.,sapp2013
5,227,YKW,Pro Bowl,DB,Cornerback,Dermot Lavelle,White Cornerback
5,213,BAL,Pro Bowl,DB,Cornerback,Antoine Delacour,37thchamber
5,652,PHI,Pro Bowl,DB,,None None,
5,672,PHI,Pro Bowl,DB,Quarterback,Tyler Oles,Oles
5,626,YKW,Pro Bowl,DB,Safety,Clee Hardrool,Saliva^
5,216,BAL,Pro Bowl,P,Kicker,Turk Turkleton,Raven
5,528,PHI,Pro Bowl,K,Kicker,Stephen Harris,WinstonKodogo
5,208,OCO,QBOTY,QB,Quarterback,Mike Boss,JBLAZE_THE_BOSS
5,898,POR,QBOTY,LB,Linebacker,Austin Roenick,Leafer
5,230,BAL,RBOTY,RB,Running Back,Owen Taylor,manicmav36
5,879,POR,RBOTY,RB,Running Back,Borro Gore,Goretron
5,232,PHI,TEOTY,TE,Tight End,Paul DiMirio,124715
5,882,POR,TEOTY,TE,Tight End,Glenn McPoyal,Alfredo_Pasta
5,215,OCO,WROTY,WR,Wide Receiver,Bradley Westfield,Bwestfield
5,893,POR,WROTY,WR,Wide Receiver,Dwayne Aaron,Supersquare04
6,845,YKW,BROTY,S,Safety,Cameron Taylor,CDub2
6,205,OCO,BROTY,S,Linebacker,Ian Bavitz,Molarpistols
6,403,OCO,championship,LB,Defensive End,Angus Winchester,timeconsumer
6,205,OCO,championship,S,Linebacker,Ian Bavitz,Molarpistols
6,208,OCO,championship,QB,Quarterback,Mike Boss,JBLAZE_THE_BOSS
6,215,OCO,championship,WR,Wide Receiver,Bradley Westfield,Bwestfield
6,234,OCO,championship,CB,Cornerback,Marc Spector,RedCydranth
6,242,OCO,championship,LB,Linebacker,Julian O'Sullivan,JuOSu
6,527,OCO,championship,DE,Defensive End,George Wright Jr.,Player1
6,530,OCO,championship,C,Offensive Lineman,D’Brickashaw Ferguson,mjdharder
6,552,OCO,championship,FB,Running Back,Anthony Petrakis,Grapehead
6,643,OCO,championship,WR,Wide Receiver,Robert Phelps,DrunkenTeddy
6,673,OCO,championship,K,Kicker,Bradley T Madlad,BradtheMadLad
6,695,OCO,championship,RB,Running Back,Jordan Yates,jordan327
6,702,OCO,championship,DT,Defensive Tackle,Greg Clegane,automatic
6,754,OCO,championship,RB,Running Back,Erlich Burnsman,BoltyMcSpeedy
6,780,OCO,championship,CB,Cornerback,Jonathan King,ralams123
6,826,OCO,championship,TE,Tight End,Steven O’Sullivan,StevenOSullivan
6,827,OCO,championship,CB,Wide Receiver,Tegan Atwell,Jiggly_333
6,865,OCO,championship,DT,Defensive Tackle,Ryan Sierra,Battleborn
6,881,OCO,championship,LB,Linebacker,Elvin Enchant,ElvinEnchant
6,891,OCO,championship,DT,Defensive Tackle,Bogdan Wojcik,Squamish
6,213,BAL,DBOTY,CB,Cornerback,Antoine Delacour,37thchamber
6,927,SAN,DBOTY,WR,Wide Receiver,Vladimir Fyodorovich,majesiu
6,219,SJS,DLOTY,DT,Defensive Tackle,Dan Miller,7hawk77
6,911,TIJ,DLOTY,DE,Defensive End,Ugandan Knuckles,bennyboy_456
6,213,BAL,DPOTY,CB,Cornerback,Antoine Delacour,37thchamber
6,902,KCC,DPOTY,LB,Linebacker,Ryan LeFevre,feve10
6,927,SAN,DPOTY,WR,Wide Receiver,Vladimir Fyodorovich,majesiu
6,898,BAL,DROTY,LB,Linebacker,Austin Roenick,Leafer
6,902,KCC,DROTY,LB,Linebacker,Ryan LeFevre,feve10
6,673,OCO,KOTY,K,Kicker,Bradley T Madlad,BradtheMadLad
6,856,AZ,KOTY,K,Kicker,Dean Jackson,run_CMC
6,580,TIJ,KOTY,K,Kicker,Brandon Walsh,Copenhagen
6,726,SJS,LBOTY,LB,Linebacker,Vincent Sharpei,Muford
6,902,KCC,LBOTY,LB,Linebacker,Ryan LeFevre,feve10
6,208,OCO,MOP,QB,Quarterback,Mike Boss,JBLAZE_THE_BOSS
6,208,OCO,MVP,QB,Quarterback,Mike Boss,JBLAZE_THE_BOSS
6,764,KCC,MVP,QB,Quarterback,Mark Strike,OwlStrike13
6,208,OCO,OPOTY,QB,Quarterback,Mike Boss,JBLAZE_THE_BOSS
6,932,KCC,OPOTY,WR,Wide Receiver,Howard Miller,dropbear
6,897,NOLA,OROTY,S,,None None,
6,932,KCC,OROTY,WR,Wide Receiver,Howard Miller,dropbear
6,208,OCO,PEROTY,QB,Quarterback,Mike Boss,JBLAZE_THE_BOSS
6,873,SAN,PEROTY,RB,Running Back,Willy Nyquist -,Sleepy
6,839,NOLA,POTY,K,Kicker,Peg Leg,hockeyis66
6,786,POR,POTY,K,Kicker,Stephon Simpson,Ganjaroller
6,208,OCO,Pro Bowl,QB,Quarterback,Mike Boss,JBLAZE_THE_BOSS
6,627,SJS,Pro Bowl,QB,Quarterback,Chris Orosz,Aenir
6,695,OCO,Pro Bowl,RB,Running Back,Jordan Yates,jordan327
6,238,SJS,Pro Bowl,RB,Wide Receiver,Darren Smallwood,tlk742
6,678,NOLA,Pro Bowl,RB,Tight End,Ardie Savea,Ben
6,215,OCO,Pro Bowl,WR,Wide Receiver,Bradley Westfield,Bwestfield
6,770,AZ,Pro Bowl,WR,Wide Receiver,Budda Browning,Rindiee
6,650,SJS,Pro Bowl,WR,Wide Receiver,Shane Weston,Symmetrik
6,624,SJS,Pro Bowl,WR,Wide Receiver,Mayran Jackson,Kendrick
6,247,NOLA,Pro Bowl,TE,Safety,Jaylon Broxton,speculadora
6,826,OCO,Pro Bowl,TE,Tight End,Steven O’Sullivan,StevenOSullivan
6,772,NOLA,Pro Bowl,DE,Defensive End,Juan Andres,luchalibre
6,527,OCO,Pro Bowl,DE,Defensive End,George Wright Jr.,Player1
6,219,SJS,Pro Bowl,DT,Defensive Tackle,Dan Miller,7hawk77
6,865,OCO,Pro Bowl,DT,Defensive Tackle,Ryan Sierra,Battleborn
6,403,OCO,Pro Bowl,LB,Defensive End,Angus Winchester,timeconsumer
6,726,SJS,Pro Bowl,LB,Linebacker,Vincent Sharpei,Muford
6,775,NOLA,Pro Bowl,LB,Linebacker,Wallace Stone,Evok
6,242,OCO,Pro Bowl,LB,Linebacker,Julian O'Sullivan,JuOSu
6,205,OCO,Pro Bowl,DB,Linebacker,Ian Bavitz,Molarpistols
6,241,SJS,Pro Bowl,DB,Cornerback,Benson Bayley,Bayley
6,568,SJS,Pro Bowl,DB,Cornerback,John Canton,Sweetwater
6,234,OCO,Pro Bowl,DB,Cornerback,Marc Spector,RedCydranth
6,633,AZ,Pro Bowl,DB,Safety,Jogn Floggity,Jogn
6,780,OCO,Pro Bowl,DB,Cornerback,Jonathan King,ralams123
6,839,NOLA,Pro Bowl,P,Kicker,Peg Leg,hockeyis66
6,856,AZ,Pro Bowl,K,Kicker,Dean Jackson,run_CMC
6,233,BAL,Pro Bowl,QB,Cornerback,Avon Blocksdale,iamslm22
6,672,PHI,Pro Bowl,QB,Quarterback,Tyler Oles,Oles
6,230,BAL,Pro Bowl,RB,Running Back,Owen Taylor,manicmav36
6,738,PHI,Pro Bowl,RB,Running Back,Damien Kroetch,Damienj10
6,200,PHI,Pro Bowl,WR,Wide Receiver,Josh Garden,Ballerstorm
6,750,BAL,Pro Bowl,WR,Wide Receiver,Trey Willie,ItsJustBarry
6,212,BAL,Pro Bowl,WR,Wide Receiver,Alexandre LeClair,Zoone16
6,605,YKW,Pro Bowl,WR,Wide Receiver,Bailey Cook,RainDelay
6,232,PHI,Pro Bowl,TE,Tight End,Paul DiMirio,124715
6,882,YKW,Pro Bowl,TE,Tight End,Glenn McPoyal,Alfredo_Pasta
6,210,BAL,Pro Bowl,DE,Defensive End,Kurt Hendrix,HENDRIX
6,797,YKW,Pro Bowl,DE,Defensive End,Antonio Sandoval,TheMemeMaestro
6,795,PHI,Pro Bowl,DT,Defensive Tackle,Eli Kamaka,PDXBaller
6,806,COL,Pro Bowl,DT,Defensive Tackle,Ricardo Sandoval,cosbornballboy
6,207,PHI,Pro Bowl,LB,Linebacker,Jaylon Lee,youngcricket
6,820,BAL,Pro Bowl,LB,Linebacker,Noah Goodson,toivo
6,684,PHI,Pro Bowl,LB,Linebacker,Micah Hendrix,HalfEatenOnionBagel
6,793,YKW,Pro Bowl,LB,Linebacker,William Ridley,MacTonight
6,898,BAL,Pro Bowl,LB,Linebacker,Austin Roenick,Leafer
6,213,BAL,Pro Bowl,DB,Cornerback,Antoine Delacour,37thchamber
6,227,YKW,Pro Bowl,DB,Cornerback,Dermot Lavelle,White Cornerback
6,828,COL,Pro Bowl,DB,Cornerback,Andre Bly Jr.,sapp2013
6,863,COL,Pro Bowl,DB,Safety,Michael Tillman,mmfootball
6,548,YKW,Pro Bowl,DB,Cornerback,Philippe Carter,enigmatic
6,778,PHI,Pro Bowl,DB,Cornerback,Clifford Rove,Yurt6
6,216,BAL,Pro Bowl,P,Kicker,Turk Turkleton,Raven
6,528,PHI,Pro Bowl,K,Kicker,Stephen Harris,WinstonKodogo
6,208,OCO,QBOTY,QB,Quarterback,Mike Boss,JBLAZE_THE_BOSS
6,764,KCC,QBOTY,QB,Quarterback,Mark Strike,OwlStrike13
6,230,BAL,RBOTY,RB,Running Back,Owen Taylor,manicmav36
6,879,POR,RBOTY,RB,Running Back,Borro Gore,Goretron
6,232,PHI,TEOTY,TE,Tight End,Paul DiMirio,124715
6,931,TIJ,TEOTY,TE,Tight End,Verso L’Alto,nunccoepi
6,215,OCO,WROTY,WR,Wide Receiver,Bradley Westfield,Bwestfield
6,932,KCC,WROTY,WR,Wide Receiver,Howard Miller,dropbear
7,823,COL,BROTY,LB,Defensive End,Haruki Ishigawa,ExemplaryChad
7,200,PHI,championship,WR,Wide Receiver,Josh Garden,Ballerstorm
7,207,PHI,championship,LB,Linebacker,Jaylon Lee,youngcricket
7,232,PHI,championship,TE,Tight End,Paul DiMirio,124715
7,528,PHI,championship,K,Kicker,Stephen Harris,WinstonKodogo
7,547,PHI,championship,S,Safety,Ryan Flock,theFlock
7,559,PHI,championship,WR,Wide Receiver,Kendrick Hendrix,deadendpath27
7,652,PHI,championship,S,,None None,
7,666,PHI,championship,DE,Defensive End,Drew Davidson,sabills
7,672,PHI,championship,QB,Quarterback,Tyler Oles,Oles
7,684,PHI,championship,LB,Linebacker,Micah Hendrix,HalfEatenOnionBagel
7,704,PHI,championship,WR,Wide Receiver,Fox North,Silver Fox
7,710,PHI,championship,CB,Cornerback,Kevin Cushing,kckolbe
7,717,PHI,championship,LB,Linebacker,Perry Tucker,Perry87
7,738,PHI,championship,RB,Running Back,Damien Kroetch,Damienj10
7,771,PHI,championship,DT,Defensive Tackle,Godfrey King,Shadowz
7,778,PHI,championship,CB,Cornerback,Clifford Rove,Yurt6
7,795,PHI,championship,DT,Defensive Tackle,Eli Kamaka,PDXBaller
7,877,PHI,championship,DE,Defensive End,Norman Bagwell,bagwell
7,899,PHI,championship,WR,Wide Receiver,Blessed Storm,RavensFanFromOntario
7,900,PHI,championship,RB,Wide Receiver,Carter Bush,adam2552
7,205,OCO,DBOTY,S,Linebacker,Ian Bavitz,Molarpistols
7,908,KCC,DBOTY,CB,Cornerback,Mike Miles,AwkwardCowboy
7,947,POR,DBOTY,S,Safety,William H. Harrison,Mongoose87
7,953,TIJ,DBOTY,S,Safety,Harry Balzac,Blazer
7,702,OCO,DLOTY,DT,Defensive Tackle,Greg Clegane,automatic
7,205,OCO,DPOTY,S,Linebacker,Ian Bavitz,Molarpistols
7,955,TIJ,DPOTY,LB,Linebacker,Chad Pennington,caltroit_red_flames
7,924,COL,DROTY,CB,Cornerback,Desta Danger,DestaDanger
7,927,OCO,DROTY,CB,Wide Receiver,Vladimir Fyodorovich,majesiu
7,955,TIJ,DROTY,LB,Linebacker,Chad Pennington,caltroit_red_flames
7,528,PHI,KOTY,K,Kicker,Stephen Harris,WinstonKodogo
7,946,KCC,KOTY,,,Beat Meoff,Loganjj21
7,403,OCO,LBOTY,LB,Defensive End,Angus Winchester,timeconsumer
7,955,TIJ,LBOTY,LB,Linebacker,Chad Pennington,caltroit_red_flames
7,576,YKW,MOP,QB,Quarterback,Mat Akselsen,Bzerkap
7,576,YKW,MVP,QB,Quarterback,Mat Akselsen,Bzerkap
7,926,POR,MVP,RB,Running Back,Mark Grau,keanex
7,576,YKW,OPOTY,QB,Quarterback,Mat Akselsen,Bzerkap
7,764,KCC,OPOTY,QB,Quarterback,Mark Strike,OwlStrike13
7,931,BAL,OROTY,TE,Tight End,Verso L’Alto,nunccoepi
7,937,TIJ,OROTY,WR,Wide Receiver,Viggo Squanch,Durden
7,208,OCO,PEROTY,QB,Quarterback,Mike Boss,JBLAZE_THE_BOSS
7,764,KCC,PEROTY,QB,Quarterback,Mark Strike,OwlStrike13
7,759,SJS,POTY,K,Kicker,Iyah Blewitt,Rabidsponge21
7,946,KCC,POTY,,,Beat Meoff,Loganjj21
7,208,OCO,Pro Bowl,QB,Quarterback,Mike Boss,JBLAZE_THE_BOSS
7,225,AZ,Pro Bowl,QB,Quarterback,King Bronko,ADwyer87
7,678,NOLA,Pro Bowl,RB,Tight End,Ardie Savea,Ben
7,201,AZ,Pro Bowl,RB,Running Back,Reg Mackworthy,Esa77
7,215,OCO,Pro Bowl,WR,Wide Receiver,Bradley Westfield,Bwestfield
7,770,AZ,Pro Bowl,WR,Wide Receiver,Budda Browning,Rindiee
7,695,OCO,Pro Bowl,WR,Running Back,Jordan Yates,jordan327
7,671,NOLA,Pro Bowl,WR,Wide Receiver,Dustin Evans,AsylumParty
7,860,OCO,Pro Bowl,TE,Wide Receiver,Carlito Crush,JKortesi81
7,645,SJS,Pro Bowl,TE,Tight End,Break Bottles,Blake Bortles
7,527,OCO,Pro Bowl,DE,Defensive End,George Wright Jr.,Player1
7,206,OCO,Pro Bowl,DE,Defensive End,Fuego Wozy,TheWoZy
7,702,OCO,Pro Bowl,DT,Defensive Tackle,Greg Clegane,automatic
7,806,SJS,Pro Bowl,DT,Defensive Tackle,Ricardo Sandoval,cosbornballboy
7,403,OCO,Pro Bowl,LB,Defensive End,Angus Winchester,timeconsumer
7,726,NOLA,Pro Bowl,LB,Linebacker,Vincent Sharpei,Muford
7,217,AZ,Pro Bowl,LB,Linebacker,Harrif Ernston,Valtookan
7,242,NOLA,Pro Bowl,LB,Linebacker,Julian O'Sullivan,JuOSu
7,205,OCO,Pro Bowl,DB,Linebacker,Ian Bavitz,Molarpistols
7,816,NOLA,Pro Bowl,DB,Safety,Blackford Oakes,Beaver
7,568,SJS,Pro Bowl,DB,Cornerback,John Canton,Sweetwater
7,720,AZ,Pro Bowl,DB,Safety,Allen Davis,XxpurplepurpsxX
7,234,OCO,Pro Bowl,DB,Cornerback,Marc Spector,RedCydranth
7,897,NOLA,Pro Bowl,DB,,None None,
7,780,OCO,Pro Bowl,DB,Cornerback,Jonathan King,ralams123
7,759,SJS,Pro Bowl,P,Kicker,Iyah Blewitt,Rabidsponge21
7,759,SJS,Pro Bowl,K,Kicker,Iyah Blewitt,Rabidsponge21
7,201,AZ,Pro Bowl,KR,Running Back,Reg Mackworthy,Esa77
7,624,SJS,Pro Bowl,KR,Wide Receiver,Mayran Jackson,Kendrick
7,576,YKW,Pro Bowl,QB,Quarterback,Mat Akselsen,Bzerkap
7,233,BAL,Pro Bowl,QB,Cornerback,Avon Blocksdale,iamslm22
7,230,BAL,Pro Bowl,RB,Running Back,Owen Taylor,manicmav36
7,738,PHI,Pro Bowl,RB,Running Back,Damien Kroetch,Damienj10
7,729,YKW,Pro Bowl,WR,Wide Receiver,Eric Kennedy,SwagSloth
7,750,BAL,Pro Bowl,WR,Wide Receiver,Trey Willie,ItsJustBarry
7,212,BAL,Pro Bowl,WR,Wide Receiver,Alexandre LeClair,Zoone16
7,200,PHI,Pro Bowl,WR,Wide Receiver,Josh Garden,Ballerstorm
7,232,PHI,Pro Bowl,TE,Tight End,Paul DiMirio,124715
7,882,YKW,Pro Bowl,TE,Tight End,Glenn McPoyal,Alfredo_Pasta
7,797,YKW,Pro Bowl,DE,Defensive End,Antonio Sandoval,TheMemeMaestro
7,550,YKW,Pro Bowl,DE,Defensive End,Jayce Tuck,ErMurazor
7,219,COL,Pro Bowl,DT,Defensive Tackle,Dan Miller,7hawk77
7,802,COL,Pro Bowl,DT,Defensive Tackle,Nicholas Pierno,ralz9
7,222,YKW,Pro Bowl,LB,Running Back,Boss Tweed,PigSnout
7,898,BAL,Pro Bowl,LB,Linebacker,Austin Roenick,Leafer
7,211,COL,Pro Bowl,LB,Linebacker,Johnathon Saint,jparks98
7,823,COL,Pro Bowl,LB,Defensive End,Haruki Ishigawa,ExemplaryChad
7,227,YKW,Pro Bowl,DB,Cornerback,Dermot Lavelle,White Cornerback
7,213,BAL,Pro Bowl,DB,Cornerback,Antoine Delacour,37thchamber
7,710,PHI,Pro Bowl,DB,Cornerback,Kevin Cushing,kckolbe
7,864,BAL,Pro Bowl,DB,Cornerback,Gregory Fletcher,The_Hero
7,547,PHI,Pro Bowl,DB,Safety,Ryan Flock,theFlock
7,828,COL,Pro Bowl,DB,Cornerback,Andre Bly Jr.,sapp2013
7,889,YKW,Pro Bowl,P,Kicker,- Forfeit,KimJungBigDong
7,528,PHI,Pro Bowl,K,Kicker,Stephen Harris,WinstonKodogo
7,227,YKW,Pro Bowl,KR,Cornerback,Dermot Lavelle,White Cornerback
7,605,YKW,Pro Bowl,KR,Wide Receiver,Bailey Cook,RainDelay
7,576,YKW,QBOTY,QB,Quarterback,Mat Akselsen,Bzerkap
7,764,KCC,QBOTY,QB,Quarterback,Mark Strike,OwlStrike13
7,230,BAL,RBOTY,RB,Running Back,Owen Taylor,manicmav36
7,879,POR,RBOTY,RB,Running Back,Borro Gore,Goretron
7,232,PHI,TEOTY,TE,Tight End,Paul DiMirio,124715
7,950,POR,TEOTY,TE,Tight End,Maxwell Macbeth,LattimoreIsland
7,910,SAN,TEOTY,TE,Tight End,Alvin Chipmunk,andybj
7,942,TIJ,TEOTY,TE,Tight End,Balthazar Crindy,dub
7,215,OCO,WROTY,WR,Wide Receiver,Bradley Westfield,Bwestfield
7,926,POR,WROTY,RB,Running Back,Mark Grau,keanex
8,900,PHI,BROTY,RB,Wide Receiver,Carter Bush,adam2552
8,222,YKW,championship,LB,Running Back,Boss Tweed,PigSnout
8,227,YKW,championship,CB,Cornerback,Dermot Lavelle,White Cornerback
8,548,YKW,championship,CB,Cornerback,Philippe Carter,enigmatic
8,550,YKW,championship,DE,Defensive End,Jayce Tuck,ErMurazor
8,575,YKW,championship,DE,Defensive End,Ricky Maddox,SimmerDownBruhh
8,576,YKW,championship,QB,Quarterback,Mat Akselsen,Bzerkap
8,605,YKW,championship,WR,Wide Receiver,Bailey Cook,RainDelay
8,622,YKW,championship,WR,,None None,
8,626,YKW,championship,S,Safety,Clee Hardrool,Saliva^
8,684,YKW,championship,LB,Linebacker,Micah Hendrix,HalfEatenOnionBagel
8,701,YKW,championship,S,Safety,Marcus Kane,Dangles13
8,728,YKW,championship,WR,Wide Receiver,Johnny Rocket,:.Elite.:
8,729,YKW,championship,WR,Wide Receiver,Eric Kennedy,SwagSloth
8,769,YKW,championship,TE,Tight End,Franklin Harris Jr.,Apache_Chief
8,793,YKW,championship,LB,Linebacker,William Ridley,MacTonight
8,794,YKW,championship,RB,Running Back,Cesar Millan,Meowls
8,845,YKW,championship,S,Safety,Cameron Taylor,CDub2
8,879,YKW,championship,RB,Running Back,Borro Gore,Goretron
8,880,YKW,championship,RB,Linebacker,Robby Rainey,AzhekAhriman
8,882,YKW,championship,TE,Tight End,Glenn McPoyal,Alfredo_Pasta
8,889,YKW,championship,K,Kicker,- Forfeit,KimJungBigDong
8,911,YKW,championship,DE,Defensive End,Ugandan Knuckles,bennyboy_456
8,919,YKW,championship,DE,Defensive End,Zach Skinner,Titan127
8,955,YKW,championship,LB,Linebacker,Chad Pennington,caltroit_red_flames
8,816,NOLA,DBOTY,S,Safety,Blackford Oakes,Beaver
8,969,SAN,DBOTY,S,Safety,Bucky Barnes,Moosecop
8,883,BAL,DLOTY,DE,Defensive End,Arbin Asipi JR,DeathOnReddit
8,936,SAN,DLOTY,DE,Defensive End,Brock Weathers III,BWIII
8,222,YKW,DPOTY,LB,Running Back,Boss Tweed,PigSnout
8,969,SAN,DPOTY,S,Safety,Bucky Barnes,Moosecop
8,978,SAN,DPOTY,CB,Cornerback,Oskar Ludvig,RealWackolyte
8,923,OCO,DROTY,LB,Safety,Mason Brown,Toasty
8,969,SAN,DROTY,S,Safety,Bucky Barnes,Moosecop
8,895,COL,KOTY,K,Quarterback,Micycle McCormick,infinitempg
8,985,TIJ,KOTY,K,Kicker,Kyle Corbett,kylecorbett42
8,222,YKW,LBOTY,LB,Running Back,Boss Tweed,PigSnout
8,975,POR,LBOTY,LB,Linebacker,Barnaby Earl,twiggin56
8,238,NOLA,MOP,RB,Wide Receiver,Darren Smallwood,tlk742
8,238,NOLA,MVP,RB,Wide Receiver,Darren Smallwood,tlk742
8,985,TIJ,MVP,K,Kicker,Kyle Corbett,kylecorbett42
8,238,NOLA,OPOTY,RB,Wide Receiver,Darren Smallwood,tlk742
8,962,POR,OPOTY,RB,Running Back,Elijah Lagerfield,JSS
8,937,AZ,OROTY,WR,Wide Receiver,Viggo Squanch,Durden
8,987,SAN,OROTY,RB,Running Back,Marquise Brown,YoungTB
8,900,PHI,PEROTY,RB,Wide Receiver,Carter Bush,adam2552
8,985,TIJ,PEROTY,K,Kicker,Kyle Corbett,kylecorbett42
8,216,BAL,POTY,K,Kicker,Turk Turkleton,Raven
8,946,KCC,POTY,,,Beat Meoff,Loganjj21
8,208,OCO,Pro Bowl,QB,Quarterback,Mike Boss,JBLAZE_THE_BOSS
8,868,NOLA,Pro Bowl,QB,Quarterback,Borkus Maximus III,bovovovo
8,238,NOLA,Pro Bowl,RB,Wide Receiver,Darren Smallwood,tlk742
8,201,AZ,Pro Bowl,RB,Running Back,Reg Mackworthy,Esa77
8,215,OCO,Pro Bowl,WR,Wide Receiver,Bradley Westfield,Bwestfield
8,776,NOLA,Pro Bowl,WR,Wide Receiver,Charlie Law,AdamS
8,827,OCO,Pro Bowl,WR,Wide Receiver,Tegan Atwell,Jiggly_333
8,860,OCO,Pro Bowl,WR,Wide Receiver,Carlito Crush,JKortesi81
8,678,NOLA,Pro Bowl,TE,Tight End,Ardie Savea,Ben
8,232,NOLA,Pro Bowl,TE,Tight End,Paul DiMirio,124715
8,705,SJS,Pro Bowl,DE,Defensive End,Chidubem Okonkwo,okonkwoco
8,206,NOLA,Pro Bowl,DE,Defensive End,Fuego Wozy,TheWoZy
8,702,OCO,Pro Bowl,DT,Defensive Tackle,Greg Clegane,automatic
8,771,NOLA,Pro Bowl,DT,Defensive Tackle,Godfrey King,Shadowz
8,403,OCO,Pro Bowl,LB,Defensive End,Angus Winchester,timeconsumer
8,726,NOLA,Pro Bowl,LB,Linebacker,Vincent Sharpei,Muford
8,923,OCO,Pro Bowl,LB,Safety,Mason Brown,Toasty
8,581,SJS,Pro Bowl,LB,Linebacker,Stephen Harrison,Noppadet
8,780,OCO,Pro Bowl,DB,Cornerback,Jonathan King,ralams123
8,241,NOLA,Pro Bowl,DB,Cornerback,Benson Bayley,Bayley
8,816,NOLA,Pro Bowl,DB,Safety,Blackford Oakes,Beaver
8,897,OCO,Pro Bowl,DB,,None None,
8,234,OCO,Pro Bowl,DB,Cornerback,Marc Spector,RedCydranth
8,568,SJS,Pro Bowl,DB,Cornerback,John Canton,Sweetwater
8,947,NOLA,Pro Bowl,DB,Safety,William H. Harrison,Mongoose87
8,673,OCO,Pro Bowl,P,Kicker,Bradley T Madlad,BradtheMadLad
8,673,OCO,Pro Bowl,K,Kicker,Bradley T Madlad,BradtheMadLad
8,650,SJS,Pro Bowl,KR,Wide Receiver,Shane Weston,Symmetrik
8,624,SJS,Pro Bowl,KR,Wide Receiver,Mayran Jackson,Kendrick
8,233,BAL,Pro Bowl,QB,Cornerback,Avon Blocksdale,iamslm22
8,576,YKW,Pro Bowl,QB,Quarterback,Mat Akselsen,Bzerkap
8,230,BAL,Pro Bowl,RB,Running Back,Owen Taylor,manicmav36
8,880,YKW,Pro Bowl,RB,Linebacker,Robby Rainey,AzhekAhriman
8,729,YKW,Pro Bowl,WR,Wide Receiver,Eric Kennedy,SwagSloth
8,750,BAL,Pro Bowl,WR,Wide Receiver,Trey Willie,ItsJustBarry
8,704,PHI,Pro Bowl,WR,Wide Receiver,Fox North,Silver Fox
8,212,BAL,Pro Bowl,WR,Wide Receiver,Alexandre LeClair,Zoone16
8,882,YKW,Pro Bowl,TE,Tight End,Glenn McPoyal,Alfredo_Pasta
8,931,BAL,Pro Bowl,TE,Tight End,Verso L’Alto,nunccoepi
8,210,BAL,Pro Bowl,DE,Defensive End,Kurt Hendrix,HENDRIX
8,883,BAL,Pro Bowl,DE,Defensive End,Arbin Asipi JR,DeathOnReddit
8,219,COL,Pro Bowl,DT,Defensive Tackle,Dan Miller,7hawk77
8,802,COL,Pro Bowl,DT,Defensive Tackle,Nicholas Pierno,ralz9
8,222,YKW,Pro Bowl,LB,Running Back,Boss Tweed,PigSnout
8,898,BAL,Pro Bowl,LB,Linebacker,Austin Roenick,Leafer
8,207,PHI,Pro Bowl,LB,Linebacker,Jaylon Lee,youngcricket
8,211,COL,Pro Bowl,LB,Linebacker,Johnathon Saint,jparks98
8,823,COL,Pro Bowl,LB,Defensive End,Haruki Ishigawa,ExemplaryChad
8,227,YKW,Pro Bowl,DB,Cornerback,Dermot Lavelle,White Cornerback
8,213,BAL,Pro Bowl,DB,Cornerback,Antoine Delacour,37thchamber
8,548,YKW,Pro Bowl,DB,Cornerback,Philippe Carter,enigmatic
8,626,YKW,Pro Bowl,DB,Safety,Clee Hardrool,Saliva^
8,828,COL,Pro Bowl,DB,Cornerback,Andre Bly Jr.,sapp2013
8,864,BAL,Pro Bowl,DB,Cornerback,Gregory Fletcher,The_Hero
8,216,BAL,Pro Bowl,P,Kicker,Turk Turkleton,Raven
8,895,COL,Pro Bowl,K,Quarterback,Micycle McCormick,infinitempg
8,212,BAL,Pro Bowl,KR,Wide Receiver,Alexandre LeClair,Zoone16
8,729,YKW,Pro Bowl,KR,Wide Receiver,Eric Kennedy,SwagSloth
8,227,YKW,Pro Bowl,KR,Cornerback,Dermot Lavelle,White Cornerback
8,605,YKW,Pro Bowl,KR,Wide Receiver,Bailey Cook,RainDelay
8,208,OCO,QBOTY,QB,Quarterback,Mike Boss,JBLAZE_THE_BOSS
8,982,SAN,QBOTY,QB,Quarterback,Kevin Fitzpatrick,kckolbe
8,238,NOLA,RBOTY,RB,Wide Receiver,Darren Smallwood,tlk742
8,962,POR,RBOTY,RB,Running Back,Elijah Lagerfield,JSS
8,232,NOLA,TEOTY,TE,Tight End,Paul DiMirio,124715
8,960,KCC,TEOTY,TE,Tight End,Declan Harp,OBESE
8,750,BAL,WROTY,WR,Wide Receiver,Trey Willie,ItsJustBarry
8,966,TIJ,WROTY,WR,Wide Receiver,Xavier Flash,Leafs4ever
9,923,OCO,BROTY,LB,Safety,Mason Brown,Toasty
9,206,NOLA,championship,DE,Defensive End,Fuego Wozy,TheWoZy
9,232,NOLA,championship,TE,Tight End,Paul DiMirio,124715
9,238,NOLA,championship,RB,Wide Receiver,Darren Smallwood,tlk742
9,241,NOLA,championship,CB,Cornerback,Benson Bayley,Bayley
9,242,NOLA,championship,LB,Linebacker,Julian O'Sullivan,JuOSu
9,550,NOLA,championship,DE,Defensive End,Jayce Tuck,ErMurazor
9,624,NOLA,championship,WR,Wide Receiver,Mayran Jackson,Kendrick
9,671,NOLA,championship,WR,Wide Receiver,Dustin Evans,AsylumParty
9,678,NOLA,championship,TE,Tight End,Ardie Savea,Ben
9,726,NOLA,championship,LB,Linebacker,Vincent Sharpei,Muford
9,759,NOLA,championship,K,Kicker,Iyah Blewitt,Rabidsponge21
9,766,NOLA,championship,DT,Defensive Tackle,Joseph Askins,jaskins811
9,771,NOLA,championship,DT,Defensive Tackle,Godfrey King,Shadowz
9,776,NOLA,championship,WR,Wide Receiver,Charlie Law,AdamS
9,816,NOLA,championship,S,Safety,Blackford Oakes,Beaver
9,868,NOLA,championship,QB,Quarterback,Borkus Maximus III,bovovovo
9,888,NOLA,championship,LB,Linebacker,Brian Mills,PaytonM34
9,927,NOLA,championship,CB,Wide Receiver,Vladimir Fyodorovich,majesiu
9,947,NOLA,championship,S,Safety,William H. Harrison,Mongoose87
9,227,YKW,DBOTY,CB,Cornerback,Dermot Lavelle,White Cornerback
9,1019,POR,DBOTY,CB,Cornerback,Lucari Felix,Official DT
9,771,NOLA,DLOTY,DT,Defensive Tackle,Godfrey King,Shadowz
9,1021,TIJ,DLOTY,DE,Defensive End,Avery Woodham,Wally
9,1004,SAN,DLOTY,DE,Defensive End,Odell Marrett,slowpoke
9,227,YKW,DPOTY,CB,Cornerback,Dermot Lavelle,White Cornerback
9,1019,POR,DPOTY,CB,Cornerback,Lucari Felix,Official DT
9,969,AZ,DROTY,S,Safety,Bucky Barnes,Moosecop
9,1019,POR,DROTY,CB,Cornerback,Lucari Felix,Official DT
9,759,NOLA,KOTY,K,Kicker,Iyah Blewitt,Rabidsponge21
9,903,SAN,KOTY,WR,Wide Receiver,Dustin DeMarco,Ramrod18
9,923,OCO,LBOTY,LB,Safety,Mason Brown,Toasty
9,976,SAN,LBOTY,LB,Linebacker,Jesse Marchand,fusion247
9,238,NOLA,MOP,RB,Wide Receiver,Darren Smallwood,tlk742
9,860,OCO,MVP,WR,Wide Receiver,Carlito Crush,JKortesi81
9,966,TIJ,MVP,WR,Wide Receiver,Xavier Flash,Leafs4ever
9,238,NOLA,OPOTY,RB,Wide Receiver,Darren Smallwood,tlk742
9,987,SAN,OPOTY,RB,Running Back,Marquise Brown,YoungTB
9,946,PHI,OROTY,K,,Beat Meoff,Loganjj21
9,1003,TIJ,OROTY,QB,Quarterback,Adriana Falconi,enigmatic
9,995,POR,OROTY,DE,Defensive End,D’Pez Poopsie,Muford
9,1020,POR,OROTY,WR,Wide Receiver,Felix Hasselhoff,DELIRIVM
9,219,COL,PEROTY,DT,Defensive Tackle,Dan Miller,7hawk77
9,976,SAN,PEROTY,LB,Linebacker,Jesse Marchand,fusion247
9,856,AZ,POTY,K,Kicker,Dean Jackson,run_CMC
9,895,COL,POTY,K,Quarterback,Micycle McCormick,infinitempg
9,967,SAN,POTY,K,Kicker,Emilio Ramero,sicksnipes
9,868,NOLA,Pro Bowl,QB,Quarterback,Borkus Maximus III,bovovovo
9,208,OCO,Pro Bowl,QB,Quarterback,Mike Boss,JBLAZE_THE_BOSS
9,238,NOLA,Pro Bowl,RB,Wide Receiver,Darren Smallwood,tlk742
9,695,OCO,Pro Bowl,RB,Running Back,Jordan Yates,jordan327
9,860,OCO,Pro Bowl,WR,Wide Receiver,Carlito Crush,JKortesi81
9,215,OCO,Pro Bowl,WR,Wide Receiver,Bradley Westfield,Bwestfield
9,776,NOLA,Pro Bowl,WR,Wide Receiver,Charlie Law,AdamS
9,827,OCO,Pro Bowl,WR,Wide Receiver,Tegan Atwell,Jiggly_333
9,232,NOLA,Pro Bowl,TE,Tight End,Paul DiMirio,124715
9,970,SJS,Pro Bowl,TE,Tight End,Zapp Brannigan,pazuzu
9,550,NOLA,Pro Bowl,DE,Defensive End,Jayce Tuck,ErMurazor
9,206,NOLA,Pro Bowl,DE,Defensive End,Fuego Wozy,TheWoZy
9,861,AZ,Pro Bowl,DT,Defensive Tackle,Egor Medved,Walder Frey
9,771,NOLA,Pro Bowl,DT,Defensive Tackle,Godfrey King,Shadowz
9,403,OCO,Pro Bowl,LB,Defensive End,Angus Winchester,timeconsumer
9,726,NOLA,Pro Bowl,LB,Linebacker,Vincent Sharpei,Muford
9,923,OCO,Pro Bowl,LB,Safety,Mason Brown,Toasty
9,888,NOLA,Pro Bowl,LB,Linebacker,Brian Mills,PaytonM34
9,816,NOLA,Pro Bowl,DB,Safety,Blackford Oakes,Beaver
9,947,NOLA,Pro Bowl,DB,Safety,William H. Harrison,Mongoose87
9,234,OCO,Pro Bowl,DB,Cornerback,Marc Spector,RedCydranth
9,780,OCO,Pro Bowl,DB,Cornerback,Jonathan King,ralams123
9,241,NOLA,Pro Bowl,DB,Cornerback,Benson Bayley,Bayley
9,841,SJS,Pro Bowl,DB,Cornerback,Terrell Brister,tbone415
9,856,AZ,Pro Bowl,P,Kicker,Dean Jackson,run_CMC
9,759,NOLA,Pro Bowl,K,Kicker,Iyah Blewitt,Rabidsponge21
9,215,OCO,Pro Bowl,KR,Wide Receiver,Bradley Westfield,Bwestfield
9,858,AZ,Pro Bowl,KR,Safety,Darren Morris,Roly
9,233,BAL,Pro Bowl,QB,Cornerback,Avon Blocksdale,iamslm22
9,928,COL,Pro Bowl,QB,Cornerback,Ryan Applehort,Daybe
9,230,BAL,Pro Bowl,RB,Running Back,Owen Taylor,manicmav36
9,733,PHI,Pro Bowl,RB,Running Back,Darlane Farlane,Gwdaja
9,729,YKW,Pro Bowl,WR,Wide Receiver,Eric Kennedy,SwagSloth
9,750,BAL,Pro Bowl,WR,Wide Receiver,Trey Willie,ItsJustBarry
9,932,COL,Pro Bowl,WR,Wide Receiver,Howard Miller,dropbear
9,770,BAL,Pro Bowl,WR,Wide Receiver,Budda Browning,Rindiee
9,931,BAL,Pro Bowl,TE,Tight End,Verso L’Alto,nunccoepi
9,882,YKW,Pro Bowl,TE,Tight End,Glenn McPoyal,Alfredo_Pasta
9,210,BAL,Pro Bowl,DE,Defensive End,Kurt Hendrix,HENDRIX
9,883,BAL,Pro Bowl,DE,Defensive End,Arbin Asipi JR,DeathOnReddit
9,219,COL,Pro Bowl,DT,Defensive Tackle,Dan Miller,7hawk77
9,802,COL,Pro Bowl,DT,Defensive Tackle,Nicholas Pierno,ralz9
9,211,COL,Pro Bowl,LB,Linebacker,Johnathon Saint,jparks98
9,820,BAL,Pro Bowl,LB,Linebacker,Noah Goodson,toivo
9,222,YKW,Pro Bowl,LB,Running Back,Boss Tweed,PigSnout
9,898,BAL,Pro Bowl,LB,Linebacker,Austin Roenick,Leafer
9,652,BAL,Pro Bowl,DB,,None None,
9,227,YKW,Pro Bowl,DB,Cornerback,Dermot Lavelle,White Cornerback
9,864,BAL,Pro Bowl,DB,Cornerback,Gregory Fletcher,The_Hero
9,667,BAL,Pro Bowl,DB,Cornerback,Darnell Turner,Darnellthebeast
9,828,COL,Pro Bowl,DB,Cornerback,Andre Bly Jr.,sapp2013
9,213,BAL,Pro Bowl,DB,Cornerback,Antoine Delacour,37thchamber
9,547,PHI,Pro Bowl,DB,Safety,Ryan Flock,theFlock
9,889,YKW,Pro Bowl,P,Kicker,- Forfeit,KimJungBigDong
9,216,BAL,Pro Bowl,K,Kicker,Turk Turkleton,Raven
9,926,COL,Pro Bowl,KR,Running Back,Mark Grau,keanex
9,200,PHI,Pro Bowl,KR,Wide Receiver,Josh Garden,Ballerstorm
9,227,YKW,Pro Bowl,KR,Cornerback,Dermot Lavelle,White Cornerback
9,704,PHI,Pro Bowl,KR,Wide Receiver,Fox North,Silver Fox
9,868,NOLA,QBOTY,QB,Quarterback,Borkus Maximus III,bovovovo
9,1003,TIJ,QBOTY,QB,Quarterback,Adriana Falconi,enigmatic
9,238,NOLA,RBOTY,RB,Wide Receiver,Darren Smallwood,tlk742
9,995,POR,RBOTY,DE,Defensive End,D’Pez Poopsie,Muford
9,227,YKW,RETOTY,CB,Cornerback,Dermot Lavelle,White Cornerback
9,232,NOLA,TEOTY,TE,Tight End,Paul DiMirio,124715
9,960,KCC,TEOTY,TE,Tight End,Declan Harp,OBESE
9,860,OCO,WROTY,WR,Wide Receiver,Carlito Crush,JKortesi81
9,966,TIJ,WROTY,WR,Wide Receiver,Xavier Flash,Leafs4ever
10,937,AZ,BROTY,WR,Wide Receiver,Viggo Squanch,Durden
10,210,BAL,championship,DE,Defensive End,Kurt Hendrix,HENDRIX
10,213,BAL,championship,CB,Cornerback,Antoine Delacour,37thchamber
10,216,BAL,championship,K,Kicker,Turk Turkleton,Raven
10,230,BAL,championship,RB,Running Back,Owen Taylor,manicmav36
10,233,BAL,championship,QB,Cornerback,Avon Blocksdale,iamslm22
10,652,BAL,championship,S,,None None,
10,667,BAL,championship,CB,Cornerback,Darnell Turner,Darnellthebeast
10,750,BAL,championship,WR,Wide Receiver,Trey Willie,ItsJustBarry
10,770,BAL,championship,WR,Wide Receiver,Budda Browning,Rindiee
10,778,BAL,championship,CB,Cornerback,Clifford Rove,Yurt6
10,820,BAL,championship,LB,Linebacker,Noah Goodson,toivo
10,864,BAL,championship,CB,Cornerback,Gregory Fletcher,The_Hero
10,883,BAL,championship,DE,Defensive End,Arbin Asipi JR,DeathOnReddit
10,886,BAL,championship,DE,Defensive End,Cordell Joshua,Drizzy
10,891,BAL,championship,DT,Defensive Tackle,Bogdan Wojcik,Squamish
10,898,BAL,championship,LB,Linebacker,Austin Roenick,Leafer
10,900,BAL,championship,WR,Wide Receiver,Carter Bush,adam2552
10,931,BAL,championship,TE,Tight End,Verso L’Alto,nunccoepi
10,948,BAL,championship,DE,Quarterback,Childish Gambino,Renrut
10,960,BAL,championship,TE,Tight End,Declan Harp,OBESE
10,983,BAL,championship,WR,Wide Receiver,Vinny Valentine,Unicorn
10,828,COL,DBOTY,CB,Cornerback,Andre Bly Jr.,sapp2013
10,1061,OCO,DBOTY,CB,Defensive End,Marc Spector,RedCydranth
10,1071,TIJ,DBOTY,CB,Cornerback,Bobson Dugnutt,Bzerkap
10,797,COL,DLOTY,DE,Defensive End,Antonio Sandoval,TheMemeMaestro
10,1059,KCC,DLOTY,DT,Defensive Tackle,Footballer Sackerman,cpetrella
10,222,YKW,DPOTY,LB,Running Back,Boss Tweed,PigSnout
10,923,OCO,DPOTY,LB,Safety,Mason Brown,Toasty
10,1055,KCC,DPOTY,S,Safety,Lennox Garnett,37thchamber
10,1065,TIJ,DPOTY,LB,Linebacker,Tana Keïta,Ben
10,973,SJS,DROTY,LB,Linebacker,Kolby Deringer,GoonerBear
10,1055,KCC,DROTY,S,Safety,Lennox Garnett,37thchamber
10,205,OCO,HoF,Safety,Linebacker,Ian Bavitz,Molarpistols
10,225,AZ,HoF,Quarterback,Quarterback,King Bronko,ADwyer87
10,216,BAL,KOTY,K,Kicker,Turk Turkleton,Raven
10,1036,TIJ,KOTY,K,Kicker,Kulture Fulture,Saliva^
10,222,YKW,LBOTY,LB,Running Back,Boss Tweed,PigSnout
10,1045,KCC,LBOTY,LB,Linebacker,Alex Selich,Tomen
10,230,BAL,MOP,RB,Running Back,Owen Taylor,manicmav36
10,868,NOLA,MVP,QB,Quarterback,Borkus Maximus III,bovovovo
10,1055,KCC,MVP,S,Safety,Lennox Garnett,37thchamber
10,1065,TIJ,MVP,LB,Linebacker,Tana Keïta,Ben
10,230,BAL,OPOTY,RB,Running Back,Owen Taylor,manicmav36
10,1023,POR,OPOTY,QB,Quarterback,Joliet L. Christ,AW13
10,987,PHI,OROTY,RB,Running Back,Marquise Brown,YoungTB
10,1062,KCC,OROTY,RB,Running Back,Jerrod Canton,Sweetwater
10,230,BAL,PEROTY,RB,Running Back,Owen Taylor,manicmav36
10,1045,KCC,PEROTY,LB,Linebacker,Alex Selich,Tomen
10,895,COL,POTY,K,Quarterback,Micycle McCormick,infinitempg
10,1013,POR,POTY,K,Kicker,Adam Anderson,Nobody
10,868,NOLA,Pro Bowl,QB,Quarterback,Borkus Maximus III,bovovovo
10,982,AZ,Pro Bowl,QB,Quarterback,Kevin Fitzpatrick,kckolbe
10,238,NOLA,Pro Bowl,RB,Wide Receiver,Darren Smallwood,tlk742
10,201,AZ,Pro Bowl,RB,Running Back,Reg Mackworthy,Esa77
10,860,NOLA,Pro Bowl,WR,Wide Receiver,Carlito Crush,JKortesi81
10,776,NOLA,Pro Bowl,WR,Wide Receiver,Charlie Law,AdamS
10,966,SJS,Pro Bowl,WR,Wide Receiver,Xavier Flash,Leafs4ever
10,937,AZ,Pro Bowl,WR,Wide Receiver,Viggo Squanch,Durden
10,232,NOLA,Pro Bowl,TE,Tight End,Paul DiMirio,124715
10,970,SJS,Pro Bowl,TE,Tight End,Zapp Brannigan,pazuzu
10,550,NOLA,Pro Bowl,DE,Defensive End,Jayce Tuck,ErMurazor
10,825,AZ,Pro Bowl,DE,Defensive End,Andreas Waiters,Chukka
10,766,YKW,Pro Bowl,DT,Defensive Tackle,Joseph Askins,jaskins811
10,771,NOLA,Pro Bowl,DT,Defensive Tackle,Godfrey King,Shadowz
10,888,NOLA,Pro Bowl,LB,Linebacker,Brian Mills,PaytonM34
10,973,SJS,Pro Bowl,LB,Linebacker,Kolby Deringer,GoonerBear
10,242,NOLA,Pro Bowl,LB,Linebacker,Julian O'Sullivan,JuOSu
10,943,SJS,Pro Bowl,LB,Linebacker,Ben Horne,iseedoug
10,923,OCO,Pro Bowl,LB,Safety,Mason Brown,Toasty
10,1061,OCO,Pro Bowl,DB,Defensive End,Marc Spector,RedCydranth
10,858,AZ,Pro Bowl,DB,Safety,Darren Morris,Roly
10,816,NOLA,Pro Bowl,DB,Safety,Blackford Oakes,Beaver
10,568,SJS,Pro Bowl,DB,Cornerback,John Canton,Sweetwater
10,927,NOLA,Pro Bowl,DB,Wide Receiver,Vladimir Fyodorovich,majesiu
10,897,OCO,Pro Bowl,DB,,None None,
10,947,NOLA,Pro Bowl,DB,Safety,William H. Harrison,Mongoose87
10,856,AZ,Pro Bowl,P,Kicker,Dean Jackson,run_CMC
10,839,NOLA,Pro Bowl,K,Kicker,Peg Leg,hockeyis66
10,927,NOLA,Pro Bowl,KR,Wide Receiver,Vladimir Fyodorovich,majesiu
10,200,OCO,Pro Bowl,KR,Wide Receiver,Josh Garden,Ballerstorm
10,233,BAL,Pro Bowl,QB,Cornerback,Avon Blocksdale,iamslm22
10,928,COL,Pro Bowl,QB,Cornerback,Ryan Applehort,Daybe
10,987,PHI,Pro Bowl,RB,Running Back,Marquise Brown,YoungTB
10,230,BAL,Pro Bowl,RB,Running Back,Owen Taylor,manicmav36
10,932,COL,Pro Bowl,WR,Wide Receiver,Howard Miller,dropbear
10,750,BAL,Pro Bowl,WR,Wide Receiver,Trey Willie,ItsJustBarry
10,827,YKW,Pro Bowl,WR,Wide Receiver,Tegan Atwell,Jiggly_333
10,893,COL,Pro Bowl,WR,Wide Receiver,Dwayne Aaron,Supersquare04
10,882,YKW,Pro Bowl,TE,Tight End,Glenn McPoyal,Alfredo_Pasta
10,931,BAL,Pro Bowl,TE,Tight End,Verso L’Alto,nunccoepi
10,797,COL,Pro Bowl,DE,Defensive End,Antonio Sandoval,TheMemeMaestro
10,948,BAL,Pro Bowl,DE,Quarterback,Childish Gambino,Renrut
10,896,YKW,Pro Bowl,DT,Defensive Tackle,Gustav Rodriguez,samee
10,802,COL,Pro Bowl,DT,Defensive Tackle,Nicholas Pierno,ralz9
10,823,COL,Pro Bowl,LB,Defensive End,Haruki Ishigawa,ExemplaryChad
10,222,YKW,Pro Bowl,LB,Running Back,Boss Tweed,PigSnout
10,955,YKW,Pro Bowl,LB,Linebacker,Chad Pennington,caltroit_red_flames
10,898,BAL,Pro Bowl,LB,Linebacker,Austin Roenick,Leafer
10,227,YKW,Pro Bowl,DB,Cornerback,Dermot Lavelle,White Cornerback
10,828,COL,Pro Bowl,DB,Cornerback,Andre Bly Jr.,sapp2013
10,951,YKW,Pro Bowl,DB,Safety,Thad Pennington,Blastmeaway
10,522,PHI,Pro Bowl,DB,Cornerback,Alex Hayden,Rich
10,652,BAL,Pro Bowl,DB,,None None,
10,976,PHI,Pro Bowl,DB,Linebacker,Jesse Marchand,fusion247
10,895,COL,Pro Bowl,P,Quarterback,Micycle McCormick,infinitempg
10,216,BAL,Pro Bowl,K,Kicker,Turk Turkleton,Raven
10,932,COL,Pro Bowl,KR,Wide Receiver,Howard Miller,dropbear
10,227,YKW,Pro Bowl,KR,Cornerback,Dermot Lavelle,White Cornerback
10,868,NOLA,QBOTY,QB,Quarterback,Borkus Maximus III,bovovovo
10,1023,POR,QBOTY,QB,Quarterback,Joliet L. Christ,AW13
10,230,BAL,RBOTY,RB,Running Back,Owen Taylor,manicmav36
10,1062,KCC,RBOTY,RB,Running Back,Jerrod Canton,Sweetwater
10,227,YKW,RETOTY,CB,Cornerback,Dermot Lavelle,White Cornerback
10,882,YKW,TEOTY,TE,Tight End,Glenn McPoyal,Alfredo_Pasta
10,1053,TIJ,TEOTY,DE,Defensive End,Steven Moore,maxcrazy
10,750,BAL,WROTY,WR,Wide Receiver,Trey Willie,ItsJustBarry
10,1039,TIJ,WROTY,WR,Wide Receiver,Thjalfi Halvorsen,tez
11,796,BAL,BROTY,S,Safety,Vincent Valentine,Unicorn
11,212,NOLA,championship,WR,Wide Receiver,Alexandre LeClair,Zoone16
11,232,NOLA,championship,TE,Tight End,Paul DiMirio,124715
11,238,NOLA,championship,RB,Wide Receiver,Darren Smallwood,tlk742
11,241,NOLA,championship,CB,Cornerback,Benson Bayley,Bayley
11,242,NOLA,championship,LB,Linebacker,Julian O'Sullivan,JuOSu
11,766,NOLA,championship,DT,Defensive Tackle,Joseph Askins,jaskins811
11,771,NOLA,championship,DT,Defensive Tackle,Godfrey King,Shadowz
11,776,NOLA,championship,WR,Wide Receiver,Charlie Law,AdamS
11,816,NOLA,championship,S,Safety,Blackford Oakes,Beaver
11,868,NOLA,championship,QB,Quarterback,Borkus Maximus III,bovovovo
11,888,NOLA,championship,LB,Linebacker,Brian Mills,PaytonM34
11,927,NOLA,championship,WR,Wide Receiver,Vladimir Fyodorovich,majesiu
11,946,NOLA,championship,K,,Beat Meoff,Loganjj21
11,947,NOLA,championship,S,Safety,William H. Harrison,Mongoose87
11,1008,NOLA,championship,DE,Defensive End,Lo Rax,Phobospwns
11,1015,NOLA,championship,TE,Tight End,Chinwemma Yobanna-Kanayochukwu,okonkwoco
11,1065,NOLA,championship,LB,Linebacker,Tana Keïta,Ben
11,1066,NOLA,championship,DT,Defensive Tackle,Franklin Townsend,MarneMauler99
11,947,NOLA,DBOTY,S,Safety,William H. Harrison,Mongoose87
11,1089,POR,DBOTY,CB,Cornerback,Axel Hornbacher,PDXBaller
11,936,PHI,DLOTY,DE,Defensive End,Brock Weathers III,BWIII
11,1073,SAN,DLOTY,DE,Defensive End,Cole Walker,CaptainCup
11,955,YKW,DPOTY,LB,Linebacker,Chad Pennington,caltroit_red_flames
11,1110,POR,DPOTY,LB,Linebacker,Charlie Trout,iamslm22
11,1045,AZ,DROTY,LB,Linebacker,Alex Selich,Tomen
11,1089,POR,DROTY,CB,Cornerback,Axel Hornbacher,PDXBaller
11,1110,POR,DROTY,LB,Linebacker,Charlie Trout,iamslm22
11,208,OCO,HoF,Quarterback,Quarterback,Mike Boss,JBLAZE_THE_BOSS
11,219,SJS,HoF,Defensive Tackle,Defensive Tackle,Dan Miller,7hawk77
11,216,BAL,KOTY,K,Kicker,Turk Turkleton,Raven
11,1099,POR,KOTY,K,Kicker,Eric Legstrong,Ricecake
11,1045,AZ,LBOTY,LB,Linebacker,Alex Selich,Tomen
11,1110,POR,LBOTY,LB,Linebacker,Charlie Trout,iamslm22
11,932,COL,MVP,WR,Wide Receiver,Howard Miller,dropbear
11,214,SAN,MVP,DT,Defensive Tackle,Arbin Asipi,DeathOnReddit
11,230,BAL,OPOTY,RB,Running Back,Owen Taylor,manicmav36
11,1123,SAN,OPOTY,CB,Cornerback,Arbin Asipi III,DeathOnReddit
11,254,YKW,OROTY,RB,Running Back,Antonio Summer,mckee29
11,1123,SAN,OROTY,CB,Cornerback,Arbin Asipi III,DeathOnReddit
11,927,NOLA,PEROTY,WR,Wide Receiver,Vladimir Fyodorovich,majesiu
11,1037,POR,PEROTY,RB,Running Back,Slim Shady,J.G.10
11,1044,POR,PEROTY,WR,Wide Receiver,Sunnycursed -,ADwyer87
11,856,AZ,POTY,K,Kicker,Dean Jackson,run_CMC
11,1070,KCC,POTY,K,Kicker,Kick Puncher,BoltyMcSpeedy
11,982,AZ,Pro Bowl,QB,Quarterback,Kevin Fitzpatrick,kckolbe
11,868,NOLA,Pro Bowl,QB,Quarterback,Borkus Maximus III,bovovovo
11,238,NOLA,Pro Bowl,RB,Wide Receiver,Darren Smallwood,tlk742
11,1062,SJS,Pro Bowl,RB,Running Back,Jerrod Canton,Sweetwater
11,937,AZ,Pro Bowl,WR,Wide Receiver,Viggo Squanch,Durden
11,776,NOLA,Pro Bowl,WR,Wide Receiver,Charlie Law,AdamS
11,770,AZ,Pro Bowl,WR,Wide Receiver,Budda Browning,Rindiee
11,927,NOLA,Pro Bowl,WR,Wide Receiver,Vladimir Fyodorovich,majesiu
11,232,NOLA,Pro Bowl,TE,Tight End,Paul DiMirio,124715
11,942,AZ,Pro Bowl,TE,Tight End,Balthazar Crindy,dub
11,877,OCO,Pro Bowl,DE,Defensive End,Norman Bagwell,bagwell
11,1069,SJS,Pro Bowl,DE,Defensive End,Danny Methane,DannyMethane
11,1008,NOLA,Pro Bowl,DE,Defensive End,Lo Rax,Phobospwns
11,954,AZ,Pro Bowl,DT,Defensive Tackle,Mark David,Mark D
11,1066,NOLA,Pro Bowl,DT,Defensive Tackle,Franklin Townsend,MarneMauler99
11,1045,AZ,Pro Bowl,LB,Linebacker,Alex Selich,Tomen
11,242,NOLA,Pro Bowl,LB,Linebacker,Julian O'Sullivan,JuOSu
11,923,OCO,Pro Bowl,LB,Safety,Mason Brown,Toasty
11,888,NOLA,Pro Bowl,LB,Linebacker,Brian Mills,PaytonM34
11,897,OCO,Pro Bowl,DB,,None None,
11,1017,OCO,Pro Bowl,DB,Safety,Danny Grithead,Trautner
11,995,SJS,Pro Bowl,DB,Defensive End,D’Pez Poopsie,Muford
11,816,NOLA,Pro Bowl,DB,Safety,Blackford Oakes,Beaver
11,241,NOLA,Pro Bowl,DB,Cornerback,Benson Bayley,Bayley
11,1012,NOLA,Pro Bowl,DB,Safety,Shannon Hobbs,evryday
11,947,NOLA,Pro Bowl,DB,Safety,William H. Harrison,Mongoose87
11,856,AZ,Pro Bowl,P,Kicker,Dean Jackson,run_CMC
11,856,AZ,Pro Bowl,K,Kicker,Dean Jackson,run_CMC
11,897,OCO,Pro Bowl,KR,,None None,
11,927,NOLA,Pro Bowl,KR,Wide Receiver,Vladimir Fyodorovich,majesiu
11,928,BAL,Pro Bowl,QB,Cornerback,Ryan Applehort,Daybe
11,895,COL,Pro Bowl,QB,Quarterback,Micycle McCormick,infinitempg
11,230,BAL,Pro Bowl,RB,Running Back,Owen Taylor,manicmav36
11,987,PHI,Pro Bowl,RB,Running Back,Marquise Brown,YoungTB
11,932,COL,Pro Bowl,WR,Wide Receiver,Howard Miller,dropbear
11,750,BAL,Pro Bowl,WR,Wide Receiver,Trey Willie,ItsJustBarry
11,893,COL,Pro Bowl,WR,Wide Receiver,Dwayne Aaron,Supersquare04
11,900,PHI,Pro Bowl,WR,Wide Receiver,Carter Bush,adam2552
11,931,BAL,Pro Bowl,TE,Tight End,Verso L’Alto,nunccoepi
11,882,YKW,Pro Bowl,TE,Tight End,Glenn McPoyal,Alfredo_Pasta
11,936,PHI,Pro Bowl,DE,Defensive End,Brock Weathers III,BWIII
11,948,BAL,Pro Bowl,DE,Quarterback,Childish Gambino,Renrut
11,976,PHI,Pro Bowl,DE,Linebacker,Jesse Marchand,fusion247
11,795,PHI,Pro Bowl,DT,Defensive Tackle,Eli Kamaka,PDXBaller
11,802,COL,Pro Bowl,DT,Defensive Tackle,Nicholas Pierno,ralz9
11,823,COL,Pro Bowl,LB,Defensive End,Haruki Ishigawa,ExemplaryChad
11,898,BAL,Pro Bowl,LB,Linebacker,Austin Roenick,Leafer
11,955,YKW,Pro Bowl,LB,Linebacker,Chad Pennington,caltroit_red_flames
11,886,BAL,Pro Bowl,LB,Defensive End,Cordell Joshua,Drizzy
11,978,COL,Pro Bowl,DB,Cornerback,Oskar Ludvig,RealWackolyte
11,227,YKW,Pro Bowl,DB,Cornerback,Dermot Lavelle,White Cornerback
11,1019,PHI,Pro Bowl,DB,Cornerback,Lucari Felix,Official DT
11,991,BAL,Pro Bowl,DB,Safety,Damien Arnold,Grapehead
11,1055,PHI,Pro Bowl,DB,Safety,Lennox Garnett,37thchamber
11,233,BAL,Pro Bowl,DB,Cornerback,Avon Blocksdale,iamslm22
11,1071,YKW,Pro Bowl,DB,Cornerback,Bobson Dugnutt,Bzerkap
11,216,BAL,Pro Bowl,P,Kicker,Turk Turkleton,Raven
11,216,BAL,Pro Bowl,K,Kicker,Turk Turkleton,Raven
11,227,YKW,Pro Bowl,KR,Cornerback,Dermot Lavelle,White Cornerback
11,796,BAL,Pro Bowl,KR,Safety,Vincent Valentine,Unicorn
11,868,NOLA,QBOTY,QB,Quarterback,Borkus Maximus III,bovovovo
11,992,SAN,QBOTY,QB,Quarterback,Zenyou Wozy,TheWoZy
11,230,BAL,RBOTY,RB,Running Back,Owen Taylor,manicmav36
11,1123,SAN,RBOTY,CB,Cornerback,Arbin Asipi III,DeathOnReddit
11,897,OCO,RETOTY,S,,None None,
11,931,BAL,TEOTY,TE,Tight End,Verso L’Alto,nunccoepi
11,1053,TIJ,TEOTY,DE,Defensive End,Steven Moore,maxcrazy
11,932,COL,WROTY,WR,Wide Receiver,Howard Miller,dropbear
11,1038,KCC,WROTY,WR,Wide Receiver,Yulic Nagasawa,Vikain
12,991,BAL,BROTY,S,Safety,Damien Arnold,Grapehead
12,403,OCO,championship,DE,Defensive End,Angus Winchester,timeconsumer
12,702,OCO,championship,DT,Defensive Tackle,Greg Clegane,automatic
12,827,OCO,championship,WR,Wide Receiver,Tegan Atwell,Jiggly_333
12,828,OCO,championship,CB,Cornerback,Andre Bly Jr.,sapp2013
12,860,OCO,championship,WR,Wide Receiver,Carlito Crush,JKortesi81
12,865,OCO,championship,DT,Defensive Tackle,Ryan Sierra,Battleborn
12,877,OCO,championship,DE,Defensive End,Norman Bagwell,bagwell
12,881,OCO,championship,LB,Linebacker,Elvin Enchant,ElvinEnchant
12,897,OCO,championship,S,,None None,
12,923,OCO,championship,LB,Safety,Mason Brown,Toasty
12,940,OCO,championship,LB,Defensive End,Rickey Ramero,Ramero
12,965,OCO,championship,QB,Cornerback,Gus T.T. Showbiz,Molarpistols
12,979,OCO,championship,RB,Running Back,Ricky Adams,TheDangaZone
12,1005,OCO,championship,RB,Running Back,Seer Zephyrous,7hawk77
12,1013,OCO,championship,K,Kicker,Adam Anderson,Nobody
12,1017,OCO,championship,S,Safety,Danny Grithead,Trautner
12,1044,OCO,championship,WR,Wide Receiver,Sunnycursed -,ADwyer87
12,1049,OCO,championship,CB,Cornerback,Jonathan Rice,ml002
12,1061,OCO,championship,CB,Defensive End,Marc Spector,RedCydranth
12,1117,OCO,championship,WR,Wide Receiver,Tommy Helanen,StamkosFan
12,816,BAL,DBOTY,S,Safety,Blackford Oakes,Beaver
12,1133,TIJ,DBOTY,CB,Cornerback,Spencer Castle,AsylumParty
12,936,PHI,DLOTY,DE,Defensive End,Brock Weathers III,BWIII
12,1142,SAN,DLOTY,DT,Defensive Tackle,Benson Harris,Rich
12,923,OCO,DPOTY,LB,Safety,Mason Brown,Toasty
12,1087,TIJ,DPOTY,DT,Defensive Tackle,Thorian Skarsgard,MrStennett
12,1110,BAL,DROTY,LB,Linebacker,Charlie Trout,iamslm22
12,1133,TIJ,DROTY,CB,Cornerback,Spencer Castle,AsylumParty
12,213,BAL,HoF,Cornerback,Cornerback,Antoine Delacour,37thchamber
12,215,OCO,HoF,Wide Receiver,Wide Receiver,Bradley Westfield,Bwestfield
12,217,AZ,HoF,Linebacker,Linebacker,Harrif Ernston,Valtookan
12,222,,HoF,Linebacker,Running Back,Boss Tweed,PigSnout
12,1092,SJS,KOTY,K,Kicker,Neo Donaldson,Mack
12,1074,POR,KOTY,K,Kicker,Roderick Castleberry,Avakael
12,923,OCO,LBOTY,LB,Safety,Mason Brown,Toasty
12,1087,TIJ,LBOTY,DT,Defensive Tackle,Thorian Skarsgard,MrStennett
12,979,OCO,MVP,RB,Running Back,Ricky Adams,TheDangaZone
12,1127,POR,MVP,S,Safety,Caleb McCoy,TrueTexican
12,1087,TIJ,MVP,DT,Defensive Tackle,Thorian Skarsgard,MrStennett
12,927,NOLA,OPOTY,WR,Wide Receiver,Vladimir Fyodorovich,majesiu
12,1108,KCC,OPOTY,RB,Running Back,Aksel Danielsson,JSS
12,1088,YKW,OROTY,RB,Defensive Tackle,Dick Wizardry,AdamS
12,1132,POR,OROTY,RB,Running Back,Corey Trevor,StickyRicky
12,991,BAL,PEROTY,S,Safety,Damien Arnold,Grapehead
12,1141,SAN,PEROTY,S,Safety,Tyler Swift,Bayley
12,1036,PHI,POTY,K,Kicker,Kulture Fulture,Saliva^
12,1139,KCC,POTY,K,Kicker,Alex Frost,39alaska39
12,965,OCO,Pro Bowl,QB,Cornerback,Gus T.T. Showbiz,Molarpistols
12,868,NOLA,Pro Bowl,QB,Quarterback,Borkus Maximus III,bovovovo
12,979,OCO,Pro Bowl,RB,Running Back,Ricky Adams,TheDangaZone
12,1062,SJS,Pro Bowl,RB,Running Back,Jerrod Canton,Sweetwater
12,927,NOLA,Pro Bowl,WR,Wide Receiver,Vladimir Fyodorovich,majesiu
12,860,OCO,Pro Bowl,WR,Wide Receiver,Carlito Crush,JKortesi81
12,1014,SJS,Pro Bowl,WR,Wide Receiver,Kazimir Oles,Oles
12,937,AZ,Pro Bowl,WR,Wide Receiver,Viggo Squanch,Durden
12,232,NOLA,Pro Bowl,TE,Tight End,Paul DiMirio,124715
12,942,AZ,Pro Bowl,TE,Tight End,Balthazar Crindy,dub
12,1008,NOLA,Pro Bowl,DE,Defensive End,Lo Rax,Phobospwns
12,403,OCO,Pro Bowl,DE,Defensive End,Angus Winchester,timeconsumer
12,954,AZ,Pro Bowl,DT,Defensive Tackle,Mark David,Mark D
12,702,OCO,Pro Bowl,DT,Defensive Tackle,Greg Clegane,automatic
12,923,OCO,Pro Bowl,LB,Safety,Mason Brown,Toasty
12,888,NOLA,Pro Bowl,LB,Linebacker,Brian Mills,PaytonM34
12,1045,AZ,Pro Bowl,LB,Linebacker,Alex Selich,Tomen
12,1065,NOLA,Pro Bowl,LB,Linebacker,Tana Keïta,Ben
12,828,OCO,Pro Bowl,DB,Cornerback,Andre Bly Jr.,sapp2013
12,897,OCO,Pro Bowl,DB,,None None,
12,996,SJS,Pro Bowl,DB,Cornerback,Xandra Troyski,mabb
12,947,NOLA,Pro Bowl,DB,Safety,William H. Harrison,Mongoose87
12,858,AZ,Pro Bowl,DB,Safety,Darren Morris,Roly
12,1017,OCO,Pro Bowl,DB,Safety,Danny Grithead,Trautner
12,1092,SJS,Pro Bowl,P,Kicker,Neo Donaldson,Mack
12,1092,SJS,Pro Bowl,K,Kicker,Neo Donaldson,Mack
12,966,SJS,Pro Bowl,KR,Wide Receiver,Xavier Flash,Leafs4ever
12,969,AZ,Pro Bowl,KR,Safety,Bucky Barnes,Moosecop
12,948,BAL,Pro Bowl,QB,Quarterback,Childish Gambino,Renrut
12,895,COL,Pro Bowl,QB,Quarterback,Micycle McCormick,infinitempg
12,987,PHI,Pro Bowl,RB,Running Back,Marquise Brown,YoungTB
12,1088,YKW,Pro Bowl,RB,Defensive Tackle,Dick Wizardry,AdamS
12,932,COL,Pro Bowl,WR,Wide Receiver,Howard Miller,dropbear
12,796,BAL,Pro Bowl,WR,Safety,Vincent Valentine,Unicorn
12,944,YKW,Pro Bowl,WR,Wide Receiver,Brad Pennington,Dawegg
12,1107,COL,Pro Bowl,WR,Wide Receiver,James Bishop,Bwestfield
12,931,BAL,Pro Bowl,TE,Tight End,Verso L’Alto,nunccoepi
12,882,YKW,Pro Bowl,TE,Tight End,Glenn McPoyal,Alfredo_Pasta
12,936,PHI,Pro Bowl,DE,Defensive End,Brock Weathers III,BWIII
12,1056,BAL,Pro Bowl,DE,Defensive End,Kwame Abayomi Mbanefo,Rabidsponge21
12,767,YKW,Pro Bowl,DT,Defensive Tackle,Calkewlated Chambers III,Lendoris
12,1063,PHI,Pro Bowl,DT,Defensive Tackle,Curtis Saul,Evok
12,1110,BAL,Pro Bowl,LB,Linebacker,Charlie Trout,iamslm22
12,898,BAL,Pro Bowl,LB,Linebacker,Austin Roenick,Leafer
12,1006,PHI,Pro Bowl,LB,Linebacker,A.J. Robertson,Nathan_Hall
12,880,YKW,Pro Bowl,LB,Linebacker,Robby Rainey,AzhekAhriman
12,227,YKW,Pro Bowl,DB,Cornerback,Dermot Lavelle,White Cornerback
12,991,BAL,Pro Bowl,DB,Safety,Damien Arnold,Grapehead
12,1055,PHI,Pro Bowl,DB,Safety,Lennox Garnett,37thchamber
12,816,BAL,Pro Bowl,DB,Safety,Blackford Oakes,Beaver
12,1075,COL,Pro Bowl,DB,Cornerback,Beau Montgomery,Dangles13
12,1067,BAL,Pro Bowl,DB,Safety,Dan Schneider,LGMForever
12,1036,PHI,Pro Bowl,P,Kicker,Kulture Fulture,Saliva^
12,1036,PHI,Pro Bowl,K,Kicker,Kulture Fulture,Saliva^
12,932,COL,Pro Bowl,KR,Wide Receiver,Howard Miller,dropbear
12,796,BAL,Pro Bowl,KR,Safety,Vincent Valentine,Unicorn
12,948,BAL,QBOTY,QB,Quarterback,Childish Gambino,Renrut
12,1127,POR,QBOTY,S,Safety,Caleb McCoy,TrueTexican
12,987,PHI,RBOTY,RB,Running Back,Marquise Brown,YoungTB
12,1108,KCC,RBOTY,RB,Running Back,Aksel Danielsson,JSS
12,932,COL,RETOTY,WR,Wide Receiver,Howard Miller,dropbear
12,931,BAL,TEOTY,TE,Tight End,Verso L’Alto,nunccoepi
12,1148,POR,TEOTY,TE,Tight End,Johnny Blaze,JBLAZE_THE_BOSS
12,927,NOLA,WROTY,WR,Wide Receiver,Vladimir Fyodorovich,majesiu
12,1068,TIJ,WROTY,WR,Wide Receiver,Roger Batoff,yoye
13,1001,PHI,BROTY,WR,Wide Receiver,Jordan von Matt,JVMjrDOT
13,780,OCO,championship,CB,Cornerback,Jonathan King,ralams123
13,827,OCO,championship,WR,Wide Receiver,Tegan Atwell,Jiggly_333
13,828,OCO,championship,CB,Cornerback,Andre Bly Jr.,sapp2013
13,860,OCO,championship,WR,Wide Receiver,Carlito Crush,JKortesi81
13,865,OCO,championship,DT,Defensive Tackle,Ryan Sierra,Battleborn
13,877,OCO,championship,DE,Defensive End,Norman Bagwell,bagwell
13,882,OCO,championship,TE,Tight End,Glenn McPoyal,Alfredo_Pasta
13,897,OCO,championship,S,,None None,
13,923,OCO,championship,S,Safety,Mason Brown,Toasty
13,940,OCO,championship,LB,Defensive End,Rickey Ramero,Ramero
13,965,OCO,championship,QB,Cornerback,Gus T.T. Showbiz,Molarpistols
13,979,OCO,championship,RB,Running Back,Ricky Adams,TheDangaZone
13,1005,OCO,championship,RB,Running Back,Seer Zephyrous,7hawk77
13,1013,OCO,championship,K,Kicker,Adam Anderson,Nobody
13,1017,OCO,championship,S,Safety,Danny Grithead,Trautner
13,1044,OCO,championship,WR,Wide Receiver,Sunnycursed -,ADwyer87
13,1049,OCO,championship,CB,Cornerback,Jonathan Rice,ml002
13,1061,OCO,championship,CB,Defensive End,Marc Spector,RedCydranth
13,1087,OCO,championship,DT,Defensive Tackle,Thorian Skarsgard,MrStennett
13,1095,OCO,championship,DE,Defensive End,Tommy Salami,TommySalami
13,1067,NOLA,DBOTY,S,Safety,Dan Schneider,LGMForever
13,1164,KCC,DBOTY,S,Safety,Cam Poole,cb9
13,936,PHI,DLOTY,DE,Defensive End,Brock Weathers III,BWIII
13,1073,SAN,DLOTY,DE,Defensive End,Cole Walker,CaptainCup
13,242,NOLA,DPOTY,LB,Linebacker,Julian O'Sullivan,JuOSu
13,1164,KCC,DPOTY,S,Safety,Cam Poole,cb9
13,1145,YKW,DROTY,CB,Cornerback,Johnny Snuggles,manicmav36
13,1164,KCC,DROTY,S,Safety,Cam Poole,cb9
13,206,COL,HoF,Defensive End,Defensive End,Fuego Wozy,TheWoZy
13,1036,PHI,KOTY,K,Kicker,Kulture Fulture,Saliva^
13,1157,TIJ,KOTY,K,Kicker,Stephen Harris Jr,WinstonKodogo
13,242,NOLA,LBOTY,LB,Linebacker,Julian O'Sullivan,JuOSu
13,1143,POR,LBOTY,LB,Linebacker,David Ginsberg,DavidCorperial
13,1023,SJS,MVP,QB,Quarterback,Joliet L. Christ,AW13
13,242,NOLA,MVP,LB,Linebacker,Julian O'Sullivan,JuOSu
13,987,PHI,MVP,RB,Running Back,Marquise Brown,YoungTB
13,1101,SAN,MVP,RB,Running Back,Fast Boija,Snussu
13,987,PHI,OPOTY,RB,Running Back,Marquise Brown,YoungTB
13,1125,KCC,OPOTY,RB,Running Back,Corwin Davenport,Jepox
13,1141,NOLA,OROTY,RB,Safety,Tyler Swift,Bayley
13,1166,TIJ,OROTY,QB,Quarterback,Corvo Havran,Raven
13,1003,PHI,PEROTY,QB,Quarterback,Adriana Falconi,enigmatic
13,1043,TIJ,PEROTY,RB,Running Back,Zoro Roronoa,Swegkingu
13,856,AZ,POTY,K,Kicker,Dean Jackson,run_CMC
13,1157,TIJ,POTY,K,Kicker,Stephen Harris Jr,WinstonKodogo
13,965,OCO,Pro Bowl,QB,Cornerback,Gus T.T. Showbiz,Molarpistols
13,1023,SJS,Pro Bowl,QB,Quarterback,Joliet L. Christ,AW13
13,1037,AZ,Pro Bowl,RB,Running Back,Slim Shady,J.G.10
13,1062,SJS,Pro Bowl,RB,Running Back,Jerrod Canton,Sweetwater
13,927,NOLA,Pro Bowl,WR,Wide Receiver,Vladimir Fyodorovich,majesiu
13,860,OCO,Pro Bowl,WR,Wide Receiver,Carlito Crush,JKortesi81
13,1014,SJS,Pro Bowl,WR,Wide Receiver,Kazimir Oles,Oles
13,937,AZ,Pro Bowl,WR,Wide Receiver,Viggo Squanch,Durden
13,232,NOLA,Pro Bowl,TE,Tight End,Paul DiMirio,124715
13,942,AZ,Pro Bowl,TE,Tight End,Balthazar Crindy,dub
13,1008,NOLA,Pro Bowl,DE,Defensive End,Lo Rax,Phobospwns
13,1076,SJS,Pro Bowl,DE,Defensive End,Ja’brill Tuck,Keyg_an
13,1034,AZ,Pro Bowl,DT,Quarterback,Andrew Reese,SwagSloth
13,1087,OCO,Pro Bowl,DT,Defensive Tackle,Thorian Skarsgard,MrStennett
13,242,NOLA,Pro Bowl,LB,Linebacker,Julian O'Sullivan,JuOSu
13,923,OCO,Pro Bowl,LB,Safety,Mason Brown,Toasty
13,1045,AZ,Pro Bowl,LB,Linebacker,Alex Selich,Tomen
13,973,SJS,Pro Bowl,LB,Linebacker,Kolby Deringer,GoonerBear
13,1065,NOLA,Pro Bowl,LB,Linebacker,Tana Keïta,Ben
13,1067,NOLA,Pro Bowl,DB,Safety,Dan Schneider,LGMForever
13,897,OCO,Pro Bowl,DB,,None None,
13,995,SJS,Pro Bowl,DB,Defensive End,D’Pez Poopsie,Muford
13,1085,SJS,Pro Bowl,DB,Safety,Jorel Tuck,ErMurazor
13,947,NOLA,Pro Bowl,DB,Safety,William H. Harrison,Mongoose87
13,1017,OCO,Pro Bowl,DB,Safety,Danny Grithead,Trautner
13,856,AZ,Pro Bowl,P,Kicker,Dean Jackson,run_CMC
13,1092,SJS,Pro Bowl,K,Kicker,Neo Donaldson,Mack
13,1014,SJS,Pro Bowl,KR,Wide Receiver,Kazimir Oles,Oles
13,897,OCO,Pro Bowl,KR,,None None,
13,1003,PHI,Pro Bowl,QB,Quarterback,Adriana Falconi,enigmatic
13,895,COL,Pro Bowl,QB,Quarterback,Micycle McCormick,infinitempg
13,987,PHI,Pro Bowl,RB,Running Back,Marquise Brown,YoungTB
13,1088,YKW,Pro Bowl,RB,Defensive Tackle,Dick Wizardry,AdamS
13,796,BAL,Pro Bowl,WR,Safety,Vincent Valentine,Unicorn
13,944,YKW,Pro Bowl,WR,Wide Receiver,Brad Pennington,Dawegg
13,1001,PHI,Pro Bowl,WR,Wide Receiver,Jordan von Matt,JVMjrDOT
13,932,COL,Pro Bowl,WR,Wide Receiver,Howard Miller,dropbear
13,960,BAL,Pro Bowl,TE,Tight End,Declan Harp,OBESE
13,931,COL,Pro Bowl,TE,Tight End,Verso L’Alto,nunccoepi
13,936,PHI,Pro Bowl,DE,Defensive End,Brock Weathers III,BWIII
13,919,YKW,Pro Bowl,DE,Defensive End,Zach Skinner,Titan127
13,1063,PHI,Pro Bowl,DT,Defensive Tackle,Curtis Saul,Evok
13,954,BAL,Pro Bowl,DT,Defensive Tackle,Mark David,Mark D
13,1110,BAL,Pro Bowl,LB,Linebacker,Charlie Trout,iamslm22
13,898,BAL,Pro Bowl,LB,Linebacker,Austin Roenick,Leafer
13,888,COL,Pro Bowl,LB,Linebacker,Brian Mills,PaytonM34
13,1083,COL,Pro Bowl,LB,Safety,Logan Lejune,PSanchez55
13,1089,COL,Pro Bowl,DB,Cornerback,Axel Hornbacher,PDXBaller
13,1007,BAL,Pro Bowl,DB,Cornerback,Achilles Hondo,HalfEatenOnionBagel
13,1055,PHI,Pro Bowl,DB,Safety,Lennox Garnett,37thchamber
13,816,BAL,Pro Bowl,DB,Safety,Blackford Oakes,Beaver
13,227,YKW,Pro Bowl,DB,Cornerback,Dermot Lavelle,White Cornerback
13,1071,YKW,Pro Bowl,DB,Cornerback,Bobson Dugnutt,Bzerkap
13,1139,BAL,Pro Bowl,P,Kicker,Alex Frost,39alaska39
13,1036,PHI,Pro Bowl,K,Kicker,Kulture Fulture,Saliva^
13,932,COL,Pro Bowl,KR,Wide Receiver,Howard Miller,dropbear
13,1088,YKW,Pro Bowl,KR,Defensive Tackle,Dick Wizardry,AdamS
13,1023,SJS,QBOTY,QB,Quarterback,Joliet L. Christ,AW13
13,1166,TIJ,QBOTY,QB,Quarterback,Corvo Havran,Raven
13,987,PHI,RBOTY,RB,Running Back,Marquise Brown,YoungTB
13,1101,SAN,RBOTY,RB,Running Back,Fast Boija,Snussu
13,932,COL,RETOTY,WR,Wide Receiver,Howard Miller,dropbear
13,960,BAL,TEOTY,TE,Tight End,Declan Harp,OBESE
13,1148,POR,TEOTY,TE,Tight End,Johnny Blaze,JBLAZE_THE_BOSS
13,1014,SJS,WROTY,WR,Wide Receiver,Kazimir Oles,Oles
13,1131,TIJ,WROTY,WR,Wide Receiver,Nate Swift,Bigred1580
14,1103,AZ,BROTY,WR,Wide Receiver,Sam Hardwick,ralams123
14,951,SJS,championship,S,Safety,Thad Pennington,Blastmeaway
14,955,SJS,championship,LB,Linebacker,Chad Pennington,caltroit_red_flames
14,966,SJS,championship,WR,Wide Receiver,Xavier Flash,Leafs4ever
14,970,SJS,championship,TE,Tight End,Zapp Brannigan,pazuzu
14,973,SJS,championship,LB,Linebacker,Kolby Deringer,GoonerBear
14,995,SJS,championship,DE,Defensive End,D’Pez Poopsie,Muford
14,996,SJS,championship,CB,Cornerback,Xandra Troyski,mabb
14,1000,SJS,championship,RB,Running Back,Chris Orosz,Aenir
14,1014,SJS,championship,WR,Wide Receiver,Kazimir Oles,Oles
14,1023,SJS,championship,QB,Quarterback,Joliet L. Christ,AW13
14,1040,SJS,championship,WR,Wide Receiver,Ty Justice,Justice
14,1059,SJS,championship,DT,Defensive Tackle,Footballer Sackerman,cpetrella
14,1062,SJS,championship,RB,Running Back,Jerrod Canton,Sweetwater
14,1076,SJS,championship,DE,Defensive End,Ja’brill Tuck,Keyg_an
14,1085,SJS,championship,S,Safety,Jorel Tuck,ErMurazor
14,1092,SJS,championship,K,Kicker,Neo Donaldson,Mack
14,1100,SJS,championship,DT,Defensive Tackle,Freezer Riposte,Mavfatha
14,1118,SJS,championship,S,Safety,Trey Staley,ckroyal92
14,1119,SJS,championship,TE,Tight End,Ronnie Williams,KingRonald
14,1133,SJS,championship,CB,Cornerback,Spencer Castle,AsylumParty
14,1017,OCO,DBOTY,S,Safety,Danny Grithead,Trautner
14,1286,NOR,DBOTY,S,Safety,Logan Uchiha,CalvinP
14,1087,OCO,DLOTY,DT,Defensive Tackle,Thorian Skarsgard,MrStennett
14,1175,SAN,DLOTY,DT,Defensive Tackle,Nero Alexander,shadyshoelace
14,1045,YKW,DPOTY,LB,Linebacker,Alex Selich,Tomen
14,1160,POR,DPOTY,LB,Linebacker,Leighton Lee,youngcricket
14,1137,SAN,DPOTY,RB,Running Back,Vander Jones,Rise of Smitty
14,1135,YKW,DROTY,S,Safety,Knute Knurtsson,Ason94
14,1189,TIJ,DROTY,LB,Linebacker,Johnny Slothface,slothfacekilla
14,211,COL,HoF,Linebacker,Linebacker,Johnathon Saint,jparks98
14,1036,PHI,KOTY,K,Kicker,Kulture Fulture,Saliva^
14,1184,POR,KOTY,K,Kicker,Alex Dasistwirklichseinnachname,BigKicks
14,1045,YKW,LBOTY,LB,Linebacker,Alex Selich,Tomen
14,1160,POR,LBOTY,LB,Linebacker,Leighton Lee,youngcricket
14,948,BAL,MVP,QB,Quarterback,Childish Gambino,Renrut
14,1210,POR,MVP,QB,Quarterback,Franklin Armstrong,moonlight
14,1023,SJS,OPOTY,QB,Quarterback,Joliet L. Christ,AW13
14,1210,POR,OPOTY,QB,Quarterback,Franklin Armstrong,moonlight
14,1101,PHI,OROTY,RB,Running Back,Fast Boija,Snussu
14,1210,POR,OROTY,QB,Quarterback,Franklin Armstrong,moonlight
14,1023,SJS,PEROTY,QB,Quarterback,Joliet L. Christ,AW13
14,1136,POR,PEROTY,WR,Wide Receiver,Bona’beri Jones,toivo
14,1246,SAN,PEROTY,RB,Running Back,Morgan Marshall,Baron1898
14,856,AZ,POTY,K,Kicker,Dean Jackson,run_CMC
14,1157,TIJ,POTY,K,Kicker,Stephen Harris Jr,WinstonKodogo
14,1023,SJS,Pro Bowl,QB,Quarterback,Joliet L. Christ,AW13
14,965,OCO,Pro Bowl,QB,Cornerback,Gus T.T. Showbiz,Molarpistols
14,1037,AZ,Pro Bowl,RB,Running Back,Slim Shady,J.G.10
14,1108,NOLA,Pro Bowl,RB,Running Back,Aksel Danielsson,JSS
14,927,NOLA,Pro Bowl,WR,Wide Receiver,Vladimir Fyodorovich,majesiu
14,860,OCO,Pro Bowl,WR,Wide Receiver,Carlito Crush,JKortesi81
14,1014,SJS,Pro Bowl,WR,Wide Receiver,Kazimir Oles,Oles
14,1044,OCO,Pro Bowl,WR,Wide Receiver,Sunnycursed -,ADwyer87
14,1148,OCO,Pro Bowl,TE,Tight End,Johnny Blaze,JBLAZE_THE_BOSS
14,970,SJS,Pro Bowl,TE,Tight End,Zapp Brannigan,pazuzu
14,1076,SJS,Pro Bowl,DE,Defensive End,Ja’brill Tuck,Keyg_an
14,995,SJS,Pro Bowl,DE,Defensive End,D’Pez Poopsie,Muford
14,1087,OCO,Pro Bowl,DT,Defensive Tackle,Thorian Skarsgard,MrStennett
14,1100,SJS,Pro Bowl,DT,Defensive Tackle,Freezer Riposte,Mavfatha
14,1097,AZ,Pro Bowl,LB,Linebacker,Raymond Vans,karl
14,976,NOLA,Pro Bowl,LB,Linebacker,Jesse Marchand,fusion247
14,1006,AZ,Pro Bowl,LB,Linebacker,A.J. Robertson,Nathan_Hall
14,1065,OCO,Pro Bowl,LB,Linebacker,Tana Keïta,Ben
14,1017,OCO,Pro Bowl,DB,Safety,Danny Grithead,Trautner
14,1067,NOLA,Pro Bowl,DB,Safety,Dan Schneider,LGMForever
14,996,SJS,Pro Bowl,DB,Cornerback,Xandra Troyski,mabb
14,1121,AZ,Pro Bowl,DB,Cornerback,Hike Mughes,jaskins811
14,897,OCO,Pro Bowl,DB,,None None,
14,923,OCO,Pro Bowl,DB,Safety,Mason Brown,Toasty
14,856,AZ,Pro Bowl,P,Kicker,Dean Jackson,run_CMC
14,856,AZ,Pro Bowl,K,Kicker,Dean Jackson,run_CMC
14,927,NOLA,Pro Bowl,KR,Wide Receiver,Vladimir Fyodorovich,majesiu
14,923,OCO,Pro Bowl,KR,Safety,Mason Brown,Toasty
14,948,BAL,Pro Bowl,QB,Quarterback,Childish Gambino,Renrut
14,895,COL,Pro Bowl,QB,Quarterback,Micycle McCormick,infinitempg
14,987,BAL,Pro Bowl,RB,Running Back,Marquise Brown,YoungTB
14,1088,YKW,Pro Bowl,RB,Defensive Tackle,Dick Wizardry,AdamS
14,796,BAL,Pro Bowl,WR,Safety,Vincent Valentine,Unicorn
14,1107,COL,Pro Bowl,WR,Wide Receiver,James Bishop,Bwestfield
14,900,PHI,Pro Bowl,WR,Wide Receiver,Carter Bush,adam2552
14,1001,PHI,Pro Bowl,WR,Wide Receiver,Jordan von Matt,JVMjrDOT
14,931,BAL,Pro Bowl,TE,Tight End,Verso L’Alto,nunccoepi
14,942,COL,Pro Bowl,TE,Tight End,Balthazar Crindy,dub
14,1114,PHI,Pro Bowl,DE,Defensive End,Luke Smyles,Symmetrik
14,1028,BAL,Pro Bowl,DE,Defensive End,Steven Oats,TheActualSlowpoke
14,949,YKW,Pro Bowl,DT,Defensive Tackle,Ramadan Steve,Kmarko
14,1096,YKW,Pro Bowl,DT,Defensive Tackle,Pecker Cox,duckberg
14,1045,YKW,Pro Bowl,LB,Linebacker,Alex Selich,Tomen
14,1083,COL,Pro Bowl,LB,Safety,Logan Lejune,PSanchez55
14,943,BAL,Pro Bowl,LB,Linebacker,Ben Horne,iseedoug
14,1064,PHI,Pro Bowl,LB,Linebacker,K.J. Becker,Kendrick
14,1075,COL,Pro Bowl,DB,Cornerback,Beau Montgomery,Dangles13
14,1071,YKW,Pro Bowl,DB,Cornerback,Bobson Dugnutt,Bzerkap
14,1055,PHI,Pro Bowl,DB,Safety,Lennox Garnett,37thchamber
14,1048,BAL,Pro Bowl,DB,Cornerback,Johnson Cox III,Waters
14,1089,BAL,Pro Bowl,DB,Cornerback,Axel Hornbacher,PDXBaller
14,1145,YKW,Pro Bowl,DB,Cornerback,Johnny Snuggles,manicmav36
14,889,YKW,Pro Bowl,P,Kicker,- Forfeit,KimJungBigDong
14,1036,PHI,Pro Bowl,K,Kicker,Kulture Fulture,Saliva^
14,1055,PHI,Pro Bowl,KR,Safety,Lennox Garnett,37thchamber
14,796,BAL,Pro Bowl,KR,Safety,Vincent Valentine,Unicorn
14,948,BAL,QBOTY,QB,Quarterback,Childish Gambino,Renrut
14,1210,POR,QBOTY,QB,Quarterback,Franklin Armstrong,moonlight
14,987,BAL,RBOTY,RB,Running Back,Marquise Brown,YoungTB
14,1246,SAN,RBOTY,RB,Running Back,Morgan Marshall,Baron1898
14,927,NOLA,RETOTY,WR,Wide Receiver,Vladimir Fyodorovich,majesiu
14,931,BAL,TEOTY,TE,Tight End,Verso L’Alto,nunccoepi
14,1199,PBS,TEOTY,S,Safety,Chase Jensen,dizzyDC
14,900,PHI,WROTY,WR,Wide Receiver,Carter Bush,adam2552
14,1136,POR,WROTY,WR,Wide Receiver,Bona’beri Jones,toivo
15,1123,BAL,BROTY,CB,Cornerback,Arbin Asipi III,DeathOnReddit
15,230,BAL,championship,RB,Running Back,Owen Taylor,manicmav36
15,816,BAL,championship,S,Safety,Blackford Oakes,Beaver
15,888,BAL,championship,DT,Linebacker,Brian Mills,PaytonM34
15,898,BAL,championship,LB,Linebacker,Austin Roenick,Leafer
15,931,BAL,championship,TE,Tight End,Verso L’Alto,nunccoepi
15,932,BAL,championship,WR,Wide Receiver,Howard Miller,dropbear
15,937,BAL,championship,WR,Wide Receiver,Viggo Squanch,Durden
15,943,BAL,championship,LB,Linebacker,Ben Horne,iseedoug
15,948,BAL,championship,QB,Quarterback,Childish Gambino,Renrut
15,960,BAL,championship,TE,Tight End,Declan Harp,OBESE
15,983,BAL,championship,WR,Wide Receiver,Vinny Valentine,Unicorn
15,987,BAL,championship,RB,Running Back,Marquise Brown,YoungTB
15,1007,BAL,championship,CB,Cornerback,Achilles Hondo,HalfEatenOnionBagel
15,1028,BAL,championship,DE,Defensive End,Steven Oats,TheActualSlowpoke
15,1038,BAL,championship,WR,Wide Receiver,Yulic Nagasawa,Vikain
15,1056,BAL,championship,DE,Defensive End,Kwame Abayomi Mbanefo,Rabidsponge21
15,1057,BAL,championship,DT,Defensive Tackle,Jaylin Hobbs,Jayhawk
15,1089,BAL,championship,CB,Cornerback,Axel Hornbacher,PDXBaller
15,1104,BAL,championship,DT,Defensive Tackle,Thomas Clark,CoachEaux
15,1110,BAL,championship,LB,Linebacker,Charlie Trout,iamslm22
15,1122,BAL,championship,WR,Wide Receiver,Errol Maddox,PigSnout
15,1123,BAL,championship,CB,Cornerback,Arbin Asipi III,DeathOnReddit
15,1132,BAL,championship,RB,Running Back,Corey Trevor,StickyRicky
15,1139,BAL,championship,K,Kicker,Alex Frost,39alaska39
15,1150,BAL,championship,DE,Defensive End,Joseph Henry,uncleleo#39;skomrade
15,1233,BAL,championship,S,Safety,Fatih Terim,Eco
15,1273,BAL,championship,S,Safety,Walt Green,Duilio05
15,1123,BAL,DBOTY,CB,Cornerback,Arbin Asipi III,DeathOnReddit
15,1302,NOR,DBOTY,CB,Cornerback,Dermot Lavelle Jr.,White Cornerback
15,1059,SJS,DLOTY,DT,Defensive Tackle,Footballer Sackerman,cpetrella
15,1299,PBS,DLOTY,DE,Defensive End,Chad Maulolo,Graciejj2000
15,1123,BAL,DPOTY,CB,Cornerback,Arbin Asipi III,DeathOnReddit
15,1189,TIJ,DPOTY,LB,Linebacker,Johnny Slothface,slothfacekilla
15,1258,POR,DPOTY,LB,Linebacker,Lanzer Grievous,Rising Equinox
15,1260,COL,DROTY,LB,Linebacker,Mo Berry,Frick_Nasty
15,1305,POR,DROTY,DT,Defensive Tackle,Blake Faux,AlexF
15,212,LVL,HoF,Wide Receiver,Wide Receiver,Alexandre LeClair,Zoone16
15,201,AZ,HoF,Running Back,Running Back,Reg Mackworthy,Esa77
15,200,YKW,HoF,Wide Receiver,Wide Receiver,Josh Garden,Ballerstorm
15,238,NOLA,HoF,Running Back,Wide Receiver,Darren Smallwood,tlk742
15,207,AZ,HoF,Linebacker,Linebacker,Jaylon Lee,youngcricket
15,233,BAL,HoF,Quarterback,Cornerback,Avon Blocksdale,iamslm22
15,1036,PHI,KOTY,K,Kicker,Kulture Fulture,Saliva^
15,1074,PBS,KOTY,K,Kicker,Roderick Castleberry,Avakael
15,1045,YKW,LBOTY,LB,Linebacker,Alex Selich,Tomen
15,1189,TIJ,LBOTY,LB,Linebacker,Johnny Slothface,slothfacekilla
15,1258,POR,LBOTY,LB,Linebacker,Lanzer Grievous,Rising Equinox
15,948,BAL,MVP,QB,Quarterback,Childish Gambino,Renrut
15,1206,TIJ,MVP,RB,Running Back,Forrest Gump,TomHanks
15,1107,COL,OPOTY,WR,Wide Receiver,James Bishop,Bwestfield
15,1190,NOR,OPOTY,S,Safety,Dorfus Jimbo,ScorpXCracker
15,1158,YKW,OROTY,QB,Quarterback,Cooter Bigsby,timeconsumer
15,1308,PBS,OROTY,QB,Quarterback,Easton Cole,JKortesi81
15,948,BAL,PEROTY,QB,Quarterback,Childish Gambino,Renrut
15,1258,POR,PEROTY,LB,Linebacker,Lanzer Grievous,Rising Equinox
15,1036,PHI,POTY,K,Kicker,Kulture Fulture,Saliva^
15,1074,PBS,POTY,K,Kicker,Roderick Castleberry,Avakael
15,965,OCO,Pro Bowl,QB,Cornerback,Gus T.T. Showbiz,Molarpistols
15,1023,SJS,Pro Bowl,QB,Quarterback,Joliet L. Christ,AW13
15,1037,AZ,Pro Bowl,RB,Running Back,Slim Shady,J.G.10
15,1254,OCO,Pro Bowl,RB,Running Back,Apollo Reed,NylarthePhoenix
15,1044,OCO,Pro Bowl,WR,Wide Receiver,Sunnycursed -,ADwyer87
15,927,NOLA,Pro Bowl,WR,Wide Receiver,Vladimir Fyodorovich,majesiu
15,1014,SJS,Pro Bowl,WR,Wide Receiver,Kazimir Oles,Oles
15,1269,AZ,Pro Bowl,WR,Wide Receiver,Brock Landers,gucci
15,1153,NOLA,Pro Bowl,TE,Quarterback,Stan Francisco,JuOSu
15,1148,OCO,Pro Bowl,TE,Tight End,Johnny Blaze,JBLAZE_THE_BOSS
15,1200,AZ,Pro Bowl,TE,Tight End,Jammerson Irving,contacts
15,1076,SJS,Pro Bowl,DE,Defensive End,Ja’brill Tuck,Keyg_an
15,1061,SJS,Pro Bowl,DE,Defensive End,Marc Spector,RedCydranth
15,1087,OCO,Pro Bowl,DT,Defensive Tackle,Thorian Skarsgard,MrStennett
15,1059,SJS,Pro Bowl,DT,Defensive Tackle,Footballer Sackerman,cpetrella
15,1097,AZ,Pro Bowl,LB,Linebacker,Raymond Vans,karl
15,1160,AZ,Pro Bowl,LB,Linebacker,Leighton Lee,youngcricket
15,1143,OCO,Pro Bowl,LB,Linebacker,David Ginsberg,DavidCorperial
15,973,SJS,Pro Bowl,LB,Linebacker,Kolby Deringer,GoonerBear
15,897,OCO,Pro Bowl,DB,,None None,
15,923,OCO,Pro Bowl,DB,Safety,Mason Brown,Toasty
15,1115,NOLA,Pro Bowl,DB,Safety,Jeff Jefferson IV,Whatistheinternet
15,1133,SJS,Pro Bowl,DB,Cornerback,Spencer Castle,AsylumParty
15,1017,OCO,Pro Bowl,DB,Safety,Danny Grithead,Trautner
15,1279,NOLA,Pro Bowl,DB,Cornerback,Deon Taylor,BrewCrew
15,1067,NOLA,Pro Bowl,DB,Safety,Dan Schneider,LGMForever
15,856,AZ,Pro Bowl,P,Kicker,Dean Jackson,run_CMC
15,856,AZ,Pro Bowl,K,Kicker,Dean Jackson,run_CMC
15,1017,OCO,Pro Bowl,KR,Safety,Danny Grithead,Trautner
15,1014,SJS,Pro Bowl,KR,Wide Receiver,Kazimir Oles,Oles
15,948,BAL,Pro Bowl,QB,Quarterback,Childish Gambino,Renrut
15,1003,PHI,Pro Bowl,QB,Quarterback,Adriana Falconi,enigmatic
15,987,BAL,Pro Bowl,RB,Running Back,Marquise Brown,YoungTB
15,1137,PHI,Pro Bowl,RB,Running Back,Vander Jones,Rise of Smitty
15,796,BAL,Pro Bowl,WR,Safety,Vincent Valentine,Unicorn
15,1107,COL,Pro Bowl,WR,Wide Receiver,James Bishop,Bwestfield
15,1122,BAL,Pro Bowl,WR,Wide Receiver,Errol Maddox,PigSnout
15,1001,PHI,Pro Bowl,WR,Wide Receiver,Jordan von Matt,JVMjrDOT
15,931,BAL,Pro Bowl,TE,Tight End,Verso L’Alto,nunccoepi
15,960,BAL,Pro Bowl,TE,Tight End,Declan Harp,OBESE
15,1056,BAL,Pro Bowl,DE,Defensive End,Kwame Abayomi Mbanefo,Rabidsponge21
15,1091,COL,Pro Bowl,DE,Defensive End,Joey Sachs,jsachs
15,1063,PHI,Pro Bowl,DT,Defensive Tackle,Curtis Saul,Evok
15,1041,YKW,Pro Bowl,DT,Defensive Tackle,Will Foster,ztevans
15,1064,PHI,Pro Bowl,LB,Linebacker,K.J. Becker,Kendrick
15,943,BAL,Pro Bowl,LB,Linebacker,Ben Horne,iseedoug
15,1156,YKW,Pro Bowl,LB,Linebacker,"Sandip ""Sandy"" Bakshi",Player1
15,1055,PHI,Pro Bowl,LB,Safety,Lennox Garnett,37thchamber
15,1089,BAL,Pro Bowl,DB,Cornerback,Axel Hornbacher,PDXBaller
15,1145,YKW,Pro Bowl,DB,Cornerback,Johnny Snuggles,manicmav36
15,1123,BAL,Pro Bowl,DB,Cornerback,Arbin Asipi III,DeathOnReddit
15,928,YKW,Pro Bowl,DB,Cornerback,Ryan Applehort,Daybe
15,1055,PHI,Pro Bowl,DB,Safety,Lennox Garnett,37thchamber
15,1036,PHI,Pro Bowl,P,Kicker,Kulture Fulture,Saliva^
15,1036,PHI,Pro Bowl,K,Kicker,Kulture Fulture,Saliva^
15,1055,PHI,Pro Bowl,KR,Safety,Lennox Garnett,37thchamber
15,928,YKW,Pro Bowl,KR,Cornerback,Ryan Applehort,Daybe
15,948,BAL,QBOTY,QB,Quarterback,Childish Gambino,Renrut
15,1308,PBS,QBOTY,QB,Quarterback,Easton Cole,JKortesi81
15,987,BAL,RBOTY,RB,Running Back,Marquise Brown,YoungTB
15,1206,TIJ,RBOTY,RB,Running Back,Forrest Gump,TomHanks
15,1017,OCO,RETOTY,S,Safety,Danny Grithead,Trautner
15,931,BAL,TEOTY,TE,Tight End,Verso L’Alto,nunccoepi
15,1199,PBS,TEOTY,S,Safety,Chase Jensen,dizzyDC
15,1107,COL,WROTY,WR,Wide Receiver,James Bishop,Bwestfield
15,1211,TIJ,WROTY,WR,Wide Receiver,Rod Tidwell,SDCore
16,1290,SJS,BROTY,TE,Tight End,Cameron Olsen,Rradum
16,969,AZ,championship,S,Safety,Bucky Barnes,Moosecop
16,976,AZ,championship,DE,Linebacker,Jesse Marchand,fusion247
16,1005,AZ,championship,RB,Running Back,Seer Zephyrous,7hawk77
16,1021,AZ,championship,DE,Defensive End,Avery Woodham,Wally
16,1034,AZ,championship,QB,Quarterback,Andrew Reese,SwagSloth
16,1037,AZ,championship,RB,Running Back,Slim Shady,J.G.10
16,1047,AZ,championship,WR,Wide Receiver,Harvey Kindle,Radsin
16,1051,AZ,championship,K,Kicker,Spencer Lawes,HollowHead
16,1053,AZ,championship,TE,Defensive End,Steven Moore,maxcrazy
16,1061,AZ,championship,DE,Defensive End,Marc Spector,RedCydranth
16,1073,AZ,championship,DE,Defensive End,Cole Walker,CaptainCup
16,1084,AZ,championship,RB,Running Back,Jeffery Murphy,WALDO
16,1093,AZ,championship,WR,Wide Receiver,Devon Baxter,NCISagent1
16,1097,AZ,championship,LB,Linebacker,Raymond Vans,karl
16,1121,AZ,championship,CB,Cornerback,Hike Mughes,jaskins811
16,1126,AZ,championship,LB,Linebacker,Dick Cheese Jr.,BaseScoutX1
16,1140,AZ,championship,CB,Cornerback,Chris Steele,AzhekAhriman
16,1160,AZ,championship,LB,Linebacker,Leighton Lee,youngcricket
16,1200,AZ,championship,TE,Tight End,Jammerson Irving,contacts
16,1238,AZ,championship,S,Safety,Lamont McKinnie,SouljaBoy2007
16,1264,AZ,championship,CB,Cornerback,Lucas Knight,ven_knight
16,1269,AZ,championship,WR,Wide Receiver,Brock Landers,gucci
16,1272,AZ,championship,S,Safety,Martavius Mack,Pizza-faith
16,1280,AZ,championship,DT,Defensive Tackle,Ricardo Morris,Roly
16,1017,YKW,DBOTY,S,Safety,Danny Grithead,Trautner
16,1358,POR,DBOTY,CB,,None None,
16,1087,OCO,DLOTY,DT,Defensive Tackle,Thorian Skarsgard,MrStennett
16,1340,TIJ,DLOTY,DT,Defensive Tackle,Shane Masters,ShaneM86
16,1097,AZ,DPOTY,LB,Linebacker,Raymond Vans,karl
16,1358,POR,DPOTY,CB,,None None,
16,1258,OCO,DROTY,LB,Linebacker,Lanzer Grievous,Rising Equinox
16,1342,SAN,DROTY,LB,Linebacker,Ronald “The Watt” Watkins,BenDover
16,230,BAL,HoF,Running Back,Running Back,Owen Taylor,manicmav36
16,234,OCO,HoF,Cornerback,Cornerback,Marc Spector,RedCydranth
16,403,OCO,HoF,Linebacker,Defensive End,Angus Winchester,timeconsumer
16,216,BAL,HoF,Kicker,Kicker,Turk Turkleton,Raven
16,210,BAL,HoF,Defensive End,Defensive End,Kurt Hendrix,HENDRIX
16,1036,CHI,KOTY,K,Kicker,Kulture Fulture,Saliva^
16,1372,POR,KOTY,K,Kicker,Kicky Bobby,TickleTim
16,1097,AZ,LBOTY,LB,Linebacker,Raymond Vans,karl
16,1342,SAN,LBOTY,LB,Linebacker,Ronald “The Watt” Watkins,BenDover
16,1017,YKW,MVP,S,Safety,Danny Grithead,Trautner
16,1210,POR,MVP,QB,Quarterback,Franklin Armstrong,moonlight
16,983,OCO,OPOTY,WR,Wide Receiver,Vinny Valentine,Unicorn
16,1320,POR,OPOTY,WR,,None None,
16,1322,CHI,OROTY,RB,Running Back,Sam Torenson,Jonny2x
16,1357,SAN,OROTY,RB,Running Back,Ashley Owens,run_CMC
16,1371,TIJ,OROTY,WR,Wide Receiver,Jordan McCann III,JM62
16,1017,YKW,PEROTY,S,Safety,Danny Grithead,Trautner
16,1210,POR,PEROTY,QB,Quarterback,Franklin Armstrong,moonlight
16,1036,CHI,POTY,K,Kicker,Kulture Fulture,Saliva^
16,1151,KCC,POTY,K,Kicker,Žak Korošec,princekyle
16,965,OCO,Pro Bowl,QB,Cornerback,Gus T.T. Showbiz,Molarpistols
16,1023,SJS,Pro Bowl,QB,Quarterback,Joliet L. Christ,AW13
16,1088,AUS,Pro Bowl,RB,Defensive Tackle,Dick Wizardry,AdamS
16,1206,NOLA,Pro Bowl,RB,Running Back,Forrest Gump,TomHanks
16,1044,OCO,Pro Bowl,WR,Wide Receiver,Sunnycursed -,ADwyer87
16,927,NOLA,Pro Bowl,WR,Wide Receiver,Vladimir Fyodorovich,majesiu
16,983,OCO,Pro Bowl,WR,Wide Receiver,Vinny Valentine,Unicorn
16,1269,OCO,Pro Bowl,WR,Wide Receiver,Brock Landers,gucci
16,1290,SJS,Pro Bowl,TE,Tight End,Cameron Olsen,Rradum
16,1148,OCO,Pro Bowl,TE,Tight End,Johnny Blaze,JBLAZE_THE_BOSS
16,1141,NOLA,Pro Bowl,OFLEX,Safety,Tyler Swift,Bayley
16,1100,SJS,Pro Bowl,DL,Defensive Tackle,Freezer Riposte,Mavfatha
16,1061,AZ,Pro Bowl,DL,Defensive End,Marc Spector,RedCydranth
16,1087,OCO,Pro Bowl,DL,Defensive Tackle,Thorian Skarsgard,MrStennett
16,1280,AZ,Pro Bowl,DL,Defensive Tackle,Ricardo Morris,Roly
16,1008,NOLA,Pro Bowl,DL,Defensive End,Lo Rax,Phobospwns
16,1097,AZ,Pro Bowl,LB,Linebacker,Raymond Vans,karl
16,1258,OCO,Pro Bowl,LB,Linebacker,Lanzer Grievous,Rising Equinox
16,973,SJS,Pro Bowl,LB,Linebacker,Kolby Deringer,GoonerBear
16,947,OCO,Pro Bowl,DB,Safety,William H. Harrison,Mongoose87
16,1115,NOLA,Pro Bowl,DB,Safety,Jeff Jefferson IV,Whatistheinternet
16,1133,AUS,Pro Bowl,DB,Cornerback,Spencer Castle,AsylumParty
16,1272,AZ,Pro Bowl,DB,Safety,Martavius Mack,Pizza-faith
16,1279,NOLA,Pro Bowl,DB,Cornerback,Deon Taylor,BrewCrew
16,923,OCO,Pro Bowl,DB,Safety,Mason Brown,Toasty
16,1051,AZ,Pro Bowl,P,Kicker,Spencer Lawes,HollowHead
16,1184,OCO,Pro Bowl,K,Kicker,Alex Dasistwirklichseinnachname,BigKicks
16,927,NOLA,Pro Bowl,KR,Wide Receiver,Vladimir Fyodorovich,majesiu
16,1044,OCO,Pro Bowl,KR,Wide Receiver,Sunnycursed -,ADwyer87
16,1003,PHI,Pro Bowl,QB,Quarterback,Adriana Falconi,enigmatic
16,1158,YKW,Pro Bowl,QB,Quarterback,Cooter Bigsby,timeconsumer
16,987,BAL,Pro Bowl,RB,Running Back,Marquise Brown,YoungTB
16,1322,CHI,Pro Bowl,RB,Running Back,Sam Torenson,Jonny2x
16,1131,YKW,Pro Bowl,WR,Wide Receiver,Nate Swift,Bigred1580
16,1014,CHI,Pro Bowl,WR,Wide Receiver,Kazimir Oles,Oles
16,1122,BAL,Pro Bowl,WR,Wide Receiver,Errol Maddox,PigSnout
16,1001,PHI,Pro Bowl,WR,Wide Receiver,Jordan von Matt,JVMjrDOT
16,970,PHI,Pro Bowl,TE,Tight End,Zapp Brannigan,pazuzu
16,960,CHI,Pro Bowl,TE,Tight End,Declan Harp,OBESE
16,1137,PHI,Pro Bowl,OFLEX,Running Back,Vander Jones,Rise of Smitty
16,995,CHI,Pro Bowl,DL,Defensive End,D’Pez Poopsie,Muford
16,1175,YKW,Pro Bowl,DL,Defensive Tackle,Nero Alexander,shadyshoelace
16,1114,PHI,Pro Bowl,DL,Defensive End,Luke Smyles,Symmetrik
16,1028,BAL,Pro Bowl,DL,Defensive End,Steven Oats,TheActualSlowpoke
16,1045,YKW,Pro Bowl,LB,Linebacker,Alex Selich,Tomen
16,943,BAL,Pro Bowl,LB,Linebacker,Ben Horne,iseedoug
16,1260,COL,Pro Bowl,LB,Linebacker,Mo Berry,Frick_Nasty
16,1232,PHI,Pro Bowl,DB,Cornerback,Emondov Emoji,BWIII
16,1145,YKW,Pro Bowl,DB,Cornerback,Johnny Snuggles,manicmav36
16,1017,YKW,Pro Bowl,DB,Safety,Danny Grithead,Trautner
16,1218,PHI,Pro Bowl,DB,Safety,Richard D’Attoria V,124715
16,1089,BAL,Pro Bowl,DFLEX,Cornerback,Axel Hornbacher,PDXBaller
16,1036,CHI,Pro Bowl,P,Kicker,Kulture Fulture,Saliva^
16,1036,CHI,Pro Bowl,K,Kicker,Kulture Fulture,Saliva^
16,1055,PHI,Pro Bowl,KR,Safety,Lennox Garnett,37thchamber
16,1145,YKW,Pro Bowl,KR,Cornerback,Johnny Snuggles,manicmav36
16,965,OCO,QBOTY,QB,Cornerback,Gus T.T. Showbiz,Molarpistols
16,1210,POR,QBOTY,QB,Quarterback,Franklin Armstrong,moonlight
16,1322,CHI,RBOTY,RB,Running Back,Sam Torenson,Jonny2x
16,1357,SAN,RBOTY,RB,Running Back,Ashley Owens,run_CMC
16,1373,TIJ,RBOTY,RB,Running Back,Ducky Donut,idkman
16,1055,PHI,RETOTY,S,Safety,Lennox Garnett,37thchamber
16,1148,OCO,TEOTY,TE,Tight End,Johnny Blaze,JBLAZE_THE_BOSS
16,1188,SAN,TEOTY,TE,Tight End,Timmy Hoss,smaxx77
16,983,OCO,WROTY,WR,Wide Receiver,Vinny Valentine,Unicorn
16,1320,POR,WROTY,WR,,None None,
17,1282,COL,BROTY,CB,Cornerback,Quentin Sinclair,MaxGnarland
17,965,OCO,championship,CB,Cornerback,Gus T.T. Showbiz,Molarpistols
17,1012,OCO,championship,S,Safety,Shannon Hobbs,evryday
17,1035,OCO,championship,TE,Tight End,Adrian Pitcher,AngelTwelve
17,1038,OCO,championship,WR,Wide Receiver,Yulic Nagasawa,Vikain
17,1039,OCO,championship,WR,Wide Receiver,Thjalfi Halvorsen,tez
17,1044,OCO,championship,WR,Wide Receiver,Sunnycursed -,ADwyer87
17,1049,OCO,championship,CB,Cornerback,Jonathan Rice,ml002
17,1056,OCO,championship,DE,Defensive End,Kwame Abayomi Mbanefo,Rabidsponge21
17,1060,OCO,championship,CB,Cornerback,Gordon Ramsey Jr.,LattimoreIsland
17,1067,OCO,championship,S,Safety,Dan Schneider,LGMForever
17,1087,OCO,championship,DT,Defensive Tackle,Thorian Skarsgard,MrStennett
17,1095,OCO,championship,DE,Defensive End,Tommy Salami,TommySalami
17,1132,OCO,championship,RB,Running Back,Corey Trevor,StickyRicky
17,1143,OCO,championship,LB,Linebacker,David Ginsberg,DavidCorperial
17,1148,OCO,championship,TE,Tight End,Johnny Blaze,JBLAZE_THE_BOSS
17,1184,OCO,championship,K,Kicker,Alex Dasistwirklichseinnachname,BigKicks
17,1210,OCO,championship,QB,Quarterback,Franklin Armstrong,moonlight
17,1254,OCO,championship,RB,Running Back,Apollo Reed,NylarthePhoenix
17,1258,OCO,championship,LB,Linebacker,Lanzer Grievous,Rising Equinox
17,1276,OCO,championship,DT,Cornerback,AJ Lattimer,TeyonSchavari
17,1320,OCO,championship,WR,,None None,
17,1067,OCO,DBOTY,S,Safety,Dan Schneider,LGMForever
17,1376,SAN,DBOTY,CB,Cornerback,Louisiana Purchase,Modern_Duke
17,1175,YKW,DLOTY,DE,Defensive Tackle,Nero Alexander,shadyshoelace
17,1383,SAN,DLOTY,DE,Defensive End,Mike Franchet,DeadlyPlayer
17,1017,YKW,DPOTY,S,Safety,Danny Grithead,Trautner
17,1376,SAN,DPOTY,CB,Cornerback,Louisiana Purchase,Modern_Duke
17,1346,PHI,DROTY,CB,Cornerback,Julian McMorris,TubbyTim69
17,1477,NOR,DROTY,LB,Linebacker,Marlo Smart,BroicSilence
17,227,YKW,HoF,Cornerback,Cornerback,Dermot Lavelle,White Cornerback
17,232,PHI,HoF,Tight End,Tight End,Paul DiMirio,124715
17,242,NOLA,HoF,Linebacker,Linebacker,Julian O'Sullivan,JuOSu
17,1036,CHI,KOTY,K,Kicker,Kulture Fulture,Saliva^
17,1399,PBS,KOTY,K,Kicker,Baxter Frost,Frostbite
17,1097,AZ,LBOTY,LB,Linebacker,Raymond Vans,karl
17,1477,NOR,LBOTY,LB,Linebacker,Marlo Smart,BroicSilence
17,1166,BAL,MVP,QB,Quarterback,Corvo Havran,Raven
17,1433,POR,MVP,OL,Offensive Lineman,Jay Cue,Opera_Phantom
17,1244,TIJ,OLOTY,DE,Defensive End,Brave Ulysses,PaytonM34
17,1023,SJS,OPOTY,QB,Quarterback,Joliet L. Christ,AW13
17,1483,SAN,OPOTY,RB,Running Back,Ruff Ruff,Shadowz
17,1357,AUS,OROTY,RB,Running Back,Ashley Owens,run_CMC
17,1402,NOR,OROTY,RB,Running Back,Marcella Tōriki,bex
17,1282,COL,PEROTY,CB,Cornerback,Quentin Sinclair,MaxGnarland
17,1402,NOR,PEROTY,RB,Running Back,Marcella Tōriki,bex
17,1184,OCO,POTY,K,Kicker,Alex Dasistwirklichseinnachname,BigKicks
17,1385,KCC,POTY,K,Kicker,Lucky Dickerson,Alienf00d
17,1034,AZ,Pro Bowl,QB,Quarterback,Andrew Reese,SwagSloth
17,1023,SJS,Pro Bowl,QB,Quarterback,Joliet L. Christ,AW13
17,1254,OCO,Pro Bowl,RB,Running Back,Apollo Reed,NylarthePhoenix
17,1206,NOLA,Pro Bowl,RB,Running Back,Forrest Gump,TomHanks
17,983,AZ,Pro Bowl,WR,Wide Receiver,Vinny Valentine,Unicorn
17,966,SJS,Pro Bowl,WR,Wide Receiver,Xavier Flash,Leafs4ever
17,927,NOLA,Pro Bowl,WR,Wide Receiver,Vladimir Fyodorovich,majesiu
17,1081,AUS,Pro Bowl,WR,Wide Receiver,Django Anoa’i,tlk742
17,1290,SJS,Pro Bowl,TE,Tight End,Cameron Olsen,Rradum
17,1200,AZ,Pro Bowl,TE,Tight End,Jammerson Irving,contacts
17,1148,OCO,Pro Bowl,Flex,Tight End,Johnny Blaze,JBLAZE_THE_BOSS
17,1112,AUS,Pro Bowl,DL,Defensive End,Grayson Kuusela,WannabeFinn
17,1087,AZ,Pro Bowl,DL,Defensive Tackle,Thorian Skarsgard,MrStennett
17,1061,SJS,Pro Bowl,DL,Defensive End,Marc Spector,RedCydranth
17,1100,SJS,Pro Bowl,DL,Defensive Tackle,Freezer Riposte,Mavfatha
17,1097,AZ,Pro Bowl,LB,Linebacker,Raymond Vans,karl
17,1189,NOLA,Pro Bowl,LB,Linebacker,Johnny Slothface,slothfacekilla
17,955,SJS,Pro Bowl,LB,Linebacker,Chad Pennington,caltroit_red_flames
17,965,OCO,Pro Bowl,CB,Cornerback,Gus T.T. Showbiz,Molarpistols
17,1121,AZ,Pro Bowl,CB,Cornerback,Hike Mughes,jaskins811
17,1067,OCO,Pro Bowl,S,Safety,Dan Schneider,LGMForever
17,1012,OCO,Pro Bowl,S,Safety,Shannon Hobbs,evryday
17,947,NOLA,Pro Bowl,DB,Safety,William H. Harrison,Mongoose87
17,1350,NOLA,Pro Bowl,DB,Cornerback,Jordan Andrews,RaiderNation
17,1143,OCO,Pro Bowl,Flex,Linebacker,David Ginsberg,DavidCorperial
17,1184,OCO,Pro Bowl,P,Kicker,Alex Dasistwirklichseinnachname,BigKicks
17,1154,AUS,Pro Bowl,K,Kicker,"Alfredo ""Thighmaster"" Crisco",Ryan0413
17,983,AZ,Pro Bowl,KR,Wide Receiver,Vinny Valentine,Unicorn
17,1302,AUS,Pro Bowl,KR,Cornerback,Dermot Lavelle Jr.,White Cornerback
17,1166,BAL,Pro Bowl,QB,Quarterback,Corvo Havran,Raven
17,1158,YKW,Pro Bowl,QB,Quarterback,Cooter Bigsby,timeconsumer
17,1322,CHI,Pro Bowl,RB,Running Back,Sam Torenson,Jonny2x
17,1190,BAL,Pro Bowl,RB,Safety,Dorfus Jimbo,ScorpXCracker
17,1044,BAL,Pro Bowl,WR,Wide Receiver,Sunnycursed -,ADwyer87
17,1131,YKW,Pro Bowl,WR,Wide Receiver,Nate Swift,Bigred1580
17,1122,BAL,Pro Bowl,WR,Wide Receiver,Errol Maddox,PigSnout
17,931,BAL,Pro Bowl,TE,Tight End,Verso L’Alto,nunccoepi
17,960,CHI,Pro Bowl,TE,Tight End,Declan Harp,OBESE
17,1062,YKW,Pro Bowl,OFLEX,Running Back,Jerrod Canton,Sweetwater
17,1209,YKW,Pro Bowl,DL,Running Back,Ryan Leaf Jr,ValorX77
17,1175,YKW,Pro Bowl,DL,Defensive Tackle,Nero Alexander,shadyshoelace
17,1114,YKW,Pro Bowl,DL,Defensive End,Luke Smyles,Symmetrik
17,1267,PHI,Pro Bowl,DL,Linebacker,Rock Hardshaft,Rouchicus
17,1260,COL,Pro Bowl,LB,Linebacker,Mo Berry,Frick_Nasty
17,1045,YKW,Pro Bowl,LB,Linebacker,Alex Selich,Tomen
17,1169,YKW,Pro Bowl,LB,Linebacker,Gekyume Stokeley,soryantyler
17,1256,CHI,Pro Bowl,CB,Cornerback,Xerxes Ridley,plantane
17,1282,COL,Pro Bowl,CB,Cornerback,Quentin Sinclair,MaxGnarland
17,1055,PHI,Pro Bowl,S,Safety,Lennox Garnett,37thchamber
17,1315,YKW,Pro Bowl,S,Linebacker,Jaylen Storm,Daybe
17,1186,CHI,Pro Bowl,DB,Safety,Lightsout Lewis,flyeaglesfly29
17,1346,PHI,Pro Bowl,DB,Cornerback,Julian McMorris,TubbyTim69
17,1017,YKW,Pro Bowl,DFLEX,Safety,Danny Grithead,Trautner
17,1366,COL,Pro Bowl,P,Kicker,Joshua Jones II,Gambit
17,1036,CHI,Pro Bowl,K,Kicker,Kulture Fulture,Saliva^
17,1083,COL,Pro Bowl,KR,Safety,Logan Lejune,PSanchez55
17,1145,YKW,Pro Bowl,KR,Cornerback,Johnny Snuggles,manicmav36
17,1166,BAL,QBOTY,QB,Quarterback,Corvo Havran,Raven
17,1433,POR,QBOTY,OL,Offensive Lineman,Jay Cue,Opera_Phantom
17,1322,CHI,RBOTY,RB,Running Back,Sam Torenson,Jonny2x
17,1483,SAN,RBOTY,RB,Running Back,Ruff Ruff,Shadowz
17,983,AZ,RETOTY,WR,Wide Receiver,Vinny Valentine,Unicorn
17,1290,SJS,TEOTY,TE,Tight End,Cameron Olsen,Rradum
17,1429,SAN,TEOTY,DE,Defensive End,Steco Ocewilder,soppychico
17,983,AZ,WROTY,WR,Wide Receiver,Vinny Valentine,Unicorn
17,1375,KCC,WROTY,QB,Quarterback,Dexter Banks II,TropicaliaCC
18,1308,AUS,BROTY,QB,Quarterback,Easton Cole,JKortesi81
18,965,OCO,championship,CB,Cornerback,Gus T.T. Showbiz,Molarpistols
18,1035,OCO,championship,TE,Tight End,Adrian Pitcher,AngelTwelve
18,1038,OCO,championship,WR,Wide Receiver,Yulic Nagasawa,Vikain
18,1056,OCO,championship,DE,Defensive End,Kwame Abayomi Mbanefo,Rabidsponge21
18,1067,OCO,championship,S,Safety,Dan Schneider,LGMForever
18,1087,OCO,championship,DT,Defensive Tackle,Thorian Skarsgard,MrStennett
18,1095,OCO,championship,DE,Defensive End,Tommy Salami,TommySalami
18,1143,OCO,championship,DE,Linebacker,David Ginsberg,DavidCorperial
18,1148,OCO,championship,TE,Tight End,Johnny Blaze,JBLAZE_THE_BOSS
18,1184,OCO,championship,K,Kicker,Alex Dasistwirklichseinnachname,BigKicks
18,1210,OCO,championship,QB,Quarterback,Franklin Armstrong,moonlight
18,1254,OCO,championship,RB,Running Back,Apollo Reed,NylarthePhoenix
18,1258,OCO,championship,LB,Linebacker,Lanzer Grievous,Rising Equinox
18,1276,OCO,championship,CB,Cornerback,AJ Lattimer,TeyonSchavari
18,1315,OCO,championship,S,Linebacker,Jaylen Storm,Daybe
18,1320,OCO,championship,WR,,None None,
18,1375,OCO,championship,WR,Quarterback,Dexter Banks II,TropicaliaCC
18,1394,OCO,championship,RB,Running Back,Charles Allan,Wally
18,1430,OCO,championship,S,Safety,Tyrone Biggums,Revolution5
18,1439,OCO,championship,CB,Cornerback,Korrin Abernathy,.Laser
18,1199,AUS,DBOTY,S,Safety,Chase Jensen,dizzyDC
18,1497,POR,DBOTY,OL,Offensive Lineman,Lord Beerus,scorycory
18,1339,COL,DLOTY,DT,Defensive Tackle,Bubba Thumper,woelkers
18,1383,SAN,DLOTY,DE,Defensive End,Mike Franchet,DeadlyPlayer
18,1199,AUS,DPOTY,S,Safety,Chase Jensen,dizzyDC
18,1497,POR,DPOTY,OL,Offensive Lineman,Lord Beerus,scorycory
18,1478,COL,DROTY,S,Safety,Pete Parker,jsteele14
18,1505,NOR,DROTY,LB,Linebacker,Jeremiah Legend,azimuthal-swift
18,1514,KCC,DROTY,S,Safety,Mason Blaylock,Jay_Doctor
18,750,BAL,HoF,Wide Receiver,Wide Receiver,Trey Willie,ItsJustBarry
18,816,NOLA,HoF,Safety,Safety,Blackford Oakes,Beaver
18,241,SJS,HoF,Cornerback,Cornerback,Benson Bayley,Bayley
18,1036,CHI,KOTY,K,Kicker,Kulture Fulture,Saliva^
18,1521,SAN,KOTY,K,Kicker,Herbert Prohaska,StevenOSullivan
18,1496,TIJ,KOTY,K,Kicker,Jordan Jackson,LiathTheSquirrel
18,1260,COL,LBOTY,LB,Linebacker,Mo Berry,Frick_Nasty
18,1477,NOR,LBOTY,LB,Linebacker,Marlo Smart,BroicSilence
18,1158,YKW,MVP,QB,Quarterback,Cooter Bigsby,timeconsumer
18,1470,TIJ,MVP,RB,Running Back,Fuzzy Dotson,goodfortunecoffee
18,1433,POR,MVP,OL,Offensive Lineman,Jay Cue,Opera_Phantom
18,1231,AUS,OLOTY,OL,Offensive Lineman,Edmond Beaver-Dantes,Beaver
18,1297,TIJ,OLOTY,DE,Defensive End,Ben Tu’inukuafe,Ben
18,1206,NOLA,OPOTY,RB,Running Back,Forrest Gump,TomHanks
18,1453,KCC,OPOTY,RB,Running Back,Orien Drake,Rublic
18,1402,SJS,OROTY,RB,Running Back,Marcella Tōriki,bex
18,1501,MBB,OROTY,WR,Wide Receiver,Sweet James-Jones,SweetJamesJones
18,1206,NOLA,PEROTY,RB,Running Back,Forrest Gump,TomHanks
18,1453,KCC,PEROTY,RB,Running Back,Orien Drake,Rublic
18,1372,SJS,POTY,K,Kicker,Kicky Bobby,TickleTim
18,1496,TIJ,POTY,K,Kicker,Jordan Jackson,LiathTheSquirrel
18,1166,BAL,Pro Bowl,QB,Quarterback,Corvo Havran,Raven
18,1158,YKW,Pro Bowl,QB,Quarterback,Cooter Bigsby,timeconsumer
18,1322,CHI,Pro Bowl,RB,Running Back,Sam Torenson,Jonny2x
18,1246,YKW,Pro Bowl,RB,Running Back,Morgan Marshall,Baron1898
18,931,BAL,Pro Bowl,TE,Tight End,Verso L’Alto,nunccoepi
18,960,CHI,Pro Bowl,TE,Tight End,Declan Harp,OBESE
18,1044,BAL,Pro Bowl,WR,Wide Receiver,Sunnycursed -,ADwyer87
18,1122,BAL,Pro Bowl,WR,Wide Receiver,Errol Maddox,PigSnout
18,1131,YKW,Pro Bowl,WR,Wide Receiver,Nate Swift,Bigred1580
18,1224,PHI,Pro Bowl,WR,Wide Receiver,Nacho Varga,Fordhammer
18,1062,YKW,Pro Bowl,OFLEX,Running Back,Jerrod Canton,Sweetwater
18,1232,PHI,Pro Bowl,CB,Cornerback,Emondov Emoji,BWIII
18,1282,COL,Pro Bowl,CB,Cornerback,Quentin Sinclair,MaxGnarland
18,1273,BAL,Pro Bowl,S,Safety,Walt Green,Duilio05
18,1218,PHI,Pro Bowl,S,Safety,Richard D’Attoria V,124715
18,1186,YKW,Pro Bowl,DB,Safety,Lightsout Lewis,flyeaglesfly29
18,1017,YKW,Pro Bowl,DB,Safety,Danny Grithead,Trautner
18,1260,COL,Pro Bowl,LB,Linebacker,Mo Berry,Frick_Nasty
18,943,BAL,Pro Bowl,LB,Linebacker,Ben Horne,iseedoug
18,1255,BAL,Pro Bowl,LB,Cornerback,Marquees Acho,Huskies311
18,1209,YKW,Pro Bowl,DL,Running Back,Ryan Leaf Jr,ValorX77
18,1339,COL,Pro Bowl,DL,Defensive Tackle,Bubba Thumper,woelkers
18,1175,YKW,Pro Bowl,DL,Defensive Tackle,Nero Alexander,shadyshoelace
18,995,BAL,Pro Bowl,DL,Defensive End,D’Pez Poopsie,Muford
18,1478,COL,Pro Bowl,DFLEX,Safety,Pete Parker,jsteele14
18,1036,CHI,Pro Bowl,K,Kicker,Kulture Fulture,Saliva^
18,1036,CHI,Pro Bowl,P,Kicker,Kulture Fulture,Saliva^
18,1083,COL,Pro Bowl,ST,Safety,Logan Lejune,PSanchez55
18,1044,BAL,Pro Bowl,ST,Wide Receiver,Sunnycursed -,ADwyer87
18,1308,AUS,Pro Bowl,QB,Quarterback,Easton Cole,JKortesi81
18,1034,AZ,Pro Bowl,QB,Quarterback,Andrew Reese,SwagSloth
18,1037,AZ,Pro Bowl,RB,Running Back,Slim Shady,J.G.10
18,1206,NOLA,Pro Bowl,RB,Running Back,Forrest Gump,TomHanks
18,1290,SJS,Pro Bowl,TE,Tight End,Cameron Olsen,Rradum
18,1148,OCO,Pro Bowl,TE,Tight End,Johnny Blaze,JBLAZE_THE_BOSS
18,983,AZ,Pro Bowl,WR,Wide Receiver,Vinny Valentine,Unicorn
18,1211,AUS,Pro Bowl,WR,Wide Receiver,Rod Tidwell,SDCore
18,1014,AZ,Pro Bowl,WR,Wide Receiver,Kazimir Oles,Oles
18,1136,NOLA,Pro Bowl,WR,Wide Receiver,Bona’beri Jones,toivo
18,1357,AUS,Pro Bowl,OFLEX,Running Back,Ashley Owens,run_CMC
18,1279,NOLA,Pro Bowl,CB,Cornerback,Deon Taylor,BrewCrew
18,1199,AUS,Pro Bowl,S,Safety,Chase Jensen,dizzyDC
18,1238,AZ,Pro Bowl,S,Safety,Lamont McKinnie,SouljaBoy2007
18,1067,OCO,Pro Bowl,DB,Safety,Dan Schneider,LGMForever
18,1442,SJS,Pro Bowl,DB,Safety,Oswald Grimnir,Zeegee
18,1097,AZ,Pro Bowl,LB,Linebacker,Raymond Vans,karl
18,1258,OCO,Pro Bowl,LB,Linebacker,Lanzer Grievous,Rising Equinox
18,973,SJS,Pro Bowl,LB,Linebacker,Kolby Deringer,GoonerBear
18,1112,AUS,Pro Bowl,DL,Defensive End,Grayson Kuusela,WannabeFinn
18,1087,OCO,Pro Bowl,DL,Defensive Tackle,Thorian Skarsgard,MrStennett
18,1088,AUS,Pro Bowl,DL,Defensive Tackle,Dick Wizardry,AdamS
18,1143,OCO,Pro Bowl,DL,Linebacker,David Ginsberg,DavidCorperial
18,1201,NOLA,Pro Bowl,DFLEX,Linebacker,Quenton Bode,terriblehippo
18,1184,OCO,Pro Bowl,K,Kicker,Alex Dasistwirklichseinnachname,BigKicks
18,1372,SJS,Pro Bowl,P,Kicker,Kicky Bobby,TickleTim
18,1014,AZ,Pro Bowl,ST,Wide Receiver,Kazimir Oles,Oles
18,1302,AUS,Pro Bowl,ST,Cornerback,Dermot Lavelle Jr.,White Cornerback
18,1276,OCO,Pro Bowl,CB,Cornerback,AJ Lattimer,TeyonSchavari
18,1034,AZ,QBOTY,QB,Quarterback,Andrew Reese,SwagSloth
18,1166,BAL,QBOTY,QB,Quarterback,Corvo Havran,Raven
18,1433,POR,QBOTY,OL,Offensive Lineman,Jay Cue,Opera_Phantom
18,1206,NOLA,RBOTY,RB,Running Back,Forrest Gump,TomHanks
18,1453,KCC,RBOTY,RB,Running Back,Orien Drake,Rublic
18,1148,OCO,TEOTY,TE,Tight End,Johnny Blaze,JBLAZE_THE_BOSS
18,1405,TIJ,TEOTY,TE,Tight End,Earl Sauce,FleshBagSoup
18,983,AZ,WROTY,WR,Wide Receiver,Vinny Valentine,Unicorn
18,1501,MBB,WROTY,WR,Wide Receiver,Sweet James-Jones,SweetJamesJones
19,1207,BAL,BROTY,RB,Running Back,Ludicolo Bigby,TheWoZy
19,1014,OCO,championship,WR,Wide Receiver,Kazimir Oles,Oles
19,1035,OCO,championship,TE,Tight End,Adrian Pitcher,AngelTwelve
19,1037,OCO,championship,RB,Running Back,Slim Shady,J.G.10
19,1038,OCO,championship,WR,Wide Receiver,Yulic Nagasawa,Vikain
19,1056,OCO,championship,DE,Defensive End,Kwame Abayomi Mbanefo,Rabidsponge21
19,1067,OCO,championship,S,Safety,Dan Schneider,LGMForever
19,1087,OCO,championship,DT,Defensive Tackle,Thorian Skarsgard,MrStennett
19,1143,OCO,championship,DE,Linebacker,David Ginsberg,DavidCorperial
19,1148,OCO,championship,TE,Tight End,Johnny Blaze,JBLAZE_THE_BOSS
19,1184,OCO,championship,K,Kicker,Alex Dasistwirklichseinnachname,BigKicks
19,1210,OCO,championship,QB,Quarterback,Franklin Armstrong,moonlight
19,1254,OCO,championship,RB,Running Back,Apollo Reed,NylarthePhoenix
19,1258,OCO,championship,LB,Linebacker,Lanzer Grievous,Rising Equinox
19,1276,OCO,championship,CB,Cornerback,AJ Lattimer,TeyonSchavari
19,1315,OCO,championship,S,Linebacker,Jaylen Storm,Daybe
19,1320,OCO,championship,WR,,None None,
19,1356,OCO,championship,DE,Defensive End,Max Lovote,mcgriddleluver
19,1375,OCO,championship,WR,Quarterback,Dexter Banks II,TropicaliaCC
19,1430,OCO,championship,S,Safety,Tyrone Biggums,Revolution5
19,1439,OCO,championship,CB,Cornerback,Korrin Abernathy,.Laser
19,1495,OCO,championship,S,Defensive End,Gary Lazer-Eyes,Sweetwater
19,1218,PHI,DBOTY,S,Safety,Richard D’Attoria V,124715
19,1497,MBB,DBOTY,OL,Offensive Lineman,Lord Beerus,scorycory
19,1112,AUS,DLOTY,DE,Defensive End,Grayson Kuusela,WannabeFinn
19,257,TIJ,DLOTY,DE,Defensive End,Kyle Idlewyld,Kyle
19,1218,PHI,DPOTY,S,Safety,Richard D’Attoria V,124715
19,1497,MBB,DPOTY,OL,Offensive Lineman,Lord Beerus,scorycory
19,1507,NOLA,DROTY,DE,Linebacker,Mack Arianlacher,LordMacharius
19,1546,POR,DROTY,LB,Linebacker,Galf Wilf,Moosecop
19,828,COL,HoF,Cornerback,Cornerback,Andre Bly Jr.,sapp2013
19,856,AZ,HoF,Kicker,Kicker,Dean Jackson,run_CMC
19,860,OCO,HoF,Wide Receiver,Wide Receiver,Carlito Crush,JKortesi81
19,895,COL,HoF,Kicker,Quarterback,Micycle McCormick,infinitempg
19,948,BAL,HoF,Quarterback,Quarterback,Childish Gambino,Renrut
19,1184,OCO,KOTY,K,Kicker,Alex Dasistwirklichseinnachname,BigKicks
19,1496,TIJ,KOTY,K,Kicker,Jordan Jackson,LiathTheSquirrel
19,1258,OCO,LBOTY,LB,Linebacker,Lanzer Grievous,Rising Equinox
19,1489,POR,LBOTY,WR,Wide Receiver,Willie B. Hardagain,Toasty
19,1210,OCO,MVP,QB,Quarterback,Franklin Armstrong,moonlight
19,1497,MBB,MVP,OL,Offensive Lineman,Lord Beerus,scorycory
19,1244,NOLA,OLOTY,OL,Defensive End,Brave Ulysses,PaytonM34
19,1482,MIN,OLOTY,OL,Offensive Lineman,Samuel Bakhtiari,lamp_wizard
19,1207,BAL,OPOTY,RB,Running Back,Ludicolo Bigby,TheWoZy
19,1433,POR,OPOTY,OL,Offensive Lineman,Jay Cue,Opera_Phantom
19,1483,AZ,OROTY,RB,Running Back,Ruff Ruff,Shadowz
19,1551,MIN,OROTY,RB,Running Back,Darrel Williams,Ry_
19,1218,PHI,PEROTY,S,Safety,Richard D’Attoria V,124715
19,1313,COL,PEROTY,QB,Quarterback,Wolfie McDummy,infinitempg
19,1433,POR,PEROTY,OL,Offensive Lineman,Jay Cue,Opera_Phantom
19,1399,PHI,POTY,K,Kicker,Baxter Frost,Frostbite
19,1092,YKW,POTY,K,Kicker,Neo Donaldson,Mack
19,1540,MIN,POTY,K,Kicker,Silver Banana,golden_apricot
19,1166,BAL,Pro Bowl,QB,Quarterback,Corvo Havran,Raven
19,1158,YKW,Pro Bowl,QB,Quarterback,Cooter Bigsby,timeconsumer
19,1207,BAL,Pro Bowl,RB,Running Back,Ludicolo Bigby,TheWoZy
19,1322,PHI,Pro Bowl,RB,Running Back,Sam Torenson,Jonny2x
19,1405,BAL,Pro Bowl,TE,Tight End,Earl Sauce,FleshBagSoup
19,960,CHI,Pro Bowl,TE,Tight End,Declan Harp,OBESE
19,1122,BAL,Pro Bowl,WR,Wide Receiver,Errol Maddox,PigSnout
19,1131,YKW,Pro Bowl,WR,Wide Receiver,Nate Swift,Bigred1580
19,1044,YKW,Pro Bowl,WR,Wide Receiver,Sunnycursed -,ADwyer87
19,1107,COL,Pro Bowl,WR,Wide Receiver,James Bishop,Bwestfield
19,1357,COL,Pro Bowl,OFLEX,Running Back,Ashley Owens,run_CMC
19,1358,YKW,Pro Bowl,CB,,None None,
19,1123,BAL,Pro Bowl,CB,Cornerback,Arbin Asipi III,DeathOnReddit
19,1218,PHI,Pro Bowl,S,Safety,Richard D’Attoria V,124715
19,1017,YKW,Pro Bowl,DB,Safety,Danny Grithead,Trautner
19,1055,PHI,Pro Bowl,DB,Safety,Lennox Garnett,37thchamber
19,1260,COL,Pro Bowl,LB,Linebacker,Mo Berry,Frick_Nasty
19,1342,CHI,Pro Bowl,LB,Linebacker,Ronald “The Watt” Watkins,BenDover
19,1462,PHI,Pro Bowl,LB,Linebacker,Thudd Kassel,Dylandeluxe
19,1468,BAL,Pro Bowl,DL,Defensive End,Fabricio Baldari,Sermokala
19,1454,YKW,Pro Bowl,DL,Offensive Lineman,Maurice Virtanen,Murtsi
19,995,BAL,Pro Bowl,DL,Defensive End,D’Pez Poopsie,Muford
19,1339,COL,Pro Bowl,DL,Defensive Tackle,Bubba Thumper,woelkers
19,1273,BAL,Pro Bowl,DFLEX,Safety,Walt Green,Duilio05
19,1036,CHI,Pro Bowl,K,Kicker,Kulture Fulture,Saliva^
19,1092,YKW,Pro Bowl,P,Kicker,Neo Donaldson,Mack
19,1122,BAL,Pro Bowl,ST,Wide Receiver,Errol Maddox,PigSnout
19,1232,PHI,Pro Bowl,ST,Cornerback,Emondov Emoji,BWIII
19,1210,OCO,Pro Bowl,QB,Quarterback,Franklin Armstrong,moonlight
19,1034,AZ,Pro Bowl,QB,Quarterback,Andrew Reese,SwagSloth
19,1206,NOLA,Pro Bowl,RB,Running Back,Forrest Gump,TomHanks
19,1303,AUS,Pro Bowl,RB,Running Back,Mako Mendonca,Mooty99
19,1200,AZ,Pro Bowl,TE,Tight End,Jammerson Irving,contacts
19,1148,OCO,Pro Bowl,TE,Tight End,Johnny Blaze,JBLAZE_THE_BOSS
19,1211,AUS,Pro Bowl,WR,Wide Receiver,Rod Tidwell,SDCore
19,1014,OCO,Pro Bowl,WR,Wide Receiver,Kazimir Oles,Oles
19,1347,AZ,Pro Bowl,WR,Wide Receiver,Saba Donut,SabaDonutMan
19,1081,AUS,Pro Bowl,WR,Wide Receiver,Django Anoa’i,tlk742
19,1483,AZ,Pro Bowl,OFLEX,Running Back,Ruff Ruff,Shadowz
19,1279,NOLA,Pro Bowl,CB,Cornerback,Deon Taylor,BrewCrew
19,1264,AZ,Pro Bowl,CB,Cornerback,Lucas Knight,ven_knight
19,1199,AUS,Pro Bowl,S,Safety,Chase Jensen,dizzyDC
19,1335,SJS,Pro Bowl,S,Linebacker,Tyron Brackenridge,Lowlycrib
19,1067,OCO,Pro Bowl,DB,Safety,Dan Schneider,LGMForever
19,1075,AZ,Pro Bowl,DB,Cornerback,Beau Montgomery,Dangles13
19,1097,AZ,Pro Bowl,LB,Linebacker,Raymond Vans,karl
19,1258,OCO,Pro Bowl,LB,Linebacker,Lanzer Grievous,Rising Equinox
19,1189,NOLA,Pro Bowl,LB,Linebacker,Johnny Slothface,slothfacekilla
19,1088,AUS,Pro Bowl,DL,Defensive Tackle,Dick Wizardry,AdamS
19,1112,AUS,Pro Bowl,DL,Defensive End,Grayson Kuusela,WannabeFinn
19,1299,AZ,Pro Bowl,DL,Defensive End,Chad Maulolo,Graciejj2000
19,1061,AZ,Pro Bowl,DL,Defensive End,Marc Spector,RedCydranth
19,1201,NOLA,Pro Bowl,DFLEX,Linebacker,Quenton Bode,terriblehippo
19,1184,OCO,Pro Bowl,K,Kicker,Alex Dasistwirklichseinnachname,BigKicks
19,1206,NOLA,Pro Bowl,ST,Running Back,Forrest Gump,TomHanks
19,1302,AUS,Pro Bowl,ST,Cornerback,Dermot Lavelle Jr.,White Cornerback
19,1451,CHI,Pro Bowl,S,Linebacker,Mike Hockhertz,CDub2
19,1154,AUS,Pro Bowl,P,Kicker,"Alfredo ""Thighmaster"" Crisco",Ryan0413
19,1166,BAL,QBOTY,QB,Quarterback,Corvo Havran,Raven
19,1210,OCO,QBOTY,QB,Quarterback,Franklin Armstrong,moonlight
19,1433,POR,QBOTY,OL,Offensive Lineman,Jay Cue,Opera_Phantom
19,1207,BAL,RBOTY,RB,Running Back,Ludicolo Bigby,TheWoZy
19,1551,MIN,RBOTY,RB,Running Back,Darrel Williams,Ry_
19,1206,NOLA,RETOTY,RB,Running Back,Forrest Gump,TomHanks
19,1148,OCO,TEOTY,TE,Tight End,Johnny Blaze,JBLAZE_THE_BOSS
19,1510,TIJ,TEOTY,TE,Tight End,Jean-Baptist Boivin,SecondSucks22
19,1122,BAL,WROTY,WR,Wide Receiver,Errol Maddox,PigSnout
19,1490,MBB,WROTY,WR,Wide Receiver,Rayne Gordon,RainDelay
20,1410,PHI,BROTY,LB,Linebacker,Wayne Howyanow,JSteel
20,1528,TIJ,BROTY,LB,Linebacker,Inspectah Deck,W.Sconnie
20,257,AUS,championship,DE,Defensive End,Kyle Idlewyld,Kyle
20,1112,AUS,championship,DE,Defensive End,Grayson Kuusela,WannabeFinn
20,1154,AUS,championship,K,Kicker,"Alfredo ""Thighmaster"" Crisco",Ryan0413
20,1156,AUS,championship,LB,Linebacker,"Sandip ""Sandy"" Bakshi",Player1
20,1199,AUS,championship,S,Safety,Chase Jensen,dizzyDC
20,1211,AUS,championship,WR,Wide Receiver,Rod Tidwell,SDCore
20,1231,AUS,championship,T,Offensive Lineman,Edmond Beaver-Dantes,Beaver
20,1256,AUS,championship,CB,Cornerback,Xerxes Ridley,plantane
20,1294,AUS,championship,TE,Tight End,Peter Larson,Tomasnz
20,1302,AUS,championship,CB,Cornerback,Dermot Lavelle Jr.,White Cornerback
20,1303,AUS,championship,RB,Running Back,Mako Mendonca,Mooty99
20,1308,AUS,championship,QB,Quarterback,Easton Cole,JKortesi81
20,1332,AUS,championship,S,Safety,Takeda Okura,Jaspers
20,1368,AUS,championship,LB,Linebacker,Honda Edmond,KillKillKill
20,1391,AUS,championship,DT,Defensive Tackle,John-Caleb Bradberton,thunderbug
20,1418,AUS,championship,WR,Wide Receiver,Net Gaines,UpperNet
20,1541,AUS,championship,DE,Offensive Lineman,Hal Fassingit,tlk742
20,1552,AUS,championship,S,Safety,Awkward Sexjoke,AdamS
20,1561,AUS,championship,WR,Wide Receiver,Jacoby Clay,Vexatious
20,1089,COL,DBOTY,CB,Cornerback,Axel Hornbacher,PDXBaller
20,1632,MIN,DBOTY,S,Safety,Matt Murphy,MSombrero
20,1339,COL,DLOTY,DT,Defensive Tackle,Bubba Thumper,woelkers
20,1592,TIJ,DLOTY,DE,Defensive End,Immanuel Blackstone,nunccoepi
20,1260,COL,DPOTY,LB,Linebacker,Mo Berry,Frick_Nasty
20,1528,TIJ,DPOTY,LB,Linebacker,Inspectah Deck,W.Sconnie
20,1632,MIN,DROTY,S,Safety,Matt Murphy,MSombrero
20,888,NOLA,HoF,Linebacker,Linebacker,Brian Mills,PaytonM34
20,1154,AUS,KOTY,K,Kicker,"Alfredo ""Thighmaster"" Crisco",Ryan0413
20,1579,NOR,KOTY,K,Kicker,Thelonius Junk,TheloniusJunk
20,1260,COL,LBOTY,LB,Linebacker,Mo Berry,Frick_Nasty
20,1528,TIJ,LBOTY,LB,Linebacker,Inspectah Deck,W.Sconnie
20,1210,OCO,MVP,QB,Quarterback,Franklin Armstrong,moonlight
20,1522,MIN,MVP,QB,Quarterback,Zack Vega,WALDO
20,1455,NOLA,OLOTY,OL,Offensive Lineman,Givussafare Rubbe,caltroit_red_flames
20,1597,MBB,OLOTY,OL,Offensive Lineman,Douglas Quail,DynamicDoug
20,1386,YKW,OPOTY,RB,Running Back,Mathias Hanyadi,CLG Rampage
20,1534,MBB,OPOTY,RB,Running Back,Siddhu Sarvepally,siddhus
20,1433,AZ,OROTY,QB,Offensive Lineman,Jay Cue,Opera_Phantom
20,1640,KCC,OROTY,RB,Running Back,Rando Cardrissian,GoonerBear
20,1210,OCO,PEROTY,QB,Quarterback,Franklin Armstrong,moonlight
20,1522,MIN,PEROTY,QB,Quarterback,Zack Vega,WALDO
20,1154,AUS,POTY,K,Kicker,"Alfredo ""Thighmaster"" Crisco",Ryan0413
20,1579,NOR,POTY,K,Kicker,Thelonius Junk,TheloniusJunk
20,1163,CHI,Pro Bowl,QB,Quarterback,Rose Jenkins,Jiggly_333
20,1313,COL,Pro Bowl,QB,Quarterback,Wolfie McDummy,infinitempg
20,1322,CHI,Pro Bowl,RB,Running Back,Sam Torenson,Jonny2x
20,1386,YKW,Pro Bowl,RB,Running Back,Mathias Hanyadi,CLG Rampage
20,1405,BAL,Pro Bowl,TE,Tight End,Earl Sauce,FleshBagSoup
20,1503,PHI,Pro Bowl,TE,Tight End,Avon Blocksdale Jr.,iamslm22
20,1122,BAL,Pro Bowl,WR,Wide Receiver,Errol Maddox,PigSnout
20,1180,CHI,Pro Bowl,WR,Wide Receiver,Ahri Espeeyeeseetee,br0_0ker
20,1512,CHI,Pro Bowl,WR,Wide Receiver,Sean O’Leary,Blueline
20,1131,YKW,Pro Bowl,WR,Wide Receiver,Nate Swift,Bigred1580
20,1357,COL,Pro Bowl,OFLEX,Running Back,Ashley Owens,run_CMC
20,1089,COL,Pro Bowl,CB,Cornerback,Axel Hornbacher,PDXBaller
20,1358,YKW,Pro Bowl,CB,,None None,
20,1233,BAL,Pro Bowl,S,Safety,Fatih Terim,Eco
20,1218,PHI,Pro Bowl,DB,Safety,Richard D’Attoria V,124715
20,1145,YKW,Pro Bowl,DB,Cornerback,Johnny Snuggles,manicmav36
20,1260,COL,Pro Bowl,LB,Linebacker,Mo Berry,Frick_Nasty
20,1017,YKW,Pro Bowl,LB,Safety,Danny Grithead,Trautner
20,1067,CHI,Pro Bowl,LB,Safety,Dan Schneider,LGMForever
20,1468,BAL,Pro Bowl,DL,Defensive End,Fabricio Baldari,Sermokala
20,1339,COL,Pro Bowl,DL,Defensive Tackle,Bubba Thumper,woelkers
20,1175,YKW,Pro Bowl,DL,Defensive Tackle,Nero Alexander,shadyshoelace
20,1485,PHI,Pro Bowl,DL,Defensive Tackle,Johnson Harding,adam2552
20,1186,YKW,Pro Bowl,DFLEX,Safety,Lightsout Lewis,flyeaglesfly29
20,1496,COL,Pro Bowl,K,Kicker,Jordan Jackson,LiathTheSquirrel
20,1550,PHI,Pro Bowl,P,Kicker,Venus Powers,Baron1898
20,1180,CHI,Pro Bowl,ST,Wide Receiver,Ahri Espeeyeeseetee,br0_0ker
20,1122,BAL,Pro Bowl,ST,Wide Receiver,Errol Maddox,PigSnout
20,1433,AZ,Pro Bowl,QB,Offensive Lineman,Jay Cue,Opera_Phantom
20,1210,OCO,Pro Bowl,QB,Quarterback,Franklin Armstrong,moonlight
20,1518,SJS,Pro Bowl,RB,Running Back,Quindarius Tyerucker,Zeddez
20,1206,NOLA,Pro Bowl,RB,Running Back,Forrest Gump,TomHanks
20,1200,AZ,Pro Bowl,TE,Tight End,Jammerson Irving,contacts
20,1148,OCO,Pro Bowl,TE,Tight End,Johnny Blaze,JBLAZE_THE_BOSS
20,1211,AUS,Pro Bowl,WR,Wide Receiver,Rod Tidwell,SDCore
20,1347,AZ,Pro Bowl,WR,Wide Receiver,Saba Donut,SabaDonutMan
20,1136,NOLA,Pro Bowl,WR,Wide Receiver,Bona’beri Jones,toivo
20,1303,AUS,Pro Bowl,OFLEX,Running Back,Mako Mendonca,Mooty99
20,1264,AZ,Pro Bowl,CB,Cornerback,Lucas Knight,ven_knight
20,1256,AUS,Pro Bowl,CB,Cornerback,Xerxes Ridley,plantane
20,1199,AUS,Pro Bowl,S,Safety,Chase Jensen,dizzyDC
20,1430,OCO,Pro Bowl,S,Safety,Tyrone Biggums,Revolution5
20,1276,OCO,Pro Bowl,DB,Cornerback,AJ Lattimer,TeyonSchavari
20,1302,OCO,Pro Bowl,DB,Cornerback,Dermot Lavelle Jr.,White Cornerback
20,1189,NOLA,Pro Bowl,LB,Linebacker,Johnny Slothface,slothfacekilla
20,1335,SJS,Pro Bowl,LB,Linebacker,Tyron Brackenridge,Lowlycrib
20,1258,OCO,Pro Bowl,LB,Linebacker,Lanzer Grievous,Rising Equinox
20,257,AUS,Pro Bowl,DL,Defensive End,Kyle Idlewyld,Kyle
20,1412,NOLA,Pro Bowl,DL,Defensive Tackle,Bjørn Ironside,IsaStarcrossed
20,1112,AUS,Pro Bowl,DL,Defensive End,Grayson Kuusela,WannabeFinn
20,1541,AUS,Pro Bowl,DL,Offensive Lineman,Hal Fassingit,tlk742
20,1201,NOLA,Pro Bowl,DFLEX,Linebacker,Quenton Bode,terriblehippo
20,1154,AUS,Pro Bowl,K,Kicker,"Alfredo ""Thighmaster"" Crisco",Ryan0413
20,1154,AUS,Pro Bowl,P,Kicker,"Alfredo ""Thighmaster"" Crisco",Ryan0413
20,1206,NOLA,Pro Bowl,ST,Running Back,Forrest Gump,TomHanks
20,1302,AUS,Pro Bowl,ST,Cornerback,Dermot Lavelle Jr.,White Cornerback
20,1451,CHI,Pro Bowl,S,Linebacker,Mike Hockhertz,CDub2
20,1352,SJS,Pro Bowl,WR,Wide Receiver,Action Jackson,KillaScrilla
20,1433,AZ,QBOTY,QB,Offensive Lineman,Jay Cue,Opera_Phantom
20,1522,MIN,QBOTY,QB,Quarterback,Zack Vega,WALDO
20,1386,YKW,RBOTY,RB,Running Back,Mathias Hanyadi,CLG Rampage
20,1534,MBB,RBOTY,RB,Running Back,Siddhu Sarvepally,siddhus
20,1206,NOLA,RETOTY,RB,Running Back,Forrest Gump,TomHanks
20,1543,TIJ,RETOTY,CB,Cornerback,Victor Moreno,GreenArmy
20,1200,AZ,TEOTY,TE,Tight End,Jammerson Irving,contacts
20,1532,MIN,TEOTY,TE,Tight End,Blake Gragg,Hydracronis
20,1180,CHI,WROTY,WR,Wide Receiver,Ahri Espeeyeeseetee,br0_0ker
20,1573,NOR,WROTY,RB,Running Back,Tequila Sunrise,Tequila
21,1551,BAL,BROTY,RB,Running Back,Darrel Williams,Ry_
21,1136,NOLA,championship,WR,Wide Receiver,Bona’beri Jones,toivo
21,1153,NOLA,championship,QB,Quarterback,Stan Francisco,JuOSu
21,1189,NOLA,championship,LB,Linebacker,Johnny Slothface,slothfacekilla
21,1201,NOLA,championship,LB,Linebacker,Quenton Bode,terriblehippo
21,1206,NOLA,championship,RB,Running Back,Forrest Gump,TomHanks
21,1244,NOLA,championship,T,Defensive End,Brave Ulysses,PaytonM34
21,1279,NOLA,championship,CB,Cornerback,Deon Taylor,BrewCrew
21,1297,NOLA,championship,DE,Defensive End,Ben Tu’inukuafe,Ben
21,1305,NOLA,championship,DT,Defensive Tackle,Blake Faux,AlexF
21,1350,NOLA,championship,CB,Cornerback,Jordan Andrews,RaiderNation
21,1402,NOLA,championship,RB,Running Back,Marcella Tōriki,bex
21,1412,NOLA,championship,DT,Defensive Tackle,Bjørn Ironside,IsaStarcrossed
21,1440,NOLA,championship,CB,Cornerback,Xavien Adams,TheDangaZone
21,1448,NOLA,championship,CB,Cornerback,David Rector,ddrector
21,1455,NOLA,championship,T,Offensive Lineman,Givussafare Rubbe,caltroit_red_flames
21,1498,NOLA,championship,WR,Wide Receiver,Jed Podolak,KC15
21,1499,NOLA,championship,TE,Tight End,Austin McCormick,Nokazoa
21,1507,NOLA,championship,DE,Linebacker,Mack Arianlacher,LordMacharius
21,1514,NOLA,championship,S,Safety,Mason Blaylock,Jay_Doctor
21,1521,NOLA,championship,K,Kicker,Herbert Prohaska,StevenOSullivan
21,1273,BAL,DBOTY,S,Safety,Walt Green,Duilio05
21,1875,MIN,DBOTY,S,Safety,Buck Thornton,FurFurFurson
21,1588,POR,DLOTY,DE,Defensive End,Logan Noble Jr,ItsJustBarry
21,1260,COL,DPOTY,LB,Linebacker,Mo Berry,Frick_Nasty
21,1856,LON,DPOTY,LB,Linebacker,Derred de Ville,Exilizer
21,1592,COL,DROTY,DE,Defensive End,Immanuel Blackstone,nunccoepi
21,1856,LON,DROTY,LB,Linebacker,Derred de Ville,Exilizer
21,898,BAL,HoF,Linebacker,Linebacker,Austin Roenick,Leafer
21,868,NOLA,HoF,Quarterback,Quarterback,Borkus Maximus III,bovovovo
21,923,OCO,HoF,Linebacker,Safety,Mason Brown,Toasty
21,1023,SJS,HoF,Quarterback,Quarterback,Joliet L. Christ,AW13
21,1184,OCO,KOTY,K,Kicker,Alex Dasistwirklichseinnachname,BigKicks
21,1781,NOR,KOTY,K,Kicker,Sam Sidekick,Evok
21,1260,COL,LBOTY,LB,Linebacker,Mo Berry,Frick_Nasty
21,1856,LON,LBOTY,LB,Linebacker,Derred de Ville,Exilizer
21,1210,OCO,MVP,QB,Quarterback,Franklin Armstrong,moonlight
21,1611,KCC,MVP,QB,Quarterback,Chika Fujiwara,Starboy
21,1455,NOLA,OLOTY,OL,Offensive Lineman,Givussafare Rubbe,caltroit_red_flames
21,1701,POR,OLOTY,OL,Offensive Lineman,Byron Dolls,Symmetrik
21,1166,BAL,OPOTY,QB,Quarterback,Corvo Havran,Raven
21,1738,LON,OPOTY,RB,Running Back,Acura Skyline,Skyline
21,1669,BAL,OROTY,WR,Wide Receiver,Chris Kross,Voltaqe
21,1738,LON,OROTY,RB,Running Back,Acura Skyline,Skyline
21,1166,BAL,PEROTY,QB,Quarterback,Corvo Havran,Raven
21,1940,NOR,PEROTY,QB,Quarterback,Luke Skywalker,muse316
21,1550,PHI,POTY,K,Kicker,Venus Powers,Baron1898
21,1781,NOR,POTY,K,Kicker,Sam Sidekick,Evok
21,1210,OCO,Pro Bowl,QB,Quarterback,Franklin Armstrong,moonlight
21,1153,NOLA,Pro Bowl,QB,Quarterback,Stan Francisco,JuOSu
21,1518,SJS,Pro Bowl,RB,Running Back,Quindarius Tyerucker,Zeddez
21,1303,AUS,Pro Bowl,RB,Running Back,Mako Mendonca,Mooty99
21,1347,AZ,Pro Bowl,WR,Wide Receiver,Saba Donut,SabaDonutMan
21,1418,AUS,Pro Bowl,WR,Wide Receiver,Net Gaines,UpperNet
21,1375,OCO,Pro Bowl,WR,Quarterback,Dexter Banks II,TropicaliaCC
21,1352,SJS,Pro Bowl,WR,Wide Receiver,Action Jackson,KillaScrilla
21,1200,AZ,Pro Bowl,TE,Tight End,Jammerson Irving,contacts
21,1499,NOLA,Pro Bowl,TE,Tight End,Austin McCormick,Nokazoa
21,1206,NOLA,Pro Bowl,OFLEX,Running Back,Forrest Gump,TomHanks
21,257,AUS,Pro Bowl,DL,Defensive End,Kyle Idlewyld,Kyle
21,1340,AZ,Pro Bowl,DL,Defensive Tackle,Shane Masters,ShaneM86
21,1629,AZ,Pro Bowl,DL,Defensive Tackle,"Pete ""Plop"" Miller",BRNXB0MBERS
21,1297,NOLA,Pro Bowl,DL,Defensive End,Ben Tu’inukuafe,Ben
21,1335,SJS,Pro Bowl,LB,Linebacker,Tyron Brackenridge,Lowlycrib
21,1189,NOLA,Pro Bowl,LB,Linebacker,Johnny Slothface,slothfacekilla
21,1258,OCO,Pro Bowl,LB,Linebacker,Lanzer Grievous,Rising Equinox
21,1279,NOLA,Pro Bowl,CB,Cornerback,Deon Taylor,BrewCrew
21,1276,OCO,Pro Bowl,CB,Cornerback,AJ Lattimer,TeyonSchavari
21,1332,AUS,Pro Bowl,S,Safety,Takeda Okura,Jaspers
21,1199,AUS,Pro Bowl,S,Safety,Chase Jensen,dizzyDC
21,1552,AUS,Pro Bowl,DB,Safety,Awkward Sexjoke,AdamS
21,1670,SJS,Pro Bowl,DB,Cornerback,HeHateMe PickSix,Vorshayla
21,1332,AUS,Pro Bowl,DFLEX,Safety,Takeda Okura,Jaspers
21,1184,OCO,Pro Bowl,P,Kicker,Alex Dasistwirklichseinnachname,BigKicks
21,1184,OCO,Pro Bowl,K,Kicker,Alex Dasistwirklichseinnachname,BigKicks
21,1206,NOLA,Pro Bowl,KR,Running Back,Forrest Gump,TomHanks
21,1279,NOLA,Pro Bowl,KR,Cornerback,Deon Taylor,BrewCrew
21,1166,BAL,Pro Bowl,QB,Quarterback,Corvo Havran,Raven
21,1158,YKW,Pro Bowl,QB,Quarterback,Cooter Bigsby,timeconsumer
21,1386,YKW,Pro Bowl,RB,Running Back,Mathias Hanyadi,CLG Rampage
21,1322,PHI,Pro Bowl,RB,Running Back,Sam Torenson,Jonny2x
21,1298,COL,Pro Bowl,WR,Offensive Lineman,Laszlo Forty-Two,C9Van
21,1512,CHI,Pro Bowl,WR,Wide Receiver,Sean O’Leary,Blueline
21,1122,BAL,Pro Bowl,WR,Wide Receiver,Errol Maddox,PigSnout
21,1131,YKW,Pro Bowl,WR,Wide Receiver,Nate Swift,Bigred1580
21,1405,BAL,Pro Bowl,TE,Tight End,Earl Sauce,FleshBagSoup
21,1503,PHI,Pro Bowl,TE,Tight End,Avon Blocksdale Jr.,iamslm22
21,1224,PHI,Pro Bowl,OFLEX,Wide Receiver,Nacho Varga,Fordhammer
21,1415,PHI,Pro Bowl,DL,Defensive End,ILove Gimmy,Hallmonitor_20
21,1339,COL,Pro Bowl,DL,Defensive Tackle,Bubba Thumper,woelkers
21,1251,YKW,Pro Bowl,DL,Defensive Tackle,Giannis Kroustis,Air Crou
21,1592,COL,Pro Bowl,DL,Defensive End,Immanuel Blackstone,nunccoepi
21,1260,COL,Pro Bowl,LB,Linebacker,Mo Berry,Frick_Nasty
21,1454,YKW,Pro Bowl,LB,Offensive Lineman,Maurice Virtanen,Murtsi
21,1045,YKW,Pro Bowl,LB,Linebacker,Alex Selich,Tomen
21,1255,BAL,Pro Bowl,CB,Cornerback,Marquees Acho,Huskies311
21,1256,CHI,Pro Bowl,CB,Cornerback,Xerxes Ridley,plantane
21,1273,BAL,Pro Bowl,S,Safety,Walt Green,Duilio05
21,1067,CHI,Pro Bowl,S,Safety,Dan Schneider,LGMForever
21,1291,CHI,Pro Bowl,DB,Safety,Jack Rambo,oz3700
21,1346,PHI,Pro Bowl,DB,Cornerback,Julian McMorris,TubbyTim69
21,1237,COL,Pro Bowl,DFLEX,Linebacker,Tony Gabagool,shipwreckrising
21,1550,PHI,Pro Bowl,P,Kicker,Venus Powers,Baron1898
21,1550,PHI,Pro Bowl,K,Kicker,Venus Powers,Baron1898
21,1273,BAL,Pro Bowl,KR,Safety,Walt Green,Duilio05
21,1209,CHI,Pro Bowl,KR,Running Back,Ryan Leaf Jr,ValorX77
21,1210,OCO,QBOTY,QB,Quarterback,Franklin Armstrong,moonlight
21,1611,KCC,QBOTY,QB,Quarterback,Chika Fujiwara,Starboy
21,1254,BAL,RBOTY,RB,Running Back,Apollo Reed,NylarthePhoenix
21,1738,LON,RBOTY,RB,Running Back,Acura Skyline,Skyline
21,1273,BAL,RETOTY,S,Safety,Walt Green,Duilio05
21,1624,NOR,RETOTY,WR,Wide Receiver,Flash Panda,juniped
21,1200,AZ,TEOTY,TE,Tight End,Jammerson Irving,contacts
21,1642,NOR,TEOTY,TE,Tight End,Reynaud Haugland,Boomcheck
21,1122,BAL,WROTY,WR,Wide Receiver,Errol Maddox,PigSnout
21,1565,POR,WROTY,WR,Wide Receiver,Raheem Okusi,Raheem James
22,1358,YKW,CBOTY,CB,,None None,
22,1107,COL,championship,WR,Wide Receiver,James Bishop,Bwestfield
22,1237,COL,championship,LB,Linebacker,Tony Gabagool,shipwreckrising
22,1260,COL,championship,LB,Linebacker,Mo Berry,Frick_Nasty
22,1282,COL,championship,CB,Cornerback,Quentin Sinclair,MaxGnarland
22,1286,COL,championship,S,Safety,Logan Uchiha,CalvinP
22,1313,COL,championship,QB,Quarterback,Wolfie McDummy,infinitempg
22,1339,COL,championship,DT,Defensive Tackle,Bubba Thumper,woelkers
22,1357,COL,championship,RB,Running Back,Ashley Owens,run_CMC
22,1376,COL,championship,CB,Cornerback,Louisiana Purchase,Modern_Duke
22,1396,COL,championship,RB,Running Back,Michael Vincent,sapp2013
22,1405,COL,championship,TE,Tight End,Earl Sauce,FleshBagSoup
22,1419,COL,championship,WR,Wide Receiver,Jake Dropson,goodvsevil1275
22,1478,COL,championship,S,Safety,Pete Parker,jsteele14
22,1540,COL,championship,K,Kicker,Silver Banana,golden_apricot
22,1554,COL,championship,S,Safety,Thor Kirkby,Acsolap
22,1580,COL,championship,TE,Tight End,Gronk Robertoswki,Iamdumberdore
22,1592,COL,championship,DE,Defensive End,Immanuel Blackstone,nunccoepi
22,1630,COL,championship,CB,Defensive Tackle,Rotticus Scott,RotticusScott
22,1641,COL,championship,WR,Wide Receiver,Red Arrow,RedArrow12c
22,1776,COL,championship,WR,Wide Receiver,William Lim,yonggarius
22,1896,COL,championship,DE,Defensive End,Ismael Sanchez,Ismael8907
22,1905,COL,championship,DT,Offensive Lineman,"Mo ""Mamba"" Magic",thevoicelesscreator
22,1875,MIN,DBOTY,S,Safety,Buck Thornton,FurFurFurson
22,1448,NOLA,DBROTY,CB,Cornerback,David Rector,ddrector
22,1592,COL,DEOTY,DE,Defensive End,Immanuel Blackstone,nunccoepi
22,1977,KCC,DLOTY,DE,Defensive End,Son Goku,Naosu
22,1448,NOLA,DPEROTY,CB,Cornerback,David Rector,ddrector
22,1777,TIJ,DPEROTY,S,Safety,LiterallyJust A. Hexagon,JPach
22,1260,COL,DPOTY,LB,Linebacker,Mo Berry,Frick_Nasty
22,1875,MIN,DPOTY,S,Safety,Buck Thornton,FurFurFurson
22,1652,NOLA,DROTY,LB,Linebacker,Ugarth the Dissector,frithjofr
22,2063,NOR,DROTY,DE,Defensive End,Mike Karpaasi,puolivalmiste
22,1251,YKW,DTOTY,DT,Defensive Tackle,Giannis Kroustis,Air Crou
22,987,PHI,HoF,Running Back,Running Back,Marquise Brown,YoungTB
22,1582,YKW,KOTY,K,Kicker,Dougie Smalls,iseedoug
22,1878,POR,KOTY,K,Kicker,Pseudo QB,xxxbruhxxx
22,1260,COL,LBOTY,LB,Linebacker,Mo Berry,Frick_Nasty
22,1999,LON,LBOTY,S,Safety,Eric Richards,WildfireMicro
22,1158,YKW,MVP,QB,Quarterback,Cooter Bigsby,timeconsumer
22,1898,MIN,MVP,QB,Quarterback,Sim SnowBow,SnowyWolfz
22,1515,SJS,OBROTY,WR,Wide Receiver,Deondre Thomas-Fox,AW13
22,1298,YKW,OLOTY,OL,Offensive Lineman,Laszlo Forty-Two,C9Van
22,2060,MIN,OLOTY,OL,Offensive Lineman,Julio Jones,24redcrayons
22,1308,AUS,OPEROTY,QB,Quarterback,Easton Cole,JKortesi81
22,1972,KCC,OPEROTY,OL,Offensive Lineman,Taylor Cooper,gargaroff
22,1386,YKW,OPOTY,RB,Running Back,Mathias Hanyadi,CLG Rampage
22,1867,DAL,OPOTY,RB,Running Back,Kichwa Jones,howsour
22,1738,YKW,OROTY,RB,Running Back,Acura Skyline,Skyline
22,2040,MIN,OROTY,WR,Wide Receiver,Tychondrius Hood,Tylus
22,1550,HON,POTY,K,Kicker,Venus Powers,Baron1898
22,2066,LON,POTY,K,Kicker,Datsum PhastBawls,Rabidsponge21
22,1308,AUS,Pro Bowl,QB,Quarterback,Easton Cole,JKortesi81
22,1210,OCO,Pro Bowl,QB,Quarterback,Franklin Armstrong,moonlight
22,1206,NOLA,Pro Bowl,RB,Running Back,Forrest Gump,TomHanks
22,1303,AUS,Pro Bowl,RB,Running Back,Mako Mendonca,Mooty99
22,1209,AUS,Pro Bowl,RB,Running Back,Ryan Leaf Jr,ValorX77
22,1347,AZ,Pro Bowl,WR,Wide Receiver,Saba Donut,SabaDonutMan
22,1211,AUS,Pro Bowl,WR,Wide Receiver,Rod Tidwell,SDCore
22,1515,SJS,Pro Bowl,WR,Wide Receiver,Deondre Thomas-Fox,AW13
22,1352,SJS,Pro Bowl,WR,Wide Receiver,Action Jackson,KillaScrilla
22,1499,NOLA,Pro Bowl,TE,Tight End,Austin McCormick,Nokazoa
22,1690,OCO,Pro Bowl,TE,Running Back,Jeffrey Phillips,DrunkenTeddy
22,1455,NOLA,Pro Bowl,OL,Offensive Lineman,Givussafare Rubbe,caltroit_red_flames
22,1836,AZ,Pro Bowl,OL,Offensive Lineman,Bruce Buckley,NicholasTheGreat
22,1244,NOLA,Pro Bowl,OL,Defensive End,Brave Ulysses,PaytonM34
22,1483,HON,Pro Bowl,OFLEX,Running Back,Ruff Ruff,Shadowz
22,257,AUS,Pro Bowl,DL,Defensive End,Kyle Idlewyld,Kyle
22,1297,NOLA,Pro Bowl,DL,Defensive End,Ben Tu’inukuafe,Ben
22,1629,AZ,Pro Bowl,DL,Defensive Tackle,"Pete ""Plop"" Miller",BRNXB0MBERS
22,1665,NOLA,Pro Bowl,DL,Offensive Lineman,Dorfus Jimbo Jr,ScorpXCracker
22,1546,AZ,Pro Bowl,LB,Linebacker,Galf Wilf,Moosecop
22,1652,NOLA,Pro Bowl,LB,Linebacker,Ugarth the Dissector,frithjofr
22,1368,AUS,Pro Bowl,LB,Linebacker,Honda Edmond,KillKillKill
22,1448,NOLA,Pro Bowl,CB,Cornerback,David Rector,ddrector
22,1276,OCO,Pro Bowl,CB,Cornerback,AJ Lattimer,TeyonSchavari
22,1756,AZ,Pro Bowl,CB,Cornerback,Zamir Kehla,retrospace111
22,1514,NOLA,Pro Bowl,S,Safety,Mason Blaylock,Jay_Doctor
22,1552,AUS,Pro Bowl,S,Safety,Awkward Sexjoke,AdamS
22,1291,AUS,Pro Bowl,S,Safety,Jack Rambo,oz3700
22,1675,OCO,Pro Bowl,S,Safety,Prince Vegeta,jeffie43
22,1550,HON,Pro Bowl,P,Kicker,Venus Powers,Baron1898
22,1184,OCO,Pro Bowl,K,Kicker,Alex Dasistwirklichseinnachname,BigKicks
22,1206,NOLA,Pro Bowl,KR,Running Back,Forrest Gump,TomHanks
22,1302,AUS,Pro Bowl,KR,Cornerback,Dermot Lavelle Jr.,White Cornerback
22,1927,HON,Pro Bowl,KR,Defensive Tackle,Momona Keiki-Kāne,BadLck
22,1313,COL,Pro Bowl,QB,Quarterback,Wolfie McDummy,infinitempg
22,1158,YKW,Pro Bowl,QB,Quarterback,Cooter Bigsby,timeconsumer
22,1386,YKW,Pro Bowl,RB,Running Back,Mathias Hanyadi,CLG Rampage
22,1738,YKW,Pro Bowl,RB,Running Back,Acura Skyline,Skyline
22,1620,SAR,Pro Bowl,RB,Running Back,Chizuru Ichinose,Frostbite
22,1107,COL,Pro Bowl,WR,Wide Receiver,James Bishop,Bwestfield
22,1512,CHI,Pro Bowl,WR,Wide Receiver,Sean O’Leary,Blueline
22,1375,SAR,Pro Bowl,WR,Quarterback,Dexter Banks II,TropicaliaCC
22,1131,YKW,Pro Bowl,WR,Wide Receiver,Nate Swift,Bigred1580
22,1148,SAR,Pro Bowl,TE,Tight End,Johnny Blaze,JBLAZE_THE_BOSS
22,1503,PHI,Pro Bowl,TE,Tight End,Avon Blocksdale Jr.,iamslm22
22,1298,YKW,Pro Bowl,OL,Offensive Lineman,Laszlo Forty-Two,C9Van
22,1701,BAL,Pro Bowl,OL,Offensive Lineman,Byron Dolls,Symmetrik
22,1254,BAL,Pro Bowl,OFLEX,Running Back,Apollo Reed,NylarthePhoenix
22,1415,PHI,Pro Bowl,DL,Defensive End,ILove Gimmy,Hallmonitor_20
22,1591,BAL,Pro Bowl,DL,Defensive End,Matt Hole,Hi_mynameis_Matt
22,1251,YKW,Pro Bowl,DL,Defensive Tackle,Giannis Kroustis,Air Crou
22,1592,COL,Pro Bowl,DL,Defensive End,Immanuel Blackstone,nunccoepi
22,1260,COL,Pro Bowl,LB,Linebacker,Mo Berry,Frick_Nasty
22,1454,YKW,Pro Bowl,LB,Offensive Lineman,Maurice Virtanen,Murtsi
22,1410,PHI,Pro Bowl,LB,Linebacker,Wayne Howyanow,JSteel
22,1358,YKW,Pro Bowl,CB,,None None,
22,1630,COL,Pro Bowl,CB,Defensive Tackle,Rotticus Scott,RotticusScott
22,1635,CHI,Pro Bowl,CB,Cornerback,Osiris Firestorm-Fjord,HalfEatenOnionBagel
22,1554,COL,Pro Bowl,S,Safety,Thor Kirkby,Acsolap
22,1811,SAR,Pro Bowl,S,Safety,Ragnar Rok,Thiath
22,1772,YKW,Pro Bowl,S,Safety,Johnny Hellzapoppin,Colabear
22,1295,BAL,Pro Bowl,P,Kicker,ForThe Brand,Renrut
22,1582,YKW,Pro Bowl,K,Kicker,Dougie Smalls,iseedoug
22,1273,BAL,Pro Bowl,KR,Safety,Walt Green,Duilio05
22,1376,COL,Pro Bowl,KR,Cornerback,Louisiana Purchase,Modern_Duke
22,1158,YKW,QBOTY,QB,Quarterback,Cooter Bigsby,timeconsumer
22,1898,MIN,QBOTY,QB,Quarterback,Sim SnowBow,SnowyWolfz
22,1386,YKW,RBOTY,RB,Running Back,Mathias Hanyadi,CLG Rampage
22,1867,DAL,RBOTY,RB,Running Back,Kichwa Jones,howsour
22,1273,BAL,RETOTY,S,Safety,Walt Green,Duilio05
22,1633,KCC,RETOTY,S,Safety,Jon Bois,RamboHampster
22,1514,NOLA,SOTY,S,Safety,Mason Blaylock,Jay_Doctor
22,1499,NOLA,TEOTY,TE,Tight End,Austin McCormick,Nokazoa
22,1734,LON,TEOTY,TE,Tight End,Donatello Arrabiata,lamboalfredo
22,1211,AUS,WROTY,WR,Wide Receiver,Rod Tidwell,SDCore
22,2040,MIN,WROTY,WR,Wide Receiver,Tychondrius Hood,Tylus
23,1439,OCO,CBOTY,CB,Cornerback,Korrin Abernathy,.Laser
23,1131,YKW,championship,WR,Wide Receiver,Nate Swift,Bigred1580
23,1145,YKW,championship,CB,Cornerback,Johnny Snuggles,manicmav36
23,1158,YKW,championship,QB,Quarterback,Cooter Bigsby,timeconsumer
23,1175,YKW,championship,DE,Defensive Tackle,Nero Alexander,shadyshoelace
23,1199,YKW,championship,S,Safety,Chase Jensen,dizzyDC
23,1251,YKW,championship,DT,Defensive Tackle,Giannis Kroustis,Air Crou
23,1298,YKW,championship,T,Offensive Lineman,Laszlo Forty-Two,C9Van
23,1352,YKW,championship,WR,Wide Receiver,Action Jackson,KillaScrilla
23,1358,YKW,championship,CB,,None None,
23,1386,YKW,championship,RB,Running Back,Mathias Hanyadi,CLG Rampage
23,1454,YKW,championship,LB,Offensive Lineman,Maurice Virtanen,Murtsi
23,1457,YKW,championship,WR,Wide Receiver,Bender B. Rodriguez,pazuzu
23,1489,YKW,championship,WR,Wide Receiver,Willie B. Hardagain,Toasty
23,1571,YKW,championship,LB,Linebacker,Douglas Quaid,HENDRIX 2.0
23,1582,YKW,championship,K,Kicker,Dougie Smalls,iseedoug
23,1738,YKW,championship,RB,Running Back,Acura Skyline,Skyline
23,1744,YKW,championship,DE,Defensive End,James Cho,cho1325
23,1771,YKW,championship,DE,Defensive Tackle,Patrik Money,PMoney
23,1772,YKW,championship,S,Safety,Johnny Hellzapoppin,Colabear
23,1801,YKW,championship,S,Safety,Magnus Valdyr,KamiCommie
23,2114,POR,DBOTY,S,Safety,Joel Drake,Rusfan
23,1571,YKW,DBROTY,LB,Linebacker,Douglas Quaid,HENDRIX 2.0
23,1704,PHI,DBROTY,DE,Linebacker,Spike Suzuki,xbijin
23,1592,COL,DEOTY,DE,Defensive End,Immanuel Blackstone,nunccoepi
23,2079,MBB,DLOTY,DE,Defensive End,Arlington Heights,MisObvious
23,1845,HON,DPEROTY,CB,Cornerback,Jim Waters,siddhus
23,1981,TIJ,DPEROTY,DT,Defensive Tackle,Bane Kaʻanāʻanā,ADwyer87
23,1546,AZ,DPOTY,LB,Linebacker,Galf Wilf,Moosecop
23,2148,MIN,DPOTY,LB,Linebacker,Alejandro Chainbreaker,Sermokala
23,1977,SAR,DROTY,DE,Defensive End,Son Goku,Naosu
23,2114,POR,DROTY,S,Safety,Joel Drake,Rusfan
23,1817,OCO,DTOTY,DT,Defensive Tackle,BigEddi ForeverYeti,Big Edd
23,1339,COL,DTOTY,DT,Defensive Tackle,Bubba Thumper,woelkers
23,931,BAL,HoF,Tight End,Tight End,Verso L’Alto,nunccoepi
23,983,BAL,HoF,Wide Receiver,Wide Receiver,Vinny Valentine,Unicorn
23,1540,COL,KOTY,K,Kicker,Silver Banana,golden_apricot
23,2112,NOR,KOTY,LB,Linebacker,Melvin Murder-Moose,SchwarzNarr
23,1546,AZ,LBOTY,LB,Linebacker,Galf Wilf,Moosecop
23,2148,MIN,LBOTY,LB,Linebacker,Alejandro Chainbreaker,Sermokala
23,1386,YKW,MVP,RB,Running Back,Mathias Hanyadi,CLG Rampage
23,1749,NOR,MVP,QB,Quarterback,Suleiman Ramza,Blasoon
23,1776,COL,OBROTY,WR,Wide Receiver,William Lim,yonggarius
23,1836,AZ,OLOTY,OL,Offensive Lineman,Bruce Buckley,NicholasTheGreat
23,2060,MIN,OLOTY,OL,Offensive Lineman,Julio Jones,24redcrayons
23,1386,YKW,OPEROTY,RB,Running Back,Mathias Hanyadi,CLG Rampage
23,2069,LON,OPEROTY,K,Kicker,Danny King,DanE got dis
23,1433,AZ,OPOTY,QB,Offensive Lineman,Jay Cue,Opera_Phantom
23,2123,TIJ,OPOTY,RB,Running Back,Crowbar Theeks,BWIII
23,1809,SJS,OROTY,RB,Running Back,Jamar Lackson,BenDover
23,2123,TIJ,OROTY,RB,Running Back,Crowbar Theeks,BWIII
23,1781,CHI,POTY,K,Kicker,Sam Sidekick,Evok
23,2066,LON,POTY,K,Kicker,Datsum PhastBawls,Rabidsponge21
23,1433,AZ,Pro Bowl,QB,Offensive Lineman,Jay Cue,Opera_Phantom
23,1210,OCO,Pro Bowl,QB,Quarterback,Franklin Armstrong,moonlight
23,1402,NOLA,Pro Bowl,RB,Running Back,Marcella Tōriki,bex
23,1903,OCO,Pro Bowl,RB,Running Back,Tatsu Nakamura,qWest
23,1809,SJS,Pro Bowl,RB,Running Back,Jamar Lackson,BenDover
23,1347,AZ,Pro Bowl,WR,Wide Receiver,Saba Donut,SabaDonutMan
23,1418,AUS,Pro Bowl,WR,Wide Receiver,Net Gaines,UpperNet
23,1498,HON,Pro Bowl,WR,Wide Receiver,Jed Podolak,KC15
23,1603,NOLA,Pro Bowl,WR,Wide Receiver,Ed Barker,Wombat
23,1499,NOLA,Pro Bowl,TE,Tight End,Austin McCormick,Nokazoa
23,1690,OCO,Pro Bowl,TE,Running Back,Jeffrey Phillips,DrunkenTeddy
23,1455,NOLA,Pro Bowl,OL,Offensive Lineman,Givussafare Rubbe,caltroit_red_flames
23,1231,AUS,Pro Bowl,OL,Offensive Lineman,Edmond Beaver-Dantes,Beaver
23,1836,AZ,Pro Bowl,OL,Offensive Lineman,Bruce Buckley,NicholasTheGreat
23,1597,OCO,Pro Bowl,OL,Offensive Lineman,Douglas Quail,DynamicDoug
23,1637,AZ,Pro Bowl,OFLEX,Running Back,Baby Yoda,SwagSloth
23,1588,HON,Pro Bowl,DE,Defensive End,Logan Noble Jr,ItsJustBarry
23,1297,NOLA,Pro Bowl,DE,Defensive End,Ben Tu’inukuafe,Ben
23,1817,OCO,Pro Bowl,DT,Defensive Tackle,BigEddi ForeverYeti,Big Edd
23,1627,OCO,Pro Bowl,DT,Defensive End,Rapid Eagle,rapideagle
23,1546,AZ,Pro Bowl,LB,Linebacker,Galf Wilf,Moosecop
23,1652,NOLA,Pro Bowl,LB,Linebacker,Ugarth the Dissector,frithjofr
23,1201,NOLA,Pro Bowl,LB,Linebacker,Quenton Bode,terriblehippo
23,1724,SJS,Pro Bowl,LB,Linebacker,George ’Corpse Grinder’ Fisher,AL_GRINGO
23,1439,OCO,Pro Bowl,CB,Cornerback,Korrin Abernathy,.Laser
23,1756,AZ,Pro Bowl,CB,Cornerback,Zamir Kehla,retrospace111
23,1302,AUS,Pro Bowl,CB,Cornerback,Dermot Lavelle Jr.,White Cornerback
23,1514,NOLA,Pro Bowl,S,Safety,Mason Blaylock,Jay_Doctor
23,1675,OCO,Pro Bowl,S,Safety,Prince Vegeta,jeffie43
23,1934,HON,Pro Bowl,S,Safety,Shawn Dawkins,Number 82
23,1550,HON,Pro Bowl,P,Kicker,Venus Powers,Baron1898
23,1521,NOLA,Pro Bowl,K,Kicker,Herbert Prohaska,StevenOSullivan
23,1514,NOLA,Pro Bowl,KR,Safety,Mason Blaylock,Jay_Doctor
23,1303,AUS,Pro Bowl,KR,Running Back,Mako Mendonca,Mooty99
23,1158,YKW,Pro Bowl,QB,Quarterback,Cooter Bigsby,timeconsumer
23,1313,COL,Pro Bowl,QB,Quarterback,Wolfie McDummy,infinitempg
23,1386,YKW,Pro Bowl,RB,Running Back,Mathias Hanyadi,CLG Rampage
23,1254,BAL,Pro Bowl,RB,Running Back,Apollo Reed,NylarthePhoenix
23,1322,PHI,Pro Bowl,RB,Running Back,Sam Torenson,Jonny2x
23,1776,COL,Pro Bowl,WR,Wide Receiver,William Lim,yonggarius
23,1490,SAR,Pro Bowl,WR,Wide Receiver,Rayne Gordon,RainDelay
23,1224,PHI,Pro Bowl,WR,Wide Receiver,Nacho Varga,Fordhammer
23,1457,YKW,Pro Bowl,WR,Wide Receiver,Bender B. Rodriguez,pazuzu
23,1503,PHI,Pro Bowl,TE,Tight End,Avon Blocksdale Jr.,iamslm22
23,1895,SAR,Pro Bowl,TE,Tight End,James Angler,tMuse
23,1298,YKW,Pro Bowl,OL,Offensive Lineman,Laszlo Forty-Two,C9Van
23,1619,PHI,Pro Bowl,OL,Offensive Lineman,Simon Tremblay,Briedaqueduc
23,1701,BAL,Pro Bowl,OL,Offensive Lineman,Byron Dolls,Symmetrik
23,1467,BAL,Pro Bowl,OFLEX,Cornerback,Asher Quinn,Dewalt27
23,1512,CHI,Pro Bowl,OFLEX,Wide Receiver,Sean O’Leary,Blueline
23,1704,PHI,Pro Bowl,DE,Linebacker,Spike Suzuki,xbijin
23,1592,COL,Pro Bowl,DE,Defensive End,Immanuel Blackstone,nunccoepi
23,1339,COL,Pro Bowl,DT,Defensive Tackle,Bubba Thumper,woelkers
23,1251,YKW,Pro Bowl,DT,Defensive Tackle,Giannis Kroustis,Air Crou
23,1260,COL,Pro Bowl,LB,Linebacker,Mo Berry,Frick_Nasty
23,1571,YKW,Pro Bowl,LB,Linebacker,Douglas Quaid,HENDRIX 2.0
23,1684,SAR,Pro Bowl,LB,Linebacker,Haha Mango-Panda,furiousPanda
23,1909,PHI,Pro Bowl,CB,Cornerback,Brandon Booker,Memento Mori
23,1731,CHI,Pro Bowl,CB,Cornerback,Tyler Oles JR,Oles
23,1824,CHI,Pro Bowl,CB,Cornerback,Tyron Shields,TheCC
23,1801,YKW,Pro Bowl,S,Safety,Magnus Valdyr,KamiCommie
23,1782,PHI,Pro Bowl,S,Running Back,"Matt ""Son of Havoc"" Cross",J0EB
23,1548,SAR,Pro Bowl,S,Safety,Jamie Nkiah,Drizzy
23,1710,SAR,Pro Bowl,P,Kicker,Jacob Small,bjkman
23,1540,COL,Pro Bowl,K,Kicker,Silver Banana,golden_apricot
23,1386,YKW,Pro Bowl,KR,Running Back,Mathias Hanyadi,CLG Rampage
23,1376,COL,Pro Bowl,KR,Cornerback,Louisiana Purchase,Modern_Duke
23,1433,AZ,QBOTY,QB,Offensive Lineman,Jay Cue,Opera_Phantom
23,1749,NOR,QBOTY,QB,Quarterback,Suleiman Ramza,Blasoon
23,1386,YKW,RBOTY,RB,Running Back,Mathias Hanyadi,CLG Rampage
23,2069,LON,RBOTY,K,Kicker,Danny King,DanE got dis
23,1376,COL,RETOTY,CB,Cornerback,Louisiana Purchase,Modern_Duke
23,2007,DAL,RETOTY,WR,Wide Receiver,Luca Scabbia,enigmatic
23,1514,NOLA,SOTY,S,Safety,Mason Blaylock,Jay_Doctor
23,1499,NOLA,TEOTY,TE,Tight End,Austin McCormick,Nokazoa
23,2062,KCC,TEOTY,OL,Offensive Lineman,Rigby Raccoon,dieselj123
23,1347,AZ,WROTY,WR,Wide Receiver,Saba Donut,SabaDonutMan
23,1984,NOR,WROTY,WR,Wide Receiver,Dre Matthews,Confictional
24,1302,AUS,CBOTY,CB,Cornerback,Dermot Lavelle Jr.,White Cornerback
24,2008,DAL,CBOTY,CB,Cornerback,Byron Blackwell,thecanadiancanuck
24,1131,SJS,championship,WR,Wide Receiver,Nate Swift,Bigred1580
24,1335,SJS,championship,LB,Linebacker,Tyron Brackenridge,Lowlycrib
24,1515,SJS,championship,WR,Wide Receiver,Deondre Thomas-Fox,AW13
24,1622,SJS,championship,TE,Defensive Tackle,Leon McDavid,MN_Moosey
24,1638,SJS,championship,DT,Defensive Tackle,Otis Allen,KoltClassic
24,1640,SJS,championship,RB,Running Back,Rando Cardrissian,GoonerBear
24,1670,SJS,championship,CB,Cornerback,HeHateMe PickSix,Vorshayla
24,1722,SJS,championship,K,Kicker,Matthew McDairmid,Matty7478
24,1724,SJS,championship,LB,Linebacker,George ’Corpse Grinder’ Fisher,AL_GRINGO
24,1731,SJS,championship,CB,Cornerback,Tyler Oles JR,Oles
24,1760,SJS,championship,QB,Offensive Lineman,"Monterey ""Monty"" Jack",Rradum
24,1775,SJS,championship,CB,Cornerback,Cadillac Harris,Warner
24,1809,SJS,championship,RB,Running Back,Jamar Lackson,BenDover
24,1825,SJS,championship,CB,Offensive Lineman,Matt Krause,SomeSay...
24,1839,SJS,championship,S,Safety,Brendan Lanier,jdourtled
24,1955,SJS,championship,DE,Linebacker,Lawrence Bass,RussDrivesTheBus
24,2000,SJS,championship,DT,Defensive Tackle,Yuuto Kira Cloudera,kentakira
24,2009,SJS,championship,DE,Defensive End,Water Chestnut III,ckroyal92
24,2012,SJS,championship,S,Safety,Philip Stein,IHateBobNutting
24,2040,SJS,championship,WR,Wide Receiver,Tychondrius Hood,Tylus
24,1684,SAR,DBROTY,LB,Linebacker,Haha Mango-Panda,furiousPanda
24,1592,COL,DEOTY,DE,Defensive End,Immanuel Blackstone,nunccoepi
24,2084,LON,DEOTY,OL,Offensive Lineman,Mattress Cadaire,MattressCadaire
24,2012,SJS,DPerOTY,S,Safety,Philip Stein,IHateBobNutting
24,2116,NOR,DPerOTY,CB,Cornerback,Rickie Vaughne,supertardis101
24,1856,BAL,DPOTY,LB,Linebacker,Derred de Ville,Exilizer
24,2111,TIJ,DPOTY,LB,Linebacker,Adam Schell,Cincyfan96
24,2047,BAL,DROTY,CB,Cornerback,Lesean Paris Crooks,The_Kidd
24,2257,MBB,DROTY,RB,Running Back,Goat Tank,Eldorian
24,1817,COL,DTOTY,DT,Defensive Tackle,BigEddi ForeverYeti,Big Edd
24,2257,MBB,DTOTY,RB,Running Back,Goat Tank,Eldorian
24,1014,SJS,HoF,Wide Receiver,Wide Receiver,Kazimir Oles,Oles
24,927,NOLA,HoF,Wide Receiver,Wide Receiver,Vladimir Fyodorovich,majesiu
24,965,OCO,HoF,Quarterback,Cornerback,Gus T.T. Showbiz,Molarpistols
24,1550,HON,KOTY,K,Kicker,Venus Powers,Baron1898
24,1878,POR,KOTY,K,Kicker,Pseudo QB,xxxbruhxxx
24,1856,BAL,LBOTY,LB,Linebacker,Derred de Ville,Exilizer
24,2111,TIJ,LBOTY,LB,Linebacker,Adam Schell,Cincyfan96
24,1313,COL,MVP,QB,Quarterback,Wolfie McDummy,infinitempg
24,2104,POR,MVP,QB,Quarterback,Sam Howitzer,Trautner
24,1975,SAR,OBROTY,WR,Linebacker,Michael Witheblock,sakrosankt
24,1455,NOLA,OLOTY,OL,Offensive Lineman,Givussafare Rubbe,caltroit_red_flames
24,2167,KCC,OLOTY,OL,Offensive Lineman,Clay Stallworth,Gravtx
24,1313,COL,OPerOTY,QB,Quarterback,Wolfie McDummy,infinitempg
24,2269,MBB,OPerOTY,QB,Quarterback,Jackie Daytona,Mooty99
24,1375,SAR,OPOTY,QB,Quarterback,Dexter Banks II,TropicaliaCC
24,2146,DAL,OPOTY,RB,Running Back,Zoe Watts,Kyamprac
24,2042,HON,OROTY,RB,Running Back,Nicholas Ayers,Faded
24,2226,TIJ,OROTY,RB,Running Back,Bronko Mills,PaytonM34
24,1582,NYS,POTY,K,Kicker,Dougie Smalls,iseedoug
24,2124,POR,POTY,K,Kicker,Blago Kokot,Goat_Whisperer
24,1308,AUS,Pro Bowl,QB,Quarterback,Easton Cole,JKortesi81
24,1210,OCO,Pro Bowl,QB,Quarterback,Franklin Armstrong,moonlight
24,1903,OCO,Pro Bowl,RB,Running Back,Tatsu Nakamura,qWest
24,1303,AUS,Pro Bowl,RB,Running Back,Mako Mendonca,Mooty99
24,1809,SJS,Pro Bowl,RB,Running Back,Jamar Lackson,BenDover
24,1515,SJS,Pro Bowl,WR,Wide Receiver,Deondre Thomas-Fox,AW13
24,1418,AUS,Pro Bowl,WR,Wide Receiver,Net Gaines,UpperNet
24,1347,AZ,Pro Bowl,WR,Wide Receiver,Saba Donut,SabaDonutMan
24,1583,OCO,Pro Bowl,WR,Offensive Lineman,Future Trunks,Lemon
24,1946,AZ,Pro Bowl,TE,Tight End,Heath Evans,Thor
24,1499,NOLA,Pro Bowl,TE,Tight End,Austin McCormick,Nokazoa
24,1455,NOLA,Pro Bowl,OL,Offensive Lineman,Givussafare Rubbe,caltroit_red_flames
24,1541,AUS,Pro Bowl,OL,Offensive Lineman,Hal Fassingit,tlk742
24,1836,AZ,Pro Bowl,OL,Offensive Lineman,Bruce Buckley,NicholasTheGreat
24,1597,OCO,Pro Bowl,OL,Offensive Lineman,Douglas Quail,DynamicDoug
24,2042,HON,Pro Bowl,OFLEX,Running Back,Nicholas Ayers,Faded
24,1244,NOLA,Pro Bowl,DE,Defensive End,Brave Ulysses,PaytonM34
24,1916,AUS,Pro Bowl,DE,Defensive End,Troen Egghands,Troen
24,1627,OCO,Pro Bowl,DT,Defensive End,Rapid Eagle,rapideagle
24,1629,AZ,Pro Bowl,DT,Defensive Tackle,"Pete ""Plop"" Miller",BRNXB0MBERS
24,1546,AZ,Pro Bowl,LB,Linebacker,Galf Wilf,Moosecop
24,1335,SJS,Pro Bowl,LB,Linebacker,Tyron Brackenridge,Lowlycrib
24,2032,AUS,Pro Bowl,LB,Linebacker,Griffin Porter,AsylumParty
24,1302,AUS,Pro Bowl,CB,Cornerback,Dermot Lavelle Jr.,White Cornerback
24,1845,HON,Pro Bowl,CB,Cornerback,Jim Waters,siddhus
24,1868,NOLA,Pro Bowl,CB,Cornerback,Andrew Witten,mithrandir
24,1514,NOLA,Pro Bowl,S,Safety,Mason Blaylock,Jay_Doctor
24,1934,HON,Pro Bowl,S,Safety,Shawn Dawkins,Number 82
24,2186,OCO,Pro Bowl,S,Cornerback,Tyrone Biggums,Rehnx
24,1722,SJS,Pro Bowl,P,Kicker,Matthew McDairmid,Matty7478
24,1550,HON,Pro Bowl,K,Kicker,Venus Powers,Baron1898
24,1302,AUS,Pro Bowl,KR,Cornerback,Dermot Lavelle Jr.,White Cornerback
24,1347,AZ,Pro Bowl,KR,Wide Receiver,Saba Donut,SabaDonutMan
24,1313,COL,Pro Bowl,QB,Quarterback,Wolfie McDummy,infinitempg
24,1375,SAR,Pro Bowl,QB,Quarterback,Dexter Banks II,TropicaliaCC
24,1357,COL,Pro Bowl,RB,Running Back,Ashley Owens,run_CMC
24,1322,PHI,Pro Bowl,RB,Running Back,Sam Torenson,Jonny2x
24,1551,BAL,Pro Bowl,RB,Running Back,Darrel Williams,Ry_
24,1386,YKW,Pro Bowl,RB,Running Back,Mathias Hanyadi,CLG Rampage
24,1738,YKW,Pro Bowl,RB,Running Back,Acura Skyline,Skyline
24,1975,SAR,Pro Bowl,WR,Linebacker,Michael Witheblock,sakrosankt
24,1776,COL,Pro Bowl,WR,Wide Receiver,William Lim,yonggarius
24,1512,CHI,Pro Bowl,WR,Wide Receiver,Sean O’Leary,Blueline
24,2030,YKW,Pro Bowl,WR,Wide Receiver,Kai Sakura,DarknessRising
24,1503,PHI,Pro Bowl,TE,Tight End,Avon Blocksdale Jr.,iamslm22
24,1894,SAR,Pro Bowl,TE,Offensive Lineman,Clark Boyd,Cheech65
24,1298,YKW,Pro Bowl,OL,Offensive Lineman,Laszlo Forty-Two,C9Van
24,1936,CHI,Pro Bowl,OL,Offensive Lineman,Benson Bayley Jr.,Bayley
24,1905,COL,Pro Bowl,OL,Offensive Lineman,"Mo ""Mamba"" Magic",thevoicelesscreator
24,1619,PHI,Pro Bowl,OL,Offensive Lineman,Simon Tremblay,Briedaqueduc
24,1701,BAL,Pro Bowl,OL,Offensive Lineman,Byron Dolls,Symmetrik
24,1490,SAR,Pro Bowl,OFLEX,Wide Receiver,Rayne Gordon,RainDelay
24,1592,COL,Pro Bowl,DE,Defensive End,Immanuel Blackstone,nunccoepi
24,1754,CHI,Pro Bowl,DE,Defensive End,Mario VonPebbles,Jangorhino
24,1339,COL,Pro Bowl,DT,Defensive Tackle,Bubba Thumper,woelkers
24,1817,SAR,Pro Bowl,DT,Defensive Tackle,BigEddi ForeverYeti,Big Edd
24,1856,BAL,Pro Bowl,LB,Linebacker,Derred de Ville,Exilizer
24,1684,SAR,Pro Bowl,LB,Linebacker,Haha Mango-Panda,furiousPanda
24,1571,YKW,Pro Bowl,LB,Linebacker,Douglas Quaid,HENDRIX 2.0
24,1909,PHI,Pro Bowl,CB,Cornerback,Brandon Booker,Memento Mori
24,1376,COL,Pro Bowl,CB,Cornerback,Louisiana Purchase,Modern_Duke
24,2047,BAL,Pro Bowl,CB,Cornerback,Lesean Paris Crooks,The_Kidd
24,1554,COL,Pro Bowl,S,Safety,Thor Kirkby,Acsolap
24,1478,COL,Pro Bowl,S,Safety,Pete Parker,jsteele14
24,1951,CHI,Pro Bowl,S,Safety,Hamish MacAndrew,IthicaHawk
24,1989,PHI,Pro Bowl,P,Wide Receiver,Achtfünf -,.simo
24,1781,CHI,Pro Bowl,K,Kicker,Sam Sidekick,Evok
24,1582,YKW,Pro Bowl,K,Kicker,Dougie Smalls,iseedoug
24,1551,BAL,Pro Bowl,KR,Running Back,Darrel Williams,Ry_
24,1376,COL,Pro Bowl,KR,Cornerback,Louisiana Purchase,Modern_Duke
24,1313,COL,QBOTY,QB,Quarterback,Wolfie McDummy,infinitempg
24,2104,POR,QBOTY,QB,Quarterback,Sam Howitzer,Trautner
24,1903,SJS,RBOTY,RB,Running Back,Tatsu Nakamura,qWest
24,2146,DAL,RBOTY,RB,Running Back,Zoe Watts,Kyamprac
24,1302,AUS,RetOTY,CB,Cornerback,Dermot Lavelle Jr.,White Cornerback
24,2089,POR,RetOTY,WR,Wide Receiver,Korbin Brown,YoungTB
24,1554,COL,SOTY,S,Safety,Thor Kirkby,Acsolap
24,2114,POR,SOTY,S,Safety,Joel Drake,Rusfan
24,1946,AZ,TEOTY,TE,Tight End,Heath Evans,Thor
24,2062,KCC,TEOTY,OL,Offensive Lineman,Rigby Raccoon,dieselj123
24,1776,COL,WROTY,WR,Wide Receiver,William Lim,yonggarius
24,2044,TIJ,WROTY,WR,Wide Receiver,Doug Howlett,Rufio_NZ
25,1731,CHI,CBOTY,CB,Cornerback,Tyler Oles JR,Oles
25,2276,MBB,CBOTY,OL,Offensive Lineman,James Hoffman,kingsleigher
25,1131,SJS,championship,WR,Wide Receiver,Nate Swift,Bigred1580
25,1335,SJS,championship,LB,Linebacker,Tyron Brackenridge,Lowlycrib
25,1515,SJS,championship,WR,Wide Receiver,Deondre Thomas-Fox,AW13
25,1638,SJS,championship,DT,Defensive Tackle,Otis Allen,KoltClassic
25,1640,SJS,championship,RB,Running Back,Rando Cardrissian,GoonerBear
25,1670,SJS,championship,CB,Cornerback,HeHateMe PickSix,Vorshayla
25,1722,SJS,championship,K,Kicker,Matthew McDairmid,Matty7478
25,1724,SJS,championship,LB,Linebacker,George ’Corpse Grinder’ Fisher,AL_GRINGO
25,1760,SJS,championship,QB,Offensive Lineman,"Monterey ""Monty"" Jack",Rradum
25,1803,SJS,championship,TE,Tight End,Daniel George,dk87gaming
25,1809,SJS,championship,RB,Running Back,Jamar Lackson,BenDover
25,1839,SJS,championship,S,Safety,Brendan Lanier,jdourtled
25,1863,SJS,championship,CB,Cornerback,Chester Sweets,revuhlution
25,1955,SJS,championship,DE,Linebacker,Lawrence Bass,RussDrivesTheBus
25,2000,SJS,championship,DT,Defensive Tackle,Yuuto Kira Cloudera,kentakira
25,2012,SJS,championship,S,Safety,Philip Stein,IHateBobNutting
25,2040,SJS,championship,WR,Wide Receiver,Tychondrius Hood,Tylus
25,2086,SJS,championship,CB,Safety,Rashad Hilliard,GotDatWeeFee
25,2116,SJS,championship,CB,Cornerback,Rickie Vaughne,supertardis101
25,2163,SJS,championship,DE,Defensive End,Raylan Crowder,Asked Madden
25,1843,NYS,DBROTY,LB,Linebacker,Jack Banks,TheRocheLimit
25,1175,YKW,DEOTY,DE,Defensive Tackle,Nero Alexander,shadyshoelace
25,2326,KCC,DEOTY,LB,Linebacker,Ernest Lover,Mojojojo
25,1675,SJS,DPerOTY,S,Safety,Prince Vegeta,jeffie43
25,2301,NOR,DPerOTY,OL,Offensive Lineman,Donald McBobby,bjbren17
25,1546,AZ,DPOTY,LB,Linebacker,Galf Wilf,Moosecop
25,2267,LON,DPOTY,LB,Linebacker,L’Gazzy Burfict,y2bobman
25,2112,COL,DROTY,LB,Linebacker,Melvin Murder-Moose,SchwarzNarr
25,2343,POR,DROTY,OL,Offensive Lineman,Moe Skeeter,TheDude83
25,1699,AZ,DTOTY,DT,Defensive Tackle,Claude Miller II,Bruins10
25,2156,POR,DTOTY,DT,Defensive Tackle,Chuck Roth,zeagle1
25,1067,OCO,HoF,Safety,Safety,Dan Schneider,LGMForever
25,1055,PHI,HoF,Safety,Safety,Lennox Garnett,37thchamber
25,1036,CHI,HoF,Kicker,Kicker,Kulture Fulture,Saliva^
25,1550,HON,KOTY,K,Kicker,Venus Powers,Baron1898
25,2219,MBB,KOTY,K,Kicker,Leo Bloomfield,BloomeyGB
25,1546,AZ,LBOTY,LB,Linebacker,Galf Wilf,Moosecop
25,2267,LON,LBOTY,LB,Linebacker,L’Gazzy Burfict,y2bobman
25,1375,SAR,MVP,QB,Quarterback,Dexter Banks II,TropicaliaCC
25,2269,MBB,MVP,QB,Quarterback,Jackie Daytona,Mooty99
25,2059,NYS,OBROTY,WR,Wide Receiver,Jackson Kingston,Daybe
25,1597,NYS,OLOTY,OL,Offensive Lineman,Douglas Quail,DynamicDoug
25,2224,POR,OLOTY,OL,Offensive Lineman,Marc Hamel,lespoils
25,1791,HON,OPerOTY,RB,Defensive End,Keʻokeʻo Kāne-Maikaʻi,gucci
25,2269,MBB,OPerOTY,QB,Quarterback,Jackie Daytona,Mooty99
25,1357,NYS,OPOTY,RB,Running Back,Ashley Owens,run_CMC
25,2317,DAL,OPOTY,RB,Running Back,Cobra Kai,OrbitingDeath
25,2044,BAL,OROTY,WR,Wide Receiver,Doug Howlett,Rufio_NZ
25,2317,DAL,OROTY,RB,Running Back,Cobra Kai,OrbitingDeath
25,1582,NYS,POTY,K,Kicker,Dougie Smalls,iseedoug
25,2336,MIN,POTY,OL,Offensive Lineman,Gluteus Maximus,UpperNet
25,1433,AZ,Pro Bowl,QB,Offensive Lineman,Jay Cue,Opera_Phantom
25,1749,OCO,Pro Bowl,QB,Quarterback,Suleiman Ramza,Blasoon
25,1357,NYS,Pro Bowl,RB,Running Back,Ashley Owens,run_CMC
25,1809,SJS,Pro Bowl,RB,Running Back,Jamar Lackson,BenDover
25,2146,AUS,Pro Bowl,RB,Running Back,Zoe Watts,Kyamprac
25,1603,NOLA,Pro Bowl,WR,Wide Receiver,Ed Barker,Wombat
25,1498,HON,Pro Bowl,WR,Wide Receiver,Jed Podolak,KC15
25,2059,NYS,Pro Bowl,WR,Wide Receiver,Jackson Kingston,Daybe
25,1872,AUS,Pro Bowl,WR,Wide Receiver,Eddie Jeeta,QuirkyTurtle
25,1946,AZ,Pro Bowl,TE,Tight End,Heath Evans,Thor
25,1690,OCO,Pro Bowl,TE,Running Back,Jeffrey Phillips,DrunkenTeddy
25,1455,NOLA,Pro Bowl,OL,Offensive Lineman,Givussafare Rubbe,caltroit_red_flames
25,2115,OCO,Pro Bowl,OL,Offensive Lineman,Ne Mo,Sushi
25,1597,NYS,Pro Bowl,OL,Offensive Lineman,Douglas Quail,DynamicDoug
25,2040,SJS,Pro Bowl,OFLEX,Wide Receiver,Tychondrius Hood,Tylus
25,1429,NYS,Pro Bowl,DE,Defensive End,Steco Ocewilder,soppychico
25,1916,AUS,Pro Bowl,DE,Defensive End,Troen Egghands,Troen
25,1627,OCO,Pro Bowl,DT,Defensive End,Rapid Eagle,rapideagle
25,1339,NYS,Pro Bowl,DT,Defensive Tackle,Bubba Thumper,woelkers
25,1817,HON,Pro Bowl,DT,Defensive Tackle,BigEddi ForeverYeti,Big Edd
25,1546,AZ,Pro Bowl,LB,Linebacker,Galf Wilf,Moosecop
25,2264,NYS,Pro Bowl,LB,Linebacker,Hank Winchester,timeconsumer
25,1843,NYS,Pro Bowl,LB,Linebacker,Jack Banks,TheRocheLimit
25,1868,NOLA,Pro Bowl,CB,Cornerback,Andrew Witten,mithrandir
25,2071,HON,Pro Bowl,CB,Cornerback,Ray-Ray Jackson,Jason
25,1350,NYS,Pro Bowl,CB,Cornerback,Jordan Andrews,RaiderNation
25,1514,NOLA,Pro Bowl,S,Safety,Mason Blaylock,Jay_Doctor
25,1675,OCO,Pro Bowl,S,Safety,Prince Vegeta,jeffie43
25,2135,AUS,Pro Bowl,S,Cornerback,Maverick Bowie,Tonzy
25,1582,NYS,Pro Bowl,P,Kicker,Dougie Smalls,iseedoug
25,1550,HON,Pro Bowl,K,Kicker,Venus Powers,Baron1898
25,1791,HON,Pro Bowl,KR,Defensive End,Keʻokeʻo Kāne-Maikaʻi,gucci
25,1514,NOLA,Pro Bowl,KR,Safety,Mason Blaylock,Jay_Doctor
25,1313,COL,Pro Bowl,QB,Quarterback,Wolfie McDummy,infinitempg
25,1375,SAR,Pro Bowl,QB,Quarterback,Dexter Banks II,TropicaliaCC
25,1948,COL,Pro Bowl,RB,Running Back,Richard Gilbert,SwankyPants31
25,2069,BER,Pro Bowl,RB,Kicker,Danny King,DanE got dis
25,1738,YKW,Pro Bowl,RB,Running Back,Acura Skyline,Skyline
25,2044,BAL,Pro Bowl,WR,Wide Receiver,Doug Howlett,Rufio_NZ
25,1776,COL,Pro Bowl,WR,Wide Receiver,William Lim,yonggarius
25,1975,SAR,Pro Bowl,WR,Linebacker,Michael Witheblock,sakrosankt
25,1512,CHI,Pro Bowl,WR,Wide Receiver,Sean O’Leary,Blueline
25,1895,SAR,Pro Bowl,TE,Tight End,James Angler,tMuse
25,1587,BAL,Pro Bowl,TE,Tight End,James Lewandowski,3lewsers
25,1405,COL,Pro Bowl,TE,Tight End,Earl Sauce,FleshBagSoup
25,2091,CHI,Pro Bowl,OL,Offensive Lineman,Icebox Riposte,Mavfatha
25,1836,YKW,Pro Bowl,OL,Offensive Lineman,Bruce Buckley,NicholasTheGreat
25,1905,COL,Pro Bowl,OL,Offensive Lineman,"Mo ""Mamba"" Magic",thevoicelesscreator
25,1619,PHI,Pro Bowl,OL,Offensive Lineman,Simon Tremblay,Briedaqueduc
25,1701,BAL,Pro Bowl,OL,Offensive Lineman,Byron Dolls,Symmetrik
25,2030,YKW,Pro Bowl,OFLEX,Wide Receiver,Kai Sakura,DarknessRising
25,1592,COL,Pro Bowl,DE,Defensive End,Immanuel Blackstone,nunccoepi
25,1175,YKW,Pro Bowl,DE,Defensive Tackle,Nero Alexander,shadyshoelace
25,1699,BER,Pro Bowl,DT,Defensive Tackle,Claude Miller II,Bruins10
25,1857,CHI,Pro Bowl,DT,Defensive Tackle,Daymond Brooks,ForSucksFake
25,2021,BER,Pro Bowl,LB,Linebacker,Hingle McCringleberry,Jmac NCheese
25,1684,SAR,Pro Bowl,LB,Linebacker,Haha Mango-Panda,furiousPanda
25,2112,COL,Pro Bowl,LB,Linebacker,Melvin Murder-Moose,SchwarzNarr
25,1731,CHI,Pro Bowl,CB,Cornerback,Tyler Oles JR,Oles
25,1635,CHI,Pro Bowl,CB,Cornerback,Osiris Firestorm-Fjord,HalfEatenOnionBagel
25,1358,YKW,Pro Bowl,CB,,None None,
25,2114,COL,Pro Bowl,S,Safety,Joel Drake,Rusfan
25,1970,SAR,Pro Bowl,S,Safety,Cuco Clemente,Billybolo53
25,1548,SAR,Pro Bowl,S,Safety,Jamie Nkiah,Drizzy
25,1710,SAR,Pro Bowl,P,Kicker,Jacob Small,bjkman
25,1989,BER,Pro Bowl,K,Wide Receiver,Achtfünf -,.simo
25,1620,SAR,Pro Bowl,KR,Running Back,Chizuru Ichinose,Frostbite
25,1970,SAR,Pro Bowl,KR,Safety,Cuco Clemente,Billybolo53
25,1375,SAR,QBOTY,QB,Quarterback,Dexter Banks II,TropicaliaCC
25,2269,MBB,QBOTY,QB,Quarterback,Jackie Daytona,Mooty99
25,1357,NYS,RBOTY,RB,Running Back,Ashley Owens,run_CMC
25,2317,DAL,RBOTY,RB,Running Back,Cobra Kai,OrbitingDeath
25,1791,HON,RetOTY,RB,Defensive End,Keʻokeʻo Kāne-Maikaʻi,gucci
25,2297,DAL,RetOTY,WR,Wide Receiver,Mark Callous,McCransky
25,1675,SJS,SOTY,S,Safety,Prince Vegeta,jeffie43
25,2179,MIN,SOTY,S,Safety,Damian Blackfyre,ThunderTitan82
25,1690,OCO,TEOTY,RB,Running Back,Jeffrey Phillips,DrunkenTeddy
25,2152,MBB,TEOTY,CB,Cornerback,Sulaiman Kazi,UberBJ
25,2044,BAL,WROTY,WR,Wide Receiver,Doug Howlett,Rufio_NZ
25,2305,POR,WROTY,TE,Tight End,Mario Messi,KingSean
26,1448,NOLA,CBOTY,CB,Cornerback,David Rector,ddrector
26,2211,POR,CBOTY,RB,Running Back,Elijah Torres,Toasty
26,1175,YKW,championship,DE,Defensive Tackle,Nero Alexander,shadyshoelace
26,1358,YKW,championship,CB,,None None,
26,1454,YKW,championship,T,Offensive Lineman,Maurice Virtanen,Murtsi
26,1507,YKW,championship,DE,Linebacker,Mack Arianlacher,LordMacharius
26,1571,YKW,championship,LB,Linebacker,Douglas Quaid,HENDRIX 2.0
26,1683,YKW,championship,QB,Quarterback,Colby Jack,flyeaglesfly29
26,1738,YKW,championship,RB,Running Back,Acura Skyline,Skyline
26,1744,YKW,championship,DE,Defensive End,James Cho,cho1325
26,1758,YKW,championship,TE,Tight End,Zee Rechs,ZootTX
26,1771,YKW,championship,DT,Defensive Tackle,Patrik Money,PMoney
26,1772,YKW,championship,S,Safety,Johnny Hellzapoppin,Colabear
26,1801,YKW,championship,S,Safety,Magnus Valdyr,KamiCommie
26,1836,YKW,championship,T,Offensive Lineman,Bruce Buckley,NicholasTheGreat
26,2030,YKW,championship,WR,Wide Receiver,Kai Sakura,DarknessRising
26,2124,YKW,championship,K,Kicker,Blago Kokot,Goat_Whisperer
26,2152,YKW,championship,CB,Cornerback,Sulaiman Kazi,UberBJ
26,2194,YKW,championship,CB,Cornerback,Daniel Foster,Arkz
26,2240,YKW,championship,WR,Wide Receiver,Mark Walker,deadlunatic
26,2243,YKW,championship,RB,Running Back,Jameson Vermillion,Vainknight13
26,2320,YKW,championship,DT,Linebacker,Big Slammu,moonlight
26,2368,YKW,championship,WR,Wide Receiver,Arthur Naught,wonderful_art
26,2231,NYS,DBROTY,S,Offensive Lineman,Bob Roberts,zaynzk
26,2185,BAL,DEOTY,DE,Defensive End,Etrigan T. Slayer,Thiath
26,2196,TIJ,DEOTY,DT,Defensive Tackle,Owen Isaac,oji3001
26,1728,AZ,DPerOTY,LB,Linebacker,Stanislaw Koniecpolski,majesiu
26,2282,LON,DPerOTY,S,Safety,Steven Wadham,Arvot
26,1448,NOLA,DPOTY,CB,Cornerback,David Rector,ddrector
26,2282,LON,DPOTY,S,Safety,Steven Wadham,Arvot
26,2185,BAL,DROTY,DE,Defensive End,Etrigan T. Slayer,Thiath
26,2420,NOR,DROTY,DE,Defensive End,Bean Beanman,Seymour
26,1629,AZ,DTOTY,DT,Defensive Tackle,"Pete ""Plop"" Miller",BRNXB0MBERS
26,2377,LON,DTOTY,DT,Defensive Tackle,Fergus Callaghan Jr.,H0PPY75
26,1017,YKW,HoF,Safety,Safety,Danny Grithead,Trautner
26,1122,BAL,HoF,Wide Receiver,Wide Receiver,Errol Maddox,PigSnout
26,1148,OCO,HoF,Tight End,Tight End,Johnny Blaze,JBLAZE_THE_BOSS
26,1710,SAR,KOTY,K,Kicker,Jacob Small,bjkman
26,2219,BBB,KOTY,K,Kicker,Leo Bloomfield,BloomeyGB
26,2032,AUS,LBOTY,LB,Linebacker,Griffin Porter,AsylumParty
26,2241,MIN,LBOTY,DE,Defensive End,Wasrabi Gleel,Crodyman
26,1683,YKW,MVP,QB,Quarterback,Colby Jack,flyeaglesfly29
26,2313,POR,MVP,OL,Offensive Lineman,LeBron James III,Orhanello
26,2088,AZ,OBROTY,WR,Wide Receiver,Taro Raimon,xTri
26,1836,YKW,OLOTY,OL,Offensive Lineman,Bruce Buckley,NicholasTheGreat
26,2312,LON,OLOTY,OL,Offensive Lineman,Maiteers Rico-Shea,Beaver
26,1402,NOLA,OPerOTY,RB,Running Back,Marcella Tōriki,bex
26,2362,BBB,OPerOTY,RB,Running Back,Akil Ozymandias,Count chocula
26,1433,AZ,OPOTY,QB,Offensive Lineman,Jay Cue,Opera_Phantom
26,2317,DAL,OPOTY,RB,Running Back,Cobra Kai,OrbitingDeath
26,2141,SAR,OROTY,QB,Linebacker,Mike Boss Jr,JBLAZE_THE_BOSS
26,2424,KCC,OROTY,RB,Running Back,Xander Creed,Bandit239
26,1184,OCO,POTY,K,Kicker,Alex Dasistwirklichseinnachname,BigKicks
26,2408,KCC,POTY,K,Kicker,Armando Galarraga,BigUnitBabs
26,1433,AZ,Pro Bowl,QB,Offensive Lineman,Jay Cue,Opera_Phantom
26,1308,AUS,Pro Bowl,QB,Quarterback,Easton Cole,JKortesi81
26,2146,AUS,Pro Bowl,RB,Running Back,Zoe Watts,Kyamprac
26,1402,NOLA,Pro Bowl,RB,Running Back,Marcella Tōriki,bex
26,2232,NOLA,Pro Bowl,RB,Running Back,Mike Rotchburns,SchoolboyShue
26,1603,NOLA,Pro Bowl,WR,Wide Receiver,Ed Barker,Wombat
26,2088,AZ,Pro Bowl,WR,Wide Receiver,Taro Raimon,xTri
26,2059,NYS,Pro Bowl,WR,Wide Receiver,Jackson Kingston,Daybe
26,1753,AZ,Pro Bowl,WR,Offensive Lineman,Thomas Passmann,StamkosFan
26,1946,OCO,Pro Bowl,TE,Tight End,Heath Evans,Thor
26,1499,NOLA,Pro Bowl,TE,Tight End,Austin McCormick,Nokazoa
26,1761,AZ,Pro Bowl,OL,Offensive Lineman,Calvin Golladay,CalvinGolladay
26,2260,AUS,Pro Bowl,OL,Offensive Lineman,Connor Quigley,WhatAmUs
26,2158,NOLA,Pro Bowl,OL,Offensive Lineman,Adam Mellott,GuitarMaster116
26,2224,NYS,Pro Bowl,OL,Offensive Lineman,Marc Hamel,lespoils
26,2115,OCO,Pro Bowl,OL,Offensive Lineman,Ne Mo,Sushi
26,1918,OCO,Pro Bowl,OFLEX,Wide Receiver,Garfield Despacito Jr.,Gwdjohnson
26,2142,HON,Pro Bowl,DE,Defensive End,Asher Montain,Attopax
26,2293,NOLA,Pro Bowl,DE,Defensive End,Medicinal Toblerone,JuOSu
26,1629,AZ,Pro Bowl,DT,Defensive Tackle,"Pete ""Plop"" Miller",BRNXB0MBERS
26,1622,NYS,Pro Bowl,DT,Defensive Tackle,Leon McDavid,MN_Moosey
26,2032,AUS,Pro Bowl,LB,Linebacker,Griffin Porter,AsylumParty
26,1955,SJS,Pro Bowl,LB,Linebacker,Lawrence Bass,RussDrivesTheBus
26,2140,NOLA,Pro Bowl,LB,Linebacker,Busch Light,crow19
26,1448,NOLA,Pro Bowl,CB,Cornerback,David Rector,ddrector
26,1845,HON,Pro Bowl,CB,Cornerback,Jim Waters,siddhus
26,1764,AUS,Pro Bowl,CB,Defensive Tackle,Colt Mendoza,iStegosauruz
26,2186,OCO,Pro Bowl,S,Cornerback,Tyrone Biggums,Rehnx
26,2135,AUS,Pro Bowl,S,Cornerback,Maverick Bowie,Tonzy
26,1934,HON,Pro Bowl,S,Safety,Shawn Dawkins,Number 82
26,1184,OCO,Pro Bowl,P,Kicker,Alex Dasistwirklichseinnachname,BigKicks
26,1634,AZ,Pro Bowl,K,Kicker,J.J. “Jay” Jay-Jaymison,hannahg32
26,1934,HON,Pro Bowl,KR,Safety,Shawn Dawkins,Number 82
26,1872,AUS,Pro Bowl,KR,Wide Receiver,Eddie Jeeta,QuirkyTurtle
26,1909,OCO,Pro Bowl,KR,Cornerback,Brandon Booker,Memento Mori
26,1683,YKW,Pro Bowl,QB,Quarterback,Colby Jack,flyeaglesfly29
26,2141,SAR,Pro Bowl,QB,Linebacker,Mike Boss Jr,JBLAZE_THE_BOSS
26,2034,BER,Pro Bowl,RB,,Danny King Jr.,Jo3fish5
26,1386,BAL,Pro Bowl,RB,Running Back,Mathias Hanyadi,CLG Rampage
26,1738,YKW,Pro Bowl,RB,Running Back,Acura Skyline,Skyline
26,2044,BAL,Pro Bowl,WR,Wide Receiver,Doug Howlett,Rufio_NZ
26,1512,CHI,Pro Bowl,WR,Wide Receiver,Sean O’Leary,Blueline
26,1975,SAR,Pro Bowl,WR,Linebacker,Michael Witheblock,sakrosankt
26,1776,COL,Pro Bowl,WR,Wide Receiver,William Lim,yonggarius
26,1623,CHI,Pro Bowl,TE,Tight End,Tree Gelbman,Reno
26,1895,SAR,Pro Bowl,TE,Tight End,James Angler,tMuse
26,2225,BAL,Pro Bowl,OL,Offensive Lineman,Felix Archstone,GlimsTC
26,1836,YKW,Pro Bowl,OL,Offensive Lineman,Bruce Buckley,NicholasTheGreat
26,2027,COL,Pro Bowl,OL,Offensive Lineman,Dick Thruster,PersonMann
26,1619,PHI,Pro Bowl,OL,Offensive Lineman,Simon Tremblay,Briedaqueduc
26,1701,BER,Pro Bowl,OL,Offensive Lineman,Byron Dolls,Symmetrik
26,2030,YKW,Pro Bowl,OFLEX,Wide Receiver,Kai Sakura,DarknessRising
26,1592,COL,Pro Bowl,DE,Defensive End,Immanuel Blackstone,nunccoepi
26,2185,BAL,Pro Bowl,DE,Defensive End,Etrigan T. Slayer,Thiath
26,1947,SAR,Pro Bowl,DT,Defensive Tackle,Fawn Dillmiballs,Booger
26,1857,CHI,Pro Bowl,DT,Defensive Tackle,Daymond Brooks,ForSucksFake
26,2112,COL,Pro Bowl,LB,Linebacker,Melvin Murder-Moose,SchwarzNarr
26,1856,SAR,Pro Bowl,LB,Linebacker,Derred de Ville,Exilizer
26,1571,YKW,Pro Bowl,LB,Linebacker,Douglas Quaid,HENDRIX 2.0
26,2152,YKW,Pro Bowl,CB,Cornerback,Sulaiman Kazi,UberBJ
26,2253,BER,Pro Bowl,CB,Cornerback,Swantavius Jones,Swanty
26,1358,YKW,Pro Bowl,CB,,None None,
26,2214,SAR,Pro Bowl,S,Safety,Teddy Utterstruzen,teddyoojo
26,2179,CHI,Pro Bowl,S,Safety,Damian Blackfyre,ThunderTitan82
26,2171,COL,Pro Bowl,S,Cornerback,NationalSimulation FootballLeague,SDCore
26,1781,CHI,Pro Bowl,P,Kicker,Sam Sidekick,Evok
26,1710,SAR,Pro Bowl,K,Kicker,Jacob Small,bjkman
26,1825,BER,Pro Bowl,KR,Offensive Lineman,Matt Krause,SomeSay...
26,1624,PHI,Pro Bowl,KR,Wide Receiver,Flash Panda,juniped
26,1683,YKW,QBOTY,QB,Quarterback,Colby Jack,flyeaglesfly29
26,2313,POR,QBOTY,OL,Offensive Lineman,LeBron James III,Orhanello
26,2034,AZ,RBOTY,RB,,Danny King Jr.,Jo3fish5
26,2317,DAL,RBOTY,RB,Running Back,Cobra Kai,OrbitingDeath
26,1624,LIB,RetOTY,WR,Wide Receiver,Flash Panda,juniped
26,2160,POR,RetOTY,RB,Running Back,Anders Christiansen,bluesfan55
26,2186,OCO,SOTY,S,Cornerback,Tyrone Biggums,Rehnx
26,2282,LON,SOTY,S,Safety,Steven Wadham,Arvot
26,1623,AUS,TEOTY,TE,Tight End,Tree Gelbman,Reno
26,2075,LON,TEOTY,TE,Tight End,Frank Michell,DeadlyPlayer
26,1975,SAR,WROTY,WR,Linebacker,Michael Witheblock,sakrosankt
26,2305,POR,WROTY,TE,Tight End,Mario Messi,KingSean
27,1868,NOLA,CBOTY,CB,Cornerback,Andrew Witten,mithrandir
27,2496,LON,CBOTY,CB,Cornerback,C.J. Sonjack,Ace
27,1548,SAR,championship,FS,Safety,Jamie Nkiah,Drizzy
27,1561,SAR,championship,WR,Wide Receiver,Jacoby Clay,Vexatious
27,1620,SAR,championship,RB,Running Back,Chizuru Ichinose,Frostbite
27,1684,SAR,championship,LB,Linebacker,Haha Mango-Panda,furiousPanda
27,1710,SAR,championship,K,Kicker,Jacob Small,bjkman
27,1856,SAR,championship,LB,Linebacker,Derred de Ville,Exilizer
27,1895,SAR,championship,TE,Tight End,James Angler,tMuse
27,1947,SAR,championship,DT,Defensive Tackle,Fawn Dillmiballs,Booger
27,1970,SAR,championship,SS,Safety,Cuco Clemente,Billybolo53
27,1975,SAR,championship,WR,Linebacker,Michael Witheblock,sakrosankt
27,1977,SAR,championship,DE,Defensive End,Son Goku,Naosu
27,1987,SAR,championship,RB,Offensive Lineman,Running Back,Nykonax
27,2076,SAR,championship,WR,Running Back,Tre’Darius J’Vathon,Rise of Smitty
27,2094,SAR,championship,CB,Cornerback,Harrison Andrews,abh89
27,2126,SAR,championship,FB,Running Back,Sigismund Sternenstaub,Mongoose87
27,2129,SAR,championship,T,Offensive Lineman,"Thad Pennington, Jr.",Blastmeaway
27,2141,SAR,championship,QB,Linebacker,Mike Boss Jr,JBLAZE_THE_BOSS
27,2167,SAR,championship,T,Offensive Lineman,Clay Stallworth,Gravtx
27,2184,SAR,championship,CB,Safety,Peter Patterson,slate
27,2214,SAR,championship,SS,Safety,Teddy Utterstruzen,teddyoojo
27,2254,SAR,championship,TE,Offensive Lineman,Cleg Manclaw,Cynoblaze
27,2314,SAR,championship,DE,Defensive End,David Moyes,LB3737
27,2326,SAR,championship,DE,Linebacker,Ernest Lover,Mojojojo
27,2354,SAR,championship,C,Wide Receiver,John Smith,Gooney
27,2236,COL,DBROTY,LB,Linebacker,Rusty Rucker,LancedJack
27,1791,HON,DEOTY,DE,Defensive End,Keʻokeʻo Kāne-Maikaʻi,gucci
27,2420,NOR,DEOTY,DE,Defensive End,Bean Beanman,Seymour
27,2112,COL,DPerOTY,LB,Linebacker,Melvin Murder-Moose,SchwarzNarr
27,2496,LON,DPerOTY,CB,Cornerback,C.J. Sonjack,Ace
27,2112,COL,DPOTY,LB,Linebacker,Melvin Murder-Moose,SchwarzNarr
27,2420,NOR,DPOTY,DE,Defensive End,Bean Beanman,Seymour
27,2376,NOLA,DROTY,LB,Linebacker,Vincent Jones,huck24
27,2496,LON,DROTY,CB,Cornerback,C.J. Sonjack,Ace
27,1817,COL,DTOTY,DT,Defensive Tackle,BigEddi ForeverYeti,Big Edd
27,2455,KCC,DTOTY,DT,Defensive Tackle,Prof. Godfrey Gravity,z0rem
27,1097,AZ,HoF,Linebacker,Linebacker,Raymond Vans,karl
27,1107,COL,HoF,Wide Receiver,Wide Receiver,James Bishop,Bwestfield
27,1087,OCO,HoF,Defensive Tackle,Defensive Tackle,Thorian Skarsgard,MrStennett
27,1158,YKW,HoF,Quarterback,Quarterback,Cooter Bigsby,timeconsumer
27,1166,BAL,HoF,Quarterback,Quarterback,Corvo Havran,Raven
27,1260,COL,HoF,Linebacker,Linebacker,Mo Berry,Frick_Nasty
27,1254,OCO,HoF,Running Back,Running Back,Apollo Reed,NylarthePhoenix
27,2246,LIB,KOTY,K,Wide Receiver,Jake Fencik,xenosthelegend
27,2408,KCC,KOTY,K,Kicker,Armando Galarraga,BigUnitBabs
27,2112,COL,LBOTY,LB,Linebacker,Melvin Murder-Moose,SchwarzNarr
27,2379,TIJ,LBOTY,LB,Linebacker,Devonte Crook,Southie
27,1852,NOLA,MVP,QB,Offensive Lineman,Ben Slothlisberger,slothfacekilla
27,2313,POR,MVP,OL,Offensive Lineman,LeBron James III,Orhanello
27,2367,COL,OBROTY,WR,Wide Receiver,Raphael Delacour,37thchamber
27,2158,NOLA,OLOTY,OL,Offensive Lineman,Adam Mellott,GuitarMaster116
27,2525,POR,OLOTY,OL,Offensive Lineman,Stumpy Jones,FootballIsCool
27,2040,SJS,OPerOTY,WR,Wide Receiver,Tychondrius Hood,Tylus
27,2453,POR,OPerOTY,S,Safety,Remus Roman,Vaelynn
27,1620,SAR,OPOTY,RB,Running Back,Chizuru Ichinose,Frostbite
27,2421,POR,OPOTY,OL,Offensive Lineman,Giovanni Bianchi,SamTwoSix
27,2074,AZ,OROTY,QB,Quarterback,Charlemagne Cortez,MrStennett
27,2468,DAL,OROTY,CB,Cornerback,Chunt The Badger,UltimateYeehaw
27,1710,SAR,POTY,K,Kicker,Jacob Small,bjkman
27,2336,MIN,POTY,OL,Offensive Lineman,Gluteus Maximus,UpperNet
27,1852,NOLA,Pro Bowl,QB,Offensive Lineman,Ben Slothlisberger,slothfacekilla
27,1749,OCO,Pro Bowl,QB,Quarterback,Suleiman Ramza,Blasoon
27,1903,AZ,Pro Bowl,RB,Running Back,Tatsu Nakamura,qWest
27,2042,HON,Pro Bowl,RB,Running Back,Nicholas Ayers,Faded
27,1809,SJS,Pro Bowl,RB,Running Back,Jamar Lackson,BenDover
27,2298,NYS,Pro Bowl,FB,Running Back,Buster Bawlls,ryd029aird13
27,1498,HON,Pro Bowl,WR,Wide Receiver,Jed Podolak,KC15
27,1603,NOLA,Pro Bowl,WR,Wide Receiver,Ed Barker,Wombat
27,2040,SJS,Pro Bowl,WR,Wide Receiver,Tychondrius Hood,Tylus
27,2088,AZ,Pro Bowl,WR,Wide Receiver,Taro Raimon,xTri
27,1946,OCO,Pro Bowl,TE,Tight End,Heath Evans,Thor
27,1499,NOLA,Pro Bowl,TE,Tight End,Austin McCormick,Nokazoa
27,1761,AZ,Pro Bowl,OL,Offensive Lineman,Calvin Golladay,CalvinGolladay
27,2260,AUS,Pro Bowl,OL,Offensive Lineman,Connor Quigley,WhatAmUs
27,2158,NOLA,Pro Bowl,OL,Offensive Lineman,Adam Mellott,GuitarMaster116
27,1433,AZ,Pro Bowl,OL,Offensive Lineman,Jay Cue,Opera_Phantom
27,1583,OCO,Pro Bowl,OL,Offensive Lineman,Future Trunks,Lemon
27,2067,AUS,Pro Bowl,OFLEX,Wide Receiver,Videl-San -,ValorX77
27,1791,HON,Pro Bowl,DE,Defensive End,Keʻokeʻo Kāne-Maikaʻi,gucci
27,2163,SJS,Pro Bowl,DE,Defensive End,Raylan Crowder,Asked Madden
27,2156,AZ,Pro Bowl,DT,Defensive Tackle,Chuck Roth,zeagle1
27,1622,NYS,Pro Bowl,DT,Defensive Tackle,Leon McDavid,MN_Moosey
27,2134,OCO,Pro Bowl,LB,Linebacker,Joseph Joestar,Lime
27,1843,NYS,Pro Bowl,LB,Linebacker,Jack Banks,TheRocheLimit
27,1983,HON,Pro Bowl,LB,Defensive Tackle,Heinrich Kackpoo,gbfn
27,1868,NOLA,Pro Bowl,CB,Cornerback,Andrew Witten,mithrandir
27,1764,NYS,Pro Bowl,CB,Defensive Tackle,Colt Mendoza,iStegosauruz
27,2202,SJS,Pro Bowl,CB,Cornerback,Rich Triplet,Kotasa
27,1934,HON,Pro Bowl,S,Safety,Shawn Dawkins,Number 82
27,2135,AUS,Pro Bowl,S,Cornerback,Maverick Bowie,Tonzy
27,2068,OCO,Pro Bowl,S,Safety,Eugene Smoothie,Nhamlet
27,1634,AZ,Pro Bowl,P,Kicker,J.J. “Jay” Jay-Jaymison,hannahg32
27,1722,SJS,Pro Bowl,K,Kicker,Matthew McDairmid,Matty7478
27,2059,NYS,Pro Bowl,KR,Wide Receiver,Jackson Kingston,Daybe
27,1553,AZ,Pro Bowl,KR,Cornerback,Desmond Scarlett,Unicorn
27,1671,CHI,Pro Bowl,QB,Quarterback,George O’Donnell,Leafer
27,1683,YKW,Pro Bowl,QB,Quarterback,Colby Jack,flyeaglesfly29
27,1620,SAR,Pro Bowl,RB,Running Back,Chizuru Ichinose,Frostbite
27,1551,PHI,Pro Bowl,RB,Running Back,Darrel Williams,Ry_
27,1948,COL,Pro Bowl,RB,Running Back,Richard Gilbert,SwankyPants31
27,1470,PHI,Pro Bowl,FB,Running Back,Fuzzy Dotson,goodfortunecoffee
27,2007,CHI,Pro Bowl,WR,Wide Receiver,Luca Scabbia,enigmatic
27,1776,COL,Pro Bowl,WR,Wide Receiver,William Lim,yonggarius
27,1975,SAR,Pro Bowl,WR,Linebacker,Michael Witheblock,sakrosankt
27,2144,CHI,Pro Bowl,WR,Wide Receiver,Joshua Campbell,Buttersqauch101
27,1895,SAR,Pro Bowl,TE,Tight End,James Angler,tMuse
27,1758,YKW,Pro Bowl,TE,Tight End,Zee Rechs,ZootTX
27,2060,CHI,Pro Bowl,OL,Offensive Lineman,Julio Jones,24redcrayons
27,1836,YKW,Pro Bowl,OL,Offensive Lineman,Bruce Buckley,NicholasTheGreat
27,2048,COL,Pro Bowl,OL,Offensive Lineman,Greedy Sly,Sylphreni
27,1619,PHI,Pro Bowl,OL,Offensive Lineman,Simon Tremblay,Briedaqueduc
27,1905,COL,Pro Bowl,OL,Offensive Lineman,"Mo ""Mamba"" Magic",thevoicelesscreator
27,1637,CHI,Pro Bowl,OFLEX,Running Back,Baby Yoda,SwagSloth
27,1744,YKW,Pro Bowl,DE,Defensive End,James Cho,cho1325
27,1977,SAR,Pro Bowl,DE,Defensive End,Son Goku,Naosu
27,1817,COL,Pro Bowl,DT,Defensive Tackle,BigEddi ForeverYeti,Big Edd
27,1682,BER,Pro Bowl,DT,Defensive Tackle,Hank Steel,DrChops
27,2112,COL,Pro Bowl,LB,Linebacker,Melvin Murder-Moose,SchwarzNarr
27,2236,COL,Pro Bowl,LB,Linebacker,Rusty Rucker,LancedJack
27,1856,SAR,Pro Bowl,LB,Linebacker,Derred de Ville,Exilizer
27,1571,YKW,Pro Bowl,LB,Linebacker,Douglas Quaid,HENDRIX 2.0
27,1635,CHI,Pro Bowl,CB,Cornerback,Osiris Firestorm-Fjord,HalfEatenOnionBagel
27,2094,SAR,Pro Bowl,CB,Cornerback,Harrison Andrews,abh89
27,2209,COL,Pro Bowl,CB,Cornerback,Albert Ruschmann,katarn22
27,2184,SAR,Pro Bowl,CB,Safety,Peter Patterson,slate
27,2114,COL,Pro Bowl,S,Safety,Joel Drake,Rusfan
27,1970,SAR,Pro Bowl,S,Safety,Cuco Clemente,Billybolo53
27,1782,PHI,Pro Bowl,S,Running Back,"Matt ""Son of Havoc"" Cross",J0EB
27,1710,SAR,Pro Bowl,P,Kicker,Jacob Small,bjkman
27,2246,PHI,Pro Bowl,K,Wide Receiver,Jake Fencik,xenosthelegend
27,2030,YKW,Pro Bowl,KR,Wide Receiver,Kai Sakura,DarknessRising
27,1825,BER,Pro Bowl,KR,Offensive Lineman,Matt Krause,SomeSay...
27,1852,NOLA,QBOTY,QB,Offensive Lineman,Ben Slothlisberger,slothfacekilla
27,2313,POR,QBOTY,OL,Offensive Lineman,LeBron James III,Orhanello
27,1620,SAR,RBOTY,RB,Running Back,Chizuru Ichinose,Frostbite
27,2421,POR,RBOTY,OL,Offensive Lineman,Giovanni Bianchi,SamTwoSix
27,2059,NYS,RetOTY,WR,Wide Receiver,Jackson Kingston,Daybe
27,2393,MIN,RetOTY,RB,Running Back,Madison Hayes,sve7en
27,2114,COL,SOTY,S,Safety,Joel Drake,Rusfan
27,2454,MIN,SOTY,CB,Cornerback,Tim Soulja,Painted
27,1895,SAR,TEOTY,TE,Tight End,James Angler,tMuse
27,2380,DAL,TEOTY,TE,Tight End,Borgo San Lorenzo,AgentSmith
27,1776,COL,WROTY,WR,Wide Receiver,William Lim,yonggarius
27,2468,DAL,WROTY,CB,Cornerback,Chunt The Badger,UltimateYeehaw
28,2074,AZ,All-Pro First Team,QB,Quarterback,Charlemagne Cortez,MrStennett
28,1903,AZ,All-Pro First Team,RB,Running Back,Tatsu Nakamura,qWest
28,2298,NYS,All-Pro First Team,FB,Running Back,Buster Bawlls,ryd029aird13
28,2067,AUS,All-Pro First Team,WR,Wide Receiver,Videl-San -,ValorX77
28,1603,NOLA,All-Pro First Team,WR,Wide Receiver,Ed Barker,Wombat
28,1895,SAR,All-Pro First Team,TE,Tight End,James Angler,tMuse
28,1761,AZ,All-Pro First Team,OT,Offensive Lineman,Calvin Golladay,CalvinGolladay
28,2158,NOLA,All-Pro First Team,OT,Offensive Lineman,Adam Mellott,GuitarMaster116
28,2296,BFS,All-Pro First Team,GUARD,Offensive Lineman,Ananda Adyan,TMosura
28,2115,OCO,All-Pro First Team,GUARD,Offensive Lineman,Ne Mo,Sushi
28,2091,CHI,All-Pro First Team,CENTER,Offensive Lineman,Icebox Riposte,Mavfatha
28,1620,SAR,All-Pro First Team,O FLEX,Running Back,Chizuru Ichinose,Frostbite
28,1627,OCO,All-Pro First Team,EDGE,Defensive End,Rapid Eagle,rapideagle
28,1856,SAR,All-Pro First Team,EDGE,Linebacker,Derred de Ville,Exilizer
28,2156,AZ,All-Pro First Team,DT,Defensive Tackle,Chuck Roth,zeagle1
28,1857,CHI,All-Pro First Team,DT,Defensive Tackle,Daymond Brooks,ForSucksFake
28,1684,SAR,All-Pro First Team,LB,Linebacker,Haha Mango-Panda,furiousPanda
28,1843,NYS,All-Pro First Team,LB,Linebacker,Jack Banks,TheRocheLimit
28,2202,AZ,All-Pro First Team,CB,Cornerback,Rich Triplet,Kotasa
28,2094,SAR,All-Pro First Team,CB,Cornerback,Harrison Andrews,abh89
28,2231,NYS,All-Pro First Team,S,Offensive Lineman,Bob Roberts,zaynzk
28,1951,AUS,All-Pro First Team,S,Safety,Hamish MacAndrew,IthicaHawk
28,2135,AUS,All-Pro First Team,D FLEX,Cornerback,Maverick Bowie,Tonzy
28,1722,SJS,All-Pro First Team,P,Kicker,Matthew McDairmid,Matty7478
28,1722,SJS,All-Pro First Team,K,Kicker,Matthew McDairmid,Matty7478
28,1624,LIB,All-Pro First Team,RET,Wide Receiver,Flash Panda,juniped
28,2137,COL,All-Pro Second Team,QB,Quarterback,Mattathias Caliban,PigSnout
28,1551,LIB,All-Pro Second Team,RB,Running Back,Darrel Williams,Ry_
28,1470,LIB,All-Pro Second Team,FB,Running Back,Fuzzy Dotson,goodfortunecoffee
28,1776,COL,All-Pro Second Team,WR,Wide Receiver,William Lim,yonggarius
28,2275,OCO,All-Pro Second Team,WR,Wide Receiver,Owen Holloway,speculadora
28,1894,BFS,All-Pro Second Team,TE,Offensive Lineman,Clark Boyd,Cheech65
28,2060,CHI,All-Pro Second Team,OT,Offensive Lineman,Julio Jones,24redcrayons
28,1836,YKW,All-Pro Second Team,OT,Offensive Lineman,Bruce Buckley,NicholasTheGreat
28,1665,COL,All-Pro Second Team,GUARD,Offensive Lineman,Dorfus Jimbo Jr,ScorpXCracker
28,1972,BFS,All-Pro Second Team,CENTER,Offensive Lineman,Taylor Cooper,gargaroff
28,2088,AZ,All-Pro Second Team,O FLEX,Wide Receiver,Taro Raimon,xTri
28,1935,AUS,All-Pro Second Team,EDGE,Linebacker,Dex Kennedy,Dagumpa
28,1983,HON,All-Pro Second Team,EDGE,Defensive Tackle,Heinrich Kackpoo,gbfn
28,1871,COL,All-Pro Second Team,DT,Defensive Tackle,Magnus Rikiya,Tesla
28,2093,NOLA,All-Pro Second Team,DT,Defensive Tackle,LeBong Simwell,Birdman
28,2306,BFS,All-Pro Second Team,LB,Linebacker,BamBam McMullet,manicmav36
28,1571,YKW,All-Pro Second Team,LB,Linebacker,Douglas Quaid,HENDRIX 2.0
28,2152,YKW,All-Pro Second Team,CB,Cornerback,Sulaiman Kazi,UberBJ
28,2214,SAR,All-Pro Second Team,S,Safety,Teddy Utterstruzen,teddyoojo
28,1970,SAR,All-Pro Second Team,S,Safety,Cuco Clemente,Billybolo53
28,1764,NYS,All-Pro Second Team,D FLEX,Defensive Tackle,Colt Mendoza,iStegosauruz
28,2124,YKW,All-Pro Second Team,P,Kicker,Blago Kokot,Goat_Whisperer
28,2069,BFS,All-Pro Second Team,K,Kicker,Danny King,DanE got dis
28,2171,COL,All-Pro Second Team,RET,Cornerback,NationalSimulation FootballLeague,SDCore
28,2094,SAR,CBOTY,CB,Cornerback,Harrison Andrews,abh89
28,2551,TIJ,CBOTY,LB,Linebacker,Sir Peter Jackson,ddrector
28,1571,YKW,championship,LB,Linebacker,Douglas Quaid,HENDRIX 2.0
28,1597,YKW,championship,G,Offensive Lineman,Douglas Quail,DynamicDoug
28,1640,YKW,championship,RB,Running Back,Rando Cardrissian,GoonerBear
28,1683,YKW,championship,QB,Quarterback,Colby Jack,flyeaglesfly29
28,1704,YKW,championship,LB,Linebacker,Spike Suzuki,xbijin
28,1738,YKW,championship,RB,Running Back,Acura Skyline,Skyline
28,1744,YKW,championship,DE,Defensive End,James Cho,cho1325
28,1758,YKW,championship,TE,Tight End,Zee Rechs,ZootTX
28,1771,YKW,championship,DT,Defensive Tackle,Patrik Money,PMoney
28,1772,YKW,championship,FS,Safety,Johnny Hellzapoppin,Colabear
28,1801,YKW,championship,SS,Safety,Magnus Valdyr,KamiCommie
28,1836,YKW,championship,T,Offensive Lineman,Bruce Buckley,NicholasTheGreat
28,1984,YKW,championship,WR,Wide Receiver,Dre Matthews,Confictional
28,2030,YKW,championship,WR,Wide Receiver,Kai Sakura,DarknessRising
28,2124,YKW,championship,K,Kicker,Blago Kokot,Goat_Whisperer
28,2152,YKW,championship,CB,Cornerback,Sulaiman Kazi,UberBJ
28,2194,YKW,championship,CB,Cornerback,Daniel Foster,Arkz
28,2240,YKW,championship,WR,Wide Receiver,Mark Walker,deadlunatic
28,2243,YKW,championship,RB,Running Back,Jameson Vermillion,Vainknight13
28,2320,YKW,championship,LB,Linebacker,Big Slammu,moonlight
28,2334,YKW,championship,DE,Defensive End,Leonard Taylor,Tayjay
28,2407,YKW,championship,CB,Cornerback,Kita Chiasa,Sabremike
28,2498,YKW,championship,DE,Defensive End,Andrew Warthol,Skorch
28,1935,AUS,DBROTY,LB,Linebacker,Dex Kennedy,Dagumpa
28,2218,LIB,DEOTY,DE,Defensive End,Tex Wrecks,209tacos
28,2510,LON,DEOTY,LB,Linebacker,Glenn Smart,Pib
28,1935,AUS,DPerOTY,LB,Linebacker,Dex Kennedy,Dagumpa
28,2461,POR,DPerOTY,LB,Linebacker,Xavier Walls,xtitanxmvpx
28,1935,AUS,DPOTY,LB,Linebacker,Dex Kennedy,Dagumpa
28,2461,POR,DPOTY,LB,Linebacker,Xavier Walls,xtitanxmvpx
28,2426,BFS,DROTY,DE,Defensive End,Marlon Brando,Menace0528
28,2551,TIJ,DROTY,LB,Linebacker,Sir Peter Jackson,ddrector
28,1857,CHI,DTOTY,DT,Defensive Tackle,Daymond Brooks,ForSucksFake
28,2427,POR,DTOTY,DT,Defensive Tackle,Carter Fox,FuzzISFL
28,1045,YKW,HoF,Linebacker,Linebacker,Alex Selich,Tomen
28,1145,YKW,HoF,Cornerback,Cornerback,Johnny Snuggles,manicmav36
28,1210,OCO,HoF,Quarterback,Quarterback,Franklin Armstrong,moonlight
28,1303,AUS,HoF,Running Back,Running Back,Mako Mendonca,Mooty99
28,2069,BFS,KOTY,K,Kicker,Danny King,DanE got dis
28,2414,POR,KOTY,K,Kicker,Cade York,LSUFAN101
28,1935,AUS,LBOTY,LB,Linebacker,Dex Kennedy,Dagumpa
28,2461,POR,LBOTY,LB,Linebacker,Xavier Walls,xtitanxmvpx
28,1903,AZ,MVP,RB,Running Back,Tatsu Nakamura,qWest
28,2504,TIJ,MVP,RB,Running Back,Lonnie Jackson,Exilate
28,1761,AZ,OBROTY,OL,Offensive Lineman,Calvin Golladay,CalvinGolladay
28,1761,AZ,OLOTY,OL,Offensive Lineman,Calvin Golladay,CalvinGolladay
28,2535,LON,OLOTY,OL,Offensive Lineman,Keane Lover,Moodles
28,1903,AZ,OPerOTY,RB,Running Back,Tatsu Nakamura,qWest
28,2544,KCC,OPerOTY,S,Safety,Fitted Cuddles,cpetrella
28,1620,SAR,OPOTY,RB,Running Back,Chizuru Ichinose,Frostbite
28,2385,DAL,OPOTY,QB,Quarterback,Joliet Christ Jr.,AW13
28,2393,CHI,OROTY,RB,Running Back,Madison Hayes,sve7en
28,2535,LON,OROTY,OL,Offensive Lineman,Keane Lover,Moodles
28,1582,NYS,POTY,K,Kicker,Dougie Smalls,iseedoug
28,2589,NOR,POTY,K,Kicker,Freddy Bly,sapp2013
28,1760,SJS,Pro Bowl,QB,Offensive Lineman,"Monterey ""Monty"" Jack",Rradum
28,2074,AZ,Pro Bowl,QB,Quarterback,Charlemagne Cortez,MrStennett
28,1903,AZ,Pro Bowl,RB,Running Back,Tatsu Nakamura,qWest
28,2130,NYS,Pro Bowl,RB,Running Back,Captain Rogers,TeyonSchavari
28,2146,AUS,Pro Bowl,RB,Running Back,Zoe Watts,Kyamprac
28,2298,NYS,Pro Bowl,FB,Running Back,Buster Bawlls,ryd029aird13
28,2067,AUS,Pro Bowl,WR,Wide Receiver,Videl-San -,ValorX77
28,1603,NOLA,Pro Bowl,WR,Wide Receiver,Ed Barker,Wombat
28,2275,OCO,Pro Bowl,WR,Wide Receiver,Owen Holloway,speculadora
28,1918,OCO,Pro Bowl,WR,Wide Receiver,Garfield Despacito Jr.,Gwdjohnson
28,1946,OCO,Pro Bowl,TE,Tight End,Heath Evans,Thor
28,1587,SJS,Pro Bowl,TE,Tight End,James Lewandowski,3lewsers
28,1761,AZ,Pro Bowl,OL,Offensive Lineman,Calvin Golladay,CalvinGolladay
28,2260,AUS,Pro Bowl,P;,Offensive Lineman,Connor Quigley,WhatAmUs
28,2158,NOLA,Pro Bowl,OL,Offensive Lineman,Adam Mellott,GuitarMaster116
28,2375,SJS,Pro Bowl,OL,Offensive Lineman,Jaja Ding Dong,ckroyal92
28,1583,OCO,Pro Bowl,OL,Offensive Lineman,Future Trunks,Lemon
28,2088,AZ,Pro Bowl,OFLEX,Wide Receiver,Taro Raimon,xTri
28,2420,OCO,Pro Bowl,DE,Defensive End,Bean Beanman,Seymour
28,2281,NYS,Pro Bowl,DE,Defensive End,Brick Van Sanzo,snazzlepuss22
28,2156,AZ,Pro Bowl,DT,Defensive Tackle,Chuck Roth,zeagle1
28,1817,HON,Pro Bowl,DT,Defensive Tackle,BigEddi ForeverYeti,Big Edd
28,1935,AUS,Pro Bowl,LB,Linebacker,Dex Kennedy,Dagumpa
28,1843,NYS,Pro Bowl,LB,Linebacker,Jack Banks,TheRocheLimit
28,1983,HON,Pro Bowl,LB,Defensive Tackle,Heinrich Kackpoo,gbfn
28,2202,AZ,Pro Bowl,CB,Cornerback,Rich Triplet,Kotasa
28,2135,AUS,Pro Bowl,CB,Cornerback,Maverick Bowie,Tonzy
28,2047,AUS,Pro Bowl,CB,Cornerback,Lesean Paris Crooks,The_Kidd
28,1951,AUS,Pro Bowl,S,Safety,Hamish MacAndrew,IthicaHawk
28,2231,NYS,Pro Bowl,S,Offensive Lineman,Bob Roberts,zaynzk
28,2068,OCO,Pro Bowl,S,Safety,Eugene Smoothie,Nhamlet
28,1582,NYS,Pro Bowl,P,Kicker,Dougie Smalls,iseedoug
28,1722,SJS,Pro Bowl,KR,Kicker,Matthew McDairmid,Matty7478
28,1603,NOLA,Pro Bowl,KR,Wide Receiver,Ed Barker,Wombat
28,1934,HON,Pro Bowl,KR,Safety,Shawn Dawkins,Number 82
28,2137,COL,Pro Bowl,QB,Quarterback,Mattathias Caliban,PigSnout
28,1683,YKW,Pro Bowl,QB,Quarterback,Colby Jack,flyeaglesfly29
28,2141,SAR,Pro Bowl,QB,Linebacker,Mike Boss Jr,JBLAZE_THE_BOSS
28,1714,BER,Pro Bowl,QB,Quarterback,Nick Kaepercolin,Highhaschdi
28,1620,SAR,Pro Bowl,RB,Running Back,Chizuru Ichinose,Frostbite
28,1551,PHI,Pro Bowl,RB,Running Back,Darrel Williams,Ry_
28,2034,BER,Pro Bowl,RB,,Danny King Jr.,Jo3fish5
28,1470,PHI,Pro Bowl,FB,Running Back,Fuzzy Dotson,goodfortunecoffee
28,2007,CHI,Pro Bowl,WR,Wide Receiver,Luca Scabbia,enigmatic
28,1776,COL,Pro Bowl,WR,Wide Receiver,William Lim,yonggarius
28,1989,BER,Pro Bowl,WR,Wide Receiver,Achtfünf -,.simo
28,2144,CHI,Pro Bowl,WR,Wide Receiver,Joshua Campbell,Buttersqauch101
28,1895,SAR,Pro Bowl,TE,Tight End,James Angler,tMuse
28,1758,YKW,Pro Bowl,TE,Tight End,Zee Rechs,ZootTX
28,2060,CHI,Pro Bowl,OL,Offensive Lineman,Julio Jones,24redcrayons
28,1836,YKW,Pro Bowl,OL,Offensive Lineman,Bruce Buckley,NicholasTheGreat
28,2048,COL,Pro Bowl,OL,Offensive Lineman,Greedy Sly,Sylphreni
28,1701,BER,Pro Bowl,OL,Offensive Lineman,Byron Dolls,Symmetrik
28,1905,CHI,Pro Bowl,OL,Offensive Lineman,"Mo ""Mamba"" Magic",thevoicelesscreator
28,2030,YKW,Pro Bowl,OFLEX,Wide Receiver,Kai Sakura,DarknessRising
28,2218,PHI,Pro Bowl,DE,Defensive End,Tex Wrecks,209tacos
28,1744,YKW,Pro Bowl,DE,Defensive End,James Cho,cho1325
28,1857,CHI,Pro Bowl,DT,Defensive Tackle,Daymond Brooks,ForSucksFake
28,1871,COL,Pro Bowl,DT,Defensive Tackle,Magnus Rikiya,Tesla
28,2112,COL,Pro Bowl,LB,Linebacker,Melvin Murder-Moose,SchwarzNarr
28,1684,SAR,Pro Bowl,LB,Linebacker,Haha Mango-Panda,furiousPanda
28,1856,SAR,Pro Bowl,LB,Linebacker,Derred de Ville,Exilizer
28,2152,YKW,Pro Bowl,CB,Cornerback,Sulaiman Kazi,UberBJ
28,2094,SAR,Pro Bowl,CB,Cornerback,Harrison Andrews,abh89
28,1825,BER,Pro Bowl,CB,Offensive Lineman,Matt Krause,SomeSay...
28,2179,CHI,Pro Bowl,S,Safety,Damian Blackfyre,ThunderTitan82
28,1970,SAR,Pro Bowl,S,Safety,Cuco Clemente,Billybolo53
28,1782,PHI,Pro Bowl,S,Running Back,"Matt ""Son of Havoc"" Cross",J0EB
28,2124,YKW,Pro Bowl,P,Kicker,Blago Kokot,Goat_Whisperer
28,2069,BER,Pro Bowl,K,Kicker,Danny King,DanE got dis
28,1624,PHI,Pro Bowl,KR,Wide Receiver,Flash Panda,juniped
28,1825,BER,Pro Bowl,KR,Offensive Lineman,Matt Krause,SomeSay...
28,2137,COL,QBOTY,QB,Quarterback,Mattathias Caliban,PigSnout
28,2385,DAL,QBOTY,QB,Quarterback,Joliet Christ Jr.,AW13
28,1903,AZ,RBOTY,RB,Running Back,Tatsu Nakamura,qWest
28,2504,TIJ,RBOTY,RB,Running Back,Lonnie Jackson,Exilate
28,1624,LIB,RetOTY,WR,Wide Receiver,Flash Panda,juniped
28,2491,NOR,RetOTY,S,Safety,Kelvin Harris,Astrophy058
28,2231,NYS,SOTY,S,Offensive Lineman,Bob Roberts,zaynzk
28,2331,MIN,SOTY,S,Safety,"""Captain"" John Price",SnowyWolfz
28,1758,YKW,TEOTY,TE,Tight End,Zee Rechs,ZootTX
28,2577,BBB,TEOTY,OL,Offensive Lineman,Chevvy Bronko,musha6570
28,2561,DAL,TEOTY,OL,Offensive Lineman,Joey Marston,Capt_Blitzkrieg
28,1776,COL,WROTY,WR,Wide Receiver,William Lim,yonggarius
28,2482,DAL,WROTY,WR,Wide Receiver,Bayley Cowabunga,JKortesi81
29,1683,YKW,All-Pro First Team,QB,Quarterback,Colby Jack,flyeaglesfly29
29,1903,AZ,All-Pro First Team,RB,Running Back,Tatsu Nakamura,qWest
29,2298,NYS,All-Pro First Team,FB,Running Back,Buster Bawlls,ryd029aird13
29,2030,YKW,All-Pro First Team,WR,Wide Receiver,Kai Sakura,DarknessRising
29,1776,COL,All-Pro First Team,WR,Wide Receiver,William Lim,yonggarius
29,1758,YKW,All-Pro First Team,TE,Tight End,Zee Rechs,ZootTX
29,2344,LIB,All-Pro First Team,OT,Offensive Lineman,Alexander Franklin,Hordle
29,1905,COL,All-Pro First Team,OT,Offensive Lineman,"Mo ""Mamba"" Magic",thevoicelesscreator
29,2313,SAR,All-Pro First Team,GUARD,Offensive Lineman,LeBron James III,Orhanello
29,2225,AUS,All-Pro First Team,GUARD,Offensive Lineman,Felix Archstone,GlimsTC
29,2091,CHI,All-Pro First Team,CENTER,Offensive Lineman,Icebox Riposte,Mavfatha
29,2275,OCO,All-Pro First Team,O FLEX,Wide Receiver,Owen Holloway,speculadora
29,2334,YKW,All-Pro First Team,EDGE,Defensive End,Leonard Taylor,Tayjay
29,1856,BFS,All-Pro First Team,EDGE,Linebacker,Derred de Ville,Exilizer
29,1817,HON,All-Pro First Team,DT,Defensive Tackle,BigEddi ForeverYeti,Big Edd
29,2249,LIB,All-Pro First Team,DT,Defensive Tackle,Honky-Tonk Haywood,jzajenius36
29,1975,SAR,All-Pro First Team,LB,Linebacker,Michael Witheblock,sakrosankt
29,2376,NOLA,All-Pro First Team,LB,Linebacker,Vincent Jones,huck24
29,1764,NYS,All-Pro First Team,CB,Defensive Tackle,Colt Mendoza,iStegosauruz
29,1868,NOLA,All-Pro First Team,CB,Cornerback,Andrew Witten,mithrandir
29,1970,SAR,All-Pro First Team,S,Safety,Cuco Clemente,Billybolo53
29,2114,COL,All-Pro First Team,S,Safety,Joel Drake,Rusfan
29,2094,SAR,All-Pro First Team,D FLEX,Cornerback,Harrison Andrews,abh89
29,1722,SJS,All-Pro First Team,P,Kicker,Matthew McDairmid,Matty7478
29,2414,AZ,All-Pro First Team,K,Kicker,Cade York,LSUFAN101
29,1620,SAR,All-Pro First Team,RET,Running Back,Chizuru Ichinose,Frostbite
29,1714,BFS,All-Pro Second Team,QB,Quarterback,Nick Kaepercolin,Highhaschdi
29,2034,BFS,All-Pro Second Team,RB,,Danny King Jr.,Jo3fish5
29,2206,AUS,All-Pro Second Team,FB,Running Back,Ben Alexander-Arnold,Ben
29,2240,YKW,All-Pro Second Team,WR,Wide Receiver,Mark Walker,deadlunatic
29,2205,BFS,All-Pro Second Team,WR,Wide Receiver,Cmon Skiuuup,Air Crou
29,1895,SAR,All-Pro Second Team,TE,Tight End,James Angler,tMuse
29,2375,SJS,All-Pro Second Team,OT,Offensive Lineman,Jaja Ding Dong,ckroyal92
29,1836,YKW,All-Pro Second Team,OT,Offensive Lineman,Bruce Buckley,NicholasTheGreat
29,2176,NYS,All-Pro Second Team,GUARD,Offensive Lineman,Marlon Alexander,platanocat
29,2312,OCO,All-Pro Second Team,GUARD,Offensive Lineman,Maiteers Rico-Shea,Beaver
29,1972,BFS,All-Pro Second Team,CENTER,Offensive Lineman,Taylor Cooper,gargaroff
29,1809,SJS,All-Pro Second Team,O FLEX,Running Back,Jamar Lackson,BenDover
29,2267,AZ,All-Pro Second Team,EDGE,Linebacker,L’Gazzy Burfict,y2bobman
29,1979,AUS,All-Pro Second Team,EDGE,Linebacker,Tyler Montain,Amidships
29,2196,AUS,All-Pro Second Team,DT,Defensive Tackle,Owen Isaac,oji3001
29,1682,BFS,All-Pro Second Team,DT,Defensive Tackle,Hank Steel,DrChops
29,1622,NYS,All-Pro Second Team,DT,Defensive Tackle,Leon McDavid,MN_Moosey
29,2326,SAR,All-Pro Second Team,LB,Linebacker,Ernest Lover,Mojojojo
29,2105,AUS,All-Pro Second Team,LB,Linebacker,Brach Thomaslacher,RDBSouthPaw
29,2253,BFS,All-Pro Second Team,CB,Cornerback,Swantavius Jones,Swanty
29,2209,COL,All-Pro Second Team,CB,Cornerback,Albert Ruschmann,katarn22
29,1851,BFS,All-Pro Second Team,S,Safety,Eldrick Avery,RansackTheUniverse
29,2100,BAL,All-Pro Second Team,S,Safety,Jeremiah Zelos,Hallmonitor_20
29,1824,BFS,All-Pro Second Team,D FLEX,Cornerback,Tyron Shields,TheCC
29,2480,NOLA,All-Pro Second Team,P,Kicker,Taipan Pete,Thatguy91
29,2480,NOLA,All-Pro Second Team,K,Kicker,Taipan Pete,Thatguy91
29,1624,LIB,All-Pro Second Team,RET,Wide Receiver,Flash Panda,juniped
29,1764,NYS,CBOTY,CB,Defensive Tackle,Colt Mendoza,iStegosauruz
29,2476,KCC,CBOTY,CB,Cornerback,Siege Cameron,cjmccarley
29,1582,NYS,championship,K,Kicker,Dougie Smalls,iseedoug
29,1622,NYS,championship,DT,Defensive Tackle,Leon McDavid,MN_Moosey
29,1764,NYS,championship,CB,Defensive Tackle,Colt Mendoza,iStegosauruz
29,1791,NYS,championship,DE,Defensive End,Keʻokeʻo Kāne-Maikaʻi,gucci
29,1843,NYS,championship,LB,Linebacker,Jack Banks,TheRocheLimit
29,1870,NYS,championship,WR,Wide Receiver,Sean Snyder,DatSmolBoi
29,2038,NYS,championship,SS,Safety,Mac Griddle,mcgriddleluver
29,2059,NYS,championship,WR,Wide Receiver,Jackson Kingston,Daybe
29,2104,NYS,championship,QB,Quarterback,Sam Howitzer,Trautner
29,2130,NYS,championship,RB,Running Back,Captain Rogers,TeyonSchavari
29,2176,NYS,championship,T,Offensive Lineman,Marlon Alexander,platanocat
29,2177,NYS,championship,T,Offensive Lineman,Harley Fank,Beebob
29,2224,NYS,championship,T,Offensive Lineman,Marc Hamel,lespoils
29,2231,NYS,championship,FS,Offensive Lineman,Bob Roberts,zaynzk
29,2264,NYS,championship,LB,Linebacker,Hank Winchester,timeconsumer
29,2281,NYS,championship,DE,Defensive End,Brick Van Sanzo,snazzlepuss22
29,2285,NYS,championship,CB,Cornerback,Dukburg QuakStak,Bwestfield
29,2298,NYS,championship,FB,Running Back,Buster Bawlls,ryd029aird13
29,2315,NYS,championship,FS,Safety,Dogwood Maple,dogwoodmaple
29,2321,NYS,championship,WR,Wide Receiver,Tugg Speedman,ComebackZak
29,2355,NYS,championship,LB,Linebacker,Makoto Otawara,TubbyTim69
29,2428,NYS,championship,TE,Tight End,James Wilkinson,treant
29,2456,NYS,championship,DE,Defensive End,Mongo -,MachineEarnedRuns
29,2518,NYS,championship,RB,Running Back,Brandon Prince,Void_DCXI
29,2249,PHI,DBROTY,DT,Defensive Tackle,Honky-Tonk Haywood,jzajenius36
29,2334,YKW,DEOTY,DE,Defensive End,Leonard Taylor,Tayjay
29,2570,LON,DEOTY,DE,Defensive End,Lucid Dreams,Luciddreams702
29,1868,NOLA,DPerOTY,CB,Cornerback,Andrew Witten,mithrandir
29,2634,TIJ,DPerOTY,LB,Linebacker,Sheriff Woody,TomHanks
29,1979,AUS,DPOTY,LB,Linebacker,Tyler Montain,Amidships
29,2476,KCC,DPOTY,CB,Cornerback,Siege Cameron,cjmccarley
29,2461,PHI,DROTY,LB,Linebacker,Xavier Walls,xtitanxmvpx
29,2618,MIN,DROTY,LB,Linebacker,LaCarpetron Dukemarriot,Dukemarriot
29,1817,HON,DTOTY,DT,Defensive Tackle,BigEddi ForeverYeti,Big Edd
29,2537,MIN,DTOTY,DE,Defensive End,ILove HotSalads,Dewalt27
29,1313,COL,HoF,Quarterback,Quarterback,Wolfie McDummy,infinitempg
29,1131,YKW,HoF,Wide Receiver,Wide Receiver,Nate Swift,Bigred1580
29,2480,NOLA,KOTY,K,Kicker,Taipan Pete,Thatguy91
29,2582,KCC,KOTY,K,Kicker,Izuku Campbell,Gtpk4
29,1979,AUS,LBOTY,LB,Linebacker,Tyler Montain,Amidships
29,2547,POR,LBOTY,LB,Linebacker,Elliot Hord,Hord300
29,1683,YKW,MVP,QB,Quarterback,Colby Jack,flyeaglesfly29
29,2556,MIN,MVP,QB,Quarterback,Kazimir Oles JR,Oles
29,2205,BER,OBROTY,WR,Wide Receiver,Cmon Skiuuup,Air Crou
29,1905,CHI,OLOTY,OL,Offensive Lineman,"Mo ""Mamba"" Magic",thevoicelesscreator
29,2422,KCC,OLOTY,OL,Offensive Lineman,Cheese Farley,Guriinwoodo
29,1714,BER,OPerOTY,QB,Quarterback,Nick Kaepercolin,Highhaschdi
29,2659,LON,OPerOTY,RB,Running Back,Kiara Tenoh,TakaMori152
29,1903,AZ,OPOTY,RB,Running Back,Tatsu Nakamura,qWest
29,2467,KCC,OPOTY,WR,Wide Receiver,Troy Abed,noanic
29,2520,SAR,OROTY,WR,Wide Receiver,Saleem Spence,StadiumGambler
29,2659,LON,OROTY,RB,Running Back,Kiara Tenoh,TakaMori152
29,1722,SJS,POTY,K,Kicker,Matthew McDairmid,Matty7478
29,2582,KCC,POTY,K,Kicker,Izuku Campbell,Gtpk4
29,1749,OCO,Pro Bowl,QB,Quarterback,Suleiman Ramza,Blasoon
29,2074,AZ,Pro Bowl,QB,Quarterback,Charlemagne Cortez,MrStennett
29,1903,AZ,Pro Bowl,RB,Running Back,Tatsu Nakamura,qWest
29,1809,SJS,Pro Bowl,RB,Running Back,Jamar Lackson,BenDover
29,2257,OCO,Pro Bowl,RB,Running Back,Goat Tank,Eldorian
29,2298,NYS,Pro Bowl,FB,Running Back,Buster Bawlls,ryd029aird13
29,2067,AUS,Pro Bowl,WR,Wide Receiver,Videl-San -,ValorX77
29,1988,NOLA,Pro Bowl,WR,Wide Receiver,Brock Bodenhamer,toivo
29,2088,AZ,Pro Bowl,WR,Wide Receiver,Taro Raimon,xTri
29,2144,SJS,Pro Bowl,WR,Wide Receiver,Joshua Campbell,Buttersqauch101
29,1946,OCO,Pro Bowl,TE,Tight End,Heath Evans,Thor
29,1587,SJS,Pro Bowl,TE,Tight End,James Lewandowski,3lewsers
29,1761,AZ,Pro Bowl,OL,Offensive Lineman,Calvin Golladay,CalvinGolladay
29,2375,SJS,Pro Bowl,OL,Offensive Lineman,Jaja Ding Dong,ckroyal92
29,2225,AUS,Pro Bowl,OL,Offensive Lineman,Felix Archstone,GlimsTC
29,2176,NYS,Pro Bowl,OL,Offensive Lineman,Marlon Alexander,platanocat
29,2301,AZ,Pro Bowl,OL,Offensive Lineman,Donald McBobby,bjbren17
29,2130,NYS,Pro Bowl,OFLEX,Running Back,Captain Rogers,TeyonSchavari
29,2146,AUS,Pro Bowl,OFLEX,Running Back,Zoe Watts,Kyamprac
29,1791,NYS,Pro Bowl,DE,Defensive End,Keʻokeʻo Kāne-Maikaʻi,gucci
29,2281,NYS,Pro Bowl,DE,Defensive End,Brick Van Sanzo,snazzlepuss22
29,1622,NYS,Pro Bowl,DT,Defensive Tackle,Leon McDavid,MN_Moosey
29,1817,HON,Pro Bowl,DT,Defensive Tackle,BigEddi ForeverYeti,Big Edd
29,2196,AUS,Pro Bowl,DT,Defensive Tackle,Owen Isaac,oji3001
29,1979,AUS,Pro Bowl,LB,Linebacker,Tyler Montain,Amidships
29,1843,NYS,Pro Bowl,LB,Linebacker,Jack Banks,TheRocheLimit
29,2267,AZ,Pro Bowl,LB,Linebacker,L’Gazzy Burfict,y2bobman
29,1764,NYS,Pro Bowl,CB,Defensive Tackle,Colt Mendoza,iStegosauruz
29,1868,NOLA,Pro Bowl,CB,Cornerback,Andrew Witten,mithrandir
29,1909,OCO,Pro Bowl,CB,Cornerback,Brandon Booker,Memento Mori
29,2068,OCO,Pro Bowl,S,Safety,Eugene Smoothie,Nhamlet
29,2231,NYS,Pro Bowl,S,Offensive Lineman,Bob Roberts,zaynzk
29,2339,NOLA,Pro Bowl,S,Safety,Jonathan Shuffleboard,mee
29,1722,SJS,Pro Bowl,P,Kicker,Matthew McDairmid,Matty7478
29,2414,AZ,Pro Bowl,K,Kicker,Cade York,LSUFAN101
29,2059,NYS,Pro Bowl,KR,Wide Receiver,Jackson Kingston,Daybe
29,2144,SJS,Pro Bowl,KR,Wide Receiver,Joshua Campbell,Buttersqauch101
29,1683,YKW,Pro Bowl,QB,Quarterback,Colby Jack,flyeaglesfly29
29,1714,BER,Pro Bowl,QB,Quarterback,Nick Kaepercolin,Highhaschdi
29,1620,SAR,Pro Bowl,RB,Running Back,Chizuru Ichinose,Frostbite
29,1948,YKW,Pro Bowl,RB,Running Back,Richard Gilbert,SwankyPants31
29,2034,BER,Pro Bowl,RB,,Danny King Jr.,Jo3fish5
29,2126,SAR,Pro Bowl,FB,Running Back,Sigismund Sternenstaub,Mongoose87
29,2030,YKW,Pro Bowl,WR,Wide Receiver,Kai Sakura,DarknessRising
29,1776,COL,Pro Bowl,WR,Wide Receiver,William Lim,yonggarius
29,2205,BER,Pro Bowl,WR,Wide Receiver,Cmon Skiuuup,Air Crou
29,2240,YKW,Pro Bowl,WR,Wide Receiver,Mark Walker,deadlunatic
29,1895,SAR,Pro Bowl,TE,Tight End,James Angler,tMuse
29,1758,YKW,Pro Bowl,TE,Tight End,Zee Rechs,ZootTX
29,1905,CHI,Pro Bowl,OL,Offensive Lineman,"Mo ""Mamba"" Magic",thevoicelesscreator
29,2344,PHI,Pro Bowl,OL,Offensive Lineman,Alexander Franklin,Hordle
29,1987,SAR,Pro Bowl,OL,Offensive Lineman,Running Back,Nykonax
29,2296,BER,Pro Bowl,OL,Offensive Lineman,Ananda Adyan,TMosura
29,2091,CHI,Pro Bowl,OL,Offensive Lineman,Icebox Riposte,Mavfatha
29,1665,COL,Pro Bowl,OL,Offensive Lineman,Dorfus Jimbo Jr,ScorpXCracker
29,2313,SAR,Pro Bowl,OL,Offensive Lineman,LeBron James III,Orhanello
29,2076,SAR,Pro Bowl,OFLEX,Running Back,Tre’Darius J’Vathon,Rise of Smitty
29,1592,COL,Pro Bowl,DE,Defensive End,Immanuel Blackstone,nunccoepi
29,2334,YKW,Pro Bowl,DE,Defensive End,Leonard Taylor,Tayjay
29,2249,PHI,Pro Bowl,DT,Defensive Tackle,Honky-Tonk Haywood,jzajenius36
29,1682,BER,Pro Bowl,DT,Defensive Tackle,Hank Steel,DrChops
29,2236,COL,Pro Bowl,LB,Linebacker,Rusty Rucker,LancedJack
29,1975,SAR,Pro Bowl,LB,Linebacker,Michael Witheblock,sakrosankt
29,1856,BER,Pro Bowl,LB,Linebacker,Derred de Ville,Exilizer
29,2028,COL,Pro Bowl,LB,Linebacker,Adélie de Pengu,IsaStarcrossed
29,2209,COL,Pro Bowl,CB,Cornerback,Albert Ruschmann,katarn22
29,2094,SAR,Pro Bowl,CB,Cornerback,Harrison Andrews,abh89
29,2253,BER,Pro Bowl,CB,Cornerback,Swantavius Jones,Swanty
29,2100,BAL,Pro Bowl,S,Safety,Jeremiah Zelos,Hallmonitor_20
29,1970,SAR,Pro Bowl,S,Safety,Cuco Clemente,Billybolo53
29,1851,BER,Pro Bowl,S,Safety,Eldrick Avery,RansackTheUniverse
29,2114,COL,Pro Bowl,S,Safety,Joel Drake,Rusfan
29,1781,CHI,Pro Bowl,P,Kicker,Sam Sidekick,Evok
29,2124,YKW,Pro Bowl,K,Kicker,Blago Kokot,Goat_Whisperer
29,2246,PHI,Pro Bowl,K,Wide Receiver,Jake Fencik,xenosthelegend
29,1620,SAR,Pro Bowl,KR,Running Back,Chizuru Ichinose,Frostbite
29,1624,PHI,Pro Bowl,KR,Wide Receiver,Flash Panda,juniped
29,1683,YKW,QBOTY,QB,Quarterback,Colby Jack,flyeaglesfly29
29,2556,MIN,QBOTY,QB,Quarterback,Kazimir Oles JR,Oles
29,1903,AZ,RBOTY,RB,Running Back,Tatsu Nakamura,qWest
29,2659,LON,RBOTY,RB,Running Back,Kiara Tenoh,TakaMori152
29,1620,SAR,RetOTY,RB,Running Back,Chizuru Ichinose,Frostbite
29,2665,LON,RetOTY,RB,Running Back,Bradley Welch,Dolphins
29,1970,SAR,SOTY,S,Safety,Cuco Clemente,Billybolo53
29,2516,MIN,SOTY,S,Safety,Jacob Raske,CLG Rampage
29,1895,SAR,TEOTY,TE,Tight End,James Angler,tMuse
29,2585,TIJ,TEOTY,TE,Tight End,Gronku Muerto,KezKincaid
29,2030,YKW,WROTY,WR,Wide Receiver,Kai Sakura,DarknessRising
29,2467,KCC,WROTY,WR,Wide Receiver,Troy Abed,noanic
30,2074,AZ,All-Pro First Team,QB,Quarterback,Charlemagne Cortez,MrStennett
30,1809,SJS,All-Pro First Team,RB,Running Back,Jamar Lackson,BenDover
30,2206,AUS,All-Pro First Team,FB,Running Back,Ben Alexander-Arnold,Ben
30,2030,YKW,All-Pro First Team,WR,Wide Receiver,Kai Sakura,DarknessRising
30,2261,AZ,All-Pro First Team,WR,Wide Receiver,Darren Pama,ztarwarz
30,2528,OCO,All-Pro First Team,TE,Running Back,Goat Tank Jr.,Haseo
30,2158,NOLA,All-Pro First Team,OT,Offensive Lineman,Adam Mellott,GuitarMaster116
30,2525,SAR,All-Pro First Team,OT,Offensive Lineman,Stumpy Jones,FootballIsCool
30,2176,NYS,All-Pro First Team,GUARD,Offensive Lineman,Marlon Alexander,platanocat
30,2248,AZ,All-Pro First Team,GUARD,Offensive Lineman,Brent Silva,Brentmeister69
30,1978,SAR,All-Pro First Team,CENTER,Offensive Lineman,Bob Bob,nickyvmlp
30,1903,AZ,All-Pro First Team,O FLEX,Running Back,Tatsu Nakamura,qWest
30,2105,AUS,All-Pro First Team,EDGE,Linebacker,Brach Thomaslacher,RDBSouthPaw
30,2080,CHI,All-Pro First Team,EDGE,Linebacker,Juan Domine,Yeenoghu
30,1857,CHI,All-Pro First Team,DT,Defensive Tackle,Daymond Brooks,ForSucksFake
30,2249,LIB,All-Pro First Team,DT,Defensive Tackle,Honky-Tonk Haywood,jzajenius36
30,2320,YKW,All-Pro First Team,LB,Linebacker,Big Slammu,moonlight
30,2236,COL,All-Pro First Team,LB,Linebacker,Rusty Rucker,LancedJack
30,2116,SJS,All-Pro First Team,CB,Cornerback,Rickie Vaughne,supertardis101
30,2496,LIB,All-Pro First Team,CB,Cornerback,C.J. Sonjack,Ace
30,2282,NOLA,All-Pro First Team,S,Safety,Steven Wadham,Arvot
30,1967,AZ,All-Pro First Team,S,Safety,Wesley Eriksen,Lightnoir
30,2171,COL,All-Pro First Team,D FLEX,Cornerback,NationalSimulation FootballLeague,SDCore
30,2246,LIB,All-Pro First Team,P,Wide Receiver,Jake Fencik,xenosthelegend
30,1781,CHI,All-Pro First Team,K,Kicker,Sam Sidekick,Evok
30,1868,NOLA,All-Pro First Team,RET,Cornerback,Andrew Witten,mithrandir
30,1683,YKW,All-Pro Second Team,QB,Quarterback,Colby Jack,flyeaglesfly29
30,1852,NOLA,All-Pro Second Team,QB,Offensive Lineman,Ben Slothlisberger,slothfacekilla
30,2078,AZ,All-Pro Second Team,RB,Running Back,Deadly Memes,Z-Whiz
30,2298,NYS,All-Pro Second Team,FB,Running Back,Buster Bawlls,ryd029aird13
30,2067,AUS,All-Pro Second Team,WR,Wide Receiver,Videl-San -,ValorX77
30,2309,HON,All-Pro Second Team,WR,Wide Receiver,Lalo Salamanca,Fordhammer
30,2380,LIB,All-Pro Second Team,TE,Tight End,Borgo San Lorenzo,AgentSmith
30,2344,LIB,All-Pro Second Team,OT,Offensive Lineman,Alexander Franklin,Hordle
30,1825,BFS,All-Pro Second Team,OT,Offensive Lineman,Matt Krause,SomeSay...
30,2225,AUS,All-Pro Second Team,GUARD,Offensive Lineman,Felix Archstone,GlimsTC
30,2177,NYS,All-Pro Second Team,GUARD,Offensive Lineman,Harley Fank,Beebob
30,2459,COL,All-Pro Second Team,CENTER,Offensive Lineman,Manhattan Project,Modern_Duke
30,2146,AUS,All-Pro Second Team,O FLEX,Running Back,Zoe Watts,Kyamprac
30,2323,BAL,All-Pro Second Team,EDGE,Linebacker,A.J Lucas,Alucas
30,2267,AZ,All-Pro Second Team,EDGE,Linebacker,L’Gazzy Burfict,y2bobman
30,2481,BAL,All-Pro Second Team,DT,Defensive Tackle,David Ramczyk,Shiny
30,1629,AZ,All-Pro Second Team,DT,Defensive Tackle,"Pete ""Plop"" Miller",BRNXB0MBERS
30,2326,SAR,All-Pro Second Team,LB,Linebacker,Ernest Lover,Mojojojo
30,1975,SAR,All-Pro Second Team,LB,Linebacker,Michael Witheblock,sakrosankt
30,2194,YKW,All-Pro Second Team,CB,Cornerback,Daniel Foster,Arkz
30,2135,AUS,All-Pro Second Team,CB,Cornerback,Maverick Bowie,Tonzy
30,1970,SAR,All-Pro Second Team,S,Safety,Cuco Clemente,Billybolo53
30,2068,OCO,All-Pro Second Team,S,Safety,Eugene Smoothie,Nhamlet
30,2253,BFS,All-Pro Second Team,D FLEX,Cornerback,Swantavius Jones,Swanty
30,1710,SAR,All-Pro Second Team,P,Kicker,Jacob Small,bjkman
30,2414,AZ,All-Pro Second Team,K,Kicker,Cade York,LSUFAN101
30,2030,YKW,All-Pro Second Team,RET,Wide Receiver,Kai Sakura,DarknessRising
30,2116,SJS,CBOTY,CB,Cornerback,Rickie Vaughne,supertardis101
30,2608,POR,CBOTY,S,Safety,The Laz,C9Van
30,1620,SAR,championship,RB,Running Back,Chizuru Ichinose,Frostbite
30,1710,SAR,championship,K,Kicker,Jacob Small,bjkman
30,1839,SAR,championship,FS,Safety,Brendan Lanier,jdourtled
30,1895,SAR,championship,TE,Tight End,James Angler,tMuse
30,1947,SAR,championship,DT,Defensive Tackle,Fawn Dillmiballs,Booger
30,1970,SAR,championship,FS,Safety,Cuco Clemente,Billybolo53
30,1975,SAR,championship,LB,Linebacker,Michael Witheblock,sakrosankt
30,1977,SAR,championship,DE,Defensive End,Son Goku,Naosu
30,1978,SAR,championship,C,Offensive Lineman,Bob Bob,nickyvmlp
30,1983,SAR,championship,LB,Defensive Tackle,Heinrich Kackpoo,gbfn
30,2059,SAR,championship,WR,Wide Receiver,Jackson Kingston,Daybe
30,2063,SAR,championship,DE,Defensive End,Mike Karpaasi,puolivalmiste
30,2076,SAR,championship,WR,Running Back,Tre’Darius J’Vathon,Rise of Smitty
30,2094,SAR,championship,CB,Cornerback,Harrison Andrews,abh89
30,2126,SAR,championship,FB,Running Back,Sigismund Sternenstaub,Mongoose87
30,2129,SAR,championship,T,Offensive Lineman,"Thad Pennington, Jr.",Blastmeaway
30,2141,SAR,championship,QB,Linebacker,Mike Boss Jr,JBLAZE_THE_BOSS
30,2184,SAR,championship,CB,Safety,Peter Patterson,slate
30,2305,SAR,championship,TE,Tight End,Mario Messi,KingSean
30,2313,SAR,championship,G,Offensive Lineman,LeBron James III,Orhanello
30,2314,SAR,championship,DE,Defensive End,David Moyes,LB3737
30,2326,SAR,championship,LB,Linebacker,Ernest Lover,Mojojojo
30,2421,SAR,championship,RB,Offensive Lineman,Giovanni Bianchi,SamTwoSix
30,2520,SAR,championship,WR,Wide Receiver,Saleem Spence,StadiumGambler
30,2525,SAR,championship,T,Offensive Lineman,Stumpy Jones,FootballIsCool
30,2535,SAR,championship,G,Offensive Lineman,Keane Lover,Moodles
30,2621,SAR,championship,LB,Linebacker,dont draft,Unicorn
30,2496,PHI,DBROTY,CB,Cornerback,C.J. Sonjack,Ace
30,2334,YKW,DEOTY,DE,Defensive End,Leonard Taylor,Tayjay
30,2574,KCC,DEOTY,DE,Defensive End,Will Stern,legion of slugs
30,2306,BER,DPerOTY,LB,Linebacker,BamBam McMullet,manicmav36
30,2608,POR,DPerOTY,S,Safety,The Laz,C9Van
30,2116,SJS,DPOTY,CB,Cornerback,Rickie Vaughne,supertardis101
30,2608,POR,DPOTY,S,Safety,The Laz,C9Van
30,2516,BER,DROTY,S,Safety,Jacob Raske,CLG Rampage
30,2734,NOR,DROTY,LB,Linebacker,Sconnie McHits,g2019
30,2249,PHI,DTOTY,DT,Defensive Tackle,Honky-Tonk Haywood,jzajenius36
30,2537,MIN,DTOTY,DE,Defensive End,ILove HotSalads,Dewalt27
30,1308,AUS,HoF,Quarterback,Quarterback,Easton Cole,JKortesi81
30,2414,AZ,KOTY,K,Kicker,Cade York,LSUFAN101
30,2667,MIN,KOTY,K,Kicker,Levy Tate,Sloths1
30,2105,AUS,LBOTY,LB,Linebacker,Brach Thomaslacher,RDBSouthPaw
30,2734,NOR,LBOTY,LB,Linebacker,Sconnie McHits,g2019
30,2074,AZ,MVP,QB,Quarterback,Charlemagne Cortez,MrStennett
30,2569,MIN,MVP,RB,Running Back,John Huntsman,Fronk
30,2078,AZ,OBROTY,RB,Running Back,Deadly Memes,Z-Whiz
30,2158,NOLA,OLOTY,OL,Offensive Lineman,Adam Mellott,GuitarMaster116
30,2623,NOR,OLOTY,OL,Offensive Lineman,Clifford Wilson,SirBongo
30,1620,SAR,OPerOTY,RB,Running Back,Chizuru Ichinose,Frostbite
30,2597,LON,OPerOTY,QB,Quarterback,Dustin Parmelee,Dp-420
30,2030,YKW,OPOTY,WR,Wide Receiver,Kai Sakura,DarknessRising
30,2556,MIN,OPOTY,QB,Quarterback,Kazimir Oles JR,Oles
30,2528,OCO,OROTY,TE,Running Back,Goat Tank Jr.,Haseo
30,2683,NOR,OROTY,WR,Wide Receiver,French Fries,Sonaclov
30,2246,PHI,POTY,K,Wide Receiver,Jake Fencik,xenosthelegend
30,2667,MIN,POTY,K,Kicker,Levy Tate,Sloths1
30,2074,AZ,Pro Bowl,QB,Quarterback,Charlemagne Cortez,MrStennett
30,1852,NOLA,Pro Bowl,QB,Offensive Lineman,Ben Slothlisberger,slothfacekilla
30,2146,AUS,Pro Bowl,RB,Running Back,Zoe Watts,Kyamprac
30,1809,SJS,Pro Bowl,RB,Running Back,Jamar Lackson,BenDover
30,2078,AZ,Pro Bowl,RB,Running Back,Deadly Memes,Z-Whiz
30,2317,HON,Pro Bowl,RB,Running Back,Cobra Kai,OrbitingDeath
30,2257,OCO,Pro Bowl,RB,Running Back,Goat Tank,Eldorian
30,2298,NYS,Pro Bowl,FB,Running Back,Buster Bawlls,ryd029aird13
30,2067,AUS,Pro Bowl,WR,Wide Receiver,Videl-San -,ValorX77
30,2261,AZ,Pro Bowl,WR,Wide Receiver,Darren Pama,ztarwarz
30,2088,AZ,Pro Bowl,WR,Wide Receiver,Taro Raimon,xTri
30,2434,HON,Pro Bowl,WR,Safety,Eleven Kendrick-Watts,124715
30,2528,OCO,Pro Bowl,TE,Running Back,Goat Tank Jr.,Haseo
30,1587,SJS,Pro Bowl,TE,Tight End,James Lewandowski,3lewsers
30,2158,NOLA,Pro Bowl,OL,Offensive Lineman,Adam Mellott,GuitarMaster116
30,2060,AZ,Pro Bowl,OL,Offensive Lineman,Julio Jones,24redcrayons
30,2248,AZ,Pro Bowl,OL,Offensive Lineman,Brent Silva,Brentmeister69
30,2176,NYS,Pro Bowl,OL,Offensive Lineman,Marlon Alexander,platanocat
30,2115,OCO,Pro Bowl,OL,Offensive Lineman,Ne Mo,Sushi
30,2321,NYS,Pro Bowl,OFLEX,Wide Receiver,Tugg Speedman,ComebackZak
30,2309,HON,Pro Bowl,OFLEX,Wide Receiver,Lalo Salamanca,Fordhammer
30,1791,NYS,Pro Bowl,DE,Defensive End,Keʻokeʻo Kāne-Maikaʻi,gucci
30,2420,OCO,Pro Bowl,DE,Defensive End,Bean Beanman,Seymour
30,1629,AZ,Pro Bowl,DT,Defensive Tackle,"Pete ""Plop"" Miller",BRNXB0MBERS
30,1764,NYS,Pro Bowl,DT,Defensive Tackle,Colt Mendoza,iStegosauruz
30,2105,AUS,Pro Bowl,LB,Linebacker,Brach Thomaslacher,RDBSouthPaw
30,1843,NYS,Pro Bowl,LB,Linebacker,Jack Banks,TheRocheLimit
30,2267,AZ,Pro Bowl,LB,Linebacker,L’Gazzy Burfict,y2bobman
30,2116,SJS,Pro Bowl,CB,Cornerback,Rickie Vaughne,supertardis101
30,2135,AUS,Pro Bowl,CB,Cornerback,Maverick Bowie,Tonzy
30,2202,AZ,Pro Bowl,CB,Cornerback,Rich Triplet,Kotasa
30,2068,OCO,Pro Bowl,S,Safety,Eugene Smoothie,Nhamlet
30,2282,NOLA,Pro Bowl,S,Safety,Steven Wadham,Arvot
30,1967,NYS,Pro Bowl,S,Safety,Wesley Eriksen,Lightnoir
30,2414,AZ,Pro Bowl,P,Kicker,Cade York,LSUFAN101
30,2414,AZ,Pro Bowl,K,Kicker,Cade York,LSUFAN101
30,1868,NOLA,Pro Bowl,KR,Cornerback,Andrew Witten,mithrandir
30,2321,NYS,Pro Bowl,KR,Wide Receiver,Tugg Speedman,ComebackZak
30,1683,YKW,Pro Bowl,QB,Quarterback,Colby Jack,flyeaglesfly29
30,2141,SAR,Pro Bowl,QB,Linebacker,Mike Boss Jr,JBLAZE_THE_BOSS
30,1620,SAR,Pro Bowl,RB,Running Back,Chizuru Ichinose,Frostbite
30,2579,BAL,Pro Bowl,RB,Running Back,Dante King,shadyshoelace
30,2034,BER,Pro Bowl,RB,,Danny King Jr.,Jo3fish5
30,2126,SAR,Pro Bowl,FB,Running Back,Sigismund Sternenstaub,Mongoose87
30,2300,BAL,Pro Bowl,FB,Running Back,Dexter Jackson,KillaScrilla
30,2030,YKW,Pro Bowl,WR,Wide Receiver,Kai Sakura,DarknessRising
30,1776,COL,Pro Bowl,WR,Wide Receiver,William Lim,yonggarius
30,2230,PHI,Pro Bowl,WR,Wide Receiver,Killian Chambers,charlit
30,2007,CHI,Pro Bowl,WR,Wide Receiver,Luca Scabbia,enigmatic
30,2380,PHI,Pro Bowl,TE,Tight End,Borgo San Lorenzo,AgentSmith
30,1758,YKW,Pro Bowl,TE,Tight End,Zee Rechs,ZootTX
30,2525,SAR,Pro Bowl,OL,Offensive Lineman,Stumpy Jones,FootballIsCool
30,2344,PHI,Pro Bowl,OL,Offensive Lineman,Alexander Franklin,Hordle
30,2540,COL,Pro Bowl,OL,Defensive Tackle,Emperor de Pengu,Sylphreni
30,2296,BER,Pro Bowl,OL,Offensive Lineman,Ananda Adyan,TMosura
30,1978,SAR,Pro Bowl,OL,Offensive Lineman,Bob Bob,nickyvmlp
30,2040,BER,Pro Bowl,OFLEX,Wide Receiver,Tychondrius Hood,Tylus
30,2393,CHI,Pro Bowl,OFLEX,Running Back,Madison Hayes,sve7en
30,1977,SAR,Pro Bowl,DE,Defensive End,Son Goku,Naosu
30,2334,YKW,Pro Bowl,DE,Defensive End,Leonard Taylor,Tayjay
30,2249,PHI,Pro Bowl,DT,Defensive Tackle,Honky-Tonk Haywood,jzajenius36
30,1857,CHI,Pro Bowl,DT,Defensive Tackle,Daymond Brooks,ForSucksFake
30,2236,COL,Pro Bowl,LB,Linebacker,Rusty Rucker,LancedJack
30,2080,CHI,Pro Bowl,LB,Linebacker,Juan Domine,Yeenoghu
30,2323,BAL,Pro Bowl,LB,Linebacker,A.J Lucas,Alucas
30,2306,BER,Pro Bowl,LB,Linebacker,BamBam McMullet,manicmav36
30,2320,YKW,Pro Bowl,LB,Linebacker,Big Slammu,moonlight
30,2253,BER,Pro Bowl,CB,Cornerback,Swantavius Jones,Swanty
30,2496,PHI,Pro Bowl,CB,Cornerback,C.J. Sonjack,Ace
30,2194,YKW,Pro Bowl,CB,Cornerback,Daniel Foster,Arkz
30,2337,BER,Pro Bowl,S,Safety,Derek Wildstar,Legally_Blind_Gamer
30,1970,SAR,Pro Bowl,S,Safety,Cuco Clemente,Billybolo53
30,2469,PHI,Pro Bowl,S,Safety,Romulus Roman,Amulos
30,2246,PHI,Pro Bowl,P,Wide Receiver,Jake Fencik,xenosthelegend
30,1781,CHI,Pro Bowl,K,Kicker,Sam Sidekick,Evok
30,2030,YKW,Pro Bowl,KR,Wide Receiver,Kai Sakura,DarknessRising
30,2171,COL,Pro Bowl,KR,Cornerback,NationalSimulation FootballLeague,SDCore
30,2074,AZ,QBOTY,QB,Quarterback,Charlemagne Cortez,MrStennett
30,2556,MIN,QBOTY,QB,Quarterback,Kazimir Oles JR,Oles
30,2317,HON,RBOTY,RB,Running Back,Cobra Kai,OrbitingDeath
30,2569,MIN,RBOTY,RB,Running Back,John Huntsman,Fronk
30,1868,NOLA,RetOTY,CB,Cornerback,Andrew Witten,mithrandir
30,2575,DAL,RetOTY,RB,Running Back,Ivan Toastovich,ToastCharger
30,2282,NOLA,SOTY,S,Safety,Steven Wadham,Arvot
30,2729,POR,SOTY,S,Safety,Jay Spears,JaytheGreat
30,2380,PHI,TEOTY,TE,Tight End,Borgo San Lorenzo,AgentSmith
30,2585,TIJ,TEOTY,TE,Tight End,Gronku Muerto,KezKincaid
30,2030,YKW,WROTY,WR,Wide Receiver,Kai Sakura,DarknessRising
30,2635,MIN,WROTY,WR,Wide Receiver,Vincent Sharpei Jr.,Muford
31,2137,COL,All-Pro First Team,QB,Quarterback,Mattathias Caliban,PigSnout
31,2257,OCO,All-Pro First Team,RB,Running Back,Goat Tank,Eldorian
31,2298,NYS,All-Pro First Team,FB,Running Back,Buster Bawlls,ryd029aird13
31,2240,YKW,All-Pro First Team,WR,Wide Receiver,Mark Walker,deadlunatic
31,2067,AUS,All-Pro First Team,WR,Wide Receiver,Videl-San -,ValorX77
31,1758,YKW,All-Pro First Team,TE,Tight End,Zee Rechs,ZootTX
31,2668,BAL,All-Pro First Team,OT,Cornerback,Pepelegs Johnson,golden_apricot
31,2525,SAR,All-Pro First Team,OT,Offensive Lineman,Stumpy Jones,FootballIsCool
31,2231,NYS,All-Pro First Team,GUARD,Offensive Lineman,Bob Roberts,zaynzk
31,2312,OCO,All-Pro First Team,GUARD,Offensive Lineman,Maiteers Rico-Shea,Beaver
31,2459,COL,All-Pro First Team,CENTER,Offensive Lineman,Manhattan Project,Modern_Duke
31,1809,SJS,All-Pro First Team,O FLEX,Running Back,Jamar Lackson,BenDover
31,2281,NYS,All-Pro First Team,DE,Defensive End,Brick Van Sanzo,snazzlepuss22
31,2334,YKW,All-Pro First Team,DE,Defensive End,Leonard Taylor,Tayjay
31,2156,AZ,All-Pro First Team,DT,Defensive Tackle,Chuck Roth,zeagle1
31,2249,LIB,All-Pro First Team,DT,Defensive Tackle,Honky-Tonk Haywood,jzajenius36
31,2241,CHI,All-Pro First Team,OLB,Defensive End,Wasrabi Gleel,Crodyman
31,2080,CHI,All-Pro First Team,OLB,Linebacker,Juan Domine,Yeenoghu
31,1843,NYS,All-Pro First Team,ILB,Linebacker,Jack Banks,TheRocheLimit
31,2175,HON,All-Pro First Team,CB,Cornerback,Davriel Lavigne,Raven
31,2135,AUS,All-Pro First Team,CB,Cornerback,Maverick Bowie,Tonzy
31,1970,SAR,All-Pro First Team,S,Safety,Cuco Clemente,Billybolo53
31,2516,BFS,All-Pro First Team,S,Safety,Jacob Raske,CLG Rampage
31,2285,NYS,All-Pro First Team,O FLEX,Cornerback,Dukburg QuakStak,Bwestfield
31,2414,AZ,All-Pro First Team,P,Kicker,Cade York,LSUFAN101
31,1710,SAR,All-Pro First Team,K,Kicker,Jacob Small,bjkman
31,2194,YKW,All-Pro First Team,RET,Cornerback,Daniel Foster,Arkz
31,1683,YKW,All-Pro Second Team,QB,Quarterback,Colby Jack,flyeaglesfly29
31,2317,HON,All-Pro Second Team,RB,Running Back,Cobra Kai,OrbitingDeath
31,2206,AUS,All-Pro Second Team,FB,Running Back,Ben Alexander-Arnold,Ben
31,2367,COL,All-Pro Second Team,WR,Wide Receiver,Raphael Delacour,37thchamber
31,2205,BFS,All-Pro Second Team,WR,Wide Receiver,Cmon Skiuuup,Air Crou
31,2305,SAR,All-Pro Second Team,TE,Tight End,Mario Messi,KingSean
31,2344,LIB,All-Pro Second Team,OT,Offensive Lineman,Alexander Franklin,Hordle
31,2224,NYS,All-Pro Second Team,OT,Offensive Lineman,Marc Hamel,lespoils
31,1753,AZ,All-Pro Second Team,GUARD,Offensive Lineman,Thomas Passmann,StamkosFan
31,2176,NYS,All-Pro Second Team,GUARD,Offensive Lineman,Marlon Alexander,platanocat
31,2343,AUS,All-Pro Second Team,CENTER,Offensive Lineman,Moe Skeeter,TheDude83
31,1903,AZ,All-Pro Second Team,O FLEX,Running Back,Tatsu Nakamura,qWest
31,2218,LIB,All-Pro Second Team,DE,Defensive End,Tex Wrecks,209tacos
31,1977,SAR,All-Pro Second Team,DE,Defensive End,Son Goku,Naosu
31,1871,COL,All-Pro Second Team,DT,Defensive Tackle,Magnus Rikiya,Tesla
31,1857,CHI,All-Pro Second Team,DT,Defensive Tackle,Daymond Brooks,ForSucksFake
31,2105,AUS,All-Pro Second Team,OLB,Linebacker,Brach Thomaslacher,RDBSouthPaw
31,2320,HON,All-Pro Second Team,OLB,Linebacker,Big Slammu,moonlight
31,1571,YKW,All-Pro Second Team,ILB,Linebacker,Douglas Quaid,HENDRIX 2.0
31,2209,COL,All-Pro Second Team,CB,Cornerback,Albert Ruschmann,katarn22
31,2202,AZ,All-Pro Second Team,CB,Cornerback,Rich Triplet,Kotasa
31,1839,SAR,All-Pro Second Team,S,Safety,Brendan Lanier,jdourtled
31,2371,AUS,All-Pro Second Team,S,Safety,Evan Jones,Faelax
31,2184,SAR,All-Pro Second Team,D FLEX,Safety,Peter Patterson,slate
31,1722,SJS,All-Pro Second Team,P,Kicker,Matthew McDairmid,Matty7478
31,2480,NOLA,All-Pro Second Team,K,Kicker,Taipan Pete,Thatguy91
31,2030,YKW,All-Pro Second Team,RET,Wide Receiver,Kai Sakura,DarknessRising
31,2135,AUS,CBOTY,CB,Cornerback,Maverick Bowie,Tonzy
31,2578,NOR,CBOTY,CB,Cornerback,Hououin Kyouma,Zephyrus1128
31,1699,HON,championship,DT,Defensive Tackle,Claude Miller II,Bruins10
31,1851,HON,championship,FS,Safety,Eldrick Avery,RansackTheUniverse
31,1934,HON,championship,FS,Safety,Shawn Dawkins,Number 82
31,2142,HON,championship,DE,Defensive End,Asher Montain,Attopax
31,2175,HON,championship,CB,Cornerback,Davriel Lavigne,Raven
31,2220,HON,championship,LB,Offensive Lineman,Guy Fields,r0tzbua
31,2309,HON,championship,WR,Wide Receiver,Lalo Salamanca,Fordhammer
31,2317,HON,championship,RB,Running Back,Cobra Kai,OrbitingDeath
31,2320,HON,championship,LB,Linebacker,Big Slammu,moonlight
31,2324,HON,championship,C,Offensive Lineman,Sirdsvaldis Miglasķēms,FrostBeard
31,2385,HON,championship,QB,Quarterback,Joliet Christ Jr.,AW13
31,2413,HON,championship,DT,Defensive Tackle,Kevin Morrison,thecanadiancanuck
31,2434,HON,championship,WR,Safety,Eleven Kendrick-Watts,124715
31,2441,HON,championship,RB,Running Back,Ace Savage,Guunar
31,2455,HON,championship,DT,Defensive Tackle,Prof. Godfrey Gravity,z0rem
31,2503,HON,championship,CB,Cornerback,Raeni Clarke,bex
31,2563,HON,championship,DE,Defensive End,David Frank,IceBear32
31,2589,HON,championship,K,Kicker,Freddy Bly,sapp2013
31,2591,HON,championship,LB,Defensive End,Hex Aqua-Key’Kiann,hexify
31,2628,HON,championship,WR,Tight End,Deffo not Leroy Leroy,Kobefromthefrobe
31,2633,HON,championship,SS,Defensive End,Miles Weperom,MMFLEX
31,2643,HON,championship,TE,Wide Receiver,Sal Ami,Beck
31,2684,HON,championship,G,Cornerback,Ray the Manta Ray,siddhus
31,2355,NYS,DBROTY,LB,Linebacker,Makoto Otawara,TubbyTim69
31,2334,YKW,DEOTY,DE,Defensive End,Leonard Taylor,Tayjay
31,2767,TIJ,DEOTY,DE,Defensive End,George Fantobens,Fantobens
31,2135,AUS,DPerOTY,CB,Cornerback,Maverick Bowie,Tonzy
31,2746,MIN,DPerOTY,CB,Cornerback,Modern Nazgûl,Vulfzilla
31,2080,CHI,DPOTY,LB,Linebacker,Juan Domine,Yeenoghu
31,2578,NOR,DPOTY,CB,Cornerback,Hououin Kyouma,Zephyrus1128
31,2607,OCO,DROTY,DT,Linebacker,Dominos Pizzaman,MattBake12
31,2815,POR,DROTY,LB,Linebacker,Spicy Ron,PugWalrus
31,2156,AZ,DTOTY,DT,Defensive Tackle,Chuck Roth,zeagle1
31,2744,BBB,DTOTY,DT,Defensive Tackle,Garfield Despacito III,Gwdjohnson
31,1184,OCO,HoF,Kicker,Kicker,Alex Dasistwirklichseinnachname,BigKicks
31,1175,YKW,HoF,Defensive End,Defensive Tackle,Nero Alexander,shadyshoelace
31,1206,NOLA,HoF,Running Back,Running Back,Forrest Gump,TomHanks
31,1201,NOLA,HoF,Linebacker,Linebacker,Quenton Bode,terriblehippo
31,1386,YKW,HoF,Running Back,Running Back,Mathias Hanyadi,CLG Rampage
31,1710,SAR,KOTY,K,Kicker,Jacob Small,bjkman
31,2582,KCC,KOTY,K,Kicker,Izuku Campbell,Gtpk4
31,2080,CHI,LBOTY,LB,Linebacker,Juan Domine,Yeenoghu
31,2672,NOR,LBOTY,LB,Linebacker,Nathan Claflin,Greenbaynathan
31,2137,COL,MVP,QB,Quarterback,Mattathias Caliban,PigSnout
31,2681,NOR,MVP,QB,Quarterback,Malcolm Savage,MN_Moosey
31,2536,YKW,OBROTY,RB,Running Back,Jay Cue Jr.,Opera_Phantom
31,2525,SAR,OLOTY,OL,Offensive Lineman,Stumpy Jones,FootballIsCool
31,2701,POR,OLOTY,OL,Offensive Lineman,Michael Carimi,LeatherneckMike
31,2137,COL,OPerOTY,QB,Quarterback,Mattathias Caliban,PigSnout
31,2681,NOR,OPerOTY,QB,Quarterback,Malcolm Savage,MN_Moosey
31,2257,OCO,OPOTY,RB,Running Back,Goat Tank,Eldorian
31,2770,MIN,OPOTY,RB,Running Back,Lalu Muhammad Zohri,kentakira
31,2472,BER,OROTY,QB,Quarterback,Dexter Zaylren,.Laser
31,2770,MIN,OROTY,RB,Running Back,Lalu Muhammad Zohri,kentakira
31,2414,AZ,POTY,K,Kicker,Cade York,LSUFAN101
31,2670,TIJ,POTY,K,Kicker,Ikick Ballz,Tp3480
31,2269,AUS,Pro Bowl,QB,Quarterback,Jackie Daytona,Mooty99
31,2074,AZ,Pro Bowl,QB,Quarterback,Charlemagne Cortez,MrStennett
31,2257,OCO,Pro Bowl,RB,Running Back,Goat Tank,Eldorian
31,2317,HON,Pro Bowl,RB,Running Back,Cobra Kai,OrbitingDeath
31,2232,NOLA,Pro Bowl,RB,Running Back,Mike Rotchburns,SchoolboyShue
31,2298,NYS,Pro Bowl,FB,Running Back,Buster Bawlls,ryd029aird13
31,2067,AUS,Pro Bowl,WR,Wide Receiver,Videl-San -,ValorX77
31,2434,HON,Pro Bowl,WR,Safety,Eleven Kendrick-Watts,124715
31,2088,AZ,Pro Bowl,WR,Wide Receiver,Taro Raimon,xTri
31,2321,NYS,Pro Bowl,WR,Wide Receiver,Tugg Speedman,ComebackZak
31,2643,HON,Pro Bowl,TE,Wide Receiver,Sal Ami,Beck
31,2284,NOLA,Pro Bowl,TE,Tight End,Adam C. Spencer,AdamS
31,1587,SJS,Pro Bowl,TE,Tight End,James Lewandowski,3lewsers
31,2343,AUS,Pro Bowl,OL,Offensive Lineman,Moe Skeeter,TheDude83
31,2312,OCO,Pro Bowl,OL,Offensive Lineman,Maiteers Rico-Shea,Beaver
31,2231,NYS,Pro Bowl,OL,Offensive Lineman,Bob Roberts,zaynzk
31,2224,NYS,Pro Bowl,OL,Offensive Lineman,Marc Hamel,lespoils
31,2375,SJS,Pro Bowl,OL,Offensive Lineman,Jaja Ding Dong,ckroyal92
31,1809,SJS,Pro Bowl,OFLEX,Running Back,Jamar Lackson,BenDover
31,1791,NYS,Pro Bowl,DE,Defensive End,Keʻokeʻo Kāne-Maikaʻi,gucci
31,2281,NYS,Pro Bowl,DE,Defensive End,Brick Van Sanzo,snazzlepuss22
31,2156,AZ,Pro Bowl,DT,Defensive Tackle,Chuck Roth,zeagle1
31,1764,NYS,Pro Bowl,DT,Defensive Tackle,Colt Mendoza,iStegosauruz
31,2105,AUS,Pro Bowl,LB,Linebacker,Brach Thomaslacher,RDBSouthPaw
31,2320,HON,Pro Bowl,LB,Linebacker,Big Slammu,moonlight
31,2267,AZ,Pro Bowl,LB,Linebacker,L’Gazzy Burfict,y2bobman
31,2175,HON,Pro Bowl,CB,Cornerback,Davriel Lavigne,Raven
31,2135,AUS,Pro Bowl,CB,Cornerback,Maverick Bowie,Tonzy
31,2202,AZ,Pro Bowl,CB,Cornerback,Rich Triplet,Kotasa
31,2371,AUS,Pro Bowl,S,Safety,Evan Jones,Faelax
31,2394,NYS,Pro Bowl,S,Safety,Lawrence Miller,overdoo
31,2255,AUS,Pro Bowl,S,Cornerback,Annie May,frazzle14
31,2414,AZ,Pro Bowl,P,Kicker,Cade York,LSUFAN101
31,2480,NOLA,Pro Bowl,K,Kicker,Taipan Pete,Thatguy91
31,2068,OCO,Pro Bowl,KR,Safety,Eugene Smoothie,Nhamlet
31,2144,SJS,Pro Bowl,KR,Wide Receiver,Joshua Campbell,Buttersqauch101
31,2137,COL,Pro Bowl,QB,Quarterback,Mattathias Caliban,PigSnout
31,1683,YKW,Pro Bowl,QB,Quarterback,Colby Jack,flyeaglesfly29
31,2536,YKW,Pro Bowl,RB,Running Back,Jay Cue Jr.,Opera_Phantom
31,2393,CHI,Pro Bowl,RB,Running Back,Madison Hayes,sve7en
31,2579,BAL,Pro Bowl,RB,Running Back,Dante King,shadyshoelace
31,2126,SAR,Pro Bowl,FB,Running Back,Sigismund Sternenstaub,Mongoose87
31,2240,YKW,Pro Bowl,WR,Wide Receiver,Mark Walker,deadlunatic
31,2059,SAR,Pro Bowl,WR,Wide Receiver,Jackson Kingston,Daybe
31,2367,COL,Pro Bowl,WR,Wide Receiver,Raphael Delacour,37thchamber
31,2205,BER,Pro Bowl,WR,Wide Receiver,Cmon Skiuuup,Air Crou
31,1758,YKW,Pro Bowl,TE,Tight End,Zee Rechs,ZootTX
31,2305,SAR,Pro Bowl,TE,Tight End,Mario Messi,KingSean
31,2525,SAR,Pro Bowl,OL,Offensive Lineman,Stumpy Jones,FootballIsCool
31,2459,COL,Pro Bowl,OL,Offensive Lineman,Manhattan Project,Modern_Duke
31,1701,BER,Pro Bowl,OL,Offensive Lineman,Byron Dolls,Symmetrik
31,2535,SAR,Pro Bowl,OL,Offensive Lineman,Keane Lover,Moodles
31,2668,BAL,Pro Bowl,OL,Cornerback,Pepelegs Johnson,golden_apricot
31,2246,PHI,Pro Bowl,OFLEX,Wide Receiver,Jake Fencik,xenosthelegend
31,2218,PHI,Pro Bowl,DE,Defensive End,Tex Wrecks,209tacos
31,2334,YKW,Pro Bowl,DE,Defensive End,Leonard Taylor,Tayjay
31,1977,SAR,Pro Bowl,DE,Defensive End,Son Goku,Naosu
31,2249,PHI,Pro Bowl,DT,Defensive Tackle,Honky-Tonk Haywood,jzajenius36
31,1871,COL,Pro Bowl,DT,Defensive Tackle,Magnus Rikiya,Tesla
31,2236,COL,Pro Bowl,LB,Linebacker,Rusty Rucker,LancedJack
31,2080,CHI,Pro Bowl,LB,Linebacker,Juan Domine,Yeenoghu
31,2241,CHI,Pro Bowl,LB,Defensive End,Wasrabi Gleel,Crodyman
31,2306,BER,Pro Bowl,LB,Linebacker,BamBam McMullet,manicmav36
31,2320,YKW,Pro Bowl,LB,Linebacker,Big Slammu,moonlight
31,2532,BAL,Pro Bowl,CB,Cornerback,Lip Gallagher,fever95
31,2259,BER,Pro Bowl,CB,Cornerback,Jeeeeroy Lenkins,LewisMelville
31,2209,COL,Pro Bowl,CB,Cornerback,Albert Ruschmann,katarn22
31,2496,PHI,Pro Bowl,CB,Cornerback,C.J. Sonjack,Ace
31,2516,BER,Pro Bowl,S,Safety,Jacob Raske,CLG Rampage
31,1970,SAR,Pro Bowl,S,Safety,Cuco Clemente,Billybolo53
31,2342,BAL,Pro Bowl,S,Safety,Caven McRae,MacDaddy
31,2124,YKW,Pro Bowl,P,Kicker,Blago Kokot,Goat_Whisperer
31,1710,SAR,Pro Bowl,K,Kicker,Jacob Small,bjkman
31,2030,YKW,Pro Bowl,KR,Wide Receiver,Kai Sakura,DarknessRising
31,2194,YKW,Pro Bowl,KR,Cornerback,Daniel Foster,Arkz
31,2137,COL,QBOTY,QB,Quarterback,Mattathias Caliban,PigSnout
31,2681,NOR,QBOTY,QB,Quarterback,Malcolm Savage,MN_Moosey
31,2257,OCO,RBOTY,RB,Running Back,Goat Tank,Eldorian
31,2770,MIN,RBOTY,RB,Running Back,Lalu Muhammad Zohri,kentakira
31,2030,YKW,RetOTY,WR,Wide Receiver,Kai Sakura,DarknessRising
31,2610,TIJ,RetOTY,LB,Linebacker,Miracle Whip,Tbone54
31,1970,SAR,SOTY,S,Safety,Cuco Clemente,Billybolo53
31,2817,DAL,SOTY,S,Safety,Lance Witt,solas
31,1758,YKW,TEOTY,TE,Tight End,Zee Rechs,ZootTX
31,2686,POR,TEOTY,CB,Cornerback,Mark Goodhead,CptGoosar
31,2240,YKW,WROTY,WR,Wide Receiver,Mark Walker,deadlunatic
31,2683,NOR,WROTY,WR,Wide Receiver,French Fries,Sonaclov
32,2472,BFS,All-Pro First Team,QB,Quarterback,Dexter Zaylren,.Laser
32,2146,AUS,All-Pro First Team,RB,Running Back,Zoe Watts,Kyamprac
32,2078,AZ,All-Pro First Team,RB,Running Back,Deadly Memes,Z-Whiz
32,2298,NYS,All-Pro First Team,FB,Running Back,Buster Bawlls,ryd029aird13
32,2321,NYS,All-Pro First Team,WR,Wide Receiver,Tugg Speedman,ComebackZak
32,2246,LIB,All-Pro First Team,WR,Wide Receiver,Jake Fencik,xenosthelegend
32,2380,LIB,All-Pro First Team,TE,Tight End,Borgo San Lorenzo,AgentSmith
32,2296,BFS,All-Pro First Team,OT,Offensive Lineman,Ananda Adyan,TMosura
32,2525,SAR,All-Pro First Team,OT,Offensive Lineman,Stumpy Jones,FootballIsCool
32,2225,AUS,All-Pro First Team,GUARD,Offensive Lineman,Felix Archstone,GlimsTC
32,2312,OCO,All-Pro First Team,GUARD,Offensive Lineman,Maiteers Rico-Shea,Beaver
32,2459,COL,All-Pro First Team,CENTER,Offensive Lineman,Manhattan Project,Modern_Duke
32,2293,NOLA,All-Pro First Team,DE,Defensive End,Medicinal Toblerone,JuOSu
32,2314,SAR,All-Pro First Team,DE,Defensive End,David Moyes,LB3737
32,2156,AZ,All-Pro First Team,DT,Defensive Tackle,Chuck Roth,zeagle1
32,2249,LIB,All-Pro First Team,DT,Defensive Tackle,Honky-Tonk Haywood,jzajenius36
32,2320,HON,All-Pro First Team,OLB,Linebacker,Big Slammu,moonlight
32,2288,LIB,All-Pro First Team,OLB,Linebacker,Gary Goodman,Cody
32,2236,COL,All-Pro First Team,ILB,Linebacker,Rusty Rucker,LancedJack
32,2202,AZ,All-Pro First Team,CB,Cornerback,Rich Triplet,Kotasa
32,2159,LIB,All-Pro First Team,CB,Cornerback,Doy Fieri,Pat
32,2068,AZ,All-Pro First Team,S,Safety,Eugene Smoothie,Nhamlet
32,2463,AUS,All-Pro First Team,S,Safety,Chathack’rius Smith IV,Rockiesfan4ever
32,2465,SJS,All-Pro First Team,FLEX,Cornerback,Willie Miller,Sebster
32,2124,YKW,All-Pro First Team,P,Kicker,Blago Kokot,Goat_Whisperer
32,2670,LIB,All-Pro First Team,K,Kicker,Ikick Ballz,Tp3480
32,2321,NYS,All-Pro First Team,RET,Wide Receiver,Tugg Speedman,ComebackZak
32,2137,COL,All-Pro Second Team,QB,Quarterback,Mattathias Caliban,PigSnout
32,2257,BFS,All-Pro Second Team,RB,Running Back,Goat Tank,Eldorian
32,2569,SAR,All-Pro Second Team,RB,Running Back,John Huntsman,Fronk
32,2206,AUS,All-Pro Second Team,FB,Running Back,Ben Alexander-Arnold,Ben
32,2482,AUS,All-Pro Second Team,WR,Wide Receiver,Bayley Cowabunga,JKortesi81
32,2059,SAR,All-Pro Second Team,WR,Wide Receiver,Jackson Kingston,Daybe
32,2305,SAR,All-Pro Second Team,TE,Tight End,Mario Messi,KingSean
32,2091,CHI,All-Pro Second Team,OT,Offensive Lineman,Icebox Riposte,Mavfatha
32,2344,LIB,All-Pro Second Team,OT,Offensive Lineman,Alexander Franklin,Hordle
32,2231,NYS,All-Pro Second Team,GUARD,Offensive Lineman,Bob Roberts,zaynzk
32,2609,AZ,All-Pro Second Team,GUARD,Offensive Lineman,Bernie Sanders,caltroit_red_flames
32,1852,NOLA,All-Pro Second Team,CENTER,Offensive Lineman,Ben Slothlisberger,slothfacekilla
32,2563,HON,All-Pro Second Team,DE,Defensive End,David Frank,IceBear32
32,2281,NYS,All-Pro Second Team,DE,Defensive End,Brick Van Sanzo,snazzlepuss22
32,2607,OCO,All-Pro Second Team,DT,Linebacker,Dominos Pizzaman,MattBake12
32,1771,YKW,All-Pro Second Team,DT,Defensive Tackle,Patrik Money,PMoney
32,2080,CHI,All-Pro Second Team,OLB,Linebacker,Juan Domine,Yeenoghu
32,2306,BFS,All-Pro Second Team,OLB,Linebacker,BamBam McMullet,manicmav36
32,2688,NYS,All-Pro Second Team,ILB,Linebacker,Sakeem Webb,DELIRIVM
32,2253,BFS,All-Pro Second Team,CB,Cornerback,Swantavius Jones,Swanty
32,2348,COL,All-Pro Second Team,CB,Cornerback,Redbeard McFredbeard,Ephenssta
32,1970,SAR,All-Pro Second Team,S,Safety,Cuco Clemente,Billybolo53
32,2782,BAL,All-Pro Second Team,S,Safety,Pasta the Turtle,visceralpotamus
32,2469,LIB,All-Pro Second Team,FLEX,Safety,Romulus Roman,Amulos
32,1781,CHI,All-Pro Second Team,P,Kicker,Sam Sidekick,Evok
32,2414,AZ,All-Pro Second Team,K,Kicker,Cade York,LSUFAN101
32,2059,SAR,All-Pro Second Team,RET,Wide Receiver,Jackson Kingston,Daybe
32,2202,AZ,CBOTY,CB,Cornerback,Rich Triplet,Kotasa
32,2746,MIN,CBOTY,CB,Cornerback,Modern Nazgûl,Vulfzilla
32,1764,NYS,championship,DT,Defensive Tackle,Colt Mendoza,iStegosauruz
32,1870,NYS,championship,WR,Wide Receiver,Sean Snyder,DatSmolBoi
32,2047,NYS,championship,CB,Cornerback,Lesean Paris Crooks,The_Kidd
32,2104,NYS,championship,QB,Quarterback,Sam Howitzer,Trautner
32,2130,NYS,championship,RB,Running Back,Captain Rogers,TeyonSchavari
32,2177,NYS,championship,T,Offensive Lineman,Harley Fank,Beebob
32,2224,NYS,championship,T,Offensive Lineman,Marc Hamel,lespoils
32,2231,NYS,championship,G,Offensive Lineman,Bob Roberts,zaynzk
32,2264,NYS,championship,LB,Linebacker,Hank Winchester,timeconsumer
32,2281,NYS,championship,DE,Defensive End,Brick Van Sanzo,snazzlepuss22
32,2285,NYS,championship,CB,Cornerback,Dukburg QuakStak,Bwestfield
32,2298,NYS,championship,FB,Running Back,Buster Bawlls,ryd029aird13
32,2315,NYS,championship,FS,Safety,Dogwood Maple,dogwoodmaple
32,2321,NYS,championship,WR,Wide Receiver,Tugg Speedman,ComebackZak
32,2355,NYS,championship,LB,Linebacker,Makoto Otawara,TubbyTim69
32,2394,NYS,championship,SS,Safety,Lawrence Miller,overdoo
32,2408,NYS,championship,K,Kicker,Armando Galarraga,BigUnitBabs
32,2409,NYS,championship,WR,Wide Receiver,Joseph Radetzky,StevenOSullivan
32,2428,NYS,championship,TE,Tight End,James Wilkinson,treant
32,2456,NYS,championship,DE,Defensive End,Mongo -,MachineEarnedRuns
32,2468,NYS,championship,CB,Cornerback,Chunt The Badger,UltimateYeehaw
32,2498,NYS,championship,DE,Defensive End,Andrew Warthol,Skorch
32,2518,NYS,championship,RB,Running Back,Brandon Prince,Void_DCXI
32,2561,NYS,championship,T,Offensive Lineman,Joey Marston,Capt_Blitzkrieg
32,2641,NYS,championship,DE,Defensive End,Rocco Blade,Accka
32,2683,NYS,championship,WR,Wide Receiver,French Fries,Sonaclov
32,2688,NYS,championship,LB,Linebacker,Sakeem Webb,DELIRIVM
32,2463,AUS,DBROTY,S,Safety,Chathack’rius Smith IV,Rockiesfan4ever
32,2334,YKW,DEOTY,DE,Defensive End,Leonard Taylor,Tayjay
32,2820,TIJ,DEOTY,LB,Linebacker,Leonardo McTurtle,KaleSalad
32,2220,HON,DPerOTY,LB,Offensive Lineman,Guy Fields,r0tzbua
32,2746,MIN,DPerOTY,CB,Cornerback,Modern Nazgûl,Vulfzilla
32,2320,HON,DPOTY,LB,Linebacker,Big Slammu,moonlight
32,2672,NOR,DPOTY,LB,Linebacker,Nathan Claflin,Greenbaynathan
32,2782,BAL,DROTY,S,Safety,Pasta the Turtle,visceralpotamus
32,2820,TIJ,DROTY,LB,Linebacker,Leonardo McTurtle,KaleSalad
32,2156,AZ,DTOTY,DT,Defensive Tackle,Chuck Roth,zeagle1
32,2761,MIN,DTOTY,DT,Defensive Tackle,Franklin Turtle,thevoicelesscreator
32,1302,"BAL, AUS",HoF,Cornerback,Cornerback,Dermot Lavelle Jr.,White Cornerback
32,1357,"COL, NYS",HoF,Running Back,Running Back,Ashley Owens,run_CMC
32,1448,NOLA,HoF,Cornerback,Cornerback,David Rector,ddrector
32,1499,NOLA,HoF,Tight End,Tight End,Austin McCormick,Nokazoa
32,2670,PHI,KOTY,K,Kicker,Ikick Ballz,Tp3480
32,2861,TIJ,KOTY,K,Kicker,Daybe Downbad,Wombat
32,2320,HON,LBOTY,LB,Linebacker,Big Slammu,moonlight
32,2672,NOR,LBOTY,LB,Linebacker,Nathan Claflin,Greenbaynathan
32,2472,BER,MOP,QB,Quarterback,Dexter Zaylren,.Laser
32,2787,LON,MOP,S,Safety,Rocky Rhoads,platanocat
32,2472,BER,MVP,QB,Quarterback,Dexter Zaylren,.Laser
32,2791,TIJ,MVP,QB,Quarterback,Live Laughlove,SwankyPants31
32,2569,SAR,OBROTY,RB,Running Back,John Huntsman,Fronk
32,2344,PHI,OLOTY,OL,Offensive Lineman,Alexander Franklin,Hordle
32,2773,TIJ,OLOTY,OL,Offensive Lineman,A Kicker,Jobin
32,2528,BER,OPerOTY,RB,Running Back,Goat Tank Jr.,Haseo
32,2666,TIJ,OPerOTY,CB,Cornerback,CMC’s Burner,MrGoat1246
32,2146,AUS,OPOTY,RB,Running Back,Zoe Watts,Kyamprac
32,2787,LON,OPOTY,S,Safety,Rocky Rhoads,platanocat
32,2770,MIN,OPOTY,RB,Running Back,Lalu Muhammad Zohri,kentakira
32,2689,SJS,OROTY,WR,Wide Receiver,Jaycee Higgins,Net
32,2852,KCC,OROTY,WR,Wide Receiver,Bud R. Fingers,DrChops
32,2124,YKW,POTY,K,Kicker,Blago Kokot,Goat_Whisperer
32,2667,MIN,POTY,K,Kicker,Levy Tate,Sloths1
32,2104,NYS,Pro Bowl,QB,Quarterback,Sam Howitzer,Trautner
32,2584,SJS,Pro Bowl,QB,Offensive Lineman,Panda McKyle,furiousPanda
32,2146,AUS,Pro Bowl,RB,Running Back,Zoe Watts,Kyamprac
32,2078,AZ,Pro Bowl,RB,Running Back,Deadly Memes,Z-Whiz
32,2528,OCO,Pro Bowl,RB,Running Back,Goat Tank Jr.,Haseo
32,2298,NYS,Pro Bowl,FB,Running Back,Buster Bawlls,ryd029aird13
32,2321,NYS,Pro Bowl,WR,Wide Receiver,Tugg Speedman,ComebackZak
32,2434,HON,Pro Bowl,WR,Safety,Eleven Kendrick-Watts,124715
32,2088,AZ,Pro Bowl,WR,Wide Receiver,Taro Raimon,xTri
32,2284,NOLA,Pro Bowl,TE,Tight End,Adam C. Spencer,AdamS
32,2428,NYS,Pro Bowl,TE,Tight End,James Wilkinson,treant
32,1852,NOLA,Pro Bowl,OL,Offensive Lineman,Ben Slothlisberger,slothfacekilla
32,2225,AUS,Pro Bowl,OL,Offensive Lineman,Felix Archstone,GlimsTC
32,2312,OCO,Pro Bowl,OL,Offensive Lineman,Maiteers Rico-Shea,Beaver
32,2375,SJS,Pro Bowl,OL,Offensive Lineman,Jaja Ding Dong,ckroyal92
32,2224,NYS,Pro Bowl,OL,Offensive Lineman,Marc Hamel,lespoils
32,2482,AUS,Pro Bowl,OFLEX,Wide Receiver,Bayley Cowabunga,JKortesi81
32,2293,NOLA,Pro Bowl,DE,Defensive End,Medicinal Toblerone,JuOSu
32,2563,HON,Pro Bowl,DE,Defensive End,David Frank,IceBear32
32,2156,AZ,Pro Bowl,DT,Defensive Tackle,Chuck Roth,zeagle1
32,2093,NOLA,Pro Bowl,DT,Defensive Tackle,LeBong Simwell,Birdman
32,2607,OCO,Pro Bowl,DT,Linebacker,Dominos Pizzaman,MattBake12
32,2320,HON,Pro Bowl,LB,Linebacker,Big Slammu,moonlight
32,2510,AZ,Pro Bowl,LB,Linebacker,Glenn Smart,Pib
32,2220,HON,Pro Bowl,LB,Offensive Lineman,Guy Fields,r0tzbua
32,2202,AZ,Pro Bowl,CB,Cornerback,Rich Triplet,Kotasa
32,2465,SJS,Pro Bowl,CB,Cornerback,Willie Miller,Sebster
32,2255,AUS,Pro Bowl,CB,Cornerback,Annie May,frazzle14
32,2463,AUS,Pro Bowl,S,Safety,Chathack’rius Smith IV,Rockiesfan4ever
32,2068,AZ,Pro Bowl,S,Safety,Eugene Smoothie,Nhamlet
32,2315,NYS,Pro Bowl,S,Safety,Dogwood Maple,dogwoodmaple
32,2517,OCO,Pro Bowl,P,Kicker,Dallas Dole,Dallypole
32,2414,AZ,Pro Bowl,K,Kicker,Cade York,LSUFAN101
32,2321,NYS,Pro Bowl,KR,Wide Receiver,Tugg Speedman,ComebackZak
32,2268,OCO,Pro Bowl,KR,Cornerback,Richard Leaking,ReverendOReily
32,2528,OCO,Pro Bowl,KR,Running Back,Goat Tank Jr.,Haseo
32,2472,BER,Pro Bowl,QB,Quarterback,Dexter Zaylren,.Laser
32,2360,PHI,Pro Bowl,QB,Quarterback,Ryan Negs,negs
32,2257,BER,Pro Bowl,RB,Running Back,Goat Tank,Eldorian
32,2569,SAR,Pro Bowl,RB,Running Back,John Huntsman,Fronk
32,2536,BER,Pro Bowl,RB,Running Back,Jay Cue Jr.,Opera_Phantom
32,2300,CHI,Pro Bowl,FB,Running Back,Dexter Jackson,KillaScrilla
32,2246,PHI,Pro Bowl,WR,Wide Receiver,Jake Fencik,xenosthelegend
32,2059,SAR,Pro Bowl,WR,Wide Receiver,Jackson Kingston,Daybe
32,2523,COL,Pro Bowl,WR,Wide Receiver,Cole Maxwell,Alcott
32,2380,PHI,Pro Bowl,TE,Tight End,Borgo San Lorenzo,AgentSmith
32,2305,SAR,Pro Bowl,TE,Tight End,Mario Messi,KingSean
32,2459,COL,Pro Bowl,OL,Offensive Lineman,Manhattan Project,Modern_Duke
32,2422,BER,Pro Bowl,OL,Offensive Lineman,Cheese Farley,Guriinwoodo
32,2313,SAR,Pro Bowl,OL,Offensive Lineman,LeBron James III,Orhanello
32,2296,BER,Pro Bowl,OL,Offensive Lineman,Ananda Adyan,TMosura
32,2091,CHI,Pro Bowl,OL,Offensive Lineman,Icebox Riposte,Mavfatha
32,2367,COL,Pro Bowl,OFLEX,Wide Receiver,Raphael Delacour,37thchamber
32,2314,SAR,Pro Bowl,DE,Defensive End,David Moyes,LB3737
32,2334,YKW,Pro Bowl,DE,Defensive End,Leonard Taylor,Tayjay
32,2249,PHI,Pro Bowl,DT,Defensive Tackle,Honky-Tonk Haywood,jzajenius36
32,1771,YKW,Pro Bowl,DT,Defensive Tackle,Patrik Money,PMoney
32,2080,CHI,Pro Bowl,LB,Linebacker,Juan Domine,Yeenoghu
32,2288,PHI,Pro Bowl,LB,Linebacker,Gary Goodman,Cody
32,2306,BER,Pro Bowl,LB,Linebacker,BamBam McMullet,manicmav36
32,2253,BER,Pro Bowl,CB,Cornerback,Swantavius Jones,Swanty
32,2159,PHI,Pro Bowl,CB,Cornerback,Doy Fieri,Pat
32,2605,YKW,Pro Bowl,CB,Cornerback,Owen Reed,NylarthePhoenix
32,2532,BAL,Pro Bowl,CB,Cornerback,Lip Gallagher,fever95
32,2782,BAL,Pro Bowl,S,Safety,Pasta the Turtle,visceralpotamus
32,1970,SAR,Pro Bowl,S,Safety,Cuco Clemente,Billybolo53
32,2469,PHI,Pro Bowl,S,Safety,Romulus Roman,Amulos
32,2124,YKW,Pro Bowl,P,Kicker,Blago Kokot,Goat_Whisperer
32,2670,PHI,Pro Bowl,K,Kicker,Ikick Ballz,Tp3480
32,2419,CHI,Pro Bowl,KR,Cornerback,HeHateMe PickSix II,Vorshayla
32,2059,SAR,Pro Bowl,KR,Wide Receiver,Jackson Kingston,Daybe
32,2472,BER,QBOTY,QB,Quarterback,Dexter Zaylren,.Laser
32,2791,TIJ,QBOTY,QB,Quarterback,Live Laughlove,SwankyPants31
32,2146,AUS,RBOTY,RB,Running Back,Zoe Watts,Kyamprac
32,2787,LON,RBOTY,S,Safety,Rocky Rhoads,platanocat
32,2321,NYS,RetOTY,WR,Wide Receiver,Tugg Speedman,ComebackZak
32,2666,TIJ,RetOTY,CB,Cornerback,CMC’s Burner,MrGoat1246
32,2463,AUS,SOTY,S,Safety,Chathack’rius Smith IV,Rockiesfan4ever
32,2826,TIJ,SOTY,S,Safety,Talen Farrens,Napalm
32,2380,PHI,TEOTY,TE,Tight End,Borgo San Lorenzo,AgentSmith
32,2686,POR,TEOTY,CB,Cornerback,Mark Goodhead,CptGoosar
32,2321,NYS,WROTY,WR,Wide Receiver,Tugg Speedman,ComebackZak
32,2813,DAL,WROTY,WR,Wide Receiver,Escanor Sama,LordEscanor
33,2671,AZ,All-Pro First Team,QB,Quarterback,Wendell Sailor,.simo
33,2528,OCO,All-Pro First Team,RB,Running Back,Goat Tank Jr.,Haseo
33,2536,AZ,All-Pro First Team,RB,Running Back,Jay Cue Jr.,Opera_Phantom
33,2575,AUS,All-Pro First Team,FB,Running Back,Ivan Toastovich,ToastCharger
33,2088,AZ,All-Pro First Team,WR,Wide Receiver,Taro Raimon,xTri
33,2246,LIB,All-Pro First Team,WR,Wide Receiver,Jake Fencik,xenosthelegend
33,2643,HON,All-Pro First Team,TE,Wide Receiver,Sal Ami,Beck
33,2091,CHI,All-Pro First Team,OT,Offensive Lineman,Icebox Riposte,Mavfatha
33,2344,LIB,All-Pro First Team,OT,Offensive Lineman,Alexander Franklin,Hordle
33,2691,LIB,All-Pro First Team,GUARD,Offensive Lineman,Zoltan -,Rangerjase
33,2327,AUS,All-Pro First Team,GUARD,Offensive Lineman,Slurms Mckenzie,SlurmsMckenzie
33,2459,COL,All-Pro First Team,CENTER,Offensive Lineman,Manhattan Project,Modern_Duke
33,2641,NYS,All-Pro First Team,DE,Defensive End,Rocco Blade,Accka
33,2574,OCO,All-Pro First Team,DE,Defensive End,Will Stern,legion of slugs
33,2156,AZ,All-Pro First Team,DT,Defensive Tackle,Chuck Roth,zeagle1
33,2416,BFS,All-Pro First Team,DT,Defensive Tackle,Jason Bradshaw,Gumbaman
33,2112,COL,All-Pro First Team,OLB,Linebacker,Melvin Murder-Moose,SchwarzNarr
33,2306,BFS,All-Pro First Team,OLB,Linebacker,BamBam McMullet,manicmav36
33,2326,SAR,All-Pro First Team,ILB,Linebacker,Ernest Lover,Mojojojo
33,2094,SAR,All-Pro First Team,CB,Cornerback,Harrison Andrews,abh89
33,2268,OCO,All-Pro First Team,CB,Cornerback,Richard Leaking,ReverendOReily
33,2516,BFS,All-Pro First Team,S,Safety,Jacob Raske,CLG Rampage
33,2714,SAR,All-Pro First Team,S,Safety,Spike Daniels,Michiganonymous
33,2462,AUS,All-Pro First Team,FLEX,Cornerback,Juno Hu,j00
33,2517,OCO,All-Pro First Team,P,Kicker,Dallas Dole,Dallypole
33,2667,CHI,All-Pro First Team,K,Kicker,Levy Tate,Sloths1
33,2317,HON,All-Pro First Team,RET,Running Back,Cobra Kai,OrbitingDeath
33,2137,COL,All-Pro Second Team,QB,Quarterback,Mattathias Caliban,PigSnout
33,2257,BFS,All-Pro Second Team,RB,Running Back,Goat Tank,Eldorian
33,2569,SAR,All-Pro Second Team,RB,Running Back,John Huntsman,Fronk
33,2298,NYS,All-Pro Second Team,FB,Running Back,Buster Bawlls,ryd029aird13
33,2240,YKW,All-Pro Second Team,WR,Wide Receiver,Mark Walker,deadlunatic
33,2367,COL,All-Pro Second Team,WR,Wide Receiver,Raphael Delacour,37thchamber
33,2576,YKW,All-Pro Second Team,TE,Running Back,Buffalo Hunter,BOOM™
33,2260,CHI,All-Pro Second Team,OT,Offensive Lineman,Connor Quigley,WhatAmUs
33,2375,SJS,All-Pro Second Team,OT,Offensive Lineman,Jaja Ding Dong,ckroyal92
33,2535,SAR,All-Pro Second Team,GUARD,Offensive Lineman,Keane Lover,Moodles
33,2178,CHI,All-Pro Second Team,GUARD,Offensive Lineman,Timmy Dimbi,Tylar
33,2731,BAL,All-Pro Second Team,CENTER,Offensive Lineman,Paul Monitor,Hallmonitor_20
33,2314,SAR,All-Pro Second Team,DE,Defensive End,David Moyes,LB3737
33,2241,CHI,All-Pro Second Team,DE,Defensive End,Wasrabi Gleel,Crodyman
33,2249,LIB,All-Pro Second Team,DT,Defensive Tackle,Honky-Tonk Haywood,jzajenius36
33,2402,HON,All-Pro Second Team,DT,Defensive Tackle,Candice D. Fitinyomouf,TheRealMazatt
33,2288,LIB,All-Pro Second Team,OLB,Linebacker,Gary Goodman,Cody
33,2634,BAL,All-Pro Second Team,OLB,Linebacker,Sheriff Woody,TomHanks
33,2551,NOLA,All-Pro Second Team,ILB,Linebacker,Sir Peter Jackson,ddrector
33,2465,LIB,All-Pro Second Team,CB,Cornerback,Willie Miller,Sebster
33,2255,AUS,All-Pro Second Team,CB,Cornerback,Annie May,frazzle14
33,2600,CHI,All-Pro Second Team,S,Safety,Dee Walt,TheCC
33,2710,NOLA,All-Pro Second Team,S,Safety,Amari Springer,Dagumpa
33,2633,HON,All-Pro Second Team,FLEX,Defensive End,Miles Weperom,MMFLEX
33,2487,COL,All-Pro Second Team,P,Kicker,Lux Opal,Quail
33,2533,AUS,All-Pro Second Team,K,Kicker,Jean-Jacques Leroy,LiathTheSquirrel
33,2689,SJS,All-Pro Second Team,RET,Wide Receiver,Jaycee Higgins,Net
33,2268,OCO,CBOTY,CB,Cornerback,Richard Leaking,ReverendOReily
33,2745,NOR,CBOTY,CB,Cornerback,Dragazor Blaze,FireKing10789
33,1836,BAL,championship,T,Offensive Lineman,Bruce Buckley,NicholasTheGreat
33,2323,BAL,championship,LB,Linebacker,A.J Lucas,Alucas
33,2352,BAL,championship,LB,Linebacker,Chet Larson,Tomasnz
33,2403,BAL,championship,WR,Wide Receiver,Preston Parker,TheDangaZone
33,2447,BAL,championship,TE,Cornerback,Makoa Mahiʻai,King Jellyfish
33,2477,BAL,championship,WR,Wide Receiver,Luke Quick,Bigred1580
33,2481,BAL,championship,DT,Defensive Tackle,David Ramczyk,Shiny
33,2503,BAL,championship,CB,Cornerback,Raeni Clarke,bex
33,2512,BAL,championship,RB,Running Back,Busch Goose,infinitempg
33,2526,BAL,championship,WR,Wide Receiver,Sam the Onion Man,Duilio05
33,2529,BAL,championship,DT,Defensive Tackle,"Will ""Brick Wall"" Smyth",itztimg
33,2532,BAL,championship,CB,Cornerback,Lip Gallagher,fever95
33,2534,BAL,championship,QB,Quarterback,Gimmy Jaroppolo Jr.,Frick_Nasty
33,2560,BAL,championship,SS,Safety,Tre’ Mendus Johnson,allbetsonjames
33,2579,BAL,championship,RB,Running Back,Dante King,shadyshoelace
33,2634,BAL,championship,LB,Linebacker,Sheriff Woody,TomHanks
33,2668,BAL,championship,CB,Cornerback,Pepelegs Johnson,golden_apricot
33,2711,BAL,championship,DE,Defensive End,Morpheus Czargyros,captjanko
33,2731,BAL,championship,C,Offensive Lineman,Paul Monitor,Hallmonitor_20
33,2782,BAL,championship,FS,Safety,Pasta the Turtle,visceralpotamus
33,2798,BAL,championship,T,Offensive Lineman,Theo AwardsSystemIsBad,UberBJ
33,2810,BAL,championship,TE,Tight End,Lenard Graf,Trempale
33,2861,BAL,championship,K,Kicker,Daybe Downbad,Wombat
33,2716,SJS,DBROTY,LB,Safety,Orpheus Czargyros,HalfEatenOnionBagel
33,2574,OCO,DEOTY,DE,Defensive End,Will Stern,legion of slugs
33,2834,KCC,DEOTY,DE,Defensive End,Greg Strongjaw,Amadan
33,2080,CHI,DPerOTY,LB,Linebacker,Juan Domine,Yeenoghu
33,2931,MIN,DPerOTY,S,Safety,- Cross-Eriksen,Tesla
33,2516,BER,DPOTY,S,Safety,Jacob Raske,CLG Rampage
33,2834,KCC,DPOTY,DE,Defensive End,Greg Strongjaw,Amadan
33,2811,NOLA,DROTY,LB,Linebacker,Doc Fireball,2Lzy
33,2893,KCC,DROTY,S,Safety,Russet Buster,RussDrivesTheBus
33,2156,AZ,DTOTY,DT,Defensive Tackle,Chuck Roth,zeagle1
33,2937,DAL,DTOTY,LB,Linebacker,Solace Avenger,MobiausGrander
33,1322,PHI,HoF,Running Back,Running Back,Sam Torenson,Jonny2x
33,1339,"COL, NYS",HoF,Defensive Tackle,Defensive Tackle,Bubba Thumper,woelkers
33,1455,NOLA,HoF,Offensive Lineman,Offensive Lineman,Givussafare Rubbe,caltroit_red_flames
33,1546,AZ,HoF,Linebacker,Linebacker,Galf Wilf,Moosecop
33,2667,CHI,KOTY,K,Kicker,Levy Tate,Sloths1
33,2866,DAL,KOTY,K,Kicker,Double Doink,sarah
33,2112,COL,LBOTY,LB,Linebacker,Melvin Murder-Moose,SchwarzNarr
33,2672,NOR,LBOTY,LB,Linebacker,Nathan Claflin,Greenbaynathan
33,2112,COL,MOP,LB,Linebacker,Melvin Murder-Moose,SchwarzNarr
33,2859,MIN,MOP,RB,Running Back,Kawai Bartok,Jiggly_333
33,2112,COL,MVP,LB,Linebacker,Melvin Murder-Moose,SchwarzNarr
33,2859,MIN,MVP,RB,Running Back,Kawai Bartok,Jiggly_333
33,2626,AUS,OBROTY,WR,Wide Receiver,Cliff Burton,Thelastheraclid
33,2091,CHI,OLOTY,OL,Offensive Lineman,Icebox Riposte,Mavfatha
33,2773,TIJ,OLOTY,OL,Offensive Lineman,A Kicker,Jobin
33,2528,BER,OPerOTY,RB,Running Back,Goat Tank Jr.,Haseo
33,2870,POR,OPerOTY,TE,Tight End,Molki Koivu,Briedaqueduc
33,2528,OCO,OPOTY,RB,Running Back,Goat Tank Jr.,Haseo
33,2791,TIJ,OPOTY,QB,Quarterback,Live Laughlove,SwankyPants31
33,2671,AZ,OROTY,QB,Quarterback,Wendell Sailor,.simo
33,2929,LON,OROTY,WR,Wide Receiver,Louis Blondin,Gordon Bombay
33,2517,OCO,POTY,K,Kicker,Dallas Dole,Dallypole
33,2892,MIN,POTY,CB,Cornerback,Theo Lariat,ctots
33,2269,AUS,Pro Bowl,QB,Quarterback,Jackie Daytona,Mooty99
33,2671,AZ,Pro Bowl,QB,Quarterback,Wendell Sailor,.simo
33,2536,AZ,Pro Bowl,RB,Running Back,Jay Cue Jr.,Opera_Phantom
33,2528,OCO,Pro Bowl,RB,Running Back,Goat Tank Jr.,Haseo
33,2146,AUS,Pro Bowl,RB,Running Back,Zoe Watts,Kyamprac
33,2317,HON,Pro Bowl,RB,Running Back,Cobra Kai,OrbitingDeath
33,2575,AUS,Pro Bowl,FB,Running Back,Ivan Toastovich,ToastCharger
33,2088,AZ,Pro Bowl,WR,Wide Receiver,Taro Raimon,xTri
33,2709,OCO,Pro Bowl,WR,Wide Receiver,Rodka Raskolnikov,Vikain
33,2482,AUS,Pro Bowl,WR,Wide Receiver,Bayley Cowabunga,JKortesi81
33,2689,SJS,Pro Bowl,WR,Wide Receiver,Jaycee Higgins,Net
33,2643,HON,Pro Bowl,TE,Wide Receiver,Sal Ami,Beck
33,2663,NOLA,Pro Bowl,TE,Tight End,Rex Crenshaw,Tacoshoppe
33,2343,AUS,Pro Bowl,OL,Offensive Lineman,Moe Skeeter,TheDude83
33,2609,AZ,Pro Bowl,OL,Offensive Lineman,Bernie Sanders,caltroit_red_flames
33,2231,NYS,Pro Bowl,OL,Offensive Lineman,Bob Roberts,zaynzk
33,2375,SJS,Pro Bowl,OL,Offensive Lineman,Jaja Ding Dong,ckroyal92
33,2260,AUS,Pro Bowl,OL,Offensive Lineman,Connor Quigley,WhatAmUs
33,2626,AUS,Pro Bowl,OFLEX,Wide Receiver,Cliff Burton,Thelastheraclid
33,2574,OCO,Pro Bowl,DE,Defensive End,Will Stern,legion of slugs
33,2641,NYS,Pro Bowl,DE,Defensive End,Rocco Blade,Accka
33,2156,AZ,Pro Bowl,DT,Defensive Tackle,Chuck Roth,zeagle1
33,2402,AUS,Pro Bowl,DT,Defensive Tackle,Candice D. Fitinyomouf,TheRealMazatt
33,2320,HON,Pro Bowl,LB,Linebacker,Big Slammu,moonlight
33,2510,AZ,Pro Bowl,LB,Linebacker,Glenn Smart,Pib
33,2716,SJS,Pro Bowl,LB,Safety,Orpheus Czargyros,HalfEatenOnionBagel
33,2268,OCO,Pro Bowl,CB,Cornerback,Richard Leaking,ReverendOReily
33,2202,AZ,Pro Bowl,CB,Cornerback,Rich Triplet,Kotasa
33,2285,NYS,Pro Bowl,CB,Cornerback,Dukburg QuakStak,Bwestfield
33,2633,HON,Pro Bowl,S,Defensive End,Miles Weperom,MMFLEX
33,2710,NOLA,Pro Bowl,S,Safety,Amari Springer,Dagumpa
33,2339,NOLA,Pro Bowl,S,Safety,Jonathan Shuffleboard,mee
33,2517,OCO,Pro Bowl,P,Kicker,Dallas Dole,Dallypole
33,2480,NOLA,Pro Bowl,K,Kicker,Taipan Pete,Thatguy91
33,2317,HON,Pro Bowl,KR,Running Back,Cobra Kai,OrbitingDeath
33,2321,NYS,Pro Bowl,KR,Wide Receiver,Tugg Speedman,ComebackZak
33,2137,COL,Pro Bowl,QB,Quarterback,Mattathias Caliban,PigSnout
33,2597,YKW,Pro Bowl,QB,Quarterback,Dustin Parmelee,Dp-420
33,2257,BER,Pro Bowl,RB,Running Back,Goat Tank,Eldorian
33,2569,SAR,Pro Bowl,RB,Running Back,John Huntsman,Fronk
33,2393,CHI,Pro Bowl,RB,Running Back,Madison Hayes,sve7en
33,2076,SAR,Pro Bowl,FB,Running Back,Tre’Darius J’Vathon,Rise of Smitty
33,2246,PHI,Pro Bowl,WR,Wide Receiver,Jake Fencik,xenosthelegend
33,2367,COL,Pro Bowl,WR,Wide Receiver,Raphael Delacour,37thchamber
33,2763,YKW,Pro Bowl,WR,Wide Receiver,Bernd D. Brot,teddyoojo
33,2240,YKW,Pro Bowl,WR,Wide Receiver,Mark Walker,deadlunatic
33,2305,SAR,Pro Bowl,TE,Tight End,Mario Messi,KingSean
33,2576,YKW,Pro Bowl,TE,Running Back,Buffalo Hunter,BOOM™
33,2459,COL,Pro Bowl,OL,Offensive Lineman,Manhattan Project,Modern_Duke
33,2313,SAR,Pro Bowl,OL,Offensive Lineman,LeBron James III,Orhanello
33,2701,CHI,Pro Bowl,OL,Offensive Lineman,Michael Carimi,LeatherneckMike
33,2091,CHI,Pro Bowl,OL,Offensive Lineman,Icebox Riposte,Mavfatha
33,2344,PHI,Pro Bowl,OL,Offensive Lineman,Alexander Franklin,Hordle
33,2579,BAL,Pro Bowl,OFLEX,Running Back,Dante King,shadyshoelace
33,2520,SAR,Pro Bowl,OFLEX,Wide Receiver,Saleem Spence,StadiumGambler
33,2314,SAR,Pro Bowl,DE,Defensive End,David Moyes,LB3737
33,2241,CHI,Pro Bowl,DE,Defensive End,Wasrabi Gleel,Crodyman
33,2249,PHI,Pro Bowl,DT,Defensive Tackle,Honky-Tonk Haywood,jzajenius36
33,2416,BER,Pro Bowl,DT,Defensive Tackle,Jason Bradshaw,Gumbaman
33,2112,COL,Pro Bowl,LB,Linebacker,Melvin Murder-Moose,SchwarzNarr
33,2080,CHI,Pro Bowl,LB,Linebacker,Juan Domine,Yeenoghu
33,2288,PHI,Pro Bowl,LB,Linebacker,Gary Goodman,Cody
33,2094,SAR,Pro Bowl,CB,Cornerback,Harrison Andrews,abh89
33,2532,BAL,Pro Bowl,CB,Cornerback,Lip Gallagher,fever95
33,2465,PHI,Pro Bowl,CB,Cornerback,Willie Miller,Sebster
33,2516,BER,Pro Bowl,S,Safety,Jacob Raske,CLG Rampage
33,2714,SAR,Pro Bowl,S,Safety,Spike Daniels,Michiganonymous
33,2600,CHI,Pro Bowl,S,Safety,Dee Walt,TheCC
33,2667,CHI,Pro Bowl,P,Kicker,Levy Tate,Sloths1
33,2667,CHI,Pro Bowl,K,Kicker,Levy Tate,Sloths1
33,2059,SAR,Pro Bowl,KR,Wide Receiver,Jackson Kingston,Daybe
33,2693,PHI,Pro Bowl,KR,Cornerback,Cedric Wilkins II,woelkers
33,2194,YKW,Pro Bowl,KR,Cornerback,Daniel Foster,Arkz
33,2137,COL,QBOTY,QB,Quarterback,Mattathias Caliban,PigSnout
33,2791,TIJ,QBOTY,QB,Quarterback,Live Laughlove,SwankyPants31
33,2528,OCO,RBOTY,RB,Running Back,Goat Tank Jr.,Haseo
33,2859,MIN,RBOTY,RB,Running Back,Kawai Bartok,Jiggly_333
33,2317,HON,RetOTY,RB,Running Back,Cobra Kai,OrbitingDeath
33,2850,POR,RetOTY,RB,Running Back,DeAndre King,TubbyTim69
33,2516,BER,SOTY,S,Safety,Jacob Raske,CLG Rampage
33,2931,MIN,SOTY,S,Safety,- Cross-Eriksen,Tesla
33,2643,HON,TEOTY,TE,Wide Receiver,Sal Ami,Beck
33,2870,POR,TEOTY,TE,Tight End,Molki Koivu,Briedaqueduc
33,2246,PHI,WROTY,WR,Wide Receiver,Jake Fencik,xenosthelegend
33,2929,LON,WROTY,WR,Wide Receiver,Louis Blondin,Gordon Bombay
34,2738,SAR,All-Pro First Team,QB,Quarterback,Carter Knight,Frostbite
34,2569,SAR,All-Pro First Team,RB,Running Back,John Huntsman,Fronk
34,2536,AZ,All-Pro First Team,RB,Running Back,Jay Cue Jr.,Opera_Phantom
34,2869,OCO,All-Pro First Team,FB,Wide Receiver,President Camacho,ThunderTitan82
34,2520,SAR,All-Pro First Team,WR,Wide Receiver,Saleem Spence,StadiumGambler
34,2523,COL,All-Pro First Team,WR,Wide Receiver,Cole Maxwell,Alcott
34,2305,SAR,All-Pro First Team,TE,Tight End,Mario Messi,KingSean
34,2525,SAR,All-Pro First Team,OT,Offensive Lineman,Stumpy Jones,FootballIsCool
34,2609,AZ,All-Pro First Team,OT,Offensive Lineman,Bernie Sanders,caltroit_red_flames
34,2231,NYS,All-Pro First Team,OT,Offensive Lineman,Bob Roberts,zaynzk
34,2422,BFS,All-Pro First Team,GUARD,Offensive Lineman,Cheese Farley,Guriinwoodo
34,2459,COL,All-Pro First Team,CENTER,Offensive Lineman,Manhattan Project,Modern_Duke
34,2314,SAR,All-Pro First Team,DE,Defensive End,David Moyes,LB3737
34,2426,BFS,All-Pro First Team,DE,Defensive End,Marlon Brando,Menace0528
34,2156,AZ,All-Pro First Team,DT,Defensive Tackle,Chuck Roth,zeagle1
34,2500,NOLA,All-Pro First Team,DT,Defensive Tackle,Cade Williams,dude_man
34,2510,AZ,All-Pro First Team,OLB,Linebacker,Glenn Smart,Pib
34,2634,BAL,All-Pro First Team,OLB,Linebacker,Sheriff Woody,TomHanks
34,2111,BFS,All-Pro First Team,ILB,Linebacker,Adam Schell,Cincyfan96
34,2454,CHI,All-Pro First Team,CB,Cornerback,Tim Soulja,Painted
34,2503,SAR,All-Pro First Team,CB,Cornerback,Raeni Clarke,bex
34,2716,NYS,All-Pro First Team,S,Safety,Orpheus Czargyros,HalfEatenOnionBagel
34,2394,NYS,All-Pro First Team,S,Safety,Lawrence Miller,overdoo
34,2195,AZ,All-Pro First Team,FLEX,Cornerback,Tayshawn Crunk,Crunk
34,2487,COL,All-Pro First Team,P,Kicker,Lux Opal,Quail
34,2408,NYS,All-Pro First Team,K,Kicker,Armando Galarraga,BigUnitBabs
34,2321,NYS,All-Pro First Team,RET,Wide Receiver,Tugg Speedman,ComebackZak
34,2681,NYS,All-Pro Second Team,QB,Quarterback,Malcolm Savage,MN_Moosey
34,2257,BFS,All-Pro Second Team,RB,Running Back,Goat Tank,Eldorian
34,2317,HON,All-Pro Second Team,RB,Running Back,Cobra Kai,OrbitingDeath
34,1903,SJS,All-Pro Second Team,FB,Running Back,Tatsu Nakamura,qWest
34,2482,AUS,All-Pro Second Team,WR,Wide Receiver,Bayley Cowabunga,JKortesi81
34,2709,OCO,All-Pro Second Team,WR,Wide Receiver,Rodka Raskolnikov,Vikain
34,2755,SJS,All-Pro Second Team,TE,Tight End,Deshawn Penne,Pvtpenne
34,2702,HON,All-Pro Second Team,OT,Offensive Lineman,Beniri T’Chawama,Dextaria
34,2375,SJS,All-Pro Second Team,OT,Offensive Lineman,Jaja Ding Dong,ckroyal92
34,2158,NOLA,All-Pro Second Team,OT,Offensive Lineman,Adam Mellott,GuitarMaster116
34,2814,LIB,All-Pro Second Team,GUARD,Offensive Lineman,Mauler Panda,juniped
34,2735,BFS,All-Pro Second Team,CENTER,Offensive Lineman,Marquees Acho Jr.,Huskies311
34,2420,HON,All-Pro Second Team,DE,Defensive End,Bean Beanman,Seymour
34,2456,NOLA,All-Pro Second Team,DE,Defensive End,Mongo -,MachineEarnedRuns
34,2566,YKW,All-Pro Second Team,DT,Defensive Tackle,Amadeus Redding,CmdrWalrus
34,2377,AZ,All-Pro Second Team,DT,Defensive Tackle,Fergus Callaghan Jr.,H0PPY75
34,2513,CHI,All-Pro Second Team,OLB,Linebacker,Dexter Hall,firstfray
34,2267,AZ,All-Pro Second Team,OLB,Linebacker,L’Gazzy Burfict,y2bobman
34,2475,OCO,All-Pro Second Team,ILB,Linebacker,Bender Rodriguez,shrub02
34,2476,AUS,All-Pro Second Team,CB,Cornerback,Siege Cameron,cjmccarley
34,2831,NYS,All-Pro Second Team,CB,Cornerback,Dax Dangerfield,TheRocheLimit
34,2710,NOLA,All-Pro Second Team,S,Safety,Amari Springer,Dagumpa
34,2339,NOLA,All-Pro Second Team,S,Safety,Jonathan Shuffleboard,mee
34,2468,NYS,All-Pro Second Team,FLEX,Cornerback,Chunt The Badger,UltimateYeehaw
34,2582,BFS,All-Pro Second Team,P,Kicker,Izuku Campbell,Gtpk4
34,2487,COL,All-Pro Second Team,K,Kicker,Lux Opal,Quail
34,2635,CHI,All-Pro Second Team,RET,Wide Receiver,Vincent Sharpei Jr.,Muford
34,2091,CHI,championship,T,Offensive Lineman,Icebox Riposte,Mavfatha
34,2094,CHI,championship,CB,Cornerback,Harrison Andrews,abh89
34,2241,CHI,championship,DE,Defensive End,Wasrabi Gleel,Crodyman
34,2288,CHI,championship,LB,Linebacker,Gary Goodman,Cody
34,2381,CHI,championship,WR,Wide Receiver,Mike Hunt,TheSparkyDee
34,2393,CHI,championship,RB,Running Back,Madison Hayes,sve7en
34,2419,CHI,championship,CB,Cornerback,HeHateMe PickSix II,Vorshayla
34,2454,CHI,championship,CB,Cornerback,Tim Soulja,Painted
34,2513,CHI,championship,LB,Linebacker,Dexter Hall,firstfray
34,2550,CHI,championship,WR,Wide Receiver,Rejoignez LOrdreSombre,Bayley
34,2556,CHI,championship,QB,Quarterback,Kazimir Oles JR,Oles
34,2558,CHI,championship,DE,Defensive End,Tomme Salami,Tomme100
34,2578,CHI,championship,CB,Cornerback,Hououin Kyouma,Zephyrus1128
34,2600,CHI,championship,FS,Safety,Dee Walt,TheCC
34,2635,CHI,championship,WR,Wide Receiver,Vincent Sharpei Jr.,Muford
34,2640,CHI,championship,TE,Tight End,Nick L. Back,Zoone16
34,2642,CHI,championship,T,Offensive Lineman,Tay Swizzle,pauadrian
34,2655,CHI,championship,DE,Defensive End,Jason Garciaparra,Starboy
34,2667,CHI,championship,K,Kicker,Levy Tate,Sloths1
34,2701,CHI,championship,G,Offensive Lineman,Michael Carimi,LeatherneckMike
34,2736,CHI,championship,SS,Safety,Tessie Garciaparra,Reno
34,2741,CHI,championship,LB,Linebacker,Omni Man,LimJahey
34,2761,CHI,championship,DT,Defensive Tackle,Franklin Turtle,thevoicelesscreator
34,2770,CHI,championship,RB,Running Back,Lalu Muhammad Zohri,kentakira
34,2834,CHI,championship,DE,Defensive End,Greg Strongjaw,Amadan
34,2884,CHI,championship,LB,Linebacker,Rumble Ronson,MrStennett
34,1347,AZ,HoF,Wide Receiver,Wide Receiver,Saba Donut,SabaDonutMan
34,1620,SAR,HoF,Running Back,Running Back,Chizuru Ichinose,Frostbite
34,1817,,HoF,Defensive Tackle,Defensive Tackle,BigEddi ForeverYeti,Big Edd
34,2681,NYS,Pro Bowl,QB,Quarterback,Malcolm Savage,MN_Moosey
34,2671,AZ,Pro Bowl,QB,Quarterback,Wendell Sailor,.simo
34,2536,AZ,Pro Bowl,RB,Running Back,Jay Cue Jr.,Opera_Phantom
34,2317,HON,Pro Bowl,RB,Running Back,Cobra Kai,OrbitingDeath
34,2528,OCO,Pro Bowl,RB,Running Back,Goat Tank Jr.,Haseo
34,2869,OCO,Pro Bowl,FB,Wide Receiver,President Camacho,ThunderTitan82
34,2482,AUS,Pro Bowl,WR,Wide Receiver,Bayley Cowabunga,JKortesi81
34,2526,AUS,Pro Bowl,WR,Wide Receiver,Sam the Onion Man,Duilio05
34,2538,AZ,Pro Bowl,WR,Wide Receiver,Quinton Crash,hihihi_62
34,2709,OCO,Pro Bowl,WR,Wide Receiver,Rodka Raskolnikov,Vikain
34,2755,SJS,Pro Bowl,TE,Tight End,Deshawn Penne,Pvtpenne
34,2663,NOLA,Pro Bowl,TE,Tight End,Rex Crenshaw,Tacoshoppe
34,2609,AZ,Pro Bowl,OL,Offensive Lineman,Bernie Sanders,caltroit_red_flames
34,2231,NYS,Pro Bowl,OL,Offensive Lineman,Bob Roberts,zaynzk
34,2702,HON,Pro Bowl,OL,Offensive Lineman,Beniri T’Chawama,Dextaria
34,2375,SJS,Pro Bowl,OL,Offensive Lineman,Jaja Ding Dong,ckroyal92
34,2643,HON,Pro Bowl,OFLEX,Wide Receiver,Sal Ami,Beck
34,2420,HON,Pro Bowl,DE,Defensive End,Bean Beanman,Seymour
34,2563,HON,Pro Bowl,DE,Defensive End,David Frank,IceBear32
34,2156,AZ,Pro Bowl,DT,Defensive Tackle,Chuck Roth,zeagle1
34,2500,NOLA,Pro Bowl,DT,Defensive Tackle,Cade Williams,dude_man
34,2510,AZ,Pro Bowl,LB,Linebacker,Glenn Smart,Pib
34,2638,SJS,Pro Bowl,LB,Linebacker,Konstantin Selich,Tomen
34,2267,AZ,Pro Bowl,LB,Linebacker,L’Gazzy Burfict,y2bobman
34,2476,AUS,Pro Bowl,CB,Cornerback,Siege Cameron,cjmccarley
34,2175,HON,Pro Bowl,CB,Cornerback,Davriel Lavigne,Raven
34,2268,OCO,Pro Bowl,CB,Cornerback,Richard Leaking,ReverendOReily
34,2716,SJS,Pro Bowl,S,Safety,Orpheus Czargyros,HalfEatenOnionBagel
34,2394,NYS,Pro Bowl,S,Safety,Lawrence Miller,overdoo
34,2710,NOLA,Pro Bowl,S,Safety,Amari Springer,Dagumpa
34,2339,NOLA,Pro Bowl,S,Safety,Jonathan Shuffleboard,mee
34,2408,NYS,Pro Bowl,P,Kicker,Armando Galarraga,BigUnitBabs
34,2408,NYS,Pro Bowl,K,Kicker,Armando Galarraga,BigUnitBabs
34,2321,NYS,Pro Bowl,KR,Wide Receiver,Tugg Speedman,ComebackZak
34,2482,AUS,Pro Bowl,KR,Wide Receiver,Bayley Cowabunga,JKortesi81
34,2528,OCO,Pro Bowl,KR,Running Back,Goat Tank Jr.,Haseo
34,2738,SAR,Pro Bowl,QB,Quarterback,Carter Knight,Frostbite
34,2556,CHI,Pro Bowl,QB,Quarterback,Kazimir Oles JR,Oles
34,2569,SAR,Pro Bowl,RB,Running Back,John Huntsman,Fronk
34,2257,BER,Pro Bowl,RB,Running Back,Goat Tank,Eldorian
34,2504,PHI,Pro Bowl,RB,Running Back,Lonnie Jackson,Exilate
34,2076,SAR,Pro Bowl,FB,Running Back,Tre’Darius J’Vathon,Rise of Smitty
34,2523,COL,Pro Bowl,WR,Wide Receiver,Cole Maxwell,Alcott
34,2520,SAR,Pro Bowl,WR,Wide Receiver,Saleem Spence,StadiumGambler
34,2763,YKW,Pro Bowl,WR,Wide Receiver,Bernd D. Brot,teddyoojo
34,2662,COL,Pro Bowl,WR,Linebacker,Jason Waterfalls,JayWhy75
34,2305,SAR,Pro Bowl,TE,Tight End,Mario Messi,KingSean
34,2810,BAL,Pro Bowl,TE,Tight End,Lenard Graf,Trempale
34,2459,COL,Pro Bowl,OL,Offensive Lineman,Manhattan Project,Modern_Duke
34,2701,CHI,Pro Bowl,OL,Offensive Lineman,Michael Carimi,LeatherneckMike
34,2535,SAR,Pro Bowl,OL,Offensive Lineman,Keane Lover,Moodles
34,2525,SAR,Pro Bowl,OL,Offensive Lineman,Stumpy Jones,FootballIsCool
34,2091,CHI,Pro Bowl,OL,Offensive Lineman,Icebox Riposte,Mavfatha
34,2635,CHI,Pro Bowl,OFLEX,Wide Receiver,Vincent Sharpei Jr.,Muford
34,2550,CHI,Pro Bowl,OFLEX,Wide Receiver,Rejoignez LOrdreSombre,Bayley
34,2426,BER,Pro Bowl,DE,Defensive End,Marlon Brando,Menace0528
34,2314,SAR,Pro Bowl,DE,Defensive End,David Moyes,LB3737
34,2540,COL,Pro Bowl,DT,Defensive Tackle,Emperor de Pengu,Sylphreni
34,2249,PHI,Pro Bowl,DT,Defensive Tackle,Honky-Tonk Haywood,jzajenius36
34,2634,BAL,Pro Bowl,LB,Linebacker,Sheriff Woody,TomHanks
34,2306,BER,Pro Bowl,LB,Linebacker,BamBam McMullet,manicmav36
34,2513,CHI,Pro Bowl,LB,Linebacker,Dexter Hall,firstfray
34,2503,SAR,Pro Bowl,CB,Cornerback,Raeni Clarke,bex
34,2454,CHI,Pro Bowl,CB,Cornerback,Tim Soulja,Painted
34,2532,BAL,Pro Bowl,CB,Cornerback,Lip Gallagher,fever95
34,2600,CHI,Pro Bowl,S,Safety,Dee Walt,TheCC
34,2418,COL,Pro Bowl,S,Safety,SparkySparky Boom-man,FleshBagSoup
34,2184,SAR,Pro Bowl,S,Safety,Peter Patterson,slate
34,2487,COL,Pro Bowl,P,Kicker,Lux Opal,Quail
34,2667,CHI,Pro Bowl,K,Kicker,Levy Tate,Sloths1
34,2635,CHI,Pro Bowl,KR,Wide Receiver,Vincent Sharpei Jr.,Muford
34,2467,BER,Pro Bowl,KR,Wide Receiver,Troy Abed,noanic
34,2550,CHI,Pro Bowl,KR,Wide Receiver,Rejoignez LOrdreSombre,Bayley
35,2671,AZ,All-Pro First Team,QB,Quarterback,Wendell Sailor,.simo
35,2569,SAR,All-Pro First Team,RB,Running Back,John Huntsman,Fronk
35,2536,AZ,All-Pro First Team,RB,Running Back,Jay Cue Jr.,Opera_Phantom
35,2869,OCO,All-Pro First Team,FB,Wide Receiver,President Camacho,ThunderTitan82
35,2477,BAL,All-Pro First Team,WR,Wide Receiver,Luke Quick,Bigred1580
35,2635,CHI,All-Pro First Team,WR,Wide Receiver,Vincent Sharpei Jr.,Muford
35,2576,HON,All-Pro First Team,TE,Running Back,Buffalo Hunter,BOOM™
35,2525,SAR,All-Pro First Team,OT,Offensive Lineman,Stumpy Jones,FootballIsCool
35,2375,SJS,All-Pro First Team,OT,Offensive Lineman,Jaja Ding Dong,ckroyal92
35,2798,BAL,All-Pro First Team,OT,Offensive Lineman,Theo AwardsSystemIsBad,UberBJ
35,2231,NYS,All-Pro First Team,GUARD,Offensive Lineman,Bob Roberts,zaynzk
35,2459,COL,All-Pro First Team,CENTER,Offensive Lineman,Manhattan Project,Modern_Duke
35,2314,SAR,All-Pro First Team,DE,Defensive End,David Moyes,LB3737
35,2426,BFS,All-Pro First Team,DE,Defensive End,Marlon Brando,Menace0528
35,2156,AZ,All-Pro First Team,DT,Defensive Tackle,Chuck Roth,zeagle1
35,2500,HON,All-Pro First Team,DT,Defensive Tackle,Cade Williams,dude_man
35,2461,HON,All-Pro First Team,OLB,Linebacker,Xavier Walls,xtitanxmvpx
35,2306,BFS,All-Pro First Team,OLB,Linebacker,BamBam McMullet,manicmav36
35,2475,OCO,All-Pro First Team,ILB,Linebacker,Bender Rodriguez,shrub02
35,2752,YKW,All-Pro First Team,CB,Cornerback,Kalam Mekhar,ZootTX
35,2686,BAL,All-Pro First Team,CB,Cornerback,Mark Goodhead,CptGoosar
35,2559,OCO,All-Pro First Team,S,Safety,Rean Schwarzer,bowl0
35,2932,OCO,All-Pro First Team,S,Safety,Tom Taylor,tommeson
35,2503,SJS,All-Pro First Team,FLEX,Cornerback,Raeni Clarke,bex
35,2589,HON,All-Pro First Team,P,Kicker,Freddy Bly,sapp2013
35,2866,YKW,All-Pro First Team,K,Kicker,Double Doink,sarah
35,2321,NYS,All-Pro First Team,RET,Wide Receiver,Tugg Speedman,ComebackZak
35,2534,BAL,All-Pro Second Team,QB,Quarterback,Gimmy Jaroppolo Jr.,Frick_Nasty
35,2504,LIB,All-Pro Second Team,RB,Running Back,Lonnie Jackson,Exilate
35,2512,BAL,All-Pro Second Team,RB,Running Back,Busch Goose,infinitempg
35,2900,NOLA,All-Pro Second Team,FB,Running Back,Michael Patrick Porkins,speculadora
35,2692,SAR,All-Pro Second Team,WR,Wide Receiver,Nick Kaepercolin Jr.,Highhaschdi
35,2725,AUS,All-Pro Second Team,WR,Wide Receiver,Johnny Patey,Patey
35,2810,BAL,All-Pro Second Team,TE,Tight End,Lenard Graf,Trempale
35,2702,HON,All-Pro Second Team,OT,Offensive Lineman,Beniri T’Chawama,Dextaria
35,2974,LIB,All-Pro Second Team,OT,Offensive Lineman,Swantavius Payne,Swanty
35,2260,AUS,All-Pro Second Team,OT,Offensive Lineman,Connor Quigley,WhatAmUs
35,2422,BFS,All-Pro Second Team,GUARD,Offensive Lineman,Cheese Farley,Guriinwoodo
35,2642,CHI,All-Pro Second Team,CENTER,Offensive Lineman,Tay Swizzle,pauadrian
35,2570,LIB,All-Pro Second Team,DE,Defensive End,Lucid Dreams,Luciddreams702
35,2537,BFS,All-Pro Second Team,DE,Defensive End,ILove HotSalads,Dewalt27
35,2249,LIB,All-Pro Second Team,DT,Defensive Tackle,Honky-Tonk Haywood,jzajenius36
35,2540,COL,All-Pro Second Team,DT,Defensive Tackle,Emperor de Pengu,Sylphreni
35,2320,HON,All-Pro Second Team,OLB,Linebacker,Big Slammu,moonlight
35,2621,SAR,All-Pro Second Team,OLB,Linebacker,dont draft,Unicorn
35,2111,BFS,All-Pro Second Team,ILB,Linebacker,Adam Schell,Cincyfan96
35,2465,LIB,All-Pro Second Team,CB,Cornerback,Willie Miller,Sebster
35,2532,HON,All-Pro Second Team,CB,Cornerback,Lip Gallagher,fever95
35,2516,BFS,All-Pro Second Team,S,Safety,Jacob Raske,CLG Rampage
35,2595,BFS,All-Pro Second Team,S,Safety,Fuzzy George,goodfortunecoffee
35,2729,YKW,All-Pro Second Team,FLEX,Safety,Jay Spears,JaytheGreat
35,2517,OCO,All-Pro Second Team,P,Kicker,Dallas Dole,Dallypole
35,2517,OCO,All-Pro Second Team,K,Kicker,Dallas Dole,Dallypole
35,2317,HON,All-Pro Second Team,RET,Running Back,Cobra Kai,OrbitingDeath
35,2142,HON,championship,DE,Defensive End,Asher Montain,Attopax
35,2220,HON,championship,G,Offensive Lineman,Guy Fields,r0tzbua
35,2282,HON,championship,SS,Safety,Steven Wadham,Arvot
35,2317,HON,championship,RB,Running Back,Cobra Kai,OrbitingDeath
35,2320,HON,championship,LB,Linebacker,Big Slammu,moonlight
35,2420,HON,championship,DE,Defensive End,Bean Beanman,Seymour
35,2421,HON,championship,C,Offensive Lineman,Giovanni Bianchi,SamTwoSix
35,2434,HON,championship,WR,Safety,Eleven Kendrick-Watts,124715
35,2461,HON,championship,LB,Linebacker,Xavier Walls,xtitanxmvpx
35,2472,HON,championship,QB,Quarterback,Dexter Zaylren,.Laser
35,2482,HON,championship,WR,Wide Receiver,Bayley Cowabunga,JKortesi81
35,2500,HON,championship,DT,Defensive Tackle,Cade Williams,dude_man
35,2532,HON,championship,CB,Cornerback,Lip Gallagher,fever95
35,2563,HON,championship,DE,Defensive End,David Frank,IceBear32
35,2576,HON,championship,TE,Running Back,Buffalo Hunter,BOOM™
35,2589,HON,championship,K,Kicker,Freddy Bly,sapp2013
35,2591,HON,championship,LB,Defensive End,Hex Aqua-Key’Kiann,hexify
35,2628,HON,championship,TE,Tight End,Deffo not Leroy Leroy,Kobefromthefrobe
35,2633,HON,championship,FS,Defensive End,Miles Weperom,MMFLEX
35,2643,HON,championship,WR,Wide Receiver,Sal Ami,Beck
35,2684,HON,championship,CB,Cornerback,Ray the Manta Ray,siddhus
35,2702,HON,championship,T,Offensive Lineman,Beniri T’Chawama,Dextaria
35,2746,HON,championship,CB,Cornerback,Modern Nazgûl,Vulfzilla
35,2671,AZ,Pro Bowl,QB,Quarterback,Wendell Sailor,.simo
35,2472,HON,Pro Bowl,QB,Quarterback,Dexter Zaylren,.Laser
35,2536,AZ,Pro Bowl,RB,Running Back,Jay Cue Jr.,Opera_Phantom
35,2317,HON,Pro Bowl,RB,Running Back,Cobra Kai,OrbitingDeath
35,2528,OCO,Pro Bowl,RB,Running Back,Goat Tank Jr.,Haseo
35,2869,OCO,Pro Bowl,FB,Wide Receiver,President Camacho,ThunderTitan82
35,2725,AUS,Pro Bowl,WR,Wide Receiver,Johnny Patey,Patey
35,2538,AZ,Pro Bowl,WR,Wide Receiver,Quinton Crash,hihihi_62
35,2321,NYS,Pro Bowl,WR,Wide Receiver,Tugg Speedman,ComebackZak
35,2576,HON,Pro Bowl,TE,Running Back,Buffalo Hunter,BOOM™
35,2755,SJS,Pro Bowl,TE,Tight End,Deshawn Penne,Pvtpenne
35,2421,HON,Pro Bowl,OL,Offensive Lineman,Giovanni Bianchi,SamTwoSix
35,2231,NYS,Pro Bowl,OL,Offensive Lineman,Bob Roberts,zaynzk
35,2561,NYS,Pro Bowl,OL,Offensive Lineman,Joey Marston,Capt_Blitzkrieg
35,2375,SJS,Pro Bowl,OL,Offensive Lineman,Jaja Ding Dong,ckroyal92
35,2702,HON,Pro Bowl,OL,Offensive Lineman,Beniri T’Chawama,Dextaria
35,2526,SJS,Pro Bowl,OFLEX,Wide Receiver,Sam the Onion Man,Duilio05
35,2420,HON,Pro Bowl,DE,Defensive End,Bean Beanman,Seymour
35,2940,AUS,Pro Bowl,DE,Defensive End,Joey Din,Dindog
35,2156,AZ,Pro Bowl,DT,Defensive Tackle,Chuck Roth,zeagle1
35,2500,HON,Pro Bowl,DT,Defensive Tackle,Cade Williams,dude_man
35,2461,HON,Pro Bowl,LB,Linebacker,Xavier Walls,xtitanxmvpx
35,2475,OCO,Pro Bowl,LB,Linebacker,Bender Rodriguez,shrub02
35,2815,AUS,Pro Bowl,LB,Linebacker,Spicy Ron,PugWalrus
35,2532,HON,Pro Bowl,CB,Cornerback,Lip Gallagher,fever95
35,2503,SJS,Pro Bowl,CB,Cornerback,Raeni Clarke,bex
35,2746,HON,Pro Bowl,CB,Cornerback,Modern Nazgûl,Vulfzilla
35,2559,OCO,Pro Bowl,S,Safety,Rean Schwarzer,bowl0
35,2315,NYS,Pro Bowl,S,Safety,Dogwood Maple,dogwoodmaple
35,2905,NOLA,Pro Bowl,S,Safety,chim rickles,Jangorhino
35,2517,OCO,Pro Bowl,P,Kicker,Dallas Dole,Dallypole
35,2517,OCO,Pro Bowl,K,Kicker,Dallas Dole,Dallypole
35,2321,NYS,Pro Bowl,KR,Wide Receiver,Tugg Speedman,ComebackZak
35,2317,HON,Pro Bowl,KR,Running Back,Cobra Kai,OrbitingDeath
35,2534,BAL,Pro Bowl,QB,Quarterback,Gimmy Jaroppolo Jr.,Frick_Nasty
35,2791,COL,Pro Bowl,QB,Quarterback,Live Laughlove,SwankyPants31
35,2504,PHI,Pro Bowl,RB,Running Back,Lonnie Jackson,Exilate
35,2569,SAR,Pro Bowl,RB,Running Back,John Huntsman,Fronk
35,2512,BAL,Pro Bowl,RB,Running Back,Busch Goose,infinitempg
35,2639,PHI,Pro Bowl,FB,Running Back,Jax Baker,Pancakes
35,2692,SAR,Pro Bowl,WR,Wide Receiver,Nick Kaepercolin Jr.,Highhaschdi
35,2477,BAL,Pro Bowl,WR,Wide Receiver,Luke Quick,Bigred1580
35,2635,CHI,Pro Bowl,WR,Wide Receiver,Vincent Sharpei Jr.,Muford
35,2810,BAL,Pro Bowl,TE,Tight End,Lenard Graf,Trempale
35,2380,PHI,Pro Bowl,TE,Tight End,Borgo San Lorenzo,AgentSmith
35,2459,COL,Pro Bowl,OL,Offensive Lineman,Manhattan Project,Modern_Duke
35,2814,PHI,Pro Bowl,OL,Offensive Lineman,Mauler Panda,juniped
35,2422,BER,Pro Bowl,OL,Offensive Lineman,Cheese Farley,Guriinwoodo
35,2525,SAR,Pro Bowl,OL,Offensive Lineman,Stumpy Jones,FootballIsCool
35,2798,BAL,Pro Bowl,OL,Offensive Lineman,Theo AwardsSystemIsBad,UberBJ
35,2763,YKW,Pro Bowl,OFLEX,Wide Receiver,Bernd D. Brot,teddyoojo
35,2314,SAR,Pro Bowl,DE,Defensive End,David Moyes,LB3737
35,2426,BER,Pro Bowl,DE,Defensive End,Marlon Brando,Menace0528
35,2249,PHI,Pro Bowl,DT,Defensive Tackle,Honky-Tonk Haywood,jzajenius36
35,2540,COL,Pro Bowl,DT,Defensive Tackle,Emperor de Pengu,Sylphreni
35,2306,BER,Pro Bowl,LB,Linebacker,BamBam McMullet,manicmav36
35,2621,SAR,Pro Bowl,LB,Linebacker,dont draft,Unicorn
35,2513,CHI,Pro Bowl,LB,Linebacker,Dexter Hall,firstfray
35,2686,BAL,Pro Bowl,CB,Cornerback,Mark Goodhead,CptGoosar
35,2465,PHI,Pro Bowl,CB,Cornerback,Willie Miller,Sebster
35,2752,YKW,Pro Bowl,CB,Cornerback,Kalam Mekhar,ZootTX
35,2782,BAL,Pro Bowl,S,Safety,Pasta the Turtle,visceralpotamus
35,2516,BER,Pro Bowl,S,Safety,Jacob Raske,CLG Rampage
35,2729,YKW,Pro Bowl,S,Safety,Jay Spears,JaytheGreat
35,2866,YKW,Pro Bowl,P,Kicker,Double Doink,sarah
35,2866,YKW,Pro Bowl,K,Kicker,Double Doink,sarah
35,2512,BAL,Pro Bowl,KR,Running Back,Busch Goose,infinitempg
35,2692,SAR,Pro Bowl,KR,Wide Receiver,Nick Kaepercolin Jr.,Highhaschdi
36,2738,SAR,All-Pro First Team,QB,Quarterback,Carter Knight,Frostbite
36,2536,AZ,All-Pro First Team,RB,Running Back,Jay Cue Jr.,Opera_Phantom
36,2770,CHI,All-Pro First Team,RB,Running Back,Lalu Muhammad Zohri,kentakira
36,3035,YKW,All-Pro First Team,FB,Running Back,Adebayo Akinfenwa,PMoney
36,2523,COL,All-Pro First Team,WR,Wide Receiver,Cole Maxwell,Alcott
36,2692,SAR,All-Pro First Team,WR,Wide Receiver,Nick Kaepercolin Jr.,Highhaschdi
36,2763,YKW,All-Pro First Team,WR,Wide Receiver,Bernd D. Brot,teddyoojo
36,2755,SJS,All-Pro First Team,TE,Tight End,Deshawn Penne,Pvtpenne
36,2525,CHI,All-Pro First Team,OT,Offensive Lineman,Stumpy Jones,FootballIsCool
36,2774,OCO,All-Pro First Team,OT,Offensive Lineman,Dallas Fort-Worth,Minnesotafine
36,2459,COL,All-Pro First Team,IOL,Offensive Lineman,Manhattan Project,Modern_Duke
36,2314,SAR,All-Pro First Team,DE,Defensive End,David Moyes,LB3737
36,2820,OCO,All-Pro First Team,DE,Linebacker,Leonardo McTurtle,KaleSalad
36,2156,AZ,All-Pro First Team,DT,Defensive Tackle,Chuck Roth,zeagle1
36,2860,LIB,All-Pro First Team,DT,Defensive Tackle,Christian Marciano,Pat
36,2320,OCO,All-Pro First Team,OLB,Linebacker,Big Slammu,moonlight
36,2769,YKW,All-Pro First Team,OLB,Linebacker,"Zephyr ""Tater"" GreyWolf",taterswc
36,2323,BAL,All-Pro First Team,ILB,Linebacker,A.J Lucas,Alucas
36,2532,HON,All-Pro First Team,CB,Cornerback,Lip Gallagher,fever95
36,2465,LIB,All-Pro First Team,CB,Cornerback,Willie Miller,Sebster
36,2817,AZ,All-Pro First Team,S,Safety,Lance Witt,solas
36,2710,NOLA,All-Pro First Team,S,Safety,Amari Springer,Dagumpa
36,2693,SJS,All-Pro First Team,FLEX,Cornerback,Cedric Wilkins II,woelkers
36,2517,OCO,All-Pro First Team,P,Kicker,Dallas Dole,Dallypole
36,2487,COL,All-Pro First Team,K,Kicker,Lux Opal,Quail
36,2763,YKW,All-Pro First Team,RET,Wide Receiver,Bernd D. Brot,teddyoojo
36,3238,TIJ,All-Pro First Team,QB,Wide Receiver,Delores Bickerman,Kyamprac
36,3109,TIJ,All-Pro First Team,RB,Running Back,C.G Breezy,LIL MUNKEY
36,2922,LON,All-Pro First Team,RB,Running Back,Lenny Lyons,lennylyons
36,2986,MIN,All-Pro First Team,WR,Wide Receiver,Calvin Spiff,domffl
36,3077,TIJ,All-Pro First Team,WR,Wide Receiver,PeePee Poop-Eater Sr.,Jaywe88
36,3105,KCC,All-Pro First Team,WR,Wide Receiver,Mandrews McHollywood,Rusfan
36,3115,TIJ,All-Pro First Team,TE,Tight End,Richard Harden,Alphavictory
36,3058,POR,All-Pro First Team,TE,Tight End,Turt Golum,patsfreak27
36,3091,TIJ,All-Pro First Team,OL,Offensive Lineman,Dennis Rodman,PBS
36,3224,KCC,All-Pro First Team,OL,Offensive Lineman,Dusty Wilson,dustywilson22
36,3079,DAL,All-Pro First Team,DT,Cornerback,Charles Chapman,Charple
36,3108,MIN,All-Pro First Team,DE,Defensive End,Mike Scott,Pizza-faith
36,3257,TIJ,All-Pro First Team,DE,Defensive End,D’Sqarius Green V,Ren_Solo
36,3166,LON,All-Pro First Team,DE,Defensive Tackle,Joseph Reed,Reedy0rNot
36,3071,POR,All-Pro First Team,LB,Linebacker,Akaki Akayre,Ulaire
36,3185,TIJ,All-Pro First Team,LB,Cornerback,Charlie Thorsen,Amidships
36,3128,LON,All-Pro First Team,LB,Linebacker,Ignatius Reilly,yesboom
36,2970,TIJ,All-Pro First Team,CB,Offensive Lineman,Donatello McTurtle,Ben
36,3070,TIJ,All-Pro First Team,CB,Defensive End,Mabel Pines,dude_woman
36,3192,POR,All-Pro First Team,S,Safety,Inspector Gadget,Gadget
36,3083,MIN,All-Pro First Team,S,Cornerback,Zamir Kehla Jr.,TwoSocks
36,3057,TIJ,All-Pro First Team,K,Defensive Tackle,Savathûn T. Witchqueen,sathona
36,3057,TIJ,All-Pro First Team,P,Defensive Tackle,Savathûn T. Witchqueen,sathona
36,3105,KCC,All-Pro First Team,RET,Wide Receiver,Mandrews McHollywood,Rusfan
36,2556,CHI,All-Pro Second Team,QB,Quarterback,Kazimir Oles JR,Oles
36,2650,SJS,All-Pro Second Team,RB,Running Back,Mason Malone,KenitohMenara
36,2836,NOLA,All-Pro Second Team,RB,Cornerback,The Stig,SomeSay...
36,3103,OCO,All-Pro Second Team,FB,Running Back,Leandre Diarra,slate
36,2635,SAR,All-Pro Second Team,WR,Wide Receiver,Vincent Sharpei Jr.,Muford
36,2725,AUS,All-Pro Second Team,WR,Wide Receiver,Johnny Patey,Patey
36,2643,HON,All-Pro Second Team,WR,Wide Receiver,Sal Ami,Beck
36,2810,BAL,All-Pro Second Team,TE,Tight End,Lenard Graf,Trempale
36,2702,HON,All-Pro Second Team,OT,Offensive Lineman,Beniri T’Chawama,Dextaria
36,2798,CHI,All-Pro Second Team,OT,Offensive Lineman,Theo AwardsSystemIsBad,UberBJ
36,2577,SJS,All-Pro Second Team,IOL,Offensive Lineman,Chevvy Bronko,musha6570
36,2641,ISFL,All-Pro Second Team,DE,Defensive End,Rocco Blade,Accka
36,2574,OCO,All-Pro Second Team,DE,Defensive End,Will Stern,legion of slugs
36,2500,HON,All-Pro Second Team,DT,Defensive Tackle,Cade Williams,dude_man
36,2540,COL,All-Pro Second Team,DT,Defensive Tackle,Emperor de Pengu,Sylphreni
36,2868,YKW,All-Pro Second Team,OLB,Linebacker,Kahn Cussion,3lewsers
36,2513,CHI,All-Pro Second Team,OLB,Linebacker,Dexter Hall,firstfray
36,2662,COL,All-Pro Second Team,ILB,Linebacker,Jason Waterfalls,JayWhy75
36,2658,SAR,All-Pro Second Team,CB,Cornerback,Calvin Hobbes,krazko
36,2686,BAL,All-Pro Second Team,CB,Cornerback,Mark Goodhead,CptGoosar
36,2714,SAR,All-Pro Second Team,S,Safety,Spike Daniels,Michiganonymous
36,2905,NOLA,All-Pro Second Team,S,Safety,chim rickles,Jangorhino
36,2716,SJS,All-Pro Second Team,FLEX,Safety,Orpheus Czargyros,HalfEatenOnionBagel
36,2866,YKW,All-Pro Second Team,P,Kicker,Double Doink,sarah
36,2667,CHI,All-Pro Second Team,K,Kicker,Levy Tate,Sloths1
36,2692,SAR,All-Pro Second Team,RET,Wide Receiver,Nick Kaepercolin Jr.,Highhaschdi
36,2257,HON,championship,RB,Running Back,Goat Tank,Eldorian
36,2320,HON,championship,LB,Linebacker,Big Slammu,moonlight
36,2434,HON,championship,SS,Safety,Eleven Kendrick-Watts,124715
36,2461,HON,championship,LB,Linebacker,Xavier Walls,xtitanxmvpx
36,2472,HON,championship,QB,Quarterback,Dexter Zaylren,.Laser
36,2482,HON,championship,WR,Wide Receiver,Bayley Cowabunga,JKortesi81
36,2500,HON,championship,DT,Defensive Tackle,Cade Williams,dude_man
36,2532,HON,championship,CB,Cornerback,Lip Gallagher,fever95
36,2563,HON,championship,DE,Defensive End,David Frank,IceBear32
36,2576,HON,championship,RB,Running Back,Buffalo Hunter,BOOM™
36,2589,HON,championship,K,Kicker,Freddy Bly,sapp2013
36,2591,HON,championship,LB,Defensive End,Hex Aqua-Key’Kiann,hexify
36,2628,HON,championship,TE,Tight End,Deffo not Leroy Leroy,Kobefromthefrobe
36,2630,HON,championship,DE,Defensive End,Stewart Hellraiser,oilmandan
36,2633,HON,championship,FS,Defensive End,Miles Weperom,MMFLEX
36,2643,HON,championship,WR,Wide Receiver,Sal Ami,Beck
36,2684,HON,championship,CB,Cornerback,Ray the Manta Ray,siddhus
36,2702,HON,championship,T,Offensive Lineman,Beniri T’Chawama,Dextaria
36,2746,HON,championship,CB,Cornerback,Modern Nazgûl,Vulfzilla
36,2841,HON,championship,G,Offensive Lineman,Lane Frost II,LANEFROST
36,3014,HON,championship,WR,Offensive Lineman,Leek Mai-Heinous,br0_0ker
36,1776,COL,HoF,Wide Receiver,Wide Receiver,William Lim,yonggarius
36,1895,SAR,HoF,Tight End,Tight End,James Angler,tMuse
36,1868,NOLA,HoF,Cornerback,Cornerback,Andrew Witten,mithrandir
36,1550,HON,HoF,Kicker,Kicker,Venus Powers,Baron1898
36,576,YKW,HoF,Quarterback,Quarterback,Mat Akselsen,Bzerkap
36,2472,HON,Pro Bowl,QB,Quarterback,Dexter Zaylren,.Laser
36,2616,OCO,Pro Bowl,QB,Quarterback,Tron Carter,Revolution5
36,2536,AZ,Pro Bowl,RB,Running Back,Jay Cue Jr.,Opera_Phantom
36,2836,NOLA,Pro Bowl,RB,Cornerback,The Stig,SomeSay...
36,2576,HON,Pro Bowl,RB,Running Back,Buffalo Hunter,BOOM™
36,3103,OCO,Pro Bowl,FB,Running Back,Leandre Diarra,slate
36,2643,HON,Pro Bowl,WR,Wide Receiver,Sal Ami,Beck
36,2725,AUS,Pro Bowl,WR,Wide Receiver,Johnny Patey,Patey
36,2687,AZ,Pro Bowl,WR,Wide Receiver,Kotoni Staggs,.emfaith
36,2755,SJS,Pro Bowl,TE,Tight End,Deshawn Penne,Pvtpenne
36,2771,AZ,Pro Bowl,TE,Tight End,Herc Kirkby,Acsolap
36,2877,SJS,Pro Bowl,OL,Offensive Lineman,Dane Johnson Jr.,RocketMan13
36,2577,SJS,Pro Bowl,OL,Offensive Lineman,Chevvy Bronko,musha6570
36,2561,NYS,Pro Bowl,OL,Offensive Lineman,Joey Marston,Capt_Blitzkrieg
36,2774,OCO,Pro Bowl,OL,Offensive Lineman,Dallas Fort-Worth,Minnesotafine
36,2609,AZ,Pro Bowl,OL,Offensive Lineman,Bernie Sanders,caltroit_red_flames
36,2650,SJS,Pro Bowl,OFLEX,Running Back,Mason Malone,KenitohMenara
36,2641,OCO,Pro Bowl,DE,Defensive End,Rocco Blade,Accka
36,2820,OCO,Pro Bowl,DE,Linebacker,Leonardo McTurtle,KaleSalad
36,2156,AZ,Pro Bowl,DT,Defensive Tackle,Chuck Roth,zeagle1
36,2500,HON,Pro Bowl,DT,Defensive Tackle,Cade Williams,dude_man
36,2320,HON,Pro Bowl,LB,Linebacker,Big Slammu,moonlight
36,2612,AUS,Pro Bowl,LB,Linebacker,Ioe Torrent,Skindog44
36,2461,HON,Pro Bowl,LN,Linebacker,Xavier Walls,xtitanxmvpx
36,2532,HON,Pro Bowl,CB,Cornerback,Lip Gallagher,fever95
36,2693,SJS,Pro Bowl,CB,Cornerback,Cedric Wilkins II,woelkers
36,2948,AUS,Pro Bowl,CB,Cornerback,Draft Steal,Troen
36,2710,NOLA,Pro Bowl,S,Safety,Amari Springer,Dagumpa
36,2817,AZ,Pro Bowl,S,Safety,Lance Witt,solas
36,2716,SJS,Pro Bowl,S,Safety,Orpheus Czargyros,HalfEatenOnionBagel
36,2517,OCO,Pro Bowl,P,Kicker,Dallas Dole,Dallypole
36,2517,OCO,Pro Bowl,K,Kicker,Dallas Dole,Dallypole
36,2594,NOLA,Pro Bowl,KR,Wide Receiver,Squidward Tentacles,terriblehippo
36,2528,OCO,Pro Bowl,KR,Running Back,Goat Tank Jr.,Haseo
36,2738,SAR,Pro Bowl,QB,Quarterback,Carter Knight,Frostbite
36,2556,CHI,Pro Bowl,QB,Quarterback,Kazimir Oles JR,Oles
36,2770,CHI,Pro Bowl,RB,Running Back,Lalu Muhammad Zohri,kentakira
36,2569,SAR,Pro Bowl,RB,Running Back,John Huntsman,Fronk
36,2512,BAL,Pro Bowl,RB,Running Back,Busch Goose,infinitempg
36,3035,YKW,Pro Bowl,FB,Running Back,Adebayo Akinfenwa,PMoney
36,2692,SAR,Pro Bowl,WR,Wide Receiver,Nick Kaepercolin Jr.,Highhaschdi
36,2523,COL,Pro Bowl,WR,Wide Receiver,Cole Maxwell,Alcott
36,2763,YKW,Pro Bowl,WR,Wide Receiver,Bernd D. Brot,teddyoojo
36,2810,BAL,Pro Bowl,TE,Tight End,Lenard Graf,Trempale
36,2936,SAR,Pro Bowl,TE,Tight End,Lucius Salem,ImSatanJunior
36,2459,COL,Pro Bowl,OL,Offensive Lineman,Manhattan Project,Modern_Duke
36,2814,PHI,Pro Bowl,OL,Offensive Lineman,Mauler Panda,juniped
36,2735,BER,Pro Bowl,OL,Offensive Lineman,Marquees Acho Jr.,Huskies311
36,2525,SAR,Pro Bowl,OL,Offensive Lineman,Stumpy Jones,FootballIsCool
36,2798,BAL,Pro Bowl,OL,Offensive Lineman,Theo AwardsSystemIsBad,UberBJ
36,2504,PHI,Pro Bowl,OFLEX,Running Back,Lonnie Jackson,Exilate
36,2314,SAR,Pro Bowl,DE,Defensive End,David Moyes,LB3737
36,2334,YKW,Pro Bowl,DE,Defensive End,Leonard Taylor,Tayjay
36,2860,PHI,Pro Bowl,DT,Defensive Tackle,Christian Marciano,Pat
36,2540,COL,Pro Bowl,DT,Defensive Tackle,Emperor de Pengu,Sylphreni
36,2769,YKW,Pro Bowl,LB,Linebacker,"Zephyr ""Tater"" GreyWolf",taterswc
36,2868,YKW,Pro Bowl,LB,Linebacker,Kahn Cussion,3lewsers
36,2513,CHI,Pro Bowl,LB,Linebacker,Dexter Hall,firstfray
36,2686,BAL,Pro Bowl,CB,Cornerback,Mark Goodhead,CptGoosar
36,2465,PHI,Pro Bowl,CB,Cornerback,Willie Miller,Sebster
36,2658,SAR,Pro Bowl,CB,Cornerback,Calvin Hobbes,krazko
36,2600,CHI,Pro Bowl,S,Safety,Dee Walt,TheCC
36,2714,SAR,Pro Bowl,S,Safety,Spike Daniels,Michiganonymous
36,2453,PHI,Pro Bowl,S,Safety,Remus Roman,Vaelynn
36,2787,SAR,Pro Bowl,S,Safety,Rocky Rhoads,platanocat
36,2866,YKW,Pro Bowl,P,Kicker,Double Doink,sarah
36,2487,COL,Pro Bowl,K,Kicker,Lux Opal,Quail
36,2763,YKW,Pro Bowl,KR,Wide Receiver,Bernd D. Brot,teddyoojo
36,2692,SAR,Pro Bowl,KR,Wide Receiver,Nick Kaepercolin Jr.,Highhaschdi
37,2671,AZ,1600 Club,QB,Quarterback,Wendell Sailor,.simo
37,2671,AZ,All-Pro First Team,QB,Quarterback,Wendell Sailor,.simo
37,2536,AZ,All-Pro First Team,RB,Running Back,Jay Cue Jr.,Opera_Phantom
37,2883,NYS,All-Pro First Team,RB,Running Back,Michaelangelo McTurtle,slothfacekilla
37,2900,NOLA,All-Pro First Team,FB,Running Back,Michael Patrick Porkins,speculadora
37,2692,SAR,All-Pro First Team,WR,Wide Receiver,Nick Kaepercolin Jr.,Highhaschdi
37,2725,AUS,All-Pro First Team,WR,Wide Receiver,Johnny Patey,Patey
37,2643,HON,All-Pro First Team,WR,Wide Receiver,Sal Ami,Beck
37,2810,BAL,All-Pro First Team,TE,Tight End,Lenard Graf,Trempale
37,2702,HON,All-Pro First Team,OT,Offensive Lineman,Beniri T’Chawama,Dextaria
37,2525,SAR,All-Pro First Team,OT,Offensive Lineman,Stumpy Jones,FootballIsCool
37,2459,COL,All-Pro First Team,CENTER,Offensive Lineman,Manhattan Project,Modern_Duke
37,2853,YKW,All-Pro First Team,DE,Defensive End,Daron Arnold,TubaDeus
37,2655,NOLA,All-Pro First Team,DE,Defensive End,Jason Garciaparra,Starboy
37,2500,HON,All-Pro First Team,DT,Defensive Tackle,Cade Williams,dude_man
37,2721,SAR,All-Pro First Team,DT,Defensive Tackle,Lennay Kekua,DeadlyPlayer
37,2513,CHI,All-Pro First Team,OLB,Linebacker,Dexter Hall,firstfray
37,2621,SAR,All-Pro First Team,OLB,Linebacker,dont draft,Unicorn
37,2688,SAR,All-Pro First Team,ILB,Linebacker,Sakeem Webb,DELIRIVM
37,2752,YKW,All-Pro First Team,CB,Cornerback,Kalam Mekhar,ZootTX
37,2686,AUS,All-Pro First Team,CB,Cornerback,Mark Goodhead,CptGoosar
37,2714,SAR,All-Pro First Team,S,Safety,Spike Daniels,Michiganonymous
37,2882,YKW,All-Pro First Team,S,Safety,Sam Sung,TheNC206
37,2474,OCO,All-Pro First Team,FLEX,Cornerback,Anton Bruckner,Gragg9
37,3006,NOLA,All-Pro First Team,P,Kicker,Alfonso Dos Santos,toivo
37,2866,YKW,All-Pro First Team,K,Kicker,Double Doink,sarah
37,2635,CHI,All-Pro First Team,RET,Wide Receiver,Vincent Sharpei Jr.,Muford
37,3222,POR,All-Pro First Team,QB,Quarterback,Adrian St. Christmas,nunccoepi
37,3269,BBB,All-Pro First Team,RB,Running Back,Armor Queen,Starboy
37,3244,MIN,All-Pro First Team,RB,Running Back,Michael Touchback,TacocaT
37,3049,MIN,All-Pro First Team,WR,Wide Receiver,Rockbot Rockbo,RockbotRockbo
37,3236,BBB,All-Pro First Team,WR,Cornerback,Dip Dhillon,Dip
37,3207,DAL,All-Pro First Team,WR,Wide Receiver,Matthew Mara,High Stick King
37,3024,DAL,All-Pro First Team,TE,Tight End,Waluigi Gronkowski,rickymartin_irl
37,3330,POR,All-Pro First Team,TE,Tight End,Bastian Weichselbraun,PDXBaller
37,3224,KCC,All-Pro First Team,OL,Offensive Lineman,Dusty Wilson,dustywilson22
37,3305,MIN,All-Pro First Team,OL,Quarterback,Painted Penguin,Painted
37,3139,TIJ,All-Pro First Team,OL,Offensive Lineman,Pan Cakes,lespoils
37,3079,DAL,All-Pro First Team,DT,Cornerback,Charles Chapman,Charple
37,3268,POR,All-Pro First Team,DT,Defensive Tackle,Teddy Rhinoback,kaleb356
37,3312,MIN,All-Pro First Team,DE,Defensive End,Aidan Hutchinson Jr.,SchwarzNarr
37,3221,DAL,All-Pro First Team,DE,Linebacker,Bay Webb,TheHammer43
37,3328,KCC,All-Pro First Team,LB,Linebacker,Caleb Hayden,Caleb_H
37,3283,BBB,All-Pro First Team,LB,Linebacker,Zavier Perkins,AK41
37,3265,KCC,All-Pro First Team,LB,Linebacker,Brian Duke,AlbanianValor
37,3201,BBB,All-Pro First Team,CB,Cornerback,Jason Oexius,Moldycheez4
37,3279,POR,All-Pro First Team,CB,Defensive Tackle,Casino Robin,Big Newff
37,3313,MIN,All-Pro First Team,S,Safety,Diggs Sideline-touchdown,Dewalt27
37,3192,POR,All-Pro First Team,S,Safety,Inspector Gadget,Gadget
37,3180,LON,All-Pro First Team,K,Kicker,Jeremy Crouse Jr.,Twinsfan87
37,3281,NOR,All-Pro First Team,P,Kicker,David Doug,TheSparkyDee
37,3049,MIN,All-Pro First Team,RET,Wide Receiver,Rockbot Rockbo,RockbotRockbo
37,2681,NYS,All-Pro Second Team,QB,Quarterback,Malcolm Savage,MN_Moosey
37,2770,CHI,All-Pro Second Team,RB,Running Back,Lalu Muhammad Zohri,kentakira
37,2836,NOLA,All-Pro Second Team,RB,Cornerback,The Stig,SomeSay...
37,2825,NYS,All-Pro Second Team,FB,Running Back,William Groves,Will3
37,2813,LIB,All-Pro Second Team,WR,Wide Receiver,Escanor Sama,LordEscanor
37,2687,AZ,All-Pro Second Team,WR,Wide Receiver,Kotoni Staggs,.emfaith
37,2916,BFS,All-Pro Second Team,WR,Wide Receiver,Zayne Dangle,Vaxlare
37,2755,SJS,All-Pro Second Team,TE,Tight End,Deshawn Penne,Pvtpenne
37,2584,SJS,All-Pro Second Team,OT,Offensive Lineman,Panda McKyle,furiousPanda
37,2974,LIB,All-Pro Second Team,OT,Offensive Lineman,Swantavius Payne,Swanty
37,2535,SAR,All-Pro Second Team,GUARD,Offensive Lineman,Keane Lover,Moodles
37,2574,OCO,All-Pro Second Team,DE,Defensive End,Will Stern,legion of slugs
37,2806,SJS,All-Pro Second Team,DE,Defensive End,Arnie Rufus,mcgriddleluver
37,2860,LIB,All-Pro Second Team,DT,Defensive Tackle,Christian Marciano,Pat
37,2857,AZ,All-Pro Second Team,DT,Defensive Tackle,Raphael McTurtle,CementHands
37,2475,OCO,All-Pro Second Team,OLB,Linebacker,Bender Rodriguez,shrub02
37,2662,COL,All-Pro Second Team,OLB,Linebacker,Jason Waterfalls,JayWhy75
37,2656,COL,All-Pro Second Team,ILB,Linebacker,Bill de La T. Dauterive,Big_Papi
37,2746,HON,All-Pro Second Team,CB,Cornerback,Modern Nazgûl,Vulfzilla
37,2447,BAL,All-Pro Second Team,CB,Cornerback,Makoa Mahiʻai,King Jellyfish
37,2710,NOLA,All-Pro Second Team,S,Safety,Amari Springer,Dagumpa
37,3121,LIB,All-Pro Second Team,S,Safety,Jasper Fontaine,lordcoolcats
37,2716,BAL,All-Pro Second Team,FLEX,Safety,Orpheus Czargyros,HalfEatenOnionBagel
37,3029,SAR,All-Pro Second Team,P,Kicker,Swantavius King,Yeenoghu
37,2670,LIB,All-Pro Second Team,K,Kicker,Ikick Ballz,Tp3480
37,2536,AZ,All-Pro Second Team,RET,Running Back,Jay Cue Jr.,Opera_Phantom
37,2267,AZ,championship,LB,Linebacker,L’Gazzy Burfict,y2bobman
37,2510,AZ,championship,LB,Linebacker,Glenn Smart,Pib
37,2536,AZ,championship,RB,Running Back,Jay Cue Jr.,Opera_Phantom
37,2538,AZ,championship,WR,Wide Receiver,Quinton Crash,hihihi_62
37,2560,AZ,championship,SS,Safety,Tre’ Mendus Johnson,allbetsonjames
37,2598,AZ,championship,DT,Defensive Tackle,JJ Jay Jay-Jaymison Jr,hannahg32
37,2609,AZ,championship,T,Offensive Lineman,Bernie Sanders,caltroit_red_flames
37,2666,AZ,championship,CB,Cornerback,CMC’s Burner,MrGoat1246
37,2671,AZ,championship,QB,Quarterback,Wendell Sailor,.simo
37,2686,AZ,championship,CB,Cornerback,Mark Goodhead,CptGoosar
37,2687,AZ,championship,WR,Wide Receiver,Kotoni Staggs,.emfaith
37,2771,AZ,championship,TE,Tight End,Herc Kirkby,Acsolap
37,2780,AZ,championship,DT,Defensive Tackle,Toucan Sam,Big Newff
37,2783,AZ,championship,RB,Running Back,John Riggins,cole6249
37,2817,AZ,championship,SS,Safety,Lance Witt,solas
37,2820,AZ,championship,LB,Linebacker,Leonardo McTurtle,KaleSalad
37,2828,AZ,championship,T,Offensive Lineman,D’Nickashaw Mangoldson,Moosecop
37,2857,AZ,championship,DT,Defensive Tackle,Raphael McTurtle,CementHands
37,2876,AZ,championship,CB,Cornerback,Spottie O’Dopaliscious,Z-Whiz
37,2902,AZ,championship,WR,Wide Receiver,"""Captain"" Billy Stinkwater",BRNXB0MBERS
37,3057,AZ,championship,K,Defensive Tackle,Savathûn T. Witchqueen,sathona
37,3071,AZ,championship,LB,Linebacker,Akaki Akayre,Ulaire
37,3091,AZ,championship,C,Offensive Lineman,Dennis Rodman,PBS
37,1433,AZ,HoF,Quarterback,Offensive Lineman,Jay Cue,Opera_Phantom
37,1701,BER,HoF,Offensive Lineman,Offensive Lineman,Byron Dolls,Symmetrik
37,1710,SAR,HoF,Kicker,Kicker,Jacob Small,bjkman
37,2080,CHI,HoF,Linebacker,Linebacker,Juan Domine,Yeenoghu
37,1809,SJS,HoF,Running Back,Running Back,Jamar Lackson,BenDover
37,1571,YKW,HoF,Linebacker,Linebacker,Douglas Quaid,HENDRIX 2.0
37,2137,COL,HoF,Quarterback,Quarterback,Mattathias Caliban,PigSnout
37,2671,AZ,Pro Bowl,QB,Quarterback,Wendell Sailor,.simo
37,2681,NYS,Pro Bowl,QB,Quarterback,Malcolm Savage,MN_Moosey
37,2536,AZ,Pro Bowl,RB,Running Back,Jay Cue Jr.,Opera_Phantom
37,2836,NOLA,Pro Bowl,RB,Cornerback,The Stig,SomeSay...
37,2883,NYS,Pro Bowl,RB,Running Back,Michaelangelo McTurtle,slothfacekilla
37,2900,NOLA,Pro Bowl,FB,Running Back,Michael Patrick Porkins,speculadora
37,2643,HON,Pro Bowl,WR,Wide Receiver,Sal Ami,Beck
37,2725,AUS,Pro Bowl,WR,Wide Receiver,Johnny Patey,Patey
37,2687,AZ,Pro Bowl,WR,Wide Receiver,Kotoni Staggs,.emfaith
37,2755,SJS,Pro Bowl,TE,Tight End,Deshawn Penne,Pvtpenne
37,2663,NOLA,Pro Bowl,TE,Tight End,Rex Crenshaw,Tacoshoppe
37,2630,HON,Pro Bowl,OL,Defensive End,Stewart Hellraiser,oilmandan
37,3129,AUS,Pro Bowl,OL,Offensive Lineman,Jimmy Holding,TheDangaZone
37,2604,NOLA,Pro Bowl,OL,Offensive Lineman,Madison Beer,Bauer
37,2577,SJS,Pro Bowl,OL,Offensive Lineman,Chevvy Bronko,musha6570
37,2702,HON,Pro Bowl,OL,Offensive Lineman,Beniri T’Chawama,Dextaria
37,2584,SJS,Pro Bowl,OL,Offensive Lineman,Panda McKyle,furiousPanda
37,2771,AZ,Pro Bowl,OFLEX,Tight End,Herc Kirkby,Acsolap
37,2655,NOLA,Pro Bowl,DE,Defensive End,Jason Garciaparra,Starboy
37,2574,OCO,Pro Bowl,DE,Defensive End,Will Stern,legion of slugs
37,2857,AZ,Pro Bowl,DT,Defensive Tackle,Raphael McTurtle,CementHands
37,2500,HON,Pro Bowl,DT,Defensive Tackle,Cade Williams,dude_man
37,2475,OCO,Pro Bowl,LB,Linebacker,Bender Rodriguez,shrub02
37,2612,HON,Pro Bowl,LB,Linebacker,Ioe Torrent,Skindog44
37,2827,SJS,Pro Bowl,LB,Linebacker,Nick Flint,Talls
37,2686,AZ,Pro Bowl,CB,Cornerback,Mark Goodhead,CptGoosar
37,2474,OCO,Pro Bowl,CB,Cornerback,Anton Bruckner,Gragg9
37,2746,HON,Pro Bowl,CB,Cornerback,Modern Nazgûl,Vulfzilla
37,2905,NOLA,Pro Bowl,S,Safety,chim rickles,Jangorhino
37,2893,SJS,Pro Bowl,S,Safety,Russet Buster,RussDrivesTheBus
37,2710,NOLA,Pro Bowl,S,Safety,Amari Springer,Dagumpa
37,3006,NOLA,Pro Bowl,P,Kicker,Alfonso Dos Santos,toivo
37,3006,NOLA,Pro Bowl,K,Kicker,Alfonso Dos Santos,toivo
37,2536,AZ,Pro Bowl,KR,Running Back,Jay Cue Jr.,Opera_Phantom
37,2643,HON,Pro Bowl,KR,Wide Receiver,Sal Ami,Beck
37,2738,SAR,Pro Bowl,QB,Quarterback,Carter Knight,Frostbite
37,2534,BAL,Pro Bowl,QB,Quarterback,Gimmy Jaroppolo Jr.,Frick_Nasty
37,2770,CHI,Pro Bowl,RB,Running Back,Lalu Muhammad Zohri,kentakira
37,2569,SAR,Pro Bowl,RB,Running Back,John Huntsman,Fronk
37,2579,BAL,Pro Bowl,RB,Running Back,Dante King,shadyshoelace
37,3019,COL,Pro Bowl,FB,Running Back,Triple Option,Aleris
37,3153,PHI,Pro Bowl,FB,Defensive End,Udo E Beaty,bechtudo
37,2692,SAR,Pro Bowl,WR,Wide Receiver,Nick Kaepercolin Jr.,Highhaschdi
37,2813,PHI,Pro Bowl,WR,Wide Receiver,Escanor Sama,LordEscanor
37,2916,BER,Pro Bowl,WR,Wide Receiver,Zayne Dangle,Vaxlare
37,2810,BAL,Pro Bowl,TE,Tight End,Lenard Graf,Trempale
37,2988,PHI,Pro Bowl,TE,Tight End,American Boot,xenosthelegend
37,2535,SAR,Pro Bowl,OL,Offensive Lineman,Keane Lover,Moodles
37,3034,PHI,Pro Bowl,OL,Offensive Lineman,Pilot RedSun,Jimi64
37,2773,PHI,Pro Bowl,OL,Offensive Lineman,A Kicker,Jobin
37,2974,PHI,Pro Bowl,OL,Offensive Lineman,Swantavius Payne,Swanty
37,2525,SAR,Pro Bowl,OL,Offensive Lineman,Stumpy Jones,FootballIsCool
37,2763,YKW,Pro Bowl,OFLEX,Wide Receiver,Bernd D. Brot,teddyoojo
37,2314,SAR,Pro Bowl,DE,Defensive End,David Moyes,LB3737
37,2853,YKW,Pro Bowl,DE,Defensive End,Daron Arnold,TubaDeus
37,2860,PHI,Pro Bowl,DT,Defensive Tackle,Christian Marciano,Pat
37,2721,SAR,Pro Bowl,DT,Defensive Tackle,Lennay Kekua,DeadlyPlayer
37,2634,BAL,Pro Bowl,LB,Linebacker,Sheriff Woody,TomHanks
37,2621,SAR,Pro Bowl,LB,Linebacker,dont draft,Unicorn
37,2513,CHI,Pro Bowl,LB,Linebacker,Dexter Hall,firstfray
37,2769,YKW,Pro Bowl,LB,Linebacker,"Zephyr ""Tater"" GreyWolf",taterswc
37,2752,YKW,Pro Bowl,CB,Cornerback,Kalam Mekhar,ZootTX
37,2858,SAR,Pro Bowl,CB,Cornerback,King Zeus,sakrosankt
37,2447,BAL,Pro Bowl,CB,Cornerback,Makoa Mahiʻai,King Jellyfish
37,2673,PHI,Pro Bowl,CB,Cornerback,Tony Demonson,crazylemire
37,2882,YKW,Pro Bowl,S,Safety,Sam Sung,TheNC206
37,2714,SAR,Pro Bowl,S,Safety,Spike Daniels,Michiganonymous
37,3121,PHI,Pro Bowl,S,Safety,Jasper Fontaine,lordcoolcats
37,2866,YKW,Pro Bowl,P,Kicker,Double Doink,sarah
37,2866,YKW,Pro Bowl,K,Kicker,Double Doink,sarah
37,2635,CHI,Pro Bowl,KR,Wide Receiver,Vincent Sharpei Jr.,Muford
37,2579,BAL,Pro Bowl,KR,Running Back,Dante King,shadyshoelace
38,2671,AZ,All-Pro First Team,QB,Quarterback,Wendell Sailor,.simo
38,2836,NOLA,All-Pro First Team,RB,Cornerback,The Stig,SomeSay...
38,2883,NYS,All-Pro First Team,RB,Running Back,Michaelangelo McTurtle,slothfacekilla
38,3103,OCO,All-Pro First Team,FB,Running Back,Leandre Diarra,slate
38,2725,AUS,All-Pro First Team,WR,Wide Receiver,Johnny Patey,Patey
38,2687,AZ,All-Pro First Team,WR,Wide Receiver,Kotoni Staggs,.emfaith
38,2689,SJS,All-Pro First Team,WR,Wide Receiver,Jaycee Higgins,Net
38,2988,LIB,All-Pro First Team,TE,Tight End,American Boot,xenosthelegend
38,2974,HON,All-Pro First Team,OT,Offensive Lineman,Swantavius Payne,Swanty
38,2525,SAR,All-Pro First Team,OT,Offensive Lineman,Stumpy Jones,FootballIsCool
38,2459,COL,All-Pro First Team,CENTER,Offensive Lineman,Manhattan Project,Modern_Duke
38,2853,YKW,All-Pro First Team,DE,Defensive End,Daron Arnold,TubaDeus
38,2711,NOLA,All-Pro First Team,DE,Defensive End,Morpheus Czargyros,captjanko
38,2860,LIB,All-Pro First Team,DT,Defensive Tackle,Christian Marciano,Pat
38,2857,AZ,All-Pro First Team,DT,Defensive Tackle,Raphael McTurtle,CementHands
38,2612,SJS,All-Pro First Team,OLB,Linebacker,Ioe Torrent,Skindog44
38,2475,OCO,All-Pro First Team,OLB,Linebacker,Bender Rodriguez,shrub02
38,2943,NOLA,All-Pro First Team,ILB,Linebacker,Carissa van Campen,mer
38,2831,NYS,All-Pro First Team,CB,Cornerback,Dax Dangerfield,TheRocheLimit
38,2686,AUS,All-Pro First Team,CB,Cornerback,Mark Goodhead,CptGoosar
38,2716,NOLA,All-Pro First Team,S,Safety,Orpheus Czargyros,HalfEatenOnionBagel
38,2782,BAL,All-Pro First Team,S,Safety,Pasta the Turtle,visceralpotamus
38,3041,OCO,All-Pro First Team,FLEX,Cornerback,Ace McAlister,BenDover
38,2667,CHI,All-Pro First Team,P,Kicker,Levy Tate,Sloths1
38,3186,YKW,All-Pro First Team,K,Offensive Lineman,Known Acquaintance,r0tzbua
38,2850,SJS,All-Pro First Team,RET,Running Back,DeAndre King,TubbyTim69
38,3305,MIN,All-Pro First Team,QB,Quarterback,Painted Penguin,Painted
38,3296,KCC,All-Pro First Team,RB,Linebacker,Sherwin Blue Jr.,Kotasa
38,3364,LON,All-Pro First Team,RB,Quarterback,Willier Miller,Sebster
38,3341,MIN,All-Pro First Team,WR,Wide Receiver,Branden Rojas,rbro18
38,3309,KCC,All-Pro First Team,WR,Wide Receiver,Johnny Blaze Jr,JBLAZE_THE_BOSS
38,3287,MIN,All-Pro First Team,WR,Tight End,Zero Gibson II,sapp2013
38,3273,TIJ,All-Pro First Team,TE,Tight End,Kadillac Kane,Lord_Parquad
38,3326,MIN,All-Pro First Team,OL,Offensive Lineman,Walrus Jones,caravaggio
38,3319,TIJ,All-Pro First Team,OL,Offensive Lineman,Remi Musgrave-Smythe,37thchamber
38,3264,LON,All-Pro First Team,OL,Offensive Lineman,Fortified Fridge,Murtsi
38,3268,POR,All-Pro First Team,DT,Defensive Tackle,Teddy Rhinoback,kaleb356
38,3361,MIN,All-Pro First Team,DT,Offensive Lineman,Johnson Lovehammer,Lowkey
38,3338,DAL,All-Pro First Team,DE,Linebacker,Waylen Greene,fnordypsyduck
38,3193,BBB,All-Pro First Team,DE,Defensive End,Stryker Brown,chxhawk
38,3331,POR,All-Pro First Team,LB,Linebacker,Haloick Oasis,Haloick
38,3362,POR,All-Pro First Team,LB,Linebacker,Maxwell Jacob Friedman,JuOSu
38,3265,KCC,All-Pro First Team,LB,Linebacker,Brian Duke,AlbanianValor
38,3274,NOR,All-Pro First Team,CB,Cornerback,Eric Belmont,Eric Belmont
38,3379,NOR,All-Pro First Team,CB,Cornerback,Brooks Piggott,ckroyal92
38,3340,TIJ,All-Pro First Team,S,Safety,Demarius Cook,Cook
38,3332,NOR,All-Pro First Team,S,Safety,Julius McMiller,majesticwalrus8
38,3270,NOR,All-Pro First Team,RET,Wide Receiver,Teenie Hodges,Billybolo53
38,3046,BBB,All-Pro First Team,K,Kicker,Patrick Cunningham,Buttersqauch101
38,3191,POR,All-Pro First Team,P,Kicker,Cade York Jr. Jr.,LSUFAN101
38,2954,SJS,All-Pro Second Team,QB,Offensive Lineman,Owen Farrell,Asked Madden
38,2536,AZ,All-Pro Second Team,RB,Running Back,Jay Cue Jr.,Opera_Phantom
38,2850,SJS,All-Pro Second Team,RB,Running Back,DeAndre King,TubbyTim69
38,3019,COL,All-Pro Second Team,FB,Running Back,Triple Option,Aleris
38,2902,AZ,All-Pro Second Team,WR,Wide Receiver,"""Captain"" Billy Stinkwater",BRNXB0MBERS
38,3014,HON,All-Pro Second Team,WR,Offensive Lineman,Leek Mai-Heinous,br0_0ker
38,2916,BFS,All-Pro Second Team,WR,Wide Receiver,Zayne Dangle,Vaxlare
38,2755,SJS,All-Pro Second Team,TE,Tight End,Deshawn Penne,Pvtpenne
38,2828,AZ,All-Pro Second Team,OT,Offensive Lineman,D’Nickashaw Mangoldson,Moosecop
38,2798,BFS,All-Pro Second Team,OT,Offensive Lineman,Theo AwardsSystemIsBad,UberBJ
38,3129,AUS,All-Pro Second Team,N/A,Offensive Lineman,Jimmy Holding,TheDangaZone
38,3074,BFS,All-Pro Second Team,DE,Defensive End,Xavier Valorian,XaveValor
38,2633,YKW,All-Pro Second Team,DE,Defensive End,Miles Weperom,MMFLEX
38,2937,NOLA,All-Pro Second Team,DT,Linebacker,Solace Avenger,MobiausGrander
38,2721,SAR,All-Pro Second Team,DT,Defensive Tackle,Lennay Kekua,DeadlyPlayer
38,2868,YKW,All-Pro Second Team,OLB,Linebacker,Kahn Cussion,3lewsers
38,2634,BAL,All-Pro Second Team,OLB,Linebacker,Sheriff Woody,TomHanks
38,3031,YKW,All-Pro Second Team,ILB,Linebacker,Jack McPherson,WildfireMicro
38,2775,NOLA,All-Pro Second Team,CB,Cornerback,De’Aaron Harper II,SouljaBoy2007
38,2587,SJS,All-Pro Second Team,CB,Cornerback,Guy Gibson,Urq660
38,2787,SAR,All-Pro Second Team,S,Safety,Rocky Rhoads,platanocat
38,2882,YKW,All-Pro Second Team,S,Safety,Sam Sung,TheNC206
38,2465,LIB,All-Pro Second Team,FLEX,Cornerback,Willie Miller,Sebster
38,3029,SAR,All-Pro Second Team,P,Kicker,Swantavius King,Yeenoghu
38,3180,OCO,All-Pro Second Team,K,Kicker,Jeremy Crouse Jr.,Twinsfan87
38,2836,NOLA,All-Pro Second Team,RET,Cornerback,The Stig,SomeSay...
38,2510,AZ,championship,LB,Linebacker,Glenn Smart,Pib
38,2536,AZ,championship,RB,Running Back,Jay Cue Jr.,Opera_Phantom
38,2538,AZ,championship,WR,Wide Receiver,Quinton Crash,hihihi_62
38,2560,AZ,championship,SS,Safety,Tre’ Mendus Johnson,allbetsonjames
38,2598,AZ,championship,DT,Defensive Tackle,JJ Jay Jay-Jaymison Jr,hannahg32
38,2609,AZ,championship,T,Offensive Lineman,Bernie Sanders,caltroit_red_flames
38,2666,AZ,championship,CB,Cornerback,CMC’s Burner,MrGoat1246
38,2671,AZ,championship,QB,Quarterback,Wendell Sailor,.simo
38,2686,AZ,championship,CB,Cornerback,Mark Goodhead,CptGoosar
38,2687,AZ,championship,WR,Wide Receiver,Kotoni Staggs,.emfaith
38,2705,AZ,championship,DE,Defensive End,Erick Bolanos,shoxwon
38,2771,AZ,championship,TE,Tight End,Herc Kirkby,Acsolap
38,2817,AZ,championship,SS,Safety,Lance Witt,solas
38,2820,AZ,championship,LB,Linebacker,Leonardo McTurtle,KaleSalad
38,2828,AZ,championship,T,Offensive Lineman,D’Nickashaw Mangoldson,Moosecop
38,2857,AZ,championship,DT,Defensive Tackle,Raphael McTurtle,CementHands
38,2876,AZ,championship,CB,Cornerback,Spottie O’Dopaliscious,Z-Whiz
38,2902,AZ,championship,WR,Wide Receiver,"""Captain"" Billy Stinkwater",BRNXB0MBERS
38,3032,AZ,championship,CB,Cornerback,Outlaw Mode Sicko,hotdog
38,3057,AZ,championship,K,Defensive Tackle,Savathûn T. Witchqueen,sathona
38,3071,AZ,championship,LB,Linebacker,Akaki Akayre,Ulaire
38,3091,AZ,championship,C,Offensive Lineman,Dennis Rodman,PBS
38,3128,AZ,championship,LB,Linebacker,Ignatius Reilly,yesboom
38,3227,AZ,championship,RB,Running Back,Danny Nedelko,Crunk
38,1582,"YKW, NYS",HoF,Kicker,Kicker,Dougie Smalls,iseedoug
38,2158,NOLA,HoF,Offensive Lineman,Offensive Lineman,Adam Mellott,GuitarMaster116
38,1592,COL,HoF,Defensive End,Defensive End,Immanuel Blackstone,nunccoepi
38,1970,SAR,HoF,Safety,Safety,Cuco Clemente,Billybolo53
38,1856,"SAR, BER",HoF,Linebacker,Linebacker,Derred de Ville,Exilizer
38,1836,"YKW, BAL",HoF,Offensive Lineman,Offensive Lineman,Bruce Buckley,NicholasTheGreat
38,1909,OCO,HoF,Cornerback,Cornerback,Brandon Booker,Memento Mori
38,1903,AZ,HoF,Running Back,Running Back,Tatsu Nakamura,qWest
38,2091,CHI,HoF,Offensive Lineman,Offensive Lineman,Icebox Riposte,Mavfatha
38,2088,AZ,HoF,Wide Receiver,Wide Receiver,Taro Raimon,xTri
38,2094,SAR,HoF,Cornerback,Cornerback,Harrison Andrews,abh89
38,2671,AZ,Pro Bowl,QB,Quarterback,Wendell Sailor,.simo
38,2954,SJS,Pro Bowl,QB,Offensive Lineman,Owen Farrell,Asked Madden
38,2883,NYS,Pro Bowl,RB,Running Back,Michaelangelo McTurtle,slothfacekilla
38,2836,NOLA,Pro Bowl,RB,Cornerback,The Stig,SomeSay...
38,2536,AZ,Pro Bowl,RB,Running Back,Jay Cue Jr.,Opera_Phantom
38,3103,OCO,Pro Bowl,FB,Running Back,Leandre Diarra,slate
38,3238,AUS,Pro Bowl,WR,Wide Receiver,Delores Bickerman,Kyamprac
38,2725,AUS,Pro Bowl,WR,Wide Receiver,Johnny Patey,Patey
38,2687,AZ,Pro Bowl,WR,Wide Receiver,Kotoni Staggs,.emfaith
38,2755,SJS,Pro Bowl,TE,Tight End,Deshawn Penne,Pvtpenne
38,2810,NYS,Pro Bowl,TE,Tight End,Lenard Graf,Trempale
38,3091,AZ,Pro Bowl,OL,Offensive Lineman,Dennis Rodman,PBS
38,3129,AUS,Pro Bowl,OL,Offensive Lineman,Jimmy Holding,TheDangaZone
38,2584,SJS,Pro Bowl,OL,Offensive Lineman,Panda McKyle,furiousPanda
38,2828,AZ,Pro Bowl,OL,Offensive Lineman,D’Nickashaw Mangoldson,Moosecop
38,2702,NOLA,Pro Bowl,OL,Offensive Lineman,Beniri T’Chawama,Dextaria
38,2821,OCO,Pro Bowl,OFLEX,Running Back,Zane Cold,Bubba
38,2711,NOLA,Pro Bowl,DE,Defensive End,Morpheus Czargyros,captjanko
38,3084,NOLA,Pro Bowl,DE,Defensive End,JR Frankenstero,Punk42AE
38,2857,AZ,Pro Bowl,DT,Defensive Tackle,Raphael McTurtle,CementHands
38,2937,NOLA,Pro Bowl,DT,Linebacker,Solace Avenger,MobiausGrander
38,2475,OCO,Pro Bowl,OLB,Linebacker,Bender Rodriguez,shrub02
38,2612,HON,Pro Bowl,OLB,Linebacker,Ioe Torrent,Skindog44
38,2827,SJS,Pro Bowl,OLB,Linebacker,Nick Flint,Talls
38,2943,NOLA,Pro Bowl,ILB,Linebacker,Carissa van Campen,mer
38,3088,NYS,Pro Bowl,ILB,Linebacker,Teemo Swift,Repgnar
38,2831,NYS,Pro Bowl,CB,Cornerback,Dax Dangerfield,TheRocheLimit
38,3041,OCO,Pro Bowl,CB,Cornerback,Ace McAlister,BenDover
38,2686,AZ,Pro Bowl,CB,Cornerback,Mark Goodhead,CptGoosar
38,2716,NOLA,Pro Bowl,S,Safety,Orpheus Czargyros,HalfEatenOnionBagel
38,3025,NYS,Pro Bowl,S,Safety,Regina Ferraro,Baron1898
38,2932,HON,Pro Bowl,S,Safety,Tom Taylor,tommeson
38,3057,AZ,Pro Bowl,P,Defensive Tackle,Savathûn T. Witchqueen,sathona
38,3180,OCO,Pro Bowl,K,Kicker,Jeremy Crouse Jr.,Twinsfan87
38,2836,NOLA,Pro Bowl,KR,Cornerback,The Stig,SomeSay...
38,2850,SJS,Pro Bowl,KR,Running Back,DeAndre King,TubbyTim69
38,2738,SAR,Pro Bowl,QB,Quarterback,Carter Knight,Frostbite
38,2906,BER,Pro Bowl,QB,Cornerback,Bageshwari Singh,rapideagle
38,2770,CHI,Pro Bowl,RB,Running Back,Lalu Muhammad Zohri,kentakira
38,3183,PHI,Pro Bowl,RB,Running Back,Jarvis Harbinger-Marjin,DREAMSLOTH
38,3030,YKW,Pro Bowl,RB,Running Back,Kumquat Archipelago,ReverendOReily
38,3153,PHI,Pro Bowl,FB,Defensive End,Udo E Beaty,bechtudo
38,2692,SAR,Pro Bowl,WR,Wide Receiver,Nick Kaepercolin Jr.,Highhaschdi
38,2813,PHI,Pro Bowl,WR,Wide Receiver,Escanor Sama,LordEscanor
38,2916,BER,Pro Bowl,WR,Wide Receiver,Zayne Dangle,Vaxlare
38,2763,YKW,Pro Bowl,WR,Wide Receiver,Bernd D. Brot,teddyoojo
38,2936,SAR,Pro Bowl,TE,Tight End,Lucius Salem,ImSatanJunior
38,2988,PHI,Pro Bowl,TE,Tight End,American Boot,xenosthelegend
38,2459,COL,Pro Bowl,OL,Offensive Lineman,Manhattan Project,Modern_Duke
38,3034,PHI,Pro Bowl,OL,Offensive Lineman,Pilot RedSun,Jimi64
38,2747,PHI,Pro Bowl,OL,Offensive Lineman,Beeg Beeg Yoshi,yosh
38,2974,PHI,Pro Bowl,OL,Offensive Lineman,Swantavius Payne,Swanty
38,2525,SAR,Pro Bowl,OL,Offensive Lineman,Stumpy Jones,FootballIsCool
38,3019,COL,Pro Bowl,OFLEX,Running Back,Triple Option,Aleris
38,3052,SAR,Pro Bowl,DE,Cornerback,Harley Andrews,abh89
38,2853,YKW,Pro Bowl,DE,Defensive End,Daron Arnold,TubaDeus
38,2860,PHI,Pro Bowl,DT,Defensive Tackle,Christian Marciano,Pat
38,2721,SAR,Pro Bowl,DT,Defensive Tackle,Lennay Kekua,DeadlyPlayer
38,2634,BAL,Pro Bowl,OLB,Linebacker,Sheriff Woody,TomHanks
38,2868,YKW,Pro Bowl,OLB,Linebacker,Kahn Cussion,3lewsers
38,3031,YKW,Pro Bowl,ILB,Linebacker,Jack McPherson,WildfireMicro
38,2662,COL,Pro Bowl,ILB,Linebacker,Jason Waterfalls,JayWhy75
38,2752,YKW,Pro Bowl,CB,Cornerback,Kalam Mekhar,ZootTX
38,2963,COL,Pro Bowl,CB,Cornerback,Anthony Stark,TeyonSchavari
38,2658,SAR,Pro Bowl,CB,Cornerback,Calvin Hobbes,krazko
38,2858,SAR,Pro Bowl,CB,Cornerback,King Zeus,sakrosankt
38,2882,YKW,Pro Bowl,S,Safety,Sam Sung,TheNC206
38,2782,BAL,Pro Bowl,S,Safety,Pasta the Turtle,visceralpotamus
38,2600,CHI,Pro Bowl,S,Safety,Dee Walt,TheCC
38,3029,SAR,Pro Bowl,P,Kicker,Swantavius King,Yeenoghu
38,3186,BER,Pro Bowl,K,Offensive Lineman,Known Acquaintance,r0tzbua
38,2770,CHI,Pro Bowl,KR,Running Back,Lalu Muhammad Zohri,kentakira
38,2916,BER,Pro Bowl,KR,Wide Receiver,Zayne Dangle,Vaxlare
39,2738,SAR,All-Pro First Team,QB,Quarterback,Carter Knight,Frostbite
39,2836,NOLA,All-Pro First Team,RB,Cornerback,The Stig,SomeSay...
39,3030,YKW,All-Pro First Team,RB,Running Back,Kumquat Archipelago,ReverendOReily
39,3103,OCO,All-Pro First Team,FB,Running Back,Leandre Diarra,slate
39,2692,SAR,All-Pro First Team,WR,Wide Receiver,Nick Kaepercolin Jr.,Highhaschdi
39,2902,AZ,All-Pro First Team,WR,Wide Receiver,"""Captain"" Billy Stinkwater",BRNXB0MBERS
39,3238,AUS,All-Pro First Team,WR,Wide Receiver,Delores Bickerman,Kyamprac
39,2936,SAR,All-Pro First Team,TE,Tight End,Lucius Salem,ImSatanJunior
39,2702,HON,All-Pro First Team,OT,Offensive Lineman,Beniri T’Chawama,Dextaria
39,3326,OCO,All-Pro First Team,OT,Offensive Lineman,Walrus Jones,caravaggio
39,2786,SAR,All-Pro First Team,IOL,Offensive Lineman,Troy Barnes,Jay_Doctor
39,3074,CHI,All-Pro First Team,DE,Defensive End,Xavier Valorian,XaveValor
39,2940,AUS,All-Pro First Team,DE,Defensive End,Joey Din,Dindog
39,2860,CTC,All-Pro First Team,DT,Defensive Tackle,Christian Marciano,Pat
39,2857,AZ,All-Pro First Team,DT,Defensive Tackle,Raphael McTurtle,CementHands
39,3098,BFS,All-Pro First Team,OLB,Linebacker,Fred Edison,Liter
39,2769,YKW,All-Pro First Team,OLB,Linebacker,"Zephyr ""Tater"" GreyWolf",taterswc
39,2943,NOLA,All-Pro First Team,ILB,Linebacker,Carissa van Campen,mer
39,2752,YKW,All-Pro First Team,CB,Cornerback,Kalam Mekhar,ZootTX
39,2963,COL,All-Pro First Team,CB,Cornerback,Anthony Stark,TeyonSchavari
39,2931,COL,All-Pro First Team,S,Safety,- Cross-Eriksen,Tesla
39,2736,CHI,All-Pro First Team,S,Safety,Tessie Garciaparra,Reno
39,3041,OCO,All-Pro First Team,FLEX,Cornerback,Ace McAlister,BenDover
39,3029,SAR,All-Pro First Team,P,Kicker,Swantavius King,Yeenoghu
39,2866,YKW,All-Pro First Team,K,Kicker,Double Doink,sarah
39,3133,CHI,All-Pro First Team,RET,Wide Receiver,Austin Morley,soevil
39,3218,KCC,All-Pro First Team,QB,Quarterback,Creg Jerrith IV,negs
39,3421,LON,All-Pro First Team,RB,Offensive Lineman,Lord Farquaads,Ace
39,3420,POR,All-Pro First Team,RB,Safety,Tyler One,pauadrian
39,3333,POR,All-Pro First Team,WR,Wide Receiver,Plant Based,Thor
39,3382,BBB,All-Pro First Team,WR,Wide Receiver,Dick Grayson,Thiath
39,3463,BBB,All-Pro First Team,WR,Tight End,Penger Tolliver,Gwdjohnson
39,3419,POR,All-Pro First Team,TE,Tight End,Detective Crashmore,speculadora
39,3413,NOR,All-Pro First Team,TE,Wide Receiver,Big McLarge Huge,Hydrium
39,3444,KCC,All-Pro First Team,OL,Offensive Lineman,Raya Ho’opa’i,MMFLEX
39,3417,BBB,All-Pro First Team,OL,Offensive Lineman,Bengal Tigerheart,shanghai_kid
39,3394,TIJ,All-Pro First Team,DT,Safety,Bourtol Halcomsby,ItsFrenchie
39,3361,MIN,All-Pro First Team,DT,Offensive Lineman,Johnson Lovehammer,Lowkey
39,3408,MIN,All-Pro First Team,DE,Defensive Tackle,Sir Tywrell Xah’Aawrone,Rabidsponge21
39,3449,KCC,All-Pro First Team,DE,Defensive End,Alex Armstrong,Duilio05
39,3423,POR,All-Pro First Team,LB,Cornerback,Fronky Fresh,Fronk
39,3331,POR,All-Pro First Team,LB,Linebacker,Haloick Oasis,Haloick
39,3433,BBB,All-Pro First Team,LB,Running Back,Money Tolliver,jeffie43
39,3379,NOR,All-Pro First Team,CB,Cornerback,Brooks Piggott,ckroyal92
39,3274,BBB,All-Pro First Team,CB,Cornerback,Eric Belmont,Eric Belmont
39,3435,DAL,All-Pro First Team,S,Safety,Notso Smart,Pib
39,3456,MIN,All-Pro First Team,S,Safety,Xavier Frost,LANEFROST
39,3437,DAL,All-Pro First Team,RET,Running Back,KK Slider,Vulfzilla
39,3411,MIN,All-Pro First Team,K,Kicker,Jayme Jayne Jay-Jaymison,hannahg32
39,3411,MIN,All-Pro First Team,P,Kicker,Jayme Jayne Jay-Jaymison,hannahg32
39,2671,AZ,All-Pro Second Team,QB,Quarterback,Wendell Sailor,.simo
39,2821,OCO,All-Pro Second Team,RB,Running Back,Zane Cold,Bubba
39,2770,CHI,All-Pro Second Team,RB,Running Back,Lalu Muhammad Zohri,kentakira
39,3042,AUS,All-Pro Second Team,FB,Running Back,The Incredible Bulk,UpperNet
39,3232,COL,All-Pro Second Team,WR,Wide Receiver,Rocky Moreaux,qWest
39,2929,AZ,All-Pro Second Team,WR,Wide Receiver,Louis Blondin,Gordon Bombay
39,2763,YKW,All-Pro Second Team,WR,Wide Receiver,Bernd D. Brot,teddyoojo
39,2755,SJS,All-Pro Second Team,TE,Tight End,Deshawn Penne,Pvtpenne
39,2974,CTC,All-Pro Second Team,OT,Offensive Lineman,Swantavius Payne,Swanty
39,3120,YKW,All-Pro Second Team,OT,Offensive Lineman,J.T. Kurbis,JoshiePoo
39,3243,AUS,All-Pro Second Team,IOL,Offensive Lineman,Brandon Mason,Bmason0520
39,2641,BFS,All-Pro Second Team,DE,Defensive End,Rocco Blade,Accka
39,2853,YKW,All-Pro Second Team,DE,Defensive End,Daron Arnold,TubaDeus
39,3079,NOLA,All-Pro Second Team,DT,Cornerback,Charles Chapman,Charple
39,2721,SAR,All-Pro Second Team,DT,Defensive Tackle,Lennay Kekua,DeadlyPlayer
39,3031,YKW,All-Pro Second Team,OLB,Linebacker,Jack McPherson,WildfireMicro
39,2634,BAL,All-Pro Second Team,OLB,Linebacker,Sheriff Woody,TomHanks
39,3052,SAR,All-Pro Second Team,ILB,Cornerback,Harley Andrews,abh89
39,3279,BAL,All-Pro Second Team,CB,Defensive Tackle,Casino Robin,Big Newff
39,2600,CHI,All-Pro Second Team,CB,Safety,Dee Walt,TheCC
39,2905,NOLA,All-Pro Second Team,S,Safety,chim rickles,Jangorhino
39,3359,BAL,All-Pro Second Team,S,Safety,Antoine Winfield Jr.,Trempale
39,2948,AUS,All-Pro Second Team,FLEX,Cornerback,Draft Steal,Troen
39,3057,AZ,All-Pro Second Team,P,Defensive Tackle,Savathûn T. Witchqueen,sathona
39,3006,NOLA,All-Pro Second Team,K,Kicker,Alfonso Dos Santos,toivo
39,3051,CTC,All-Pro Second Team,RET,Wide Receiver,Derrick Prince,AnUnoriginalGuy
39,2626,YKW,championship,WR,Wide Receiver,Cliff Burton,Thelastheraclid
39,2729,YKW,championship,SS,Safety,Jay Spears,JaytheGreat
39,2745,YKW,championship,CB,Cornerback,Dragazor Blaze,FireKing10789
39,2752,YKW,championship,CB,Cornerback,Kalam Mekhar,ZootTX
39,2763,YKW,championship,WR,Wide Receiver,Bernd D. Brot,teddyoojo
39,2769,YKW,championship,LB,Linebacker,"Zephyr ""Tater"" GreyWolf",taterswc
39,2853,YKW,championship,DE,Defensive End,Daron Arnold,TubaDeus
39,2866,YKW,championship,K,Kicker,Double Doink,sarah
39,2868,YKW,championship,LB,Linebacker,Kahn Cussion,3lewsers
39,2882,YKW,championship,FS,Safety,Sam Sung,TheNC206
39,2915,YKW,championship,CB,Cornerback,Simon The Frog,yonggarius
39,2986,YKW,championship,WR,Wide Receiver,Calvin Spiff,domffl
39,3030,YKW,championship,RB,Running Back,Kumquat Archipelago,ReverendOReily
39,3031,YKW,championship,LB,Linebacker,Jack McPherson,WildfireMicro
39,3035,YKW,championship,RB,Running Back,Adebayo Akinfenwa,PMoney
39,3081,YKW,championship,DT,Quarterback,Absolute Unit,Arkz
39,3115,YKW,championship,TE,Tight End,Richard Harden,Alphavictory
39,3120,YKW,championship,T,Offensive Lineman,J.T. Kurbis,JoshiePoo
39,3222,YKW,championship,QB,Quarterback,Adrian St. Christmas,nunccoepi
39,3224,YKW,championship,T,Offensive Lineman,Dusty Wilson,dustywilson22
39,3252,YKW,championship,SS,Safety,Ryan Murray,RyanM1414
39,3386,YKW,championship,DT,Defensive Tackle,Mo Gago,FTR
39,1683,YKW,HoF,Quarterback,Quarterback,Colby Jack,flyeaglesfly29
39,2246,PHI,HoF,Wide Receiver,Wide Receiver,Jake Fencik,xenosthelegend
39,2146,AUS,HoF,Running Back,Running Back,Zoe Watts,Kyamprac
39,2030,YKW,HoF,Wide Receiver,Wide Receiver,Kai Sakura,DarknessRising
39,2671,AZ,Pro Bowl,QB,Quarterback,Wendell Sailor,.simo
39,2992,AUS,Pro Bowl,QB,Quarterback,Queen Elizabeth II,frazzle14
39,2836,NOLA,Pro Bowl,RB,Cornerback,The Stig,SomeSay...
39,2821,OCO,Pro Bowl,RB,Running Back,Zane Cold,Bubba
39,3075,HON,Pro Bowl,RB,Running Back,Bean Delphine Jr,Seymour
39,3103,OCO,Pro Bowl,FB,Running Back,Leandre Diarra,slate
39,3238,AUS,Pro Bowl,WR,Wide Receiver,Delores Bickerman,Kyamprac
39,2902,AZ,Pro Bowl,WR,Wide Receiver,"""Captain"" Billy Stinkwater",BRNXB0MBERS
39,3014,HON,Pro Bowl,WR,Offensive Lineman,Leek Mai-Heinous,br0_0ker
39,2755,SJS,Pro Bowl,TE,Tight End,Deshawn Penne,Pvtpenne
39,3024,HON,Pro Bowl,TE,Tight End,Waluigi Gronkowski,rickymartin_irl
39,2774,NOLA,Pro Bowl,OL,Offensive Lineman,Dallas Fort-Worth,Minnesotafine
39,3243,AUS,Pro Bowl,OL,Offensive Lineman,Brandon Mason,Bmason0520
39,2970,AUS,Pro Bowl,OL,Offensive Lineman,Donatello McTurtle,Ben
39,2702,NOLA,Pro Bowl,OL,Offensive Lineman,Beniri T’Chawama,Dextaria
39,3326,OCO,Pro Bowl,OL,Offensive Lineman,Walrus Jones,caravaggio
39,2929,AZ,Pro Bowl,OFLEX,Wide Receiver,Louis Blondin,Gordon Bombay
39,3084,NOLA,Pro Bowl,DE,Defensive End,JR Frankenstero,Punk42AE
39,2940,AUS,Pro Bowl,DE,Defensive End,Joey Din,Dindog
39,2857,AZ,Pro Bowl,DT,Defensive Tackle,Raphael McTurtle,CementHands
39,3079,NOLA,Pro Bowl,DT,Cornerback,Charles Chapman,Charple
39,3071,AZ,Pro Bowl,OLB,Linebacker,Akaki Akayre,Ulaire
39,2820,AZ,Pro Bowl,OLB,Linebacker,Leonardo McTurtle,KaleSalad
39,2943,NOLA,Pro Bowl,ILB,Linebacker,Carissa van Campen,mer
39,3128,NYS,Pro Bowl,ILB,Linebacker,Ignatius Reilly,yesboom
39,3247,HON,Pro Bowl,ILB,Linebacker,Monty Ward,xQCFamous
39,3041,OCO,Pro Bowl,CB,Cornerback,Ace McAlister,BenDover
39,2948,AUS,Pro Bowl,CB,Cornerback,Draft Steal,Troen
39,2587,SJS,Pro Bowl,CB,Cornerback,Guy Gibson,Urq660
39,2905,NOLA,Pro Bowl,S,Safety,chim rickles,Jangorhino
39,3025,NYS,Pro Bowl,S,Safety,Regina Ferraro,Baron1898
39,2710,AZ,Pro Bowl,S,Safety,Amari Springer,Dagumpa
39,3057,AZ,Pro Bowl,P,Defensive Tackle,Savathûn T. Witchqueen,sathona
39,3006,NOLA,Pro Bowl,K,Kicker,Alfonso Dos Santos,toivo
39,2850,SJS,Pro Bowl,KR,Running Back,DeAndre King,TubbyTim69
39,2693,SJS,Pro Bowl,KR,Cornerback,Cedric Wilkins II,woelkers
39,2738,SAR,Pro Bowl,QB,Quarterback,Carter Knight,Frostbite
39,2791,COL,Pro Bowl,QB,Quarterback,Live Laughlove,SwankyPants31
39,2770,CHI,Pro Bowl,RB,Running Back,Lalu Muhammad Zohri,kentakira
39,3030,YKW,Pro Bowl,RB,Running Back,Kumquat Archipelago,ReverendOReily
39,3095,SAR,Pro Bowl,RB,Running Back,Pete Zuh,seal
39,3019,COL,Pro Bowl,FB,Running Back,Triple Option,Aleris
39,3232,COL,Pro Bowl,WR,Wide Receiver,Rocky Moreaux,qWest
39,2692,SAR,Pro Bowl,WR,Wide Receiver,Nick Kaepercolin Jr.,Highhaschdi
39,2763,YKW,Pro Bowl,WR,Wide Receiver,Bernd D. Brot,teddyoojo
39,2936,SAR,Pro Bowl,TE,Tight End,Lucius Salem,ImSatanJunior
39,3125,COL,Pro Bowl,TE,Tight End,Mister Hogmally,iStegosauruz
39,2786,SAR,Pro Bowl,OL,Offensive Lineman,Troy Barnes,Jay_Doctor
39,2974,CTC,Pro Bowl,OL,Offensive Lineman,Swantavius Payne,Swanty
39,3319,COL,Pro Bowl,OL,Offensive Lineman,Remi Musgrave-Smythe,37thchamber
39,3120,YKW,Pro Bowl,OL,Offensive Lineman,J.T. Kurbis,JoshiePoo
39,2798,CHI,Pro Bowl,OL,Offensive Lineman,Theo AwardsSystemIsBad,UberBJ
39,2813,CTC,Pro Bowl,OFLEX,Wide Receiver,Escanor Sama,LordEscanor
39,2988,CTC,Pro Bowl,OFLEX,Tight End,American Boot,xenosthelegend
39,3074,CHI,Pro Bowl,DE,Defensive End,Xavier Valorian,XaveValor
39,2641,BER,Pro Bowl,DE,Defensive End,Rocco Blade,Accka
39,2853,YKW,Pro Bowl,DE,Defensive End,Daron Arnold,TubaDeus
39,2860,CTC,Pro Bowl,DT,Defensive Tackle,Christian Marciano,Pat
39,2721,SAR,Pro Bowl,DT,Defensive Tackle,Lennay Kekua,DeadlyPlayer
39,2769,YKW,Pro Bowl,OLB,Linebacker,"Zephyr ""Tater"" GreyWolf",taterswc
39,3098,BER,Pro Bowl,OLB,Linebacker,Fred Edison,Liter
39,3052,SAR,Pro Bowl,ILB,Cornerback,Harley Andrews,abh89
39,2868,YKW,Pro Bowl,ILB,Linebacker,Kahn Cussion,3lewsers
39,2752,YKW,Pro Bowl,CB,Cornerback,Kalam Mekhar,ZootTX
39,3279,COL,Pro Bowl,CB,Defensive Tackle,Casino Robin,Big Newff
39,2963,COL,Pro Bowl,CB,Cornerback,Anthony Stark,TeyonSchavari
39,2736,CHI,Pro Bowl,S,Safety,Tessie Garciaparra,Reno
39,3359,BAL,Pro Bowl,S,Safety,Antoine Winfield Jr.,Trempale
39,2931,COL,Pro Bowl,S,Safety,- Cross-Eriksen,Tesla
39,3029,SAR,Pro Bowl,P,Kicker,Swantavius King,Yeenoghu
39,2866,YKW,Pro Bowl,K,Kicker,Double Doink,sarah
39,3133,CHI,Pro Bowl,KR,Wide Receiver,Austin Morley,soevil
39,3051,CTC,Pro Bowl,KR,Wide Receiver,Derrick Prince,AnUnoriginalGuy
40,2929,AZ,1600 Club,WR,Wide Receiver,Louis Blondin,Gordon Bombay
40,2671,AZ,All-Pro First Team,QB,Quarterback,Wendell Sailor,.simo
40,3035,YKW,All-Pro First Team,RB,Running Back,Adebayo Akinfenwa,PMoney
40,3183,CTC,All-Pro First Team,RB,Running Back,Jarvis Harbinger-Marjin,DREAMSLOTH
40,3103,OCO,All-Pro First Team,FB,Running Back,Leandre Diarra,slate
40,3232,BAL,All-Pro First Team,WR,Wide Receiver,Rocky Moreaux,qWest
40,3014,HON,All-Pro First Team,WR,Offensive Lineman,Leek Mai-Heinous,br0_0ker
40,3238,AUS,All-Pro First Team,WR,Wide Receiver,Delores Bickerman,Kyamprac
40,2936,SAR,All-Pro First Team,TE,Tight End,Lucius Salem,ImSatanJunior
40,2974,CTC,All-Pro First Team,OT,Offensive Lineman,Swantavius Payne,Swanty
40,2828,AZ,All-Pro First Team,OT,Offensive Lineman,D’Nickashaw Mangoldson,Moosecop
40,2786,SAR,All-Pro First Team,IOL,Offensive Lineman,Troy Barnes,Jay_Doctor
40,2853,YKW,All-Pro First Team,DE,Defensive End,Daron Arnold,TubaDeus
40,3052,SAR,All-Pro First Team,DE,Cornerback,Harley Andrews,abh89
40,2860,CTC,All-Pro First Team,DT,Defensive Tackle,Christian Marciano,Pat
40,3166,CHI,All-Pro First Team,DT,Defensive Tackle,Joseph Reed,Reedy0rNot
40,2884,CHI,All-Pro First Team,OLB,Linebacker,Rumble Ronson,MrStennett
40,2621,SAR,All-Pro First Team,OLB,Linebacker,dont draft,Unicorn
40,2769,YKW,All-Pro First Team,ILB,Linebacker,"Zephyr ""Tater"" GreyWolf",taterswc
40,2876,AZ,All-Pro First Team,CB,Cornerback,Spottie O’Dopaliscious,Z-Whiz
40,2858,SAR,All-Pro First Team,CB,Cornerback,King Zeus,sakrosankt
40,2931,COL,All-Pro First Team,S,Safety,- Cross-Eriksen,Tesla
40,3121,CTC,All-Pro First Team,S,Safety,Jasper Fontaine,lordcoolcats
40,2893,SJS,All-Pro First Team,FLEX,Safety,Russet Buster,RussDrivesTheBus
40,2866,YKW,All-Pro First Team,P,Kicker,Double Doink,sarah
40,3186,BER,All-Pro First Team,K,Offensive Lineman,Known Acquaintance,r0tzbua
40,3133,CHI,All-Pro First Team,RET,Wide Receiver,Austin Morley,soevil
40,3364,LON,All-Pro First Team,QB,Quarterback,Willier Miller,Sebster
40,3578,KCC,All-Pro First Team,RB,Running Back,Eilliot Berry,titanfan34
40,3421,LON,All-Pro First Team,RB,Offensive Lineman,Lord Farquaads,Ace
40,3493,POR,All-Pro First Team,WR,Wide Receiver,Emile Charles,Number 82
40,3415,LON,All-Pro First Team,WR,Offensive Lineman,Mike Ehrmantraut,NYR73
40,3333,BBB,All-Pro First Team,WR,Wide Receiver,Plant Based,Thor
40,4535,LON,All-Pro First Team,TE,,None None,
40,3545,NOR,All-Pro First Team,TE,Wide Receiver,Otto The Orange,Greenbaynathan
40,3492,DAL,All-Pro First Team,OL,Linebacker,Justin Willis,Cycro
40,3525,MIN,All-Pro First Team,OL,Offensive Lineman,Modest Mussorgsky,Gragg9
40,3587,POR,All-Pro First Team,OL,Offensive Lineman,Trent Silverback,Kunra99
40,3607,TIJ,All-Pro First Team,DT,Linebacker,Dub Redd,wizard_literal
40,3604,POR,All-Pro First Team,DT,Defensive Tackle,Damarcus Cole,Hordle
40,3489,POR,All-Pro First Team,DE,Defensive Tackle,Bruce White,toofpete
40,3398,KCC,All-Pro First Team,DE,Defensive End,Ryan Lawrence,ThreeToeSloth
40,3606,KCC,All-Pro First Team,LB,Linebacker,Rodney Rosadino,jross
40,3552,LON,All-Pro First Team,LB,Safety,Loose Cannon,Jumbo
40,3548,DAL,All-Pro First Team,LB,Linebacker,Craig Brand,ElMerchanto
40,3598,NOR,All-Pro First Team,CB,Cornerback,Kadarius Claypool II,Weaves
40,3457,DAL,All-Pro First Team,CB,Cornerback,Bobby Steel,Sarox
40,4547,BBB,All-Pro First Team,S,Safety,Mary Marie,aeonsjenni
40,3424,NOR,All-Pro First Team,S,Safety,Quandale Dingle,McGriddy10
40,3420,POR,All-Pro First Team,RET,Safety,Tyler One,pauadrian
40,3547,BBB,All-Pro First Team,K,Kicker,Bob Kickerson,Tiktaalik
40,3547,BBB,All-Pro First Team,P,Kicker,Bob Kickerson,Tiktaalik
40,2738,SAR,All-Pro Second Team,QB,Quarterback,Carter Knight,Frostbite
40,2883,NYS,All-Pro Second Team,RB,Running Back,Michaelangelo McTurtle,slothfacekilla
40,3075,HON,All-Pro Second Team,RB,Running Back,Bean Delphine Jr,Seymour
40,2825,NYS,All-Pro Second Team,FB,Running Back,William Groves,Will3
40,2902,AZ,All-Pro Second Team,WR,Wide Receiver,"""Captain"" Billy Stinkwater",BRNXB0MBERS
40,2994,COL,All-Pro Second Team,WR,Wide Receiver,Eeeeeeee phenssta,Ephenssta
40,3133,CHI,All-Pro Second Team,WR,Wide Receiver,Austin Morley,soevil
40,3125,COL,All-Pro Second Team,TE,Tight End,Mister Hogmally,iStegosauruz
40,3139,NYS,All-Pro Second Team,OT,Offensive Lineman,Pan Cakes,lespoils
40,3319,COL,All-Pro Second Team,OT,Offensive Lineman,Remi Musgrave-Smythe,37thchamber
40,3091,AZ,All-Pro Second Team,IOL,Offensive Lineman,Dennis Rodman,PBS
40,2857,AZ,All-Pro Second Team,DT,Defensive Tackle,Raphael McTurtle,CementHands
40,3117,SJS,All-Pro Second Team,DT,Defensive Tackle,Fat Jack,AW13
40,2940,AUS,All-Pro Second Team,DE,Defensive End,Joey Din,Dindog
40,3449,SJS,All-Pro Second Team,DE,Defensive End,Alex Armstrong,Duilio05
40,2868,YKW,All-Pro Second Team,OLB,Linebacker,Kahn Cussion,3lewsers
40,2943,NOLA,All-Pro Second Team,OLB,Linebacker,Carissa van Campen,mer
40,3220,BER,All-Pro Second Team,ILB,Linebacker,Jordan Hartline,RDBSouthPaw
40,3041,OCO,All-Pro Second Team,CB,Cornerback,Ace McAlister,BenDover
40,2752,YKW,All-Pro Second Team,CB,Cornerback,Kalam Mekhar,ZootTX
40,3313,BER,All-Pro Second Team,S,Safety,Diggs Sideline-touchdown,Dewalt27
40,3435,AZ,All-Pro Second Team,S,Safety,Notso Smart,Pib
40,2714,SAR,All-Pro Second Team,FLEX,Safety,Spike Daniels,Michiganonymous
40,3072,COL,All-Pro Second Team,P,Kicker,Orlando Doom,Bunny
40,3281,CHI,All-Pro Second Team,K,Kicker,David Doug,TheSparkyDee
40,3051,CTC,All-Pro Second Team,RET,Wide Receiver,Derrick Prince,AnUnoriginalGuy
40,2671,AZ,championship,QB,Quarterback,Wendell Sailor,.simo
40,2686,AZ,championship,CB,Cornerback,Mark Goodhead,CptGoosar
40,2687,AZ,championship,WR,Wide Receiver,Kotoni Staggs,.emfaith
40,2710,AZ,championship,FS,Safety,Amari Springer,Dagumpa
40,2771,AZ,championship,TE,Tight End,Herc Kirkby,Acsolap
40,2820,AZ,championship,LB,Linebacker,Leonardo McTurtle,KaleSalad
40,2828,AZ,championship,T,Offensive Lineman,D’Nickashaw Mangoldson,Moosecop
40,2857,AZ,championship,DT,Defensive Tackle,Raphael McTurtle,CementHands
40,2876,AZ,championship,CB,Cornerback,Spottie O’Dopaliscious,Z-Whiz
40,2902,AZ,championship,WR,Wide Receiver,"""Captain"" Billy Stinkwater",BRNXB0MBERS
40,2929,AZ,championship,WR,Wide Receiver,Louis Blondin,Gordon Bombay
40,3032,AZ,championship,CB,Cornerback,Outlaw Mode Sicko,hotdog
40,3047,AZ,championship,DT,Defensive Tackle,Emerson Quinn,Chrundle
40,3057,AZ,championship,K,Defensive Tackle,Savathûn T. Witchqueen,sathona
40,3071,AZ,championship,LB,Linebacker,Akaki Akayre,Ulaire
40,3091,AZ,championship,T,Offensive Lineman,Dennis Rodman,PBS
40,3128,AZ,championship,LB,Linebacker,Ignatius Reilly,yesboom
40,3227,AZ,championship,RB,Running Back,Danny Nedelko,Crunk
40,3264,AZ,championship,C,Offensive Lineman,Fortified Fridge,Murtsi
40,3296,AZ,championship,RB,Linebacker,Sherwin Blue Jr.,Kotasa
40,3408,AZ,championship,DT,Defensive Tackle,Sir Tywrell Xah’Aawrone,Rabidsponge21
40,3435,AZ,championship,FS,Safety,Notso Smart,Pib
40,2317,HON,HoF,Running Back,Running Back,Cobra Kai,OrbitingDeath
40,2135,AUS,HoF,Cornerback,Cornerback,Maverick Bowie,Tonzy
40,2059,NYS,HoF,Wide Receiver,Wide Receiver,Jackson Kingston,Daybe
40,2112,COL,HoF,Linebacker,Linebacker,Melvin Murder-Moose,SchwarzNarr
40,2240,YKW,HoF,Wide Receiver,Wide Receiver,Mark Walker,deadlunatic
40,2156,AZ,HoF,Defensive Tackle,Defensive Tackle,Chuck Roth,zeagle1
40,2671,AZ,Pro Bowl,QB,Quarterback,Wendell Sailor,.simo
40,2992,AUS,Pro Bowl,QB,Quarterback,Queen Elizabeth II,frazzle14
40,2883,NYS,Pro Bowl,RB,Running Back,Michaelangelo McTurtle,slothfacekilla
40,3075,HON,Pro Bowl,RB,Running Back,Bean Delphine Jr,Seymour
40,2821,OCO,Pro Bowl,RB,Running Back,Zane Cold,Bubba
40,3103,OCO,Pro Bowl,FB,Running Back,Leandre Diarra,slate
40,3014,HON,Pro Bowl,WR,Offensive Lineman,Leek Mai-Heinous,br0_0ker
40,3094,SAR,Pro Bowl,WR,Wide Receiver,Sconnie McSix,g2019
40,3238,AUS,Pro Bowl,WR,Wide Receiver,Delores Bickerman,Kyamprac
40,2902,AZ,Pro Bowl,OFLEX,Wide Receiver,"""Captain"" Billy Stinkwater",BRNXB0MBERS
40,3024,HON,Pro Bowl,TE,Tight End,Waluigi Gronkowski,rickymartin_irl
40,2755,AUS,Pro Bowl,TE,Tight End,Deshawn Penne,Pvtpenne
40,2774,NOLA,Pro Bowl,C,Offensive Lineman,Dallas Fort-Worth,Minnesotafine
40,3326,OCO,Pro Bowl,IOL,Offensive Lineman,Walrus Jones,caravaggio
40,2910,NOLA,Pro Bowl,IOL,Offensive Lineman,Franz Udo Culman-Kaiser,Evok
40,2828,AZ,Pro Bowl,OT,Offensive Lineman,D’Nickashaw Mangoldson,Moosecop
40,3129,AUS,Pro Bowl,OT,Offensive Lineman,Jimmy Holding,TheDangaZone
40,3139,NYS,Pro Bowl,OT,Offensive Lineman,Pan Cakes,lespoils
40,2940,AUS,Pro Bowl,DE,Defensive End,Joey Din,Dindog
40,3449,SJS,Pro Bowl,DE,Defensive End,Alex Armstrong,Duilio05
40,2857,AZ,Pro Bowl,DT,Defensive Tackle,Raphael McTurtle,CementHands
40,3117,SJS,Pro Bowl,SJS,Defensive Tackle,Fat Jack,AW13
40,3071,AZ,Pro Bowl,OLB,Linebacker,Akaki Akayre,Ulaire
40,2943,NOLA,Pro Bowl,OLB,Linebacker,Carissa van Campen,mer
40,3128,AZ,Pro Bowl,ILB,Linebacker,Ignatius Reilly,yesboom
40,3293,AUS,Pro Bowl,ILB,Linebacker,Tank McGibbons,MikeWhiskey
40,2876,AZ,Pro Bowl,CB,Cornerback,Spottie O’Dopaliscious,Z-Whiz
40,2587,SJS,Pro Bowl,CB,Cornerback,Guy Gibson,Urq660
40,3041,OCO,Pro Bowl,CB,Cornerback,Ace McAlister,BenDover
40,3435,AZ,Pro Bowl,S,Safety,Notso Smart,Pib
40,2559,OCO,Pro Bowl,S,Safety,Rean Schwarzer,bowl0
40,3369,AUS,Pro Bowl,S,Safety,Geralt -,.Laser
40,3057,AZ,Pro Bowl,K,Defensive Tackle,Savathûn T. Witchqueen,sathona
40,3288,SJS,Pro Bowl,P,Kicker,Booter McGavin,ajtigger
40,2850,AUS,Pro Bowl,ST,Running Back,DeAndre King,TubbyTim69
40,2902,AZ,Pro Bowl,ST,Wide Receiver,"""Captain"" Billy Stinkwater",BRNXB0MBERS
40,2738,SAR,Pro Bowl,QB,Quarterback,Carter Knight,Frostbite
40,2791,COL,Pro Bowl,QB,Quarterback,Live Laughlove,SwankyPants31
40,3218,CTC,Pro Bowl,QB,Quarterback,Creg Jerrith IV,negs
40,3183,CTC,Pro Bowl,RB,Running Back,Jarvis Harbinger-Marjin,DREAMSLOTH
40,3035,YKW,Pro Bowl,RB,Running Back,Adebayo Akinfenwa,PMoney
40,2770,CHI,Pro Bowl,RB,Running Back,Lalu Muhammad Zohri,kentakira
40,3019,COL,Pro Bowl,FB,Running Back,Triple Option,Aleris
40,3232,BAL,Pro Bowl,WR,Wide Receiver,Rocky Moreaux,qWest
40,2994,COL,Pro Bowl,WR,Wide Receiver,Eeeeeeee phenssta,Ephenssta
40,2916,BER,Pro Bowl,WR,Wide Receiver,Zayne Dangle,Vaxlare
40,3095,SAR,Pro Bowl,OFLEX,Running Back,Pete Zuh,seal
40,2936,SAR,Pro Bowl,TE,Tight End,Lucius Salem,ImSatanJunior
40,3125,COL,Pro Bowl,TE,Tight End,Mister Hogmally,iStegosauruz
40,2786,SAR,Pro Bowl,C,Offensive Lineman,Troy Barnes,Jay_Doctor
40,3417,BAL,Pro Bowl,IOL,Offensive Lineman,Bengal Tigerheart,shanghai_kid
40,2974,CTC,Pro Bowl,OT,Offensive Lineman,Swantavius Payne,Swanty
40,3319,COL,Pro Bowl,OT,Offensive Lineman,Remi Musgrave-Smythe,37thchamber
40,2877,SAR,Pro Bowl,OT,Offensive Lineman,Dane Johnson Jr.,RocketMan13
40,3052,SAR,Pro Bowl,DE,Cornerback,Harley Andrews,abh89
40,2853,YKW,Pro Bowl,DE,Defensive End,Daron Arnold,TubaDeus
40,2860,CTC,Pro Bowl,DT,Defensive Tackle,Christian Marciano,Pat
40,3166,CHI,Pro Bowl,DT,Defensive Tackle,Joseph Reed,Reedy0rNot
40,2884,CHI,Pro Bowl,OLB,Linebacker,Rumble Ronson,MrStennett
40,3163,SAR,Pro Bowl,OLB,Linebacker,Aqeel Steele,bold ni wally
40,3220,SAR,Pro Bowl,ILB,Linebacker,Jordan Hartline,RDBSouthPaw
40,2769,YKW,Pro Bowl,ILB,Linebacker,"Zephyr ""Tater"" GreyWolf",taterswc
40,2858,SAR,Pro Bowl,CB,Cornerback,King Zeus,sakrosankt
40,2752,YKW,Pro Bowl,CB,Cornerback,Kalam Mekhar,ZootTX
40,2600,CHI,Pro Bowl,CB,Safety,Dee Walt,TheCC
40,2931,COL,Pro Bowl,S,Safety,- Cross-Eriksen,Tesla
40,3121,CTC,Pro Bowl,S,Safety,Jasper Fontaine,lordcoolcats
40,3313,BER,Pro Bowl,S,Safety,Diggs Sideline-touchdown,Dewalt27
40,2866,YKW,Pro Bowl,K,Kicker,Double Doink,sarah
40,3281,CHI,Pro Bowl,K,Kicker,David Doug,TheSparkyDee
40,2866,YKW,Pro Bowl,P,Kicker,Double Doink,sarah
40,3133,CHI,Pro Bowl,ST,Wide Receiver,Austin Morley,soevil
40,3051,CTC,Pro Bowl,ST,Wide Receiver,Derrick Prince,AnUnoriginalGuy
41,3029,SAR,1600 Club,K,Kicker,Swantavius King,Yeenoghu
41,3364,SAR,All-Pro First Team,QB,Quarterback,Willier Miller,Sebster
41,3183,CTC,All-Pro First Team,RB,Running Back,Jarvis Harbinger-Marjin,DREAMSLOTH
41,3075,HON,All-Pro First Team,RB,Running Back,Bean Delphine Jr,Seymour
41,3103,OCO,All-Pro First Team,FB,Running Back,Leandre Diarra,slate
41,3309,SAR,All-Pro First Team,WR,Wide Receiver,Johnny Blaze Jr,JBLAZE_THE_BOSS
41,3105,NYS,All-Pro First Team,WR,Wide Receiver,Mandrews McHollywood,Rusfan
41,3051,CTC,All-Pro First Team,WR,Wide Receiver,Derrick Prince,AnUnoriginalGuy
41,2936,SAR,All-Pro First Team,TE,Tight End,Lucius Salem,ImSatanJunior
41,2974,CTC,All-Pro First Team,OT,Offensive Lineman,Swantavius Payne,Swanty
41,3417,BAL,All-Pro First Team,OT,Offensive Lineman,Bengal Tigerheart,shanghai_kid
41,2786,SAR,All-Pro First Team,IOL,Offensive Lineman,Troy Barnes,Jay_Doctor
41,2853,YKW,All-Pro First Team,DE,Defensive End,Daron Arnold,TubaDeus
41,3461,OCO,All-Pro First Team,DE,Defensive End,Iosefa Fuamatu-Ma’afala,Beta
41,3166,CHI,All-Pro First Team,DT,Defensive Tackle,Joseph Reed,Reedy0rNot
41,2857,AZ,All-Pro First Team,DT,Defensive Tackle,Raphael McTurtle,CementHands
41,2937,NOLA,All-Pro First Team,OLB,Linebacker,Solace Avenger,MobiausGrander
41,3317,SJS,All-Pro First Team,OLB,Linebacker,Cruella de Ville,Exilizer
41,2943,AZ,All-Pro First Team,ILB,Linebacker,Carissa van Campen,mer
41,2836,BER,All-Pro First Team,CB,Cornerback,The Stig,SomeSay...
41,3041,OCO,All-Pro First Team,CB,Cornerback,Ace McAlister,BenDover
41,3025,NYS,All-Pro First Team,S,Safety,Regina Ferraro,Baron1898
41,3121,CTC,All-Pro First Team,S,Safety,Jasper Fontaine,lordcoolcats
41,3407,HON,All-Pro First Team,FLEX,Safety,Alita Battle Angel,moonlight
41,3186,BER,All-Pro First Team,P,Offensive Lineman,Known Acquaintance,r0tzbua
41,3072,COL,All-Pro First Team,K,Kicker,Orlando Doom,Bunny
41,2821,OCO,All-Pro First Team,RET,Running Back,Zane Cold,Bubba
41,4669,LON,All-Pro First Team,QB,Quarterback,Josh Patterson,Tylertokesome04
41,4607,POR,All-Pro First Team,RB,Offensive Lineman,Eldroh Kove,Matteo
41,3579,BBB,All-Pro First Team,RB,Wide Receiver,Malik Brooks,AK41
41,3410,LON,All-Pro First Team,WR,Offensive Lineman,Don Tollibeo,Jepox
41,3415,LON,All-Pro First Team,WR,Offensive Lineman,Mike Ehrmantraut,NYR73
41,3341,MIN,All-Pro First Team,WR,Wide Receiver,Branden Rojas,rbro18
41,3603,BBB,All-Pro First Team,TE,Offensive Lineman,Burnt Toast,ToastCharger
41,3507,MIN,All-Pro First Team,TE,Tight End,Kenny Szymborski,Hallmonitor_20
41,3494,LON,All-Pro First Team,OL,Offensive Lineman,"Beeg Beeg Yoshi, Jr.",yosh
41,4664,BBB,All-Pro First Team,OL,Cornerback,Blacksmith Andre,Muford
41,3492,DAL,All-Pro First Team,OL,Linebacker,Justin Willis,Cycro
41,3561,POR,All-Pro First Team,DT,Defensive Tackle,Atlas Kirkby,Acsolap
41,3514,POR,All-Pro First Team,DT,Defensive Tackle,Jumbo Edward,furiousPanda
41,3385,LON,All-Pro First Team,DE,Defensive End,Lenny Lyons Jr.,lennylyons
41,3584,BBB,All-Pro First Team,DE,Linebacker,Rolud Onyxgut,crash1005
41,3581,LON,All-Pro First Team,LB,Linebacker,Max Honestly,Sizz
41,4609,KCC,All-Pro First Team,LB,Linebacker,Aleksandar Ković,Reno
41,3537,MIN,All-Pro First Team,LB,Linebacker,King Dedede,ScrambledEggs
41,3560,TIJ,All-Pro First Team,CB,Cornerback,Synystyr Gates,Dustillation
41,4605,MIN,All-Pro First Team,CB,Cornerback,Chaos Vert,Bubba
41,3445,KCC,All-Pro First Team,S,Safety,Matthew Fryars,CyloSaynx
41,3424,NOR,All-Pro First Team,S,Safety,Quandale Dingle,McGriddy10
41,4682,KCC,All-Pro First Team,RET,Cornerback,Heiiajs D. Owidhuse,firstfray
41,4684,TIJ,All-Pro First Team,K,Kicker,Wing Wang,platanocat
41,4684,TIJ,All-Pro First Team,P,Kicker,Wing Wang,platanocat
41,3196,HON,All-Pro Second Team,QB,Quarterback,Nova Montagne,OrbitingDeath
41,3227,AZ,All-Pro Second Team,RB,Running Back,Danny Nedelko,Crunk
41,3095,SAR,All-Pro Second Team,RB,Running Back,Pete Zuh,seal
41,3073,HON,All-Pro Second Team,WR,Wide Receiver,Octavio Pérez,Raven
41,3077,NOLA,All-Pro Second Team,WR,Wide Receiver,PeePee Poop-Eater Sr.,Jaywe88
41,3207,AUS,All-Pro Second Team,WR,Wide Receiver,Matthew Mara,High Stick King
41,3125,COL,All-Pro Second Team,TE,Tight End,Mister Hogmally,iStegosauruz
41,3224,AUS,All-Pro Second Team,OT,Offensive Lineman,Dusty Wilson,dustywilson22
41,2910,NOLA,All-Pro Second Team,OT,Offensive Lineman,Franz Udo Culman-Kaiser,Evok
41,2798,CHI,All-Pro Second Team,IOL,Offensive Lineman,Theo AwardsSystemIsBad,UberBJ
41,2860,CTC,All-Pro Second Team,DT,Defensive Tackle,Christian Marciano,Pat
41,3432,NYS,All-Pro Second Team,DT,Defensive Tackle,Lionel Scrimmage,Mojojojo
41,3449,SJS,All-Pro Second Team,DE,Defensive End,Alex Armstrong,Duilio05
41,3084,AUS,All-Pro Second Team,DE,Defensive End,JR Frankenstero,Punk42AE
41,3221,NYS,All-Pro Second Team,OLB,Linebacker,Bay Webb,TheHammer43
41,3071,AZ,All-Pro Second Team,OLB,Linebacker,Akaki Akayre,Ulaire
41,3384,NYS,All-Pro Second Team,ILB,Linebacker,Donte Darius,Void_DCXI
41,2858,SAR,All-Pro Second Team,CB,Cornerback,King Zeus,sakrosankt
41,2906,CTC,All-Pro Second Team,CB,Cornerback,Bageshwari Singh,rapideagle
41,2829,OCO,All-Pro Second Team,S,Safety,Kaguya Shinomiya,Matty7478
41,3435,AZ,All-Pro Second Team,S,Safety,Notso Smart,Pib
41,3146,CHI,All-Pro Second Team,FLEX,Cornerback,Quendyn Quarterstorm,Twenty6
41,3006,NOLA,All-Pro Second Team,P,Kicker,Alfonso Dos Santos,toivo
41,2914,NYS,All-Pro Second Team,K,Kicker,Ian Cole III,DatSmolBoi
41,3077,NOLA,All-Pro Second Team,RET,Wide Receiver,PeePee Poop-Eater Sr.,Jaywe88
41,2811,CTC,championship,LB,Linebacker,Doc Fireball,2Lzy
41,2860,CTC,championship,DT,Defensive Tackle,Christian Marciano,Pat
41,2906,CTC,championship,CB,Cornerback,Bageshwari Singh,rapideagle
41,2939,CTC,championship,WR,Wide Receiver,Erwin Kemp,jdourtled
41,2974,CTC,championship,T,Offensive Lineman,Swantavius Payne,Swanty
41,2985,CTC,championship,LB,Linebacker,Barry Badman,Cody
41,2988,CTC,championship,TE,Tight End,American Boot,xenosthelegend
41,2999,CTC,championship,CB,Cornerback,Art Deco,Crodyman
41,3034,CTC,championship,G,Offensive Lineman,Pilot RedSun,Jimi64
41,3046,CTC,championship,K,Kicker,Patrick Cunningham,Buttersqauch101
41,3051,CTC,championship,WR,Wide Receiver,Derrick Prince,AnUnoriginalGuy
41,3121,CTC,championship,FS,Safety,Jasper Fontaine,lordcoolcats
41,3153,CTC,championship,DE,Defensive End,Udo E Beaty,bechtudo
41,3175,CTC,championship,FS,Safety,Aleksandr Milescu,Alikh
41,3183,CTC,championship,RB,Running Back,Jarvis Harbinger-Marjin,DREAMSLOTH
41,3218,CTC,championship,QB,Quarterback,Creg Jerrith IV,negs
41,3274,CTC,championship,CB,Cornerback,Eric Belmont,Eric Belmont
41,3331,CTC,championship,LB,Linebacker,Haloick Oasis,Haloick
41,3398,CTC,championship,DE,Defensive End,Ryan Lawrence,ThreeToeSloth
41,3439,CTC,championship,WR,Wide Receiver,Kairo Knight,Akoustique
41,3451,CTC,championship,RB,Running Back,Nakiri Ayame,ValorX77
41,3490,CTC,championship,DT,Defensive Tackle,Jason Steele,FireworkFuse
41,3548,CTC,championship,LB,Linebacker,Craig Brand,ElMerchanto
41,2257,"OCO, BER",HoF,Running Back,Running Back,Goat Tank,Eldorian
41,2314,SAR,HoF,Defensive End,Defensive End,David Moyes,LB3737
41,2202,AZ,HoF,Cornerback,Cornerback,Rich Triplet,Kotasa
41,2321,NYS,HoF,Wide Receiver,Wide Receiver,Tugg Speedman,ComebackZak
41,2334,YKW,HoF,Defensive End,Defensive End,Leonard Taylor,Tayjay
41,947,NOLA,HoF,Safety,Safety,William H. Harrison,Mongoose87
41,3196,HON,Pro Bowl,QB,Quarterback,Nova Montagne,OrbitingDeath
41,2954,SJS,Pro Bowl,QB,Offensive Lineman,Owen Farrell,Asked Madden
41,3227,AZ,Pro Bowl,RB,Running Back,Danny Nedelko,Crunk
41,3075,HON,Pro Bowl,RB,Running Back,Bean Delphine Jr,Seymour
41,2883,NYS,Pro Bowl,RB,Running Back,Michaelangelo McTurtle,slothfacekilla
41,3103,OCO,Pro Bowl,FB,Running Back,Leandre Diarra,slate
41,3105,NYS,Pro Bowl,WR,Wide Receiver,Mandrews McHollywood,Rusfan
41,3077,NOLA,Pro Bowl,WR,Wide Receiver,PeePee Poop-Eater Sr.,Jaywe88
41,3073,HON,Pro Bowl,WR,Wide Receiver,Octavio Pérez,Raven
41,3014,HON,Pro Bowl,OFLEX,Offensive Lineman,Leek Mai-Heinous,br0_0ker
41,2755,AUS,Pro Bowl,OFLEX,Tight End,Deshawn Penne,Pvtpenne
41,3024,HON,Pro Bowl,TE,Tight End,Waluigi Gronkowski,rickymartin_irl
41,3413,OCO,Pro Bowl,TE,Wide Receiver,Big McLarge Huge,Hydrium
41,2828,AZ,Pro Bowl,IOL,Offensive Lineman,D’Nickashaw Mangoldson,Moosecop
41,3595,AUS,Pro Bowl,IOL,Offensive Lineman,Great Khali,crazylemire
41,2910,NOLA,Pro Bowl,OT,Offensive Lineman,Franz Udo Culman-Kaiser,Evok
41,3139,NYS,Pro Bowl,OT,Offensive Lineman,Pan Cakes,lespoils
41,3326,OCO,Pro Bowl,OT,Offensive Lineman,Walrus Jones,caravaggio
41,3461,OCO,Pro Bowl,DE,Defensive End,Iosefa Fuamatu-Ma’afala,Beta
41,3449,SJS,Pro Bowl,DE,Defensive End,Alex Armstrong,Duilio05
41,2857,AZ,Pro Bowl,DT,Defensive Tackle,Raphael McTurtle,CementHands
41,3432,NYS,Pro Bowl,DT,Defensive Tackle,Lionel Scrimmage,Mojojojo
41,2937,NOLA,Pro Bowl,OLB,Linebacker,Solace Avenger,MobiausGrander
41,3317,SJS,Pro Bowl,OLB,Linebacker,Cruella de Ville,Exilizer
41,3221,NYS,Pro Bowl,OLB,Linebacker,Bay Webb,TheHammer43
41,3071,AZ,Pro Bowl,OLB,Linebacker,Akaki Akayre,Ulaire
41,3384,NYS,Pro Bowl,ILB,Linebacker,Donte Darius,Void_DCXI
41,2943,AZ,Pro Bowl,ILB,Linebacker,Carissa van Campen,mer
41,3041,OCO,Pro Bowl,CB,Cornerback,Ace McAlister,BenDover
41,3336,HON,Pro Bowl,CB,Cornerback,Luigi Lanikai,IceBear32
41,2876,AZ,Pro Bowl,CB,Cornerback,Spottie O’Dopaliscious,Z-Whiz
41,3083,AUS,Pro Bowl,CB,Cornerback,Zamir Kehla Jr.,TwoSocks
41,3025,NYS,Pro Bowl,S,Safety,Regina Ferraro,Baron1898
41,2829,OCO,Pro Bowl,S,Safety,Kaguya Shinomiya,Matty7478
41,3407,HON,Pro Bowl,S,Safety,Alita Battle Angel,moonlight
41,2914,NYS,Pro Bowl,K,Kicker,Ian Cole III,DatSmolBoi
41,3006,NOLA,Pro Bowl,P,Kicker,Alfonso Dos Santos,toivo
41,3077,NOLA,Pro Bowl,ST,Wide Receiver,PeePee Poop-Eater Sr.,Jaywe88
41,2821,OCO,Pro Bowl,ST,Running Back,Zane Cold,Bubba
41,3364,SAR,Pro Bowl,QB,Quarterback,Willier Miller,Sebster
41,3218,CTC,Pro Bowl,QB,Quarterback,Creg Jerrith IV,negs
41,3183,CTC,Pro Bowl,RB,Running Back,Jarvis Harbinger-Marjin,DREAMSLOTH
41,3035,YKW,Pro Bowl,RB,Running Back,Adebayo Akinfenwa,PMoney
41,3095,SAR,Pro Bowl,RB,Running Back,Pete Zuh,seal
41,3030,YKW,Pro Bowl,RB,Running Back,Kumquat Archipelago,ReverendOReily
41,3309,SAR,Pro Bowl,WR,Wide Receiver,Johnny Blaze Jr,JBLAZE_THE_BOSS
41,3232,BAL,Pro Bowl,WR,Wide Receiver,Rocky Moreaux,qWest
41,2994,COL,Pro Bowl,WR,Wide Receiver,Eeeeeeee phenssta,Ephenssta
41,2936,SAR,Pro Bowl,OFLEX,Tight End,Lucius Salem,ImSatanJunior
41,3125,COL,Pro Bowl,TE,Tight End,Mister Hogmally,iStegosauruz
41,3061,CHI,Pro Bowl,TE,Offensive Lineman,Walter McKinley,KingOfTheOzone
41,2786,SAR,Pro Bowl,IOL,Offensive Lineman,Troy Barnes,Jay_Doctor
41,2798,CHI,Pro Bowl,IOL,Offensive Lineman,Theo AwardsSystemIsBad,UberBJ
41,3417,BAL,Pro Bowl,OT,Offensive Lineman,Bengal Tigerheart,shanghai_kid
41,2974,CTC,Pro Bowl,OT,Offensive Lineman,Swantavius Payne,Swanty
41,3224,YKW,Pro Bowl,OT,Offensive Lineman,Dusty Wilson,dustywilson22
41,2853,YKW,Pro Bowl,DE,Defensive End,Daron Arnold,TubaDeus
41,3271,BER,Pro Bowl,DE,Defensive End,GOAT TANNK,Eldorian
41,2860,CTC,Pro Bowl,DT,Defensive Tackle,Christian Marciano,Pat
41,3166,CHI,Pro Bowl,DT,Defensive Tackle,Joseph Reed,Reedy0rNot
41,2985,CTC,Pro Bowl,OLB,Linebacker,Barry Badman,Cody
41,3548,CTC,Pro Bowl,OLB,Linebacker,Craig Brand,ElMerchanto
41,3220,BER,Pro Bowl,ILB,Linebacker,Jordan Hartline,RDBSouthPaw
41,3425,BAL,Pro Bowl,ILB,Linebacker,Wälter Gunther,KenitohMenara
41,2858,SAR,Pro Bowl,CB,Cornerback,King Zeus,sakrosankt
41,2836,BER,Pro Bowl,CB,Cornerback,The Stig,SomeSay...
41,2999,CTC,Pro Bowl,CB,Cornerback,Art Deco,Crodyman
41,3121,CTC,Pro Bowl,S,Safety,Jasper Fontaine,lordcoolcats
41,2882,YKW,Pro Bowl,S,Safety,Sam Sung,TheNC206
41,3192,COL,Pro Bowl,S,Safety,Inspector Gadget,Gadget
41,3359,BAL,Pro Bowl,S,Safety,Antoine Winfield Jr.,Trempale
41,3029,SAR,Pro Bowl,K,Kicker,Swantavius King,Yeenoghu
41,3072,COL,Pro Bowl,P,Kicker,Orlando Doom,Bunny
41,3309,SAR,Pro Bowl,ST,Wide Receiver,Johnny Blaze Jr,JBLAZE_THE_BOSS
41,2836,BER,Pro Bowl,ST,Cornerback,The Stig,SomeSay...
42,3052,SAR,1600 Club,CB,Cornerback,Harley Andrews,abh89
42,3133,CHI,1600 Club,WR,Wide Receiver,Austin Morley,soevil
42,3146,CHI,1600 Club,CB,Cornerback,Quendyn Quarterstorm,Twenty6
42,3184,BAL,All-Pro First Team,QB,Quarterback,Preston Beatz,DarknessRising
42,3183,CTC,All-Pro First Team,RB,Running Back,Jarvis Harbinger-Marjin,DREAMSLOTH
42,3030,YKW,All-Pro First Team,RB,Running Back,Kumquat Archipelago,ReverendOReily
42,3105,NYS,All-Pro First Team,WR,Wide Receiver,Mandrews McHollywood,Rusfan
42,3232,BAL,All-Pro First Team,WR,Wide Receiver,Rocky Moreaux,qWest
42,2929,AZ,All-Pro First Team,WR,Wide Receiver,Louis Blondin,Gordon Bombay
42,2936,SAR,All-Pro First Team,TE,Tight End,Lucius Salem,ImSatanJunior
42,3417,BAL,All-Pro First Team,OT,Offensive Lineman,Bengal Tigerheart,shanghai_kid
42,3326,OCO,All-Pro First Team,OT,Offensive Lineman,Walrus Jones,caravaggio
42,2786,SAR,All-Pro First Team,IOL,Offensive Lineman,Troy Barnes,Jay_Doctor
42,2872,COL,All-Pro First Team,DE,Defensive End,Nathan Explosion,micool132
42,3449,SJS,All-Pro First Team,DE,Defensive End,Alex Armstrong,Duilio05
42,3300,AUS,All-Pro First Team,DT,Defensive Tackle,Carly Rae Jensen,unconfident
42,3166,CHI,All-Pro First Team,DT,Defensive Tackle,Joseph Reed,Reedy0rNot
42,3317,SJS,All-Pro First Team,OLB,Linebacker,Cruella de Ville,Exilizer
42,3104,BAL,All-Pro First Team,OLB,Linebacker,Bruce Buckley Jr.,NicholasTheGreat
42,3338,COL,All-Pro First Team,ILB,Linebacker,Waylen Greene,fnordypsyduck
42,3041,OCO,All-Pro First Team,CB,Cornerback,Ace McAlister,BenDover
42,2973,COL,All-Pro First Team,CB,Cornerback,Cob Corning,stein
42,3121,CTC,All-Pro First Team,S,Safety,Jasper Fontaine,lordcoolcats
42,3025,NYS,All-Pro First Team,S,Safety,Regina Ferraro,Baron1898
42,2876,AZ,All-Pro First Team,FLEX,Cornerback,Spottie O’Dopaliscious,Z-Whiz
42,3029,SAR,All-Pro First Team,P,Kicker,Swantavius King,Yeenoghu
42,3281,CHI,All-Pro First Team,K,Kicker,David Doug,TheSparkyDee
42,3014,HON,All-Pro First Team,RET,Offensive Lineman,Leek Mai-Heinous,br0_0ker
42,4663,NOR,All-Pro First Team,QB,Offensive Lineman,Zisia Ojeisndiwoseodj,UpperNet
42,4607,POR,All-Pro First Team,RB,Offensive Lineman,Eldroh Kove,Matteo
42,4656,MIN,All-Pro First Team,RB,Running Back,Reginald Shrubbery,shrub02
42,3436,TIJ,All-Pro First Team,WR,Wide Receiver,Eli Prince,Rufio_NZ
42,4671,NOR,All-Pro First Team,WR,Running Back,Stetson David,oilmandan
42,3571,LON,All-Pro First Team,WR,Wide Receiver,LeAnthony LeDavis,subby500
42,4629,TIJ,All-Pro First Team,TE,Wide Receiver,National Treasure,electrictree
42,4751,BBB,All-Pro First Team,TE,Running Back,Swamp Maiden,honey
42,3494,LON,All-Pro First Team,OL,Offensive Lineman,"Beeg Beeg Yoshi, Jr.",yosh
42,4648,NOR,All-Pro First Team,OL,Offensive Lineman,Brock Lesnar,tstols
42,3541,TIJ,All-Pro First Team,OL,Offensive Lineman,Joshua Mabry,Lohnranger
42,4745,DAL,All-Pro First Team,DT,Linebacker,Crasher Wake,AriaEXE
42,4748,LON,All-Pro First Team,DT,Offensive Lineman,Sack Sparrow,Water
42,3601,MIN,All-Pro First Team,DE,Defensive End,Frederick Carlson,Pfluginator5
42,4714,NOR,All-Pro First Team,DE,Offensive Lineman,Tunkha Danstrol,TDenstroyer
42,4609,KCC,All-Pro First Team,LB,Linebacker,Aleksandar Ković,Reno
42,4737,TIJ,All-Pro First Team,LB,Linebacker,Iman Outlaw,allbetsonjames
42,4623,NOR,All-Pro First Team,LB,Linebacker,Federico Americano,MN_Moosey
42,3556,NOR,All-Pro First Team,CB,Cornerback,Sticky Hands,Quasi
42,3560,TIJ,All-Pro First Team,CB,Cornerback,Synystyr Gates,Dustillation
42,4678,NOR,All-Pro First Team,CB,Cornerback,Robert Rossi,Retuperkele
42,4668,KCC,All-Pro First Team,S,Kicker,King Leonidas I,LordEscanor
42,3615,BBB,All-Pro First Team,S,Safety,Amanda HugAndKiss,Quisvilius
42,3577,TIJ,All-Pro First Team,RET,Cornerback,Orga Panda,juniped
42,4630,MIN,All-Pro First Team,K,Kicker,Eliot Bukowski,Jimi64
42,4630,MIN,All-Pro First Team,P,Kicker,Eliot Bukowski,Jimi64
42,3357,NYS,All-Pro Second Team,QB,Quarterback,Blaine Falco,Tayjay
42,3227,AZ,All-Pro Second Team,RB,Running Back,Danny Nedelko,Crunk
42,3269,BAL,All-Pro Second Team,RB,Running Back,Armor Queen,Starboy
42,3309,SAR,All-Pro Second Team,WR,Wide Receiver,Johnny Blaze Jr,JBLAZE_THE_BOSS
42,2994,COL,All-Pro Second Team,WR,Wide Receiver,Eeeeeeee phenssta,Ephenssta
42,3207,NYS,All-Pro Second Team,WR,Wide Receiver,Matthew Mara,High Stick King
42,3125,COL,All-Pro Second Team,TE,Tight End,Mister Hogmally,iStegosauruz
42,2974,CTC,All-Pro Second Team,OT,Offensive Lineman,Swantavius Payne,Swanty
42,2877,SAR,All-Pro Second Team,OT,Offensive Lineman,Dane Johnson Jr.,RocketMan13
42,4664,SJS,All-Pro Second Team,IOL,Cornerback,Blacksmith Andre,Muford
42,2853,YKW,All-Pro Second Team,DE,Defensive End,Daron Arnold,TubaDeus
42,3452,BER,All-Pro Second Team,DE,Defensive End,Clint Mustache,manicmav36
42,2860,CTC,All-Pro Second Team,DT,Defensive Tackle,Christian Marciano,Pat
42,3386,YKW,All-Pro Second Team,DT,Defensive Tackle,Mo Gago,FTR
42,3098,BAL,All-Pro Second Team,OLB,Linebacker,Fred Edison,Liter
42,2868,YKW,All-Pro Second Team,OLB,Linebacker,Kahn Cussion,3lewsers
42,2769,YKW,All-Pro Second Team,ILB,Linebacker,"Zephyr ""Tater"" GreyWolf",taterswc
42,3078,NYS,All-Pro Second Team,CB,Cornerback,Bonzi Buddy,zaynzk
42,3052,SAR,All-Pro Second Team,CB,Cornerback,Harley Andrews,abh89
42,3369,AUS,All-Pro Second Team,S,Safety,Geralt -,.Laser
42,3374,OCO,All-Pro Second Team,S,Safety,Smokin Jay,Beck
42,3185,BER,All-Pro Second Team,FLEX,Cornerback,Charlie Thorsen,Amidships
42,3072,COL,All-Pro Second Team,P,Kicker,Orlando Doom,Bunny
42,3006,NOLA,All-Pro Second Team,K,Kicker,Alfonso Dos Santos,toivo
42,2986,YKW,All-Pro Second Team,RET,Wide Receiver,Calvin Spiff,domffl
42,2771,AZ,championship,TE,Tight End,Herc Kirkby,Acsolap
42,2820,AZ,championship,LB,Linebacker,Leonardo McTurtle,KaleSalad
42,2857,AZ,championship,DT,Defensive Tackle,Raphael McTurtle,CementHands
42,2876,AZ,championship,CB,Cornerback,Spottie O’Dopaliscious,Z-Whiz
42,2902,AZ,championship,WR,Wide Receiver,"""Captain"" Billy Stinkwater",BRNXB0MBERS
42,2929,AZ,championship,WR,Wide Receiver,Louis Blondin,Gordon Bombay
42,2943,AZ,championship,LB,Linebacker,Carissa van Campen,mer
42,3032,AZ,championship,CB,Cornerback,Outlaw Mode Sicko,hotdog
42,3047,AZ,championship,DT,Defensive Tackle,Emerson Quinn,Chrundle
42,3071,AZ,championship,LB,Linebacker,Akaki Akayre,Ulaire
42,3091,AZ,championship,T,Offensive Lineman,Dennis Rodman,PBS
42,3227,AZ,championship,RB,Running Back,Danny Nedelko,Crunk
42,3264,AZ,championship,T,Offensive Lineman,Fortified Fridge,Murtsi
42,3296,AZ,championship,RB,Linebacker,Sherwin Blue Jr.,Kotasa
42,3350,AZ,championship,QB,Offensive Lineman,Donovan Winters III,zeagle1
42,3408,AZ,championship,DT,Defensive Tackle,Sir Tywrell Xah’Aawrone,Rabidsponge21
42,3411,AZ,championship,K,Kicker,Jayme Jayne Jay-Jaymison,hannahg32
42,3435,AZ,championship,FS,Safety,Notso Smart,Pib
42,3563,AZ,championship,CB,Cornerback,Benjamin Duvernay,Purpl3Spartan
42,3580,AZ,championship,WR,Wide Receiver,Benji Aguilera,CROney3
42,3596,AZ,championship,FS,Safety,Brian Vincent-Vega,WrittinDirectino
42,2465,PHI,HoF,Cornerback,Cornerback,Willie Miller,Sebster
42,2459,COL,HoF,Offensive Lineman,Offensive Lineman,Manhattan Project,Modern_Duke
42,2375,SJS,HoF,Offensive Lineman,Offensive Lineman,Jaja Ding Dong,ckroyal92
42,2320,HON,HoF,Linebacker,Linebacker,Big Slammu,moonlight
42,2306,BER,HoF,Linebacker,Linebacker,BamBam McMullet,manicmav36
42,897,BER,HoF,Safety,,None None,
42,3357,NYS,Pro Bowl,QB,Quarterback,Blaine Falco,Tayjay
42,2992,AUS,Pro Bowl,QB,Quarterback,Queen Elizabeth II,frazzle14
42,3227,AZ,Pro Bowl,RB,Running Back,Danny Nedelko,Crunk
42,3075,HON,Pro Bowl,RB,Running Back,Bean Delphine Jr,Seymour
42,3103,OCO,Pro Bowl,RB,Running Back,Leandre Diarra,slate
42,4642,HON,Pro Bowl,FB,Wide Receiver,Speedy Gizmo,WildfireMicro
42,3105,NYS,Pro Bowl,WR,Wide Receiver,Mandrews McHollywood,Rusfan
42,3077,NOLA,Pro Bowl,WR,Wide Receiver,PeePee Poop-Eater Sr.,Jaywe88
42,2929,AZ,Pro Bowl,WR,Wide Receiver,Louis Blondin,Gordon Bombay
42,3065,AUS,Pro Bowl,WR,Wide Receiver,Zaphod Beeblebrox,Mooty99
42,3413,OCO,Pro Bowl,TE,Wide Receiver,Big McLarge Huge,Hydrium
42,3061,OCO,Pro Bowl,TE,Offensive Lineman,Walter McKinley,KingOfTheOzone
42,4664,SJS,Pro Bowl,IOL,Cornerback,Blacksmith Andre,Muford
42,3595,AUS,Pro Bowl,IOL,Offensive Lineman,Great Khali,crazylemire
42,3326,OCO,Pro Bowl,OT,Offensive Lineman,Walrus Jones,caravaggio
42,3264,AZ,Pro Bowl,OT,Offensive Lineman,Fortified Fridge,Murtsi
42,3243,AUS,Pro Bowl,OT,Offensive Lineman,Brandon Mason,Bmason0520
42,3449,SJS,Pro Bowl,DE,Defensive End,Alex Armstrong,Duilio05
42,2940,AUS,Pro Bowl,DE,Defensive End,Joey Din,Dindog
42,3315,HON,Pro Bowl,DT,Defensive Tackle,Bridge Burner,BOOM™
42,3317,SJS,Pro Bowl,OLB,Linebacker,Cruella de Ville,Exilizer
42,3088,NYS,Pro Bowl,OLB,Linebacker,Teemo Swift,Repgnar
42,3384,NYS,Pro Bowl,ILB,Linebacker,Donte Darius,Void_DCXI
42,3346,SJS,Pro Bowl,ILB,Linebacker,Kenny McCormick,Luciddreams702
42,3041,OCO,Pro Bowl,CB,Cornerback,Ace McAlister,BenDover
42,3078,NYS,Pro Bowl,CB,Cornerback,Bonzi Buddy,zaynzk
42,2876,AZ,Pro Bowl,CB,Cornerback,Spottie O’Dopaliscious,Z-Whiz
42,3025,NYS,Pro Bowl,S,Safety,Regina Ferraro,Baron1898
42,3374,OCO,Pro Bowl,S,Safety,Smokin Jay,Beck
42,3435,AZ,Pro Bowl,S,Safety,Notso Smart,Pib
42,3288,SJS,Pro Bowl,K,Kicker,Booter McGavin,ajtigger
42,3288,SJS,Pro Bowl,P,Kicker,Booter McGavin,ajtigger
42,3238,AUS,Pro Bowl,ST,Wide Receiver,Delores Bickerman,Kyamprac
42,3014,HON,Pro Bowl,ST,Offensive Lineman,Leek Mai-Heinous,br0_0ker
42,3184,BAL,Pro Bowl,QB,Quarterback,Preston Beatz,DarknessRising
42,3364,SAR,Pro Bowl,QB,Quarterback,Willier Miller,Sebster
42,3269,BER,Pro Bowl,RB,Running Back,Armor Queen,Starboy
42,3370,CHI,Pro Bowl,RB,Running Back,Frank Dux,ComebackZak
42,3183,CTC,Pro Bowl,RB,Running Back,Jarvis Harbinger-Marjin,DREAMSLOTH
42,3232,BAL,Pro Bowl,WR,Wide Receiver,Rocky Moreaux,qWest
42,3309,SAR,Pro Bowl,WR,Wide Receiver,Johnny Blaze Jr,JBLAZE_THE_BOSS
42,3133,CHI,Pro Bowl,WR,Wide Receiver,Austin Morley,soevil
42,3311,BAL,Pro Bowl,WR,Wide Receiver,Shane Turnbull,Symmetrik
42,3125,COL,Pro Bowl,TE,Tight End,Mister Hogmally,iStegosauruz
42,2936,SAR,Pro Bowl,TE,Tight End,Lucius Salem,ImSatanJunior
42,3415,CTC,Pro Bowl,IOL,Offensive Lineman,Mike Ehrmantraut,NYR73
42,3213,BAL,Pro Bowl,IOL,Offensive Lineman,Yummy HotDogPie,FleshBagSoup
42,3417,BAL,Pro Bowl,OT,Offensive Lineman,Bengal Tigerheart,shanghai_kid
42,2974,CTC,Pro Bowl,OT,Offensive Lineman,Swantavius Payne,Swanty
42,3319,COL,Pro Bowl,OT,Offensive Lineman,Remi Musgrave-Smythe,37thchamber
42,2853,YKW,Pro Bowl,DE,Defensive End,Daron Arnold,TubaDeus
42,3452,BER,Pro Bowl,DE,Defensive End,Clint Mustache,manicmav36
42,3166,CHI,Pro Bowl,DT,Defensive Tackle,Joseph Reed,Reedy0rNot
42,2860,CTC,Pro Bowl,DT,Defensive Tackle,Christian Marciano,Pat
42,2868,YKW,Pro Bowl,OLB,Linebacker,Kahn Cussion,3lewsers
42,3104,BAL,Pro Bowl,OLB,Linebacker,Bruce Buckley Jr.,NicholasTheGreat
42,3338,COL,Pro Bowl,ILB,Linebacker,Waylen Greene,fnordypsyduck
42,3581,SAR,Pro Bowl,ILB,Linebacker,Max Honestly,Sizz
42,3052,SAR,Pro Bowl,CB,Cornerback,Harley Andrews,abh89
42,2836,BER,Pro Bowl,CB,Cornerback,The Stig,SomeSay...
42,3185,BER,Pro Bowl,CB,Cornerback,Charlie Thorsen,Amidships
42,3359,BAL,Pro Bowl,S,Safety,Antoine Winfield Jr.,Trempale
42,3121,CTC,Pro Bowl,S,Safety,Jasper Fontaine,lordcoolcats
42,3175,CTC,Pro Bowl,S,Safety,Aleksandr Milescu,Alikh
42,3029,SAR,Pro Bowl,K,Kicker,Swantavius King,Yeenoghu
42,3029,SAR,Pro Bowl,P,Kicker,Swantavius King,Yeenoghu
42,2931,COL,Pro Bowl,ST,Safety,- Cross-Eriksen,Tesla
42,2986,YKW,Pro Bowl,ST,Wide Receiver,Calvin Spiff,domffl
43,3196,HON,1600 Club,QB,Quarterback,Nova Montagne,OrbitingDeath
43,3227,AZ,1600 Club,RB,Running Back,Danny Nedelko,Crunk
43,3232,BAL,1600 Club,WR,Wide Receiver,Rocky Moreaux,qWest
43,3184,BAL,All-Pro First Team,QB,Quarterback,Preston Beatz,DarknessRising
43,2883,NYS,All-Pro First Team,RB,Running Back,Michaelangelo McTurtle,slothfacekilla
43,3227,AZ,All-Pro First Team,RB,Running Back,Danny Nedelko,Crunk
43,3309,SAR,All-Pro First Team,WR,Wide Receiver,Johnny Blaze Jr,JBLAZE_THE_BOSS
43,3094,BER,All-Pro First Team,WR,Wide Receiver,Sconnie McSix,g2019
43,3232,BAL,All-Pro First Team,WR,Wide Receiver,Rocky Moreaux,qWest
43,3125,COL,All-Pro First Team,TE,Tight End,Mister Hogmally,iStegosauruz
43,3224,YKW,All-Pro First Team,OT,Offensive Lineman,Dusty Wilson,dustywilson22
43,3415,CTC,All-Pro First Team,IOL,Offensive Lineman,Mike Ehrmantraut,NYR73
43,3417,BAL,All-Pro First Team,OT,Offensive Lineman,Bengal Tigerheart,shanghai_kid
43,3386,YKW,All-Pro First Team,DT,Defensive Tackle,Mo Gago,FTR
43,3117,SJS,All-Pro First Team,DT,Defensive Tackle,Fat Jack,AW13
43,3449,SJS,All-Pro First Team,DE,Defensive End,Alex Armstrong,Duilio05
43,3461,OCO,All-Pro First Team,DE,Defensive End,Iosefa Fuamatu-Ma’afala,Beta
43,3317,SJS,All-Pro First Team,OLB,Linebacker,Cruella de Ville,Exilizer
43,3071,AZ,All-Pro First Team,OLB,Linebacker,Akaki Akayre,Ulaire
43,3128,NOLA,All-Pro First Team,ILB,Linebacker,Ignatius Reilly,yesboom
43,3348,CTC,All-Pro First Team,CB,Cornerback,Apollo Program,Modern_Duke
43,3078,NYS,All-Pro First Team,CB,Cornerback,Bonzi Buddy,zaynzk
43,3121,CTC,All-Pro First Team,S,Safety,Jasper Fontaine,lordcoolcats
43,3369,AUS,All-Pro First Team,S,Safety,Geralt -,.Laser
43,3175,CTC,All-Pro First Team,FLEX,Safety,Aleksandr Milescu,Alikh
43,3029,SAR,All-Pro First Team,K,Kicker,Swantavius King,Yeenoghu
43,3528,HON,All-Pro First Team,P,Kicker,Ray Baker,jdc4654
43,3460,HON,All-Pro First Team,RET,Wide Receiver,Florida Man,nickyvmlp
43,4709,POR,All-Pro First Team,QB,Quarterback,Jay Cue III,Opera_Phantom
43,4728,NOR,All-Pro First Team,RB,Running Back,Oskar Clark,goblin jr.
43,4720,TIJ,All-Pro First Team,RB,Running Back,Kyle Bessey,Pokecraft
43,4742,MIN,All-Pro First Team,WR,Linebacker,Thomas Sutha,lemonoppy
43,4712,TIJ,All-Pro First Team,WR,Wide Receiver,Sem’ga Nah’sim,TheCC
43,4711,NOR,All-Pro First Team,WR,Wide Receiver,Tyler Hunt,Tyrathiel
43,4779,BBB,All-Pro First Team,TE,Wide Receiver,Thomas Passarelli,Tmoney6996
43,4751,BBB,All-Pro First Team,TE,Running Back,Swamp Maiden,honey
43,4746,KCC,All-Pro First Team,OL,Offensive Lineman,Kelijah Verwae,Moosecop
43,4714,NOR,All-Pro First Team,OL,Offensive Lineman,Tunkha Danstrol,TDenstroyer
43,4663,MIN,All-Pro First Team,OL,Offensive Lineman,Zisia Ojeisndiwoseodj,UpperNet
43,4827,LON,All-Pro First Team,DT,Defensive Tackle,Redd Mistt,Trennik
43,4824,KCC,All-Pro First Team,DT,Defensive Tackle,Dormo Bloodhand,thecrimsonking99
43,4726,MIN,All-Pro First Team,DE,Defensive End,Midwest Emo,Jiggly_333
43,4808,KCC,All-Pro First Team,DE,Linebacker,Crazy Tomato,Crazytomato
43,4853,LON,All-Pro First Team,LB,Wide Receiver,A Waffle,HalfEatenOnionBagel
43,4753,KCC,All-Pro First Team,LB,Linebacker,Gaius Gleel,Crodyman
43,4749,MIN,All-Pro First Team,LB,Linebacker,Norman Smiley,SmittyHextall
43,4695,NOR,All-Pro First Team,CB,Cornerback,Bell Peepo,Ephenssta
43,3594,POR,All-Pro First Team,CB,Offensive Lineman,Saveour Piethons,LeatherneckMike
43,4692,TIJ,All-Pro First Team,S,Safety,Robert Green,RobJG2
43,3615,BBB,All-Pro First Team,S,Safety,Amanda HugAndKiss,Quisvilius
43,4843,BBB,All-Pro First Team,K,Kicker,Space Dino,lock180
43,4801,KCC,All-Pro First Team,P,Kicker,Golden Foote,musha6570
43,4712,TIJ,All-Pro First Team,RET,Wide Receiver,Sem’ga Nah’sim,TheCC
43,3357,NYS,All-Pro Second Team,QB,Quarterback,Blaine Falco,Tayjay
43,3183,CTC,All-Pro Second Team,RB,Running Back,Jarvis Harbinger-Marjin,DREAMSLOTH
43,3030,BAL,All-Pro Second Team,RB,Running Back,Kumquat Archipelago,ReverendOReily
43,3207,NYS,All-Pro Second Team,WR,Wide Receiver,Matthew Mara,High Stick King
43,3105,NYS,All-Pro Second Team,WR,Wide Receiver,Mandrews McHollywood,Rusfan
43,3413,OCO,All-Pro Second Team,WR,Wide Receiver,Big McLarge Huge,Hydrium
43,2936,SAR,All-Pro Second Team,TE,Tight End,Lucius Salem,ImSatanJunior
43,3264,AZ,All-Pro Second Team,OT,Offensive Lineman,Fortified Fridge,Murtsi
43,3160,BER,All-Pro Second Team,OT,Offensive Lineman,Nathan Meagher,Nathan
43,3397,BER,All-Pro Second Team,IOL,Offensive Lineman,Melvin Harris,Attopax
43,4630,OCO,All-Pro Second Team,K,Kicker,Eliot Bukowski,Jimi64
43,3006,NOLA,All-Pro Second Team,P,Kicker,Alfonso Dos Santos,toivo
43,3166,CHI,All-Pro Second Team,DT,Defensive Tackle,Joseph Reed,Reedy0rNot
43,3315,HON,All-Pro Second Team,DT,Defensive Tackle,Bridge Burner,BOOM™
43,3489,NOLA,All-Pro Second Team,DE,Defensive Tackle,Bruce White,toofpete
43,3452,BER,All-Pro Second Team,DE,Defensive End,Clint Mustache,manicmav36
43,3104,BAL,All-Pro Second Team,OLB,Linebacker,Bruce Buckley Jr.,NicholasTheGreat
43,3293,AUS,All-Pro Second Team,OLB,Linebacker,Tank McGibbons,MikeWhiskey
43,3265,CHI,All-Pro Second Team,ILB,Linebacker,Brian Duke,AlbanianValor
43,3146,HON,All-Pro Second Team,CB,Cornerback,Quendyn Quarterstorm,Twenty6
43,2876,AZ,All-Pro Second Team,CB,Cornerback,Spottie O’Dopaliscious,Z-Whiz
43,3313,BER,All-Pro Second Team,S,Safety,Diggs Sideline-touchdown,Dewalt27
43,3435,AZ,All-Pro Second Team,S,Safety,Notso Smart,Pib
43,3560,COL,All-Pro Second Team,FLEX,Cornerback,Synystyr Gates,Dustillation
43,3309,SAR,All-Pro Second Team,RET,Wide Receiver,Johnny Blaze Jr,JBLAZE_THE_BOSS
43,3030,BAL,championship,RB,Running Back,Kumquat Archipelago,ReverendOReily
43,3070,BAL,championship,DE,Defensive End,Mabel Pines,dude_woman
43,3079,BAL,championship,CB,Cornerback,Charles Chapman,Charple
43,3104,BAL,championship,LB,Linebacker,Bruce Buckley Jr.,NicholasTheGreat
43,3167,BAL,championship,RB,Tight End,Ceti Pyxis,Agent Chaos
43,3184,BAL,championship,QB,Quarterback,Preston Beatz,DarknessRising
43,3213,BAL,championship,G,Offensive Lineman,Yummy HotDogPie,FleshBagSoup
43,3232,BAL,championship,WR,Wide Receiver,Rocky Moreaux,qWest
43,3279,BAL,championship,DT,Defensive Tackle,Casino Robin,Big Newff
43,3311,BAL,championship,WR,Wide Receiver,Shane Turnbull,Symmetrik
43,3316,BAL,championship,K,Kicker,Mike Makmur,Frick_Nasty
43,3323,BAL,championship,LB,Linebacker,Sledge Hammer,H0PPY75
43,3340,BAL,championship,SS,Safety,Demarius Cook,Cook
43,3351,BAL,championship,WR,Wide Receiver,Jay Money,JMoney762
43,3359,BAL,championship,FS,Safety,Antoine Winfield Jr.,Trempale
43,3376,BAL,championship,DT,Defensive Tackle,MC Hammer,Aneeqs
43,3377,BAL,championship,CB,Cornerback,Jake Williams,dude_man
43,3394,BAL,championship,FS,Safety,Bourtol Halcomsby,ItsFrenchie
43,3417,BAL,championship,T,Offensive Lineman,Bengal Tigerheart,shanghai_kid
43,3425,BAL,championship,LB,Linebacker,Wälter Gunther,KenitohMenara
43,3524,BAL,championship,C,Offensive Lineman,Bubba Chubb,packplaya
43,4674,BAL,championship,CB,Cornerback,Luigi Numberone,ztarwarz
43,4841,DAL,DPerOTY,LB,Linebacker,Joey Battle,captainsb
43,4737,TIJ,DPerOTY,LB,Linebacker,Iman Outlaw,allbetsonjames
43,3071,AZ,DPOTY,LB,Linebacker,Akaki Akayre,Ulaire
43,4753,KCC,DPOTY,LB,Linebacker,Gaius Gleel,Crodyman
43,4623,COL,DROTY,LB,Linebacker,Federico Americano,MN_Moosey
43,4841,DAL,DROTY,LB,Linebacker,Joey Battle,captainsb
43,3184,BAL,MVP,QB,Quarterback,Preston Beatz,DarknessRising
43,4709,POR,MVP,QB,Quarterback,Jay Cue III,Opera_Phantom
43,4752,TIJ,OPerOTY,CB,Cornerback,C.G Breezy Jr.,LIL MUNKEY
43,3309,SAR,OPOTY,WR,Wide Receiver,Johnny Blaze Jr,JBLAZE_THE_BOSS
43,4742,MIN,OPOTY,LB,Linebacker,Thomas Sutha,lemonoppy
43,3620,OCO,OROTY,QB,Wide Receiver,Lloyd Bannings,bowl0
43,4848,LON,OROTY,WR,Wide Receiver,Orange Julius,OrangeJulius
43,3348,CTC,PerOTY,CB,Cornerback,Apollo Program,Modern_Duke
43,3357,NYS,Pro Bowl,QB,Quarterback,Blaine Falco,Tayjay
43,3196,HON,Pro Bowl,QB,Quarterback,Nova Montagne,OrbitingDeath
43,3227,AZ,Pro Bowl,RB,Running Back,Danny Nedelko,Crunk
43,2883,NYS,Pro Bowl,RB,Running Back,Michaelangelo McTurtle,slothfacekilla
43,3103,OCO,Pro Bowl,RB,Running Back,Leandre Diarra,slate
43,4642,HON,Pro Bowl,FB,Wide Receiver,Speedy Gizmo,WildfireMicro
43,3065,AUS,Pro Bowl,WR,Wide Receiver,Zaphod Beeblebrox,Mooty99
43,3105,NYS,Pro Bowl,WR,Wide Receiver,Mandrews McHollywood,Rusfan
43,3207,NYS,Pro Bowl,WR,Wide Receiver,Matthew Mara,High Stick King
43,3413,OCO,Pro Bowl,WR,Wide Receiver,Big McLarge Huge,Hydrium
43,3507,SJS,Pro Bowl,TE,Tight End,Kenny Szymborski,Hallmonitor_20
43,4603,NOLA,Pro Bowl,TE,Wide Receiver,Hank Mardukas,Chicken Lips
43,2970,NYS,Pro Bowl,OL,Offensive Lineman,Donatello McTurtle,Ben
43,3494,AZ,Pro Bowl,OL,Offensive Lineman,"Beeg Beeg Yoshi, Jr.",yosh
43,3264,AZ,Pro Bowl,OL,Offensive Lineman,Fortified Fridge,Murtsi
43,4664,SJS,Pro Bowl,OL,Cornerback,Blacksmith Andre,Muford
43,3243,AUS,Pro Bowl,OL,Offensive Lineman,Brandon Mason,Bmason0520
43,3449,SJS,Pro Bowl,DE,Defensive End,Alex Armstrong,Duilio05
43,3489,NOLA,Pro Bowl,DE,Defensive Tackle,Bruce White,toofpete
43,3315,HON,Pro Bowl,DT,Defensive Tackle,Bridge Burner,BOOM™
43,3117,NYS,Pro Bowl,DT,Defensive Tackle,Fat Jack,AW13
43,3071,AZ,Pro Bowl,OLB,Linebacker,Akaki Akayre,Ulaire
43,3317,SJS,Pro Bowl,OLB,Linebacker,Cruella de Ville,Exilizer
43,3512,OCO,Pro Bowl,ILB,Linebacker,John Stark VIII,UptownCord
43,3346,SJS,Pro Bowl,ILB,Linebacker,Kenny McCormick,Luciddreams702
43,3078,NYS,Pro Bowl,CB,Cornerback,Bonzi Buddy,zaynzk
43,2876,AZ,Pro Bowl,CB,Cornerback,Spottie O’Dopaliscious,Z-Whiz
43,3146,HON,Pro Bowl,CB,Cornerback,Quendyn Quarterstorm,Twenty6
43,3369,AUS,Pro Bowl,S,Safety,Geralt -,.Laser
43,3435,AZ,Pro Bowl,S,Safety,Notso Smart,Pib
43,3025,NYS,Pro Bowl,S,Safety,Regina Ferraro,Baron1898
43,3528,HON,Pro Bowl,P,Kicker,Ray Baker,jdc4654
43,3411,AZ,Pro Bowl,K,Kicker,Jayme Jayne Jay-Jaymison,hannahg32
43,3460,HON,Pro Bowl,KR,Wide Receiver,Florida Man,nickyvmlp
43,3296,AZ,Pro Bowl,KR,Linebacker,Sherwin Blue Jr.,Kotasa
43,3184,BAL,Pro Bowl,QB,Quarterback,Preston Beatz,DarknessRising
43,3364,SAR,Pro Bowl,QB,Quarterback,Willier Miller,Sebster
43,3030,BAL,Pro Bowl,RB,Running Back,Kumquat Archipelago,ReverendOReily
43,3183,CTC,Pro Bowl,RB,Running Back,Jarvis Harbinger-Marjin,DREAMSLOTH
43,3433,YKW,Pro Bowl,RB,Running Back,Money Tolliver,jeffie43
43,3309,SAR,Pro Bowl,WR,Wide Receiver,Johnny Blaze Jr,JBLAZE_THE_BOSS
43,3133,CHI,Pro Bowl,WR,Wide Receiver,Austin Morley,soevil
43,3232,BAL,Pro Bowl,WR,Wide Receiver,Rocky Moreaux,qWest
43,3094,BER,Pro Bowl,WR,Wide Receiver,Sconnie McSix,g2019
43,3125,COL,Pro Bowl,TE,Tight End,Mister Hogmally,iStegosauruz
43,2936,SAR,Pro Bowl,TE,Tight End,Lucius Salem,ImSatanJunior
43,3213,BAL,Pro Bowl,OL,Offensive Lineman,Yummy HotDogPie,FleshBagSoup
43,2786,SAR,Pro Bowl,OL,Offensive Lineman,Troy Barnes,Jay_Doctor
43,3224,YKW,Pro Bowl,OL,Offensive Lineman,Dusty Wilson,dustywilson22
43,3417,BAL,Pro Bowl,OL,Offensive Lineman,Bengal Tigerheart,shanghai_kid
43,3319,COL,Pro Bowl,OL,Offensive Lineman,Remi Musgrave-Smythe,37thchamber
43,3452,BAL,Pro Bowl,DE,Defensive End,Clint Mustache,manicmav36
43,3393,SAR,Pro Bowl,DE,Defensive End,Ginand Toxic,CLG Rampage
43,3386,YKW,Pro Bowl,DT,Defensive Tackle,Mo Gago,FTR
43,3166,CHI,Pro Bowl,DT,Defensive Tackle,Joseph Reed,Reedy0rNot
43,3104,BAL,Pro Bowl,OLB,Linebacker,Bruce Buckley Jr.,NicholasTheGreat
43,2985,CTC,Pro Bowl,OLB,Linebacker,Barry Badman,Cody
43,3425,BAL,Pro Bowl,ILB,Linebacker,Wälter Gunther,KenitohMenara
43,3584,CTC,Pro Bowl,ILB,Linebacker,Rolud Onyxgut,crash1005
43,3348,CTC,Pro Bowl,CB,Cornerback,Apollo Program,Modern_Duke
43,3079,BAL,Pro Bowl,CB,Cornerback,Charles Chapman,Charple
43,3560,COL,Pro Bowl,CB,Cornerback,Synystyr Gates,Dustillation
43,4547,COL,Pro Bowl,S,Safety,Mary Marie,aeonsjenni
43,3313,BER,Pro Bowl,S,Safety,Diggs Sideline-touchdown,Dewalt27
43,3121,CTC,Pro Bowl,S,Safety,Jasper Fontaine,lordcoolcats
43,3072,COL,Pro Bowl,P,Kicker,Orlando Doom,Bunny
43,3029,SAR,Pro Bowl,K,Kicker,Swantavius King,Yeenoghu
43,3309,SAR,Pro Bowl,KR,Wide Receiver,Johnny Blaze Jr,JBLAZE_THE_BOSS
43,3311,BAL,Pro Bowl,KR,Wide Receiver,Shane Turnbull,Symmetrik
43,3460,HON,STOTY,WR,Wide Receiver,Florida Man,nickyvmlp
44,3326,OCO,1600 Club,OL,Offensive Lineman,Walrus Jones,caravaggio
44,3218,CTC,All-Pro First Team,QB,Quarterback,Creg Jerrith IV,negs
44,3370,NYS,All-Pro First Team,RB,Running Back,Frank Dux,ComebackZak
44,3183,CTC,All-Pro First Team,RB,Running Back,Jarvis Harbinger-Marjin,DREAMSLOTH
44,3094,BER,All-Pro First Team,WR,Wide Receiver,Sconnie McSix,g2019
44,3436,NOLA,All-Pro First Team,WR,Wide Receiver,Eli Prince,Rufio_NZ
44,3232,BAL,All-Pro First Team,WR,Wide Receiver,Rocky Moreaux,qWest
44,3125,COL,All-Pro First Team,TE,Tight End,Mister Hogmally,iStegosauruz
44,3417,BAL,All-Pro First Team,OT,Offensive Lineman,Bengal Tigerheart,shanghai_kid
44,3264,AZ,All-Pro First Team,OT,Offensive Lineman,Fortified Fridge,Murtsi
44,3595,AUS,All-Pro First Team,IOL,Offensive Lineman,Great Khali,crazylemire
44,4686,SJS,All-Pro First Team,IOL,Offensive Lineman,Bruce Talis,Brucitalis
44,3386,YKW,All-Pro First Team,DT,Defensive Tackle,Mo Gago,FTR
44,3376,BAL,All-Pro First Team,DT,Defensive Tackle,MC Hammer,Aneeqs
44,3489,NOLA,All-Pro First Team,DE,Defensive Tackle,Bruce White,toofpete
44,3452,BER,All-Pro First Team,DE,Defensive End,Clint Mustache,manicmav36
44,3071,AZ,All-Pro First Team,OLB,Linebacker,Akaki Akayre,Ulaire
44,3221,NYS,All-Pro First Team,OLB,Linebacker,Bay Webb,TheHammer43
44,3491,HON,All-Pro First Team,ILB,Linebacker,Liath Squirrel,LiathTheSquirrel
44,3563,AZ,All-Pro First Team,CB,Cornerback,Benjamin Duvernay,Purpl3Spartan
44,3052,SAR,All-Pro First Team,CB,Cornerback,Harley Andrews,abh89
44,3552,NYS,All-Pro First Team,S,Safety,Loose Cannon,Jumbo
44,3359,BAL,All-Pro First Team,S,Safety,Antoine Winfield Jr.,Trempale
44,3394,BAL,All-Pro First Team,FLEX,Safety,Bourtol Halcomsby,ItsFrenchie
44,4843,YKW,All-Pro First Team,K,Kicker,Space Dino,lock180
44,3288,SJS,All-Pro First Team,P,Kicker,Booter McGavin,ajtigger
44,4685,SJS,All-Pro First Team,RET,Wide Receiver,Keanu Calhoun,Frostbite
44,4752,TIJ,All-Pro First Team,QB,Cornerback,C.G Breezy Jr.,LIL MUNKEY
44,4744,BBB,All-Pro First Team,RB,Safety,Bertie Mannering-Phipps,bernardhibou
44,4720,TIJ,All-Pro First Team,RB,Running Back,Kyle Bessey,Pokecraft
44,4855,NOR,All-Pro First Team,WR,Wide Receiver,Diego López de Castilla,DL14
44,4857,DAL,All-Pro First Team,WR,Wide Receiver,Lane Frost III,LANEFROST
44,4742,MIN,All-Pro First Team,WR,Linebacker,Thomas Sutha,lemonoppy
44,4903,BBB,All-Pro First Team,TE,Tight End,Local Cryptid,shiki
44,4869,NOR,All-Pro First Team,TE,Tight End,Asher Daniels,YoungBuck
44,4889,NOR,All-Pro First Team,OL,Offensive Lineman,Klaus von Reinherz,J0EB
44,4795,BBB,All-Pro First Team,OL,Running Back,Triceracop -,Triceracop
44,4797,MIN,All-Pro First Team,OL,Offensive Lineman,Ivan Ivanov,kmatt
44,4892,POR,All-Pro First Team,DT,Defensive Tackle,Oops All-Pro,PugWalrus
44,4824,KCC,All-Pro First Team,DT,Defensive Tackle,Dormo Bloodhand,thecrimsonking99
44,4808,KCC,All-Pro First Team,DE,Linebacker,Crazy Tomato,Crazytomato
44,4708,LON,All-Pro First Team,DE,Defensive End,Lieks Acksalot,thevoicelesscreator
44,4737,POR,All-Pro First Team,LB,Linebacker,Iman Outlaw,allbetsonjames
44,4853,LON,All-Pro First Team,LB,Wide Receiver,A Waffle,HalfEatenOnionBagel
44,4818,POR,All-Pro First Team,CB,Cornerback,Xavier Moreno,LurchingCard
44,4847,TIJ,All-Pro First Team,CB,Cornerback,Trent Thigpen,GrimmCrackers
44,4883,TIJ,All-Pro First Team,S,Safety,Sebastian Lovecraft,Dagon
44,4828,LON,All-Pro First Team,S,Safety,Scott Junior,JoeSteel
44,4880,KCC,All-Pro First Team,K,Kicker,Master Chief,SnowyWolfz
44,4880,KCC,All-Pro First Team,P,Kicker,Master Chief,SnowyWolfz
44,4837,LON,All-Pro First Team,RET,Linebacker,Joe Bazooka,Bazooka_Joe
44,3196,HON,All-Pro Second Team,QB,Quarterback,Nova Montagne,OrbitingDeath
44,3030,BAL,All-Pro Second Team,RB,Running Back,Kumquat Archipelago,ReverendOReily
44,3433,YKW,All-Pro Second Team,RB,Running Back,Money Tolliver,jeffie43
44,3413,OCO,All-Pro Second Team,WR,Wide Receiver,Big McLarge Huge,Hydrium
44,3238,AUS,All-Pro Second Team,WR,Wide Receiver,Delores Bickerman,Kyamprac
44,4629,COL,All-Pro Second Team,WR,Wide Receiver,National Treasure,electrictree
44,3419,YKW,All-Pro Second Team,TE,Tight End,Detective Crashmore,speculadora
44,3224,YKW,All-Pro Second Team,OT,Offensive Lineman,Dusty Wilson,dustywilson22
44,3160,BER,All-Pro Second Team,OT,Offensive Lineman,Nathan Meagher,Nathan
44,3415,CTC,All-Pro Second Team,IOL,Offensive Lineman,Mike Ehrmantraut,NYR73
44,2877,SAR,All-Pro Second Team,IOL,Offensive Lineman,Dane Johnson Jr.,RocketMan13
44,3528,HON,All-Pro Second Team,K,Kicker,Ray Baker,jdc4654
44,3029,SAR,All-Pro Second Team,P,Kicker,Swantavius King,Yeenoghu
44,3166,CHI,All-Pro Second Team,DT,Defensive Tackle,Joseph Reed,Reedy0rNot
44,3300,AUS,All-Pro Second Team,DT,Defensive Tackle,Carly Rae Jensen,unconfident
44,3449,SJS,All-Pro Second Team,DE,Defensive End,Alex Armstrong,Duilio05
44,3393,SAR,All-Pro Second Team,DE,Defensive End,Ginand Toxic,CLG Rampage
44,3581,SAR,All-Pro Second Team,OLB,Linebacker,Max Honestly,Sizz
44,3323,BAL,All-Pro Second Team,OLB,Linebacker,Sledge Hammer,H0PPY75
44,4738,NOLA,All-Pro Second Team,ILB,Linebacker,Bubba Hog,IHateBobNutting
44,3506,CTC,All-Pro Second Team,CB,Cornerback,Legs McMillion,jollyjiggs
44,3336,HON,All-Pro Second Team,CB,Cornerback,Luigi Lanikai,IceBear32
44,3313,BER,All-Pro Second Team,S,Safety,Diggs Sideline-touchdown,Dewalt27
44,2893,SJS,All-Pro Second Team,S,Safety,Russet Buster,RussDrivesTheBus
44,3079,BAL,All-Pro Second Team,FLEX,Cornerback,Charles Chapman,Charple
44,3493,BER,All-Pro Second Team,RET,Wide Receiver,Emile Charles,Number 82
44,2910,HON,championship,G,Offensive Lineman,Franz Udo Culman-Kaiser,Evok
44,3014,HON,championship,G,Offensive Lineman,Leek Mai-Heinous,br0_0ker
44,3073,HON,championship,WR,Wide Receiver,Octavio Pérez,Raven
44,3075,HON,championship,RB,Running Back,Bean Delphine Jr,Seymour
44,3146,HON,championship,CB,Cornerback,Quendyn Quarterstorm,Twenty6
44,3196,HON,championship,QB,Quarterback,Nova Montagne,OrbitingDeath
44,3315,HON,championship,DT,Defensive Tackle,Bridge Burner,BOOM™
44,3319,HON,championship,T,Offensive Lineman,Remi Musgrave-Smythe,37thchamber
44,3328,HON,championship,LB,Linebacker,Caleb Hayden,Caleb_H
44,3336,HON,championship,CB,Cornerback,Luigi Lanikai,IceBear32
44,3362,HON,championship,LB,Linebacker,Maxwell Jacob Friedman,JuOSu
44,3373,HON,championship,CB,Cornerback,Seth Leavitt,voxaroth
44,3401,HON,championship,DE,Defensive End,Lenny ’Extra’ Longpipe,bigbluex02
44,3407,HON,championship,FS,Safety,Alita Battle Angel,moonlight
44,3409,HON,championship,DE,Defensive End,Liv Elsathelookout,Bayley
44,3444,HON,championship,T,Offensive Lineman,Raya Ho’opa’i,MMFLEX
44,3460,HON,championship,WR,Wide Receiver,Florida Man,nickyvmlp
44,3491,HON,championship,LB,Linebacker,Liath Squirrel,LiathTheSquirrel
44,3528,HON,championship,K,Kicker,Ray Baker,jdc4654
44,3587,HON,championship,C,Offensive Lineman,Trent Silverback,Kunra99
44,3618,HON,championship,CB,Cornerback,Billy Jor-El,LtHudz
44,4642,HON,championship,WR,Wide Receiver,Speedy Gizmo,WildfireMicro
44,4671,HON,championship,RB,Running Back,Stetson David,oilmandan
44,4737,TIJ,DPerOTY,LB,Linebacker,Iman Outlaw,allbetsonjames
44,4818,POR,DPerOTY,CB,Cornerback,Xavier Moreno,LurchingCard
44,3071,AZ,DPOTY,LB,Linebacker,Akaki Akayre,Ulaire
44,4737,TIJ,DPOTY,LB,Linebacker,Iman Outlaw,allbetsonjames
44,4747,YKW,DROTY,LB,Linebacker,Cheecago Boucher,UberBJ
44,4886,MIN,DROTY,LB,Linebacker,Ali Star,ProdigalSon
44,2738,SAR,HoF,Quarterback,Quarterback,Carter Knight,Frostbite
44,2475,OCO,HoF,Linebacker,Linebacker,Bender Rodriguez,shrub02
44,3030,BAL,MVP,RB,Running Back,Kumquat Archipelago,ReverendOReily
44,4752,TIJ,MVP,CB,Cornerback,C.G Breezy Jr.,LIL MUNKEY
44,4736,KCC,OPerOTY,RB,Running Back,Anakin Skywalker,ForSucksFake
44,3370,NYS,OPOTY,RB,Running Back,Frank Dux,ComebackZak
44,4744,BBB,OPOTY,S,Safety,Bertie Mannering-Phipps,bernardhibou
44,4712,CHI,OROTY,WR,Wide Receiver,Sem’ga Nah’sim,TheCC
44,4884,MIN,OROTY,RB,Running Back,Hercules Henry,woelkers
44,3196,HON,PerOTY,QB,Quarterback,Nova Montagne,OrbitingDeath
44,3196,HON,Pro Bowl,QB,Quarterback,Nova Montagne,OrbitingDeath
44,3620,OCO,Pro Bowl,QB,Wide Receiver,Lloyd Bannings,bowl0
44,3370,NYS,Pro Bowl,RB,Running Back,Frank Dux,ComebackZak
44,3227,AZ,Pro Bowl,RB,Running Back,Danny Nedelko,Crunk
44,3515,NOLA,Pro Bowl,RB,Running Back,Kyle Crane,Ultimatedestroye
44,4685,SJS,Pro Bowl,WR,Wide Receiver,Keanu Calhoun,Frostbite
44,3413,OCO,Pro Bowl,WR,Wide Receiver,Big McLarge Huge,Hydrium
44,3238,AUS,Pro Bowl,WR,Wide Receiver,Delores Bickerman,Kyamprac
44,3460,HON,Pro Bowl,WR,Wide Receiver,Florida Man,nickyvmlp
44,4617,OCO,Pro Bowl,TE,Tight End,Bread Bowl,WALDO
44,3507,SJS,Pro Bowl,TE,Tight End,Kenny Szymborski,Hallmonitor_20
44,3595,AUS,Pro Bowl,OL,Offensive Lineman,Great Khali,crazylemire
44,3494,AZ,Pro Bowl,OL,Offensive Lineman,"Beeg Beeg Yoshi, Jr.",yosh
44,3264,AZ,Pro Bowl,OL,Offensive Lineman,Fortified Fridge,Murtsi
44,2954,SJS,Pro Bowl,OL,Offensive Lineman,Owen Farrell,Asked Madden
44,3319,HON,Pro Bowl,OL,Offensive Lineman,Remi Musgrave-Smythe,37thchamber
44,3489,NOLA,Pro Bowl,DE,Defensive Tackle,Bruce White,toofpete
44,3449,SJS,Pro Bowl,DE,Defensive End,Alex Armstrong,Duilio05
44,3432,NYS,Pro Bowl,DT,Defensive Tackle,Lionel Scrimmage,Mojojojo
44,3300,AUS,Pro Bowl,DT,Defensive Tackle,Carly Rae Jensen,unconfident
44,3071,AZ,Pro Bowl,OLB,Linebacker,Akaki Akayre,Ulaire
44,3356,OCO,Pro Bowl,OLB,Linebacker,Sim Sunigh,SimmiZ
44,4738,NOLA,Pro Bowl,ILB,Linebacker,Bubba Hog,IHateBobNutting
44,3491,HON,Pro Bowl,ILB,Linebacker,Liath Squirrel,LiathTheSquirrel
44,3563,AZ,Pro Bowl,CB,Cornerback,Benjamin Duvernay,Purpl3Spartan
44,3336,HON,Pro Bowl,CB,Cornerback,Luigi Lanikai,IceBear32
44,3566,NYS,Pro Bowl,CB,Cornerback,. The Riddler,MattBake12
44,3552,NYS,Pro Bowl,S,Safety,Loose Cannon,Jumbo
44,2893,SJS,Pro Bowl,S,Safety,Russet Buster,RussDrivesTheBus
44,3374,OCO,Pro Bowl,S,Safety,Smokin Jay,Beck
44,3288,SJS,Pro Bowl,P,Kicker,Booter McGavin,ajtigger
44,3528,HON,Pro Bowl,K,Kicker,Ray Baker,jdc4654
44,4685,SJS,Pro Bowl,KR,Wide Receiver,Keanu Calhoun,Frostbite
44,3065,AUS,Pro Bowl,KR,Wide Receiver,Zaphod Beeblebrox,Mooty99
44,3184,BAL,Pro Bowl,QB,Quarterback,Preston Beatz,DarknessRising
44,3364,SAR,Pro Bowl,QB,Quarterback,Willier Miller,Sebster
44,3030,BAL,Pro Bowl,RB,Running Back,Kumquat Archipelago,ReverendOReily
44,3183,CTC,Pro Bowl,RB,Running Back,Jarvis Harbinger-Marjin,DREAMSLOTH
44,4683,SAR,Pro Bowl,RB,Running Back,Ace Anderson,DangWookie
44,3094,BER,Pro Bowl,WR,Wide Receiver,Sconnie McSix,g2019
44,3232,BAL,Pro Bowl,WR,Wide Receiver,Rocky Moreaux,qWest
44,3133,CHI,Pro Bowl,WR,Wide Receiver,Austin Morley,soevil
44,3309,SAR,Pro Bowl,WR,Wide Receiver,Johnny Blaze Jr,JBLAZE_THE_BOSS
44,3125,COL,Pro Bowl,TE,Tight End,Mister Hogmally,iStegosauruz
44,3419,YKW,Pro Bowl,TE,Tight End,Detective Crashmore,speculadora
44,4714,BAL,Pro Bowl,OL,Offensive Lineman,Tunkha Danstrol,TDenstroyer
44,3541,BAL,Pro Bowl,OL,Offensive Lineman,Joshua Mabry,Lohnranger
44,3417,BAL,Pro Bowl,OL,Offensive Lineman,Bengal Tigerheart,shanghai_kid
44,3224,YKW,Pro Bowl,OL,Offensive Lineman,Dusty Wilson,dustywilson22
44,2974,CTC,Pro Bowl,OL,Offensive Lineman,Swantavius Payne,Swanty
44,3452,BAL,Pro Bowl,DE,Defensive End,Clint Mustache,manicmav36
44,3393,SAR,Pro Bowl,DE,Defensive End,Ginand Toxic,CLG Rampage
44,3386,YKW,Pro Bowl,DT,Defensive Tackle,Mo Gago,FTR
44,3376,BAL,Pro Bowl,DT,Defensive Tackle,MC Hammer,Aneeqs
44,3323,BAL,Pro Bowl,OLB,Linebacker,Sledge Hammer,H0PPY75
44,3581,SAR,Pro Bowl,OLB,Linebacker,Max Honestly,Sizz
44,4740,SAR,Pro Bowl,ILB,Linebacker,Ignatious Cleetington,110radio
44,3425,BAL,Pro Bowl,ILB,Linebacker,Wälter Gunther,KenitohMenara
44,3377,BAL,Pro Bowl,CB,Cornerback,Jake Williams,dude_man
44,3052,SAR,Pro Bowl,CB,Cornerback,Harley Andrews,abh89
44,3506,CTC,Pro Bowl,CB,Cornerback,Legs McMillion,jollyjiggs
44,3394,BAL,Pro Bowl,S,Safety,Bourtol Halcomsby,ItsFrenchie
44,3313,BER,Pro Bowl,S,Safety,Diggs Sideline-touchdown,Dewalt27
44,3175,CTC,Pro Bowl,S,Safety,Aleksandr Milescu,Alikh
44,3029,SAR,Pro Bowl,P,Kicker,Swantavius King,Yeenoghu
44,3547,CTC,Pro Bowl,K,Kicker,Bob Kickerson,Tiktaalik
44,3232,BAL,Pro Bowl,KR,Wide Receiver,Rocky Moreaux,qWest
44,3493,BER,Pro Bowl,KR,Wide Receiver,Emile Charles,Number 82
44,3411,AZ,STOTY,K,Kicker,Jayme Jayne Jay-Jaymison,hannahg32
45,3370,NYS,1600 Club,RB,Running Back,Frank Dux,ComebackZak
45,3374,OCO,1600 Club,S,Safety,Smokin Jay,Beck
45,3184,BAL,All-Pro First Team,QB,Quarterback,Preston Beatz,DarknessRising
45,3370,NYS,All-Pro First Team,RB,Running Back,Frank Dux,ComebackZak
45,3433,YKW,All-Pro First Team,RB,Running Back,Money Tolliver,jeffie43
45,3103,OCO,All-Pro First Team,FB,Running Back,Leandre Diarra,slate
45,3579,CTC,All-Pro First Team,WR,Wide Receiver,Malik Brooks,AK41
45,3232,BAL,All-Pro First Team,WR,Wide Receiver,Rocky Moreaux,qWest
45,3238,AUS,All-Pro First Team,WR,Wide Receiver,Delores Bickerman,Kyamprac
45,3419,YKW,All-Pro First Team,TE,Tight End,Detective Crashmore,speculadora
45,3417,BAL,All-Pro First Team,OT,Offensive Lineman,Bengal Tigerheart,shanghai_kid
45,3160,BER,All-Pro First Team,OT,Offensive Lineman,Nathan Meagher,Nathan
45,3415,CTC,All-Pro First Team,IOL,Offensive Lineman,Mike Ehrmantraut,NYR73
45,3376,BAL,All-Pro First Team,DT,Defensive Tackle,MC Hammer,Aneeqs
45,3386,YKW,All-Pro First Team,DT,Defensive Tackle,Mo Gago,FTR
45,3452,BER,All-Pro First Team,DE,Defensive End,Clint Mustache,manicmav36
45,3449,SJS,All-Pro First Team,DE,Defensive End,Alex Armstrong,Duilio05
45,3317,SJS,All-Pro First Team,OLB,Linebacker,Cruella de Ville,Exilizer
45,3323,BAL,All-Pro First Team,OLB,Linebacker,Sledge Hammer,H0PPY75
45,3347,HON,All-Pro First Team,ILB,Linebacker,Mario Moloka’i,124715
45,4682,CHI,All-Pro First Team,CB,Cornerback,Heiiajs D. Owidhuse,firstfray
45,3566,NYS,All-Pro First Team,CB,Cornerback,. The Riddler,MattBake12
45,3146,HON,All-Pro First Team,S,Cornerback,Quendyn Quarterstorm,Twenty6
45,3596,AZ,All-Pro First Team,S,Safety,Brian Vincent-Vega,WrittinDirectino
45,3555,CHI,All-Pro First Team,FLEX,Safety,Rico Savage,TheRake
45,3528,HON,All-Pro First Team,K,Kicker,Ray Baker,jdc4654
45,4843,YKW,All-Pro First Team,P,Kicker,Space Dino,lock180
45,3309,SAR,All-Pro First Team,RET,Wide Receiver,Johnny Blaze Jr,JBLAZE_THE_BOSS
45,4881,DAL,All-Pro First Team,QB,Safety,Chappy McChapperson,Charple
45,4939,POR,All-Pro First Team,RB,Linebacker,Scorch von Turbo,lordcoolcats
45,4947,KCC,All-Pro First Team,RB,Running Back,Purdy mediocre,KaleSalad
45,4942,DAL,All-Pro First Team,WR,Wide Receiver,Silence Suzuka,xenosthelegend
45,4891,TIJ,All-Pro First Team,WR,Wide Receiver,Pitter Patter,r0tzbua
45,4857,DAL,All-Pro First Team,WR,Wide Receiver,Lane Frost III,LANEFROST
45,4912,POR,All-Pro First Team,TE,Tight End,Peter Malcowitz,KingJeauxlian
45,4903,BBB,All-Pro First Team,TE,Tight End,Local Cryptid,shiki
45,4797,MIN,All-Pro First Team,OL,Offensive Lineman,Ivan Ivanov,kmatt
45,4889,NOR,All-Pro First Team,OL,Offensive Lineman,Klaus von Reinherz,J0EB
45,4807,DAL,All-Pro First Team,OL,Offensive Lineman,Wario Saturday,rickymartin_irl
45,4890,DAL,All-Pro First Team,DT,Offensive Lineman,Garlic Jr.,soup
45,4949,BBB,All-Pro First Team,DT,Defensive Tackle,Leo Simon Schwartz,griis
45,4895,BBB,All-Pro First Team,DE,Defensive Tackle,Doctor Who,thewhovian
45,4934,DAL,All-Pro First Team,DE,Linebacker,D’Jasper Probincrux IV,jreed12
45,4837,LON,All-Pro First Team,LB,Linebacker,Joe Bazooka,Bazooka_Joe
45,4737,TIJ,All-Pro First Team,LB,Linebacker,Iman Outlaw,allbetsonjames
45,4957,KCC,All-Pro First Team,LB,Linebacker,Duilio's Beard,RussDrivesTheBus
45,4817,TIJ,All-Pro First Team,CB,Cornerback,Tyrell Ramsey,Slick
45,4887,KCC,All-Pro First Team,CB,Cornerback,Dawelle Wevis,AW13
45,4883,TIJ,All-Pro First Team,S,Safety,Sebastian Lovecraft,Dagon
45,4788,KCC,All-Pro First Team,S,Safety,Dewey Greenbeans,dcphil
45,4959,KCC,All-Pro First Team,K,Cornerback,Hearty Harry,frazzle14
45,4959,KCC,All-Pro First Team,P,Cornerback,Hearty Harry,frazzle14
45,4855,NOR,All-Pro First Team,RET,Wide Receiver,Diego López de Castilla,DL14
45,4709,AUS,All-Pro Second Team,QB,Quarterback,Jay Cue III,Opera_Phantom
45,3451,CTC,All-Pro Second Team,RB,Running Back,Nakiri Ayame,ValorX77
45,3227,AZ,All-Pro Second Team,RB,Running Back,Danny Nedelko,Crunk
45,4702,AUS,All-Pro Second Team,FB,Running Back,Sean Aldrich,slumped64
45,3133,CHI,All-Pro Second Team,WR,Wide Receiver,Austin Morley,soevil
45,3309,SAR,All-Pro Second Team,WR,Wide Receiver,Johnny Blaze Jr,JBLAZE_THE_BOSS
45,4685,SJS,All-Pro Second Team,WR,Wide Receiver,Keanu Calhoun,Frostbite
45,3125,COL,All-Pro Second Team,TE,Tight End,Mister Hogmally,iStegosauruz
45,3326,OCO,All-Pro Second Team,OT,Offensive Lineman,Walrus Jones,caravaggio
45,3224,YKW,All-Pro Second Team,OT,Offensive Lineman,Dusty Wilson,dustywilson22
45,4626,OCO,All-Pro Second Team,IOL,Offensive Lineman,Aaron Jäger,MouseMazing
45,3029,SAR,All-Pro Second Team,K,Kicker,Swantavius King,Yeenoghu
45,3528,HON,All-Pro Second Team,P,Kicker,Ray Baker,jdc4654
45,3300,AUS,All-Pro Second Team,DT,Defensive Tackle,Carly Rae Jensen,unconfident
45,3408,AZ,All-Pro Second Team,DT,Defensive Tackle,Sir Tywrell Xah’Aawrone,Rabidsponge21
45,4613,YKW,All-Pro Second Team,DE,Defensive End,Dan Dandrews,sburbine
45,3153,AZ,All-Pro Second Team,DE,Defensive End,Udo E Beaty,bechtudo
45,3221,NYS,All-Pro Second Team,OLB,Linebacker,Bay Webb,TheHammer43
45,3104,BAL,All-Pro Second Team,OLB,Linebacker,Bruce Buckley Jr.,NicholasTheGreat
45,4902,CTC,All-Pro Second Team,ILB,Linebacker,Juran Riley,Huskies311
45,3506,CTC,All-Pro Second Team,CB,Cornerback,Legs McMillion,jollyjiggs
45,3563,AZ,All-Pro Second Team,CB,Cornerback,Benjamin Duvernay,Purpl3Spartan
45,3175,CTC,All-Pro Second Team,S,Safety,Aleksandr Milescu,Alikh
45,3435,AZ,All-Pro Second Team,S,Safety,Notso Smart,Pib
45,3083,AUS,All-Pro Second Team,FLEX,Cornerback,Zamir Kehla Jr.,TwoSocks
45,3598,YKW,All-Pro Second Team,RET,Cornerback,Kadarius Claypool II,Weaves
45,2948,AUS,championship,CB,Cornerback,Draft Steal,Troen
45,3065,AUS,championship,WR,Wide Receiver,Zaphod Beeblebrox,Mooty99
45,3083,AUS,championship,CB,Cornerback,Zamir Kehla Jr.,TwoSocks
45,3084,AUS,championship,DE,Defensive End,JR Frankenstero,Punk42AE
45,3238,AUS,championship,WR,Wide Receiver,Delores Bickerman,Kyamprac
45,3243,AUS,championship,T,Offensive Lineman,Brandon Mason,Bmason0520
45,3293,AUS,championship,LB,Linebacker,Tank McGibbons,MikeWhiskey
45,3300,AUS,championship,DT,Defensive Tackle,Carly Rae Jensen,unconfident
45,3325,AUS,championship,RB,Running Back,Jeff Newman,Lumosityfan
45,3343,AUS,championship,K,Kicker,Charlie Brown,Kyle
45,3347,AUS,championship,LB,Linebacker,Mario Moloka’i,124715
45,3369,AUS,championship,FS,Safety,Geralt -,.Laser
45,3399,AUS,championship,RB,Running Back,Howard Coward,JKortesi81
45,3425,AUS,championship,LB,Linebacker,Wälter Gunther,KenitohMenara
45,3463,AUS,championship,TE,Tight End,Penger Tolliver,Gwdjohnson
45,3595,AUS,championship,G,Offensive Lineman,Great Khali,crazylemire
45,4648,AUS,championship,T,Offensive Lineman,Brock Lesnar,tstols
45,4692,AUS,championship,FS,Safety,Robert Green,RobJG2
45,4702,AUS,championship,FB,Running Back,Sean Aldrich,slumped64
45,4709,AUS,championship,QB,Quarterback,Jay Cue III,Opera_Phantom
45,4745,AUS,championship,LB,Linebacker,Crasher Wake,AriaEXE
45,4847,AUS,championship,CB,Cornerback,Trent Thigpen,GrimmCrackers
45,4892,AUS,championship,DT,Defensive Tackle,Oops All-Pro,PugWalrus
45,4737,TIJ,DPerOTY,LB,Linebacker,Iman Outlaw,allbetsonjames
45,4682,CHI,DPOTY,CB,Cornerback,Heiiajs D. Owidhuse,firstfray
45,4886,MIN,DPOTY,LB,Linebacker,Ali Star,ProdigalSon
45,4902,CTC,DROTY,LB,Linebacker,Juran Riley,Huskies311
45,4957,KCC,DROTY,LB,Linebacker,Duilio's Beard,RussDrivesTheBus
45,568,SJS,HoF,Cornerback,Cornerback,John Canton,Sweetwater
45,2298,NYS,HoF,Fullback,Running Back,Buster Bawlls,ryd029aird13
45,2532,HON,HoF,Cornerback,Cornerback,Lip Gallagher,fever95
45,2525,SAR,HoF,Offensive Lineman,Offensive Lineman,Stumpy Jones,FootballIsCool
45,2536,AZ,HoF,Running Back,Running Back,Jay Cue Jr.,Opera_Phantom
45,2671,AZ,HoF,Quarterback,Quarterback,Wendell Sailor,.simo
45,3528,HON,KPOTY,K,Kicker,Ray Baker,jdc4654
45,3317,SJS,MVP,LB,Linebacker,Cruella de Ville,Exilizer
45,4939,POR,MVP,LB,Linebacker,Scorch von Turbo,lordcoolcats
45,4838,KCC,OPerOTY,QB,Quarterback,Lenard McRobinson,shadyshoelace
45,3370,NYS,OPOTY,RB,Running Back,Frank Dux,ComebackZak
45,4942,DAL,OPOTY,WR,Wide Receiver,Silence Suzuka,xenosthelegend
45,4709,AUS,OROTY,QB,Quarterback,Jay Cue III,Opera_Phantom
45,4939,POR,OROTY,LB,Linebacker,Scorch von Turbo,lordcoolcats
45,4656,OCO,PerOTY,RB,Running Back,Reginald Shrubbery,shrub02
45,3196,HON,Pro Bowl,QB,Quarterback,Nova Montagne,OrbitingDeath
45,4709,AUS,Pro Bowl,QB,Quarterback,Jay Cue III,Opera_Phantom
45,3370,NYS,Pro Bowl,RB,Running Back,Frank Dux,ComebackZak
45,3227,AZ,Pro Bowl,RB,Running Back,Danny Nedelko,Crunk
45,4656,OCO,Pro Bowl,RB,Running Back,Reginald Shrubbery,shrub02
45,3103,OCO,Pro Bowl,RB,Running Back,Leandre Diarra,slate
45,3238,AUS,Pro Bowl,WR,Wide Receiver,Delores Bickerman,Kyamprac
45,4603,NOLA,Pro Bowl,WR,Wide Receiver,Hank Mardukas,Chicken Lips
45,4685,SJS,Pro Bowl,WR,Wide Receiver,Keanu Calhoun,Frostbite
45,3105,NYS,Pro Bowl,WR,Wide Receiver,Mandrews McHollywood,Rusfan
45,4617,OCO,Pro Bowl,TE,Tight End,Bread Bowl,WALDO
45,3507,SJS,Pro Bowl,TE,Tight End,Kenny Szymborski,Hallmonitor_20
45,4686,SJS,Pro Bowl,OL,Offensive Lineman,Bruce Talis,Brucitalis
45,3494,AZ,Pro Bowl,OL,Offensive Lineman,"Beeg Beeg Yoshi, Jr.",yosh
45,3326,OCO,Pro Bowl,OL,Offensive Lineman,Walrus Jones,caravaggio
45,3319,HON,Pro Bowl,OL,Offensive Lineman,Remi Musgrave-Smythe,37thchamber
45,3264,AZ,Pro Bowl,OL,Offensive Lineman,Fortified Fridge,Murtsi
45,3489,NOLA,Pro Bowl,DE,Defensive Tackle,Bruce White,toofpete
45,3449,SJS,Pro Bowl,DE,Defensive End,Alex Armstrong,Duilio05
45,3300,AUS,Pro Bowl,DT,Defensive Tackle,Carly Rae Jensen,unconfident
45,3408,AZ,Pro Bowl,DT,Defensive Tackle,Sir Tywrell Xah’Aawrone,Rabidsponge21
45,3317,SJS,Pro Bowl,OLB,Linebacker,Cruella de Ville,Exilizer
45,3362,HON,Pro Bowl,OLB,Linebacker,Maxwell Jacob Friedman,JuOSu
45,3347,AUS,Pro Bowl,ILB,Linebacker,Mario Moloka’i,124715
45,3328,HON,Pro Bowl,ILB,Linebacker,Caleb Hayden,Caleb_H
45,3336,HON,Pro Bowl,CB,Cornerback,Luigi Lanikai,IceBear32
45,3563,AZ,Pro Bowl,CB,Cornerback,Benjamin Duvernay,Purpl3Spartan
45,3379,SJS,Pro Bowl,CB,Cornerback,Brooks Piggott,ckroyal92
45,3596,AZ,Pro Bowl,S,Safety,Brian Vincent-Vega,WrittinDirectino
45,3374,OCO,Pro Bowl,S,Safety,Smokin Jay,Beck
45,3552,NYS,Pro Bowl,S,Safety,Loose Cannon,Jumbo
45,3528,HON,Pro Bowl,P,Kicker,Ray Baker,jdc4654
45,4684,NYS,Pro Bowl,K,Kicker,Wing Wang,platanocat
45,3399,AUS,Pro Bowl,KR,Running Back,Howard Coward,JKortesi81
45,3227,AZ,Pro Bowl,KR,Running Back,Danny Nedelko,Crunk
45,3364,SAR,Pro Bowl,QB,Quarterback,Willier Miller,Sebster
45,3218,CTC,Pro Bowl,QB,Quarterback,Creg Jerrith IV,negs
45,3433,YKW,Pro Bowl,RB,Running Back,Money Tolliver,jeffie43
45,3451,CTC,Pro Bowl,RB,Running Back,Nakiri Ayame,ValorX77
45,3269,BER,Pro Bowl,RB,Running Back,Armor Queen,Starboy
45,3309,SAR,Pro Bowl,WR,Wide Receiver,Johnny Blaze Jr,JBLAZE_THE_BOSS
45,3439,CTC,Pro Bowl,WR,Wide Receiver,Kairo Knight,Akoustique
45,3133,CHI,Pro Bowl,WR,Wide Receiver,Austin Morley,soevil
45,3311,BAL,Pro Bowl,WR,Wide Receiver,Shane Turnbull,Symmetrik
45,3125,COL,Pro Bowl,TE,Tight End,Mister Hogmally,iStegosauruz
45,4535,BER,Pro Bowl,TE,,None None,
45,3524,BAL,Pro Bowl,OL,Offensive Lineman,Bubba Chubb,packplaya
45,4795,CHI,Pro Bowl,OL,Running Back,Triceracop -,Triceracop
45,3492,CTC,Pro Bowl,OL,Linebacker,Justin Willis,Cycro
45,3160,BER,Pro Bowl,OL,Offensive Lineman,Nathan Meagher,Nathan
45,3224,YKW,Pro Bowl,OL,Offensive Lineman,Dusty Wilson,dustywilson22
45,3452,BER,Pro Bowl,DE,Defensive End,Clint Mustache,manicmav36
45,3271,BER,Pro Bowl,DE,Defensive End,GOAT TANNK,Eldorian
45,3386,YKW,Pro Bowl,DT,Defensive Tackle,Mo Gago,FTR
45,3376,BAL,Pro Bowl,DT,Defensive Tackle,MC Hammer,Aneeqs
45,3104,BAL,Pro Bowl,OLB,Linebacker,Bruce Buckley Jr.,NicholasTheGreat
45,3581,SAR,Pro Bowl,OLB,Linebacker,Max Honestly,Sizz
45,4623,BER,Pro Bowl,ILB,Linebacker,Federico Americano,MN_Moosey
45,4902,CTC,Pro Bowl,ILB,Linebacker,Juran Riley,Huskies311
45,4682,CHI,Pro Bowl,CB,Cornerback,Heiiajs D. Owidhuse,firstfray
45,3506,CTC,Pro Bowl,CB,Cornerback,Legs McMillion,jollyjiggs
45,3560,COL,Pro Bowl,CB,Cornerback,Synystyr Gates,Dustillation
45,3555,CHI,Pro Bowl,S,Safety,Rico Savage,TheRake
45,4547,COL,Pro Bowl,S,Safety,Mary Marie,aeonsjenni
45,3175,CTC,Pro Bowl,S,Safety,Aleksandr Milescu,Alikh
45,4843,YKW,Pro Bowl,P,Kicker,Space Dino,lock180
45,3029,SAR,Pro Bowl,K,Kicker,Swantavius King,Yeenoghu
45,3309,SAR,Pro Bowl,KR,Wide Receiver,Johnny Blaze Jr,JBLAZE_THE_BOSS
45,3493,BER,Pro Bowl,KR,Wide Receiver,Emile Charles,Number 82
45,3598,YKW,RetOTY,CB,Cornerback,Kadarius Claypool II,Weaves
46,3423,SAR,1600 Club,CB,Cornerback,Fronky Fresh,Fronk
46,3450,OCO,1600 Club,CB,Cornerback,Jamdrian LeBayers,kenvald
46,3350,AZ,All-Pro First Team,QB,Offensive Lineman,Donovan Winters III,zeagle1
46,3451,CTC,All-Pro First Team,RB,Running Back,Nakiri Ayame,ValorX77
46,3370,NYS,All-Pro First Team,RB,Running Back,Frank Dux,ComebackZak
46,3103,CTC,All-Pro First Team,FB,Running Back,Leandre Diarra,slate
46,3580,AZ,All-Pro First Team,WR,Wide Receiver,Benji Aguilera,CROney3
46,3493,BER,All-Pro First Team,WR,Wide Receiver,Emile Charles,Number 82
46,4629,COL,All-Pro First Team,WR,Wide Receiver,National Treasure,electrictree
46,3419,YKW,All-Pro First Team,TE,Tight End,Detective Crashmore,speculadora
46,4648,AUS,All-Pro First Team,IOL,Offensive Lineman,Brock Lesnar,tstols
46,3415,CTC,All-Pro First Team,IOL,Offensive Lineman,Mike Ehrmantraut,NYR73
46,3326,OCO,All-Pro First Team,OT,Offensive Lineman,Walrus Jones,caravaggio
46,3595,AUS,All-Pro First Team,OT,Offensive Lineman,Great Khali,crazylemire
46,3432,NYS,All-Pro First Team,DT,Defensive Tackle,Lionel Scrimmage,Mojojojo
46,3376,BAL,All-Pro First Team,DT,Defensive Tackle,MC Hammer,Aneeqs
46,3452,BER,All-Pro First Team,DE,Defensive End,Clint Mustache,manicmav36
46,3449,SJS,All-Pro First Team,DE,Defensive End,Alex Armstrong,Duilio05
46,3589,YKW,All-Pro First Team,ILB,Linebacker,Terry Johnson,Gumbaman
46,3317,SJS,All-Pro First Team,OLB,Linebacker,Cruella de Ville,Exilizer
46,3356,OCO,All-Pro First Team,OLB,Linebacker,Sim Sunigh,SimmiZ
46,3506,CTC,All-Pro First Team,CB,Cornerback,Legs McMillion,jollyjiggs
46,3423,SAR,All-Pro First Team,CB,Cornerback,Fronky Fresh,Fronk
46,3394,BAL,All-Pro First Team,S,Safety,Bourtol Halcomsby,ItsFrenchie
46,4840,CHI,All-Pro First Team,S,Safety,Marty Crane,Marty the Monster
46,4682,CHI,All-Pro First Team,FLEX,Cornerback,Heiiajs D. Owidhuse,firstfray
46,4630,OCO,All-Pro First Team,K,Kicker,Eliot Bukowski,Jimi64
46,4630,OCO,All-Pro First Team,P,Kicker,Eliot Bukowski,Jimi64
46,4603,NOLA,All-Pro First Team,RET,Wide Receiver,Hank Mardukas,Chicken Lips
46,4709,AUS,All-Pro Second Team,QB,Quarterback,Jay Cue III,Opera_Phantom
46,3433,YKW,All-Pro Second Team,RB,Running Back,Money Tolliver,jeffie43
46,4656,OCO,All-Pro Second Team,RB,Running Back,Reginald Shrubbery,shrub02
46,4702,AUS,All-Pro Second Team,FB,Running Back,Sean Aldrich,slumped64
46,4603,NOLA,All-Pro Second Team,WR,Wide Receiver,Hank Mardukas,Chicken Lips
46,3232,BAL,All-Pro Second Team,WR,Wide Receiver,Rocky Moreaux,qWest
46,3311,BAL,All-Pro Second Team,WR,Wide Receiver,Shane Turnbull,Symmetrik
46,4617,OCO,All-Pro Second Team,TE,Tight End,Bread Bowl,WALDO
46,3494,AZ,All-Pro Second Team,IOL,Offensive Lineman,"Beeg Beeg Yoshi, Jr.",yosh
46,4900,OCO,All-Pro Second Team,IOL,Offensive Lineman,Fin-Jeremy Har-Dur,Philliesphan96
46,3264,AZ,All-Pro Second Team,OT,Offensive Lineman,Fortified Fridge,Murtsi
46,4953,NOLA,All-Pro Second Team,K,Offensive Lineman,Jack Sloth,slothfacekilla
46,3029,SAR,All-Pro Second Team,P,Kicker,Swantavius King,Yeenoghu
46,3386,YKW,All-Pro Second Team,DT,Defensive Tackle,Mo Gago,FTR
46,3408,AZ,All-Pro Second Team,DT,Defensive Tackle,Sir Tywrell Xah’Aawrone,Rabidsponge21
46,3271,CHI,All-Pro Second Team,DE,Defensive End,GOAT TANNK,Eldorian
46,4613,YKW,All-Pro Second Team,DE,Defensive End,Dan Dandrews,sburbine
46,3491,OCO,All-Pro Second Team,ILB,Linebacker,Liath Squirrel,LiathTheSquirrel
46,4745,AUS,All-Pro Second Team,OLB,Linebacker,Crasher Wake,AriaEXE
46,3492,CTC,All-Pro Second Team,OLB,Linebacker,Justin Willis,Cycro
46,3078,NYS,All-Pro Second Team,CB,Cornerback,Bonzi Buddy,zaynzk
46,3563,AZ,All-Pro Second Team,CB,Cornerback,Benjamin Duvernay,Purpl3Spartan
46,3374,OCO,All-Pro Second Team,S,Safety,Smokin Jay,Beck
46,4692,AUS,All-Pro Second Team,S,Safety,Robert Green,RobJG2
46,3450,OCO,All-Pro Second Team,FLEX,Cornerback,Jamdrian LeBayers,kenvald
46,3379,SJS,All-Pro Second Team,RET,Cornerback,Brooks Piggott,ckroyal92
46,2943,AZ,championship,LB,Linebacker,Carissa van Campen,mer
46,3071,AZ,championship,LB,Linebacker,Akaki Akayre,Ulaire
46,3227,AZ,championship,RB,Running Back,Danny Nedelko,Crunk
46,3264,AZ,championship,T,Offensive Lineman,Fortified Fridge,Murtsi
46,3296,AZ,championship,LB,Linebacker,Sherwin Blue Jr.,Kotasa
46,3319,AZ,championship,T,Offensive Lineman,Remi Musgrave-Smythe,37thchamber
46,3350,AZ,championship,QB,Offensive Lineman,Donovan Winters III,zeagle1
46,3390,AZ,championship,DE,Defensive End,Good Player,Lego
46,3408,AZ,championship,DT,Defensive Tackle,Sir Tywrell Xah’Aawrone,Rabidsponge21
46,3410,AZ,championship,G,Offensive Lineman,Don Tollibeo,Jepox
46,3411,AZ,championship,K,Kicker,Jayme Jayne Jay-Jaymison,hannahg32
46,3435,AZ,championship,FS,Safety,Notso Smart,Pib
46,3494,AZ,championship,C,Offensive Lineman,"Beeg Beeg Yoshi, Jr.",yosh
46,3557,AZ,championship,DT,Defensive Tackle,Scruffy The Janitor,pazuzu
46,3563,AZ,championship,CB,Cornerback,Benjamin Duvernay,Purpl3Spartan
46,3580,AZ,championship,WR,Wide Receiver,Benji Aguilera,CROney3
46,3596,AZ,championship,FS,Safety,Brian Vincent-Vega,WrittinDirectino
46,4737,AZ,championship,LB,Linebacker,Iman Outlaw,allbetsonjames
46,4742,AZ,championship,WR,Linebacker,Thomas Sutha,lemonoppy
46,4743,AZ,championship,CB,Cornerback,Paul Dosza,.simo
46,4744,AZ,championship,RB,Safety,Bertie Mannering-Phipps,bernardhibou
46,4752,AZ,championship,CB,Cornerback,C.G Breezy Jr.,LIL MUNKEY
46,4845,AZ,championship,WR,Offensive Lineman,Jordan Bamford,Bamford13
46,4788,DAL,DPerOTY,S,Safety,Dewey Greenbeans,dcphil
46,4745,AUS,DPOTY,LB,Linebacker,Crasher Wake,AriaEXE
46,4788,DAL,DPOTY,S,Safety,Dewey Greenbeans,dcphil
46,4840,CHI,DROTY,S,Safety,Marty Crane,Marty the Monster
46,4966,TIJ,DROTY,LB,Linebacker,K.C. Gordon,SwankyPants31
46,2600,CHI,HoF,Safety,Safety,Dee Walt,TheCC
46,2752,YKW,HoF,Cornerback,Cornerback,Kalam Mekhar,ZootTX
46,2686,AZ,HoF,Cornerback,Cornerback,Mark Goodhead,CptGoosar
46,4630,OCO,KPOTY,K,Kicker,Eliot Bukowski,Jimi64
46,3451,CTC,MVP,RB,Running Back,Nakiri Ayame,ValorX77
46,4894,TIJ,MVP,WR,Wide Receiver,André Benn,Ben
46,5019,TIJ,OPerOTY,QB,Quarterback,Puddles O'Duck,Z-Whiz
46,4656,OCO,OPOTY,RB,Running Back,Reginald Shrubbery,shrub02
46,5019,TIJ,OPOTY,QB,Quarterback,Puddles O'Duck,Z-Whiz
46,4829,CTC,OROTY,QB,Quarterback,Thor Bǫllrsveifla,Thor
46,5019,TIJ,OROTY,QB,Quarterback,Puddles O'Duck,Z-Whiz
46,4829,CTC,PerOTY,QB,Quarterback,Thor Bǫllrsveifla,Thor
46,3350,AZ,Pro Bowl,QB,Offensive Lineman,Donovan Winters III,zeagle1
46,4657,NOLA,Pro Bowl,QB,Quarterback,Octavion Speedings,CeeKay
46,3370,NYS,Pro Bowl,RB,Running Back,Frank Dux,ComebackZak
46,4656,OCO,Pro Bowl,RB,Running Back,Reginald Shrubbery,shrub02
46,3399,AUS,Pro Bowl,RB,Running Back,Howard Coward,JKortesi81
46,4702,AUS,Pro Bowl,RB,Running Back,Sean Aldrich,slumped64
46,3580,AZ,Pro Bowl,WR,Wide Receiver,Benji Aguilera,CROney3
46,4603,NOLA,Pro Bowl,WR,Wide Receiver,Hank Mardukas,Chicken Lips
46,3501,NYS,Pro Bowl,WR,Wide Receiver,Sean Robinson,18situaseans
46,3238,AUS,Pro Bowl,WR,Wide Receiver,Delores Bickerman,Kyamprac
46,4617,OCO,Pro Bowl,TE,Tight End,Bread Bowl,WALDO
46,3507,SJS,Pro Bowl,TE,Tight End,Kenny Szymborski,Hallmonitor_20
46,3525,SJS,Pro Bowl,OL,Offensive Lineman,Modest Mussorgsky,Gragg9
46,3494,AZ,Pro Bowl,OL,Offensive Lineman,"Beeg Beeg Yoshi, Jr.",yosh
46,3326,OCO,Pro Bowl,OL,Offensive Lineman,Walrus Jones,caravaggio
46,3595,AUS,Pro Bowl,OL,Offensive Lineman,Great Khali,crazylemire
46,3264,AZ,Pro Bowl,OL,Offensive Lineman,Fortified Fridge,Murtsi
46,3409,HON,Pro Bowl,DE,Defensive End,Liv Elsathelookout,Bayley
46,3449,SJS,Pro Bowl,DE,Defensive End,Alex Armstrong,Duilio05
46,3432,NYS,Pro Bowl,DT,Defensive Tackle,Lionel Scrimmage,Mojojojo
46,3408,AZ,Pro Bowl,DT,Defensive Tackle,Sir Tywrell Xah’Aawrone,Rabidsponge21
46,3346,SJS,Pro Bowl,ILB,Linebacker,Kenny McCormick,Luciddreams702
46,3491,HON,Pro Bowl,ILB,Linebacker,Liath Squirrel,LiathTheSquirrel
46,3356,OCO,Pro Bowl,OLB,Linebacker,Sim Sunigh,SimmiZ
46,4745,AUS,Pro Bowl,OLB,Linebacker,Crasher Wake,AriaEXE
46,3563,AZ,Pro Bowl,CB,Cornerback,Benjamin Duvernay,Purpl3Spartan
46,3078,NYS,Pro Bowl,CB,Cornerback,Bonzi Buddy,zaynzk
46,3450,OCO,Pro Bowl,CB,Cornerback,Jamdrian LeBayers,kenvald
46,3374,OCO,Pro Bowl,S,Safety,Smokin Jay,Beck
46,4692,AUS,Pro Bowl,S,Safety,Robert Green,RobJG2
46,3407,HON,Pro Bowl,S,Safety,Alita Battle Angel,moonlight
46,4630,OCO,Pro Bowl,P,Kicker,Eliot Bukowski,Jimi64
46,4630,OCO,Pro Bowl,K,Kicker,Eliot Bukowski,Jimi64
46,4603,NOLA,Pro Bowl,KR,Wide Receiver,Hank Mardukas,Chicken Lips
46,3379,SJS,Pro Bowl,KR,Cornerback,Brooks Piggott,ckroyal92
46,3305,CHI,Pro Bowl,QB,Quarterback,Painted Penguin,Painted
46,3184,BAL,Pro Bowl,QB,Quarterback,Preston Beatz,DarknessRising
46,3451,CTC,Pro Bowl,RB,Running Back,Nakiri Ayame,ValorX77
46,3433,YKW,Pro Bowl,RB,Running Back,Money Tolliver,jeffie43
46,4683,SAR,Pro Bowl,RB,Running Back,Ace Anderson,DangWookie
46,3103,CTC,Pro Bowl,RB,Running Back,Leandre Diarra,slate
46,4629,COL,Pro Bowl,WR,Wide Receiver,National Treasure,electrictree
46,3493,BER,Pro Bowl,WR,Wide Receiver,Emile Charles,Number 82
46,3311,BAL,Pro Bowl,WR,Wide Receiver,Shane Turnbull,Symmetrik
46,4535,BER,Pro Bowl,WR,,None None,
46,3125,COL,Pro Bowl,TE,Tight End,Mister Hogmally,iStegosauruz
46,3419,YKW,Pro Bowl,TE,Tight End,Detective Crashmore,speculadora
46,3603,BER,Pro Bowl,OL,Offensive Lineman,Burnt Toast,ToastCharger
46,3524,BAL,Pro Bowl,OL,Offensive Lineman,Bubba Chubb,packplaya
46,3120,YKW,Pro Bowl,OL,Offensive Lineman,J.T. Kurbis,JoshiePoo
46,3541,BAL,Pro Bowl,OL,Offensive Lineman,Joshua Mabry,Lohnranger
46,4889,COL,Pro Bowl,OL,Offensive Lineman,Klaus von Reinherz,J0EB
46,3452,BER,Pro Bowl,DE,Defensive End,Clint Mustache,manicmav36
46,3271,BER,Pro Bowl,DE,Defensive End,GOAT TANNK,Eldorian
46,3386,YKW,Pro Bowl,DT,Defensive Tackle,Mo Gago,FTR
46,3376,BAL,Pro Bowl,DT,Defensive Tackle,MC Hammer,Aneeqs
46,3584,CTC,Pro Bowl,OLB,Linebacker,Rolud Onyxgut,crash1005
46,3492,CTC,Pro Bowl,OLB,Linebacker,Justin Willis,Cycro
46,3220,BER,Pro Bowl,ILB,Linebacker,Jordan Hartline,RDBSouthPaw
46,4837,BAL,Pro Bowl,ILB,Linebacker,Joe Bazooka,Bazooka_Joe
46,3423,SAR,Pro Bowl,CB,Cornerback,Fronky Fresh,Fronk
46,3506,CTC,Pro Bowl,CB,Cornerback,Legs McMillion,jollyjiggs
46,4682,CHI,Pro Bowl,CB,Cornerback,Heiiajs D. Owidhuse,firstfray
46,2931,COL,Pro Bowl,S,Safety,- Cross-Eriksen,Tesla
46,4840,CHI,Pro Bowl,S,Safety,Marty Crane,Marty the Monster
46,3394,BAL,Pro Bowl,S,Safety,Bourtol Halcomsby,ItsFrenchie
46,3029,SAR,Pro Bowl,P,Kicker,Swantavius King,Yeenoghu
46,3029,SAR,Pro Bowl,K,Kicker,Swantavius King,Yeenoghu
46,4629,COL,Pro Bowl,KR,Wide Receiver,National Treasure,electrictree
46,3493,BER,Pro Bowl,KR,Wide Receiver,Emile Charles,Number 82
46,3379,SJS,RetOTY,CB,Cornerback,Brooks Piggott,ckroyal92
47,3552,NYS,1600 Club,S,Safety,Loose Cannon,Jumbo
47,4669,SJS,All-Pro First Team,QB,Quarterback,Josh Patterson,Tylertokesome04
47,3370,NYS,All-Pro First Team,RB,Running Back,Frank Dux,ComebackZak
47,3451,CTC,All-Pro First Team,RB,Running Back,Nakiri Ayame,ValorX77
47,3103,NYS,All-Pro First Team,FB,Running Back,Leandre Diarra,slate
47,3238,SJS,All-Pro First Team,WR,Wide Receiver,Delores Bickerman,Kyamprac
47,4603,AZ,All-Pro First Team,WR,Wide Receiver,Hank Mardukas,Chicken Lips
47,3501,NYS,All-Pro First Team,WR,Wide Receiver,Sean Robinson,18situaseans
47,4947,AZ,All-Pro First Team,TE,Running Back,Purdy mediocre,KaleSalad
47,3421,SJS,All-Pro First Team,IOL,Offensive Lineman,Lord Farquaads,Ace
47,4900,OCO,All-Pro First Team,IOL,Offensive Lineman,Fin-Jeremy Har-Dur,Philliesphan96
47,3541,BAL,All-Pro First Team,OT,Offensive Lineman,Joshua Mabry,Lohnranger
47,3326,OCO,All-Pro First Team,OT,Offensive Lineman,Walrus Jones,caravaggio
47,3386,YKW,All-Pro First Team,DT,Defensive Tackle,Mo Gago,FTR
47,3489,NOLA,All-Pro First Team,DT,Defensive Tackle,Bruce White,toofpete
47,3449,SJS,All-Pro First Team,DE,Defensive End,Alex Armstrong,Duilio05
47,3452,BER,All-Pro First Team,DE,Defensive End,Clint Mustache,manicmav36
47,3505,SJS,All-Pro First Team,OLB,Linebacker,DJ Maclean,Urq660
47,4745,AUS,All-Pro First Team,OLB,Linebacker,Crasher Wake,AriaEXE
47,3062,BER,All-Pro First Team,ILB,Linebacker,Kevin McThumper,Chucky
47,4682,CHI,All-Pro First Team,CB,Cornerback,Heiiajs D. Owidhuse,firstfray
47,4674,CTC,All-Pro First Team,CB,Cornerback,Luigi Numberone,ztarwarz
47,4828,NOLA,All-Pro First Team,S,Safety,Scott Junior,JoeSteel
47,4840,CHI,All-Pro First Team,S,Safety,Marty Crane,Marty the Monster
47,4664,SJS,All-Pro First Team,FLEX,Cornerback,Blacksmith Andre,Muford
47,4684,NYS,All-Pro First Team,K,Kicker,Wing Wang,platanocat
47,4953,NOLA,All-Pro First Team,P,Offensive Lineman,Jack Sloth,slothfacekilla
47,3493,BAL,All-Pro First Team,RET,Wide Receiver,Emile Charles,Number 82
47,4657,NOLA,All-Pro Second Team,QB,Quarterback,Octavion Speedings,CeeKay
47,4736,BAL,All-Pro Second Team,RB,Running Back,Anakin Skywalker,ForSucksFake
47,3433,YKW,All-Pro Second Team,RB,Running Back,Money Tolliver,jeffie43
47,4924,NOLA,All-Pro Second Team,FB,Running Back,Aaron Ford,Aford9910
47,4685,SJS,All-Pro Second Team,WR,Wide Receiver,Keanu Calhoun,Frostbite
47,4712,CHI,All-Pro Second Team,WR,Wide Receiver,Sem’ga Nah’sim,TheCC
47,3413,OCO,All-Pro Second Team,WR,Wide Receiver,Big McLarge Huge,Hydrium
47,3419,YKW,All-Pro Second Team,TE,Tight End,Detective Crashmore,speculadora
47,4626,NOLA,All-Pro Second Team,IOL,Offensive Lineman,Aaron Jäger,MouseMazing
47,5031,NOLA,All-Pro Second Team,IOL,Offensive Lineman,McDripsen McDropsen,Drip
47,3264,AZ,All-Pro Second Team,OT,Offensive Lineman,Fortified Fridge,Murtsi
47,3288,SJS,All-Pro Second Team,K,Kicker,Booter McGavin,ajtigger
47,3288,SJS,All-Pro Second Team,P,Kicker,Booter McGavin,ajtigger
47,3490,CTC,All-Pro Second Team,DT,Defensive Tackle,Jason Steele,FireworkFuse
47,3432,NYS,All-Pro Second Team,DT,Defensive Tackle,Lionel Scrimmage,Mojojojo
47,4613,YKW,All-Pro Second Team,DE,Defensive End,Dan Dandrews,sburbine
47,4722,SAR,All-Pro Second Team,DE,Defensive End,Gil Fischer,ctots
47,4749,CHI,All-Pro Second Team,OLB,Linebacker,Norman Smiley,SmittyHextall
47,4633,BER,All-Pro Second Team,OLB,Linebacker,Mike Gesicki,Mossed26
47,4688,BAL,All-Pro Second Team,ILB,Linebacker,Narl Hecklenburg,Exilate
47,3598,YKW,All-Pro Second Team,CB,Cornerback,Kadarius Claypool II,Weaves
47,4621,BAL,All-Pro Second Team,CB,Offensive Lineman,Dino Nuggets,swoosh
47,3313,BER,All-Pro Second Team,S,Safety,Diggs Sideline-touchdown,Dewalt27
47,3369,AUS,All-Pro Second Team,S,Safety,Geralt -,.Laser
47,4888,YKW,All-Pro Second Team,FLEX,Cornerback,Luke Hunter,TubaDeus
47,4685,SJS,All-Pro Second Team,RET,Wide Receiver,Keanu Calhoun,Frostbite
47,3071,AZ,championship,LB,Linebacker,Akaki Akayre,Ulaire
47,3227,AZ,championship,RB,Running Back,Danny Nedelko,Crunk
47,3264,AZ,championship,T,Offensive Lineman,Fortified Fridge,Murtsi
47,3296,AZ,championship,LB,Linebacker,Sherwin Blue Jr.,Kotasa
47,3319,AZ,championship,T,Offensive Lineman,Remi Musgrave-Smythe,37thchamber
47,3338,AZ,championship,LB,Linebacker,Waylen Greene,fnordypsyduck
47,3350,AZ,championship,QB,Offensive Lineman,Donovan Winters III,zeagle1
47,3408,AZ,championship,DT,Defensive Tackle,Sir Tywrell Xah’Aawrone,Rabidsponge21
47,3410,AZ,championship,G,Offensive Lineman,Don Tollibeo,Jepox
47,3411,AZ,championship,K,Kicker,Jayme Jayne Jay-Jaymison,hannahg32
47,3435,AZ,championship,FS,Safety,Notso Smart,Pib
47,3494,AZ,championship,C,Offensive Lineman,"Beeg Beeg Yoshi, Jr.",yosh
47,3557,AZ,championship,DT,Defensive Tackle,Scruffy The Janitor,pazuzu
47,3563,AZ,championship,CB,Cornerback,Benjamin Duvernay,Purpl3Spartan
47,3580,AZ,championship,WR,Wide Receiver,Benji Aguilera,CROney3
47,3596,AZ,championship,FS,Safety,Brian Vincent-Vega,WrittinDirectino
47,4737,AZ,championship,LB,Linebacker,Iman Outlaw,allbetsonjames
47,4742,AZ,championship,LB,Linebacker,Thomas Sutha,lemonoppy
47,4743,AZ,championship,CB,Cornerback,Paul Dosza,.simo
47,4744,AZ,championship,RB,Safety,Bertie Mannering-Phipps,bernardhibou
47,4752,AZ,championship,CB,Cornerback,C.G Breezy Jr.,LIL MUNKEY
47,4845,AZ,championship,WR,Offensive Lineman,Jordan Bamford,Bamford13
47,4947,AZ,championship,RB,Running Back,Purdy mediocre,KaleSalad
47,5021,AZ,championship,DT,Defensive Tackle,Sewage Joe Fantringham,BRNXB0MBERS
47,5015,MIN,DPerOTY,LB,Linebacker,Bull Dozier,modpro
47,3505,SJS,DPOTY,LB,Linebacker,DJ Maclean,Urq660
47,5034,BBB,DPOTY,RB,Running Back,Speed Hawk,PMoney
47,4959,HON,DROTY,CB,Cornerback,Hearty Harry,frazzle14
47,5089,POR,DROTY,LB,Linebacker,Willeh Strong,wetwilleh
47,2249,PHI,HoF,Defensive Tackle,Defensive Tackle,Honky-Tonk Haywood,jzajenius36
47,932,COL,HoF,Wide Receiver,Wide Receiver,Howard Miller,dropbear
47,2755,SJS,HoF,Tight End,Tight End,Deshawn Penne,Pvtpenne
47,2702,HON,HoF,Offensive Lineman,Offensive Lineman,Beniri T’Chawama,Dextaria
47,4684,NYS,KPOTY,K,Kicker,Wing Wang,platanocat
47,4669,SJS,MVP,QB,Quarterback,Josh Patterson,Tylertokesome04
47,5019,TIJ,MVP,QB,Quarterback,Puddles O'Duck,Z-Whiz
47,5036,NOR,OPerOTY,QB,Quarterback,Elijah Dyson,Pat
47,3370,NYS,OPOTY,RB,Running Back,Frank Dux,ComebackZak
47,4894,TIJ,OPOTY,WR,Wide Receiver,André Benn,Ben
47,4882,BER,OROTY,RB,Running Back,Willie Swaggert,GlimsTC
47,5096,MIN,OROTY,CB,Cornerback,Greg Hirsch,Fordhammer
47,4709,AUS,PerOTY,QB,Quarterback,Jay Cue III,Opera_Phantom
47,4669,SJS,Pro Bowl,QB,Quarterback,Josh Patterson,Tylertokesome04
47,3350,AZ,Pro Bowl,QB,Offensive Lineman,Donovan Winters III,zeagle1
47,3370,NYS,Pro Bowl,RB,Running Back,Frank Dux,ComebackZak
47,4656,OCO,Pro Bowl,RB,Running Back,Reginald Shrubbery,shrub02
47,3515,NOLA,Pro Bowl,RB,Running Back,Kyle Crane,Ultimatedestroye
47,4924,NOLA,Pro Bowl,RB,Running Back,Aaron Ford,Aford9910
47,3501,NYS,Pro Bowl,WR,Wide Receiver,Sean Robinson,18situaseans
47,4603,NOLA,Pro Bowl,WR,Wide Receiver,Hank Mardukas,Chicken Lips
47,3238,AUS,Pro Bowl,WR,Wide Receiver,Delores Bickerman,Kyamprac
47,3413,OCO,Pro Bowl,WR,Wide Receiver,Big McLarge Huge,Hydrium
47,4617,OCO,Pro Bowl,TE,Tight End,Bread Bowl,WALDO
47,3507,NOLA,Pro Bowl,TE,Tight End,Kenny Szymborski,Hallmonitor_20
47,4900,OCO,Pro Bowl,OL,Offensive Lineman,Fin-Jeremy Har-Dur,Philliesphan96
47,5031,AZ,Pro Bowl,OL,Offensive Lineman,McDripsen McDropsen,Drip
47,3326,OCO,Pro Bowl,OL,Offensive Lineman,Walrus Jones,caravaggio
47,4746,NOLA,Pro Bowl,OL,Offensive Lineman,Kelijah Verwae,Moosecop
47,3264,AZ,Pro Bowl,OL,Offensive Lineman,Fortified Fridge,Murtsi
47,3449,SJS,Pro Bowl,DE,Defensive End,Alex Armstrong,Duilio05
47,4808,OCO,Pro Bowl,DE,Linebacker,Crazy Tomato,Crazytomato
47,3489,NOLA,Pro Bowl,DT,Defensive Tackle,Bruce White,toofpete
47,3432,NYS,Pro Bowl,DT,Defensive Tackle,Lionel Scrimmage,Mojojojo
47,4952,NOLA,Pro Bowl,ILB,Linebacker,Oxford Comma,domffl
47,3088,NYS,Pro Bowl,ILB,Linebacker,Teemo Swift,Repgnar
47,3505,SJS,Pro Bowl,OLB,Linebacker,DJ Maclean,Urq660
47,4745,AUS,Pro Bowl,OLB,Linebacker,Crasher Wake,AriaEXE
47,4664,SJS,Pro Bowl,CB,Cornerback,Blacksmith Andre,Muford
47,3563,AZ,Pro Bowl,CB,Cornerback,Benjamin Duvernay,Purpl3Spartan
47,3526,NOLA,Pro Bowl,CB,Wide Receiver,Imma Sabercat,baz
47,4828,NOLA,Pro Bowl,S,Safety,Scott Junior,JoeSteel
47,3369,AUS,Pro Bowl,S,Safety,Geralt -,.Laser
47,4896,NOLA,Pro Bowl,S,Safety,Paul Edgecomb,TomHanks
47,4953,NOLA,Pro Bowl,P,Offensive Lineman,Jack Sloth,slothfacekilla
47,4684,NYS,Pro Bowl,K,Kicker,Wing Wang,platanocat
47,4671,HON,Pro Bowl,KR,Running Back,Stetson David,oilmandan
47,3379,SJS,Pro Bowl,KR,Cornerback,Brooks Piggott,ckroyal92
47,4829,CTC,Pro Bowl,QB,Quarterback,Thor Bǫllrsveifla,Thor
47,4854,BER,Pro Bowl,QB,Quarterback,Tuna TurnDaBallOva,SomeSay...
47,4736,BAL,Pro Bowl,RB,Running Back,Anakin Skywalker,ForSucksFake
47,4882,BER,Pro Bowl,RB,Running Back,Willie Swaggert,GlimsTC
47,3451,CTC,Pro Bowl,RB,Running Back,Nakiri Ayame,ValorX77
47,4535,YKW,Pro Bowl,WR,,None None,
47,4891,BER,Pro Bowl,WR,Wide Receiver,Pitter Patter,r0tzbua
47,3493,BAL,Pro Bowl,WR,Wide Receiver,Emile Charles,Number 82
47,4712,CHI,Pro Bowl,WR,Wide Receiver,Sem’ga Nah’sim,TheCC
47,3125,COL,Pro Bowl,TE,Tight End,Mister Hogmally,iStegosauruz
47,3419,YKW,Pro Bowl,TE,Tight End,Detective Crashmore,speculadora
47,3415,CTC,Pro Bowl,OL,Offensive Lineman,Mike Ehrmantraut,NYR73
47,4663,CHI,Pro Bowl,OL,Offensive Lineman,Zisia Ojeisndiwoseodj,UpperNet
47,3541,BAL,Pro Bowl,OL,Offensive Lineman,Joshua Mabry,Lohnranger
47,4889,BER,Pro Bowl,OL,Offensive Lineman,Klaus von Reinherz,J0EB
47,4714,BAL,Pro Bowl,OL,Offensive Lineman,Tunkha Danstrol,TDenstroyer
47,3452,BER,Pro Bowl,DE,Defensive End,Clint Mustache,manicmav36
47,4613,YKW,Pro Bowl,DE,Defensive End,Dan Dandrews,sburbine
47,3386,YKW,Pro Bowl,DT,Defensive Tackle,Mo Gago,FTR
47,3490,CTC,Pro Bowl,DT,Defensive Tackle,Jason Steele,FireworkFuse
47,4749,CHI,Pro Bowl,OLB,Linebacker,Norman Smiley,SmittyHextall
47,4633,BER,Pro Bowl,OLB,Linebacker,Mike Gesicki,Mossed26
47,4688,BAL,Pro Bowl,ILB,Linebacker,Narl Hecklenburg,Exilate
47,3537,SAR,Pro Bowl,ILB,Linebacker,King Dedede,ScrambledEggs
47,4682,CHI,Pro Bowl,CB,Cornerback,Heiiajs D. Owidhuse,firstfray
47,4674,CTC,Pro Bowl,CB,Cornerback,Luigi Numberone,ztarwarz
47,3598,YKW,Pro Bowl,CB,Cornerback,Kadarius Claypool II,Weaves
47,4888,YKW,Pro Bowl,S,Cornerback,Luke Hunter,TubaDeus
47,4840,CHI,Pro Bowl,S,Safety,Marty Crane,Marty the Monster
47,3555,BAL,Pro Bowl,S,Safety,Rico Savage,TheRake
47,3281,CHI,Pro Bowl,P,Kicker,David Doug,TheSparkyDee
47,4880,BAL,Pro Bowl,K,Kicker,Master Chief,SnowyWolfz
47,3493,BAL,Pro Bowl,KR,Wide Receiver,Emile Charles,Number 82
47,4535,YKW,Pro Bowl,KR,,None None,
47,3379,SJS,RetOTY,CB,Cornerback,Brooks Piggott,ckroyal92
47,5092,MIN,STOTY,LB,Linebacker,Cameron Oswald-Newton,Kobefromthefrobe
48,4621,BAL,1600 Club,OL,Offensive Lineman,Dino Nuggets,swoosh
48,4682,CHI,1600 Club,CB,Cornerback,Heiiajs D. Owidhuse,firstfray
48,3350,AZ,All-Pro First Team,QB,Offensive Lineman,Donovan Winters III,zeagle1
48,4656,OCO,All-Pro First Team,RB,Running Back,Reginald Shrubbery,shrub02
48,3515,NOLA,All-Pro First Team,RB,Running Back,Kyle Crane,Ultimatedestroye
48,3103,SAR,All-Pro First Team,FB,Running Back,Leandre Diarra,slate
48,4712,CHI,All-Pro First Team,WR,Wide Receiver,Sem’ga Nah’sim,TheCC
48,4891,BER,All-Pro First Team,WR,Wide Receiver,Pitter Patter,r0tzbua
48,4845,AZ,All-Pro First Team,WR,Offensive Lineman,Jordan Bamford,Bamford13
48,4617,NOLA,All-Pro First Team,TE,Tight End,Bread Bowl,WALDO
48,3319,AZ,All-Pro First Team,IOL,Offensive Lineman,Remi Musgrave-Smythe,37thchamber
48,5031,NOLA,All-Pro First Team,IOL,Offensive Lineman,McDripsen McDropsen,Drip
48,3326,CTC,All-Pro First Team,OT,Offensive Lineman,Walrus Jones,caravaggio
48,4746,NOLA,All-Pro First Team,OT,Offensive Lineman,Kelijah Verwae,Moosecop
48,3490,CTC,All-Pro First Team,DT,Defensive Tackle,Jason Steele,FireworkFuse
48,3489,NOLA,All-Pro First Team,DT,Defensive Tackle,Bruce White,toofpete
48,3452,BER,All-Pro First Team,DE,Defensive End,Clint Mustache,manicmav36
48,4613,YKW,All-Pro First Team,DE,Defensive End,Dan Dandrews,sburbine
48,3505,SJS,All-Pro First Team,OLB,Linebacker,DJ Maclean,Urq660
48,3492,CTC,All-Pro First Team,OLB,Linebacker,Justin Willis,Cycro
48,4643,COL,All-Pro First Team,ILB,Linebacker,RE #38,Aleris
48,3526,NOLA,All-Pro First Team,CB,Wide Receiver,Imma Sabercat,baz
48,4664,SJS,All-Pro First Team,CB,Cornerback,Blacksmith Andre,Muford
48,3394,BAL,All-Pro First Team,S,Safety,Bourtol Halcomsby,ItsFrenchie
48,4659,SJS,All-Pro First Team,S,Safety,The Red Panda,Lemorse7
48,4847,AUS,All-Pro First Team,FLEX,Cornerback,Trent Thigpen,GrimmCrackers
48,3288,SJS,All-Pro First Team,K,Kicker,Booter McGavin,ajtigger
48,4684,NYS,All-Pro First Team,P,Kicker,Wing Wang,platanocat
48,4671,HON,All-Pro First Team,RET,Running Back,Stetson David,oilmandan
48,4854,BER,All-Pro Second Team,QB,Quarterback,Tuna TurnDaBallOva,SomeSay...
48,3399,AUS,All-Pro Second Team,RB,Running Back,Howard Coward,JKortesi81
48,4736,BAL,All-Pro Second Team,RB,Running Back,Anakin Skywalker,ForSucksFake
48,4924,NOLA,All-Pro Second Team,FB,Running Back,Aaron Ford,Aford9910
48,4779,NOLA,All-Pro Second Team,WR,Wide Receiver,Thomas Passarelli,Tmoney6996
48,3580,AZ,All-Pro Second Team,WR,Wide Receiver,Benji Aguilera,CROney3
48,4920,OCO,All-Pro Second Team,WR,Wide Receiver,Chopper Donquixote,amjohnson636
48,3419,YKW,All-Pro Second Team,TE,Tight End,Detective Crashmore,speculadora
48,4807,HON,All-Pro Second Team,IOL,Offensive Lineman,Wario Saturday,rickymartin_irl
48,3264,AZ,All-Pro Second Team,OT,Offensive Lineman,Fortified Fridge,Murtsi
48,3417,BAL,All-Pro Second Team,OT,Offensive Lineman,Bengal Tigerheart,shanghai_kid
48,3547,CTC,All-Pro Second Team,K,Kicker,Bob Kickerson,Tiktaalik
48,3288,SJS,All-Pro Second Team,P,Kicker,Booter McGavin,ajtigger
48,3300,AUS,All-Pro Second Team,DT,Defensive Tackle,Carly Rae Jensen,unconfident
48,4836,BAL,All-Pro Second Team,DT,Defensive Tackle,Carter Goad,caleb.grim
48,3449,SJS,All-Pro Second Team,DE,Defensive End,Alex Armstrong,Duilio05
48,4934,BER,All-Pro Second Team,DE,Linebacker,D’Jasper Probincrux IV,jreed12
48,3356,OCO,All-Pro Second Team,OLB,Linebacker,Sim Sunigh,SimmiZ
48,4745,AUS,All-Pro Second Team,OLB,Linebacker,Crasher Wake,AriaEXE
48,4688,BAL,All-Pro Second Team,ILB,Linebacker,Narl Hecklenburg,Exilate
48,3598,YKW,All-Pro Second Team,CB,Cornerback,Kadarius Claypool II,Weaves
48,3377,BAL,All-Pro Second Team,CB,Cornerback,Jake Williams,dude_man
48,3598,YKW,All-Pro Second Team,S,Cornerback,Kadarius Claypool II,Weaves
48,4842,SAR,All-Pro Second Team,S,Safety,Jamie Orion,Piercewise1
48,4682,CHI,All-Pro Second Team,FLEX,Cornerback,Heiiajs D. Owidhuse,firstfray
48,3413,OCO,All-Pro Second Team,RET,Wide Receiver,Big McLarge Huge,Hydrium
48,4888,YKW,All-Pro Second Team,S,Cornerback,Luke Hunter,TubaDeus
48,3348,NOLA,championship,CB,Cornerback,Apollo Program,Modern_Duke
48,3409,NOLA,championship,DE,Defensive End,Liv Elsathelookout,Bayley
48,3489,NOLA,championship,DT,Defensive Tackle,Bruce White,toofpete
48,3515,NOLA,championship,RB,Running Back,Kyle Crane,Ultimatedestroye
48,3526,NOLA,championship,CB,Wide Receiver,Imma Sabercat,baz
48,4603,NOLA,championship,WR,Wide Receiver,Hank Mardukas,Chicken Lips
48,4617,NOLA,championship,TE,Tight End,Bread Bowl,WALDO
48,4626,NOLA,championship,T,Offensive Lineman,Aaron Jäger,MouseMazing
48,4657,NOLA,championship,QB,Quarterback,Octavion Speedings,CeeKay
48,4705,NOLA,championship,LB,Linebacker,Allister Adebam,MobiausGrander
48,4726,NOLA,championship,DE,Defensive End,Midwest Emo,Jiggly_333
48,4729,NOLA,championship,LB,Linebacker,Josh Gibson,DoubleDub
48,4738,NOLA,championship,LB,Linebacker,Bubba Hog,IHateBobNutting
48,4746,NOLA,championship,T,Offensive Lineman,Kelijah Verwae,Moosecop
48,4779,NOLA,championship,WR,Wide Receiver,Thomas Passarelli,Tmoney6996
48,4828,NOLA,championship,FS,Safety,Scott Junior,JoeSteel
48,4851,NOLA,championship,G,Offensive Lineman,Biggie Fast,jj2416
48,4887,NOLA,championship,CB,Cornerback,Dawelle Wevis,AW13
48,4894,NOLA,championship,WR,Wide Receiver,André Benn,Ben
48,4895,NOLA,championship,DE,Defensive Tackle,Doctor Who,thewhovian
48,4896,NOLA,championship,FS,Safety,Paul Edgecomb,TomHanks
48,4924,NOLA,championship,FB,Running Back,Aaron Ford,Aford9910
48,4946,NOLA,championship,G,Offensive Lineman,Octavio Volarus,CementHands
48,4952,NOLA,championship,LB,Linebacker,Oxford Comma,domffl
48,4953,NOLA,championship,K,Offensive Lineman,Jack Sloth,slothfacekilla
48,5031,NOLA,championship,C,Offensive Lineman,McDripsen McDropsen,Drip
48,5032,NOLA,championship,RB,Running Back,Will Nuck,NUCK
48,4999,POR,DPerOTY,OL,Offensive Lineman,Edith Nickelback,kahri
48,3505,SJS,DPOTY,LB,Linebacker,DJ Maclean,Urq660
48,5194,MIN,DPOTY,LB,Linebacker,Joe Blaze,jlyles7
48,5089,COL,DROTY,LB,Linebacker,Willeh Strong,wetwilleh
48,5178,BBB,DROTY,LB,Linebacker,Slam Dunkinson,bfan8475
48,2820,AZ,HoF,Linebacker,Linebacker,Leonardo McTurtle,KaleSalad
48,2857,AZ,HoF,Defensive Tackle,Defensive Tackle,Raphael McTurtle,CementHands
48,3288,SJS,KPOTY,K,Kicker,Booter McGavin,ajtigger
48,3350,AZ,MVP,QB,Offensive Lineman,Donovan Winters III,zeagle1
48,5209,LON,MVP,QB,Quarterback,Dexter Morgan,goodvsevil1275
48,5013,BBB,OPerOTY,QB,Quarterback,- Bugs,ImSatanJunior
48,4891,BER,OPOTY,WR,Wide Receiver,Pitter Patter,r0tzbua
48,5182,MIN,OPOTY,WR,Wide Receiver,Benny The Jet,wildcatbandit
48,5078,TIJ,OPOTY,CB,Cornerback,Lawrence Crawford,SwankyPants31
48,4920,OCO,OROTY,WR,Wide Receiver,Chopper Donquixote,amjohnson636
48,5209,LON,OROTY,QB,Quarterback,Dexter Morgan,goodvsevil1275
48,4740,SAR,PerOTY,LB,Linebacker,Ignatious Cleetington,110radio
48,3350,AZ,Pro Bowl,QB,Offensive Lineman,Donovan Winters III,zeagle1
48,3620,OCO,Pro Bowl,QB,Wide Receiver,Lloyd Bannings,bowl0
48,3515,NOLA,Pro Bowl,RB,Running Back,Kyle Crane,Ultimatedestroye
48,3399,AUS,Pro Bowl,RB,Running Back,Howard Coward,JKortesi81
48,3370,NYS,Pro Bowl,RB,Running Back,Frank Dux,ComebackZak
48,4924,NOLA,Pro Bowl,RB,Running Back,Aaron Ford,Aford9910
48,4845,AZ,Pro Bowl,WR,Offensive Lineman,Jordan Bamford,Bamford13
48,4685,SJS,Pro Bowl,WR,Wide Receiver,Keanu Calhoun,Frostbite
48,4779,NOLA,Pro Bowl,WR,Wide Receiver,Thomas Passarelli,Tmoney6996
48,3580,AZ,Pro Bowl,WR,Wide Receiver,Benji Aguilera,CROney3
48,4617,NOLA,Pro Bowl,TE,Tight End,Bread Bowl,WALDO
48,5027,HON,Pro Bowl,TE,Offensive Lineman,Tyler Higbee II,SensibleDictator
48,5031,AZ,Pro Bowl,OL,Offensive Lineman,McDripsen McDropsen,Drip
48,4831,OCO,Pro Bowl,OL,Offensive Lineman,Billy Ennair,Jaywe88
48,4746,NOLA,Pro Bowl,OL,Offensive Lineman,Kelijah Verwae,Moosecop
48,5014,SJS,Pro Bowl,OL,Offensive Lineman,Swantavius Stack,Swanty
48,3264,AZ,Pro Bowl,OL,Offensive Lineman,Fortified Fridge,Murtsi
48,3409,NOLA,Pro Bowl,DE,Defensive End,Liv Elsathelookout,Bayley
48,3449,SJS,Pro Bowl,DE,Defensive End,Alex Armstrong,Duilio05
48,3489,NOLA,Pro Bowl,DT,Defensive Tackle,Bruce White,toofpete
48,3300,AUS,Pro Bowl,DT,Defensive Tackle,Carly Rae Jensen,unconfident
48,4885,OCO,Pro Bowl,ILB,Linebacker,Siri Kjellström,bex
48,3296,AZ,Pro Bowl,ILB,Linebacker,Sherwin Blue Jr.,Kotasa
48,3356,OCO,Pro Bowl,OLB,Linebacker,Sim Sunigh,SimmiZ
48,3505,SJS,Pro Bowl,OLB,Linebacker,DJ Maclean,Urq660
48,3526,NOLA,Pro Bowl,CB,Wide Receiver,Imma Sabercat,baz
48,4847,NOLA,Pro Bowl,CB,Cornerback,Trent Thigpen,GrimmCrackers
48,4664,SJS,Pro Bowl,CB,Cornerback,Blacksmith Andre,Muford
48,5107,HON,Pro Bowl,S,Safety,Caleb TheGEICOCamel,Rusfan
48,4950,OCO,Pro Bowl,S,Safety,Lasse Zeigler,jaypc8237
48,5108,HON,Pro Bowl,S,Offensive Lineman,Leonardo Da Pinchi,LtHudz
48,4684,NYS,Pro Bowl,P,Kicker,Wing Wang,platanocat
48,3288,SJS,Pro Bowl,K,Kicker,Booter McGavin,ajtigger
48,4671,HON,Pro Bowl,KR,Running Back,Stetson David,oilmandan
48,3450,OCO,Pro Bowl,KR,Cornerback,Jamdrian LeBayers,kenvald
48,4854,BER,Pro Bowl,QB,Quarterback,Tuna TurnDaBallOva,SomeSay...
48,3543,BAL,Pro Bowl,QB,Quarterback,Wolfie McDummy Jr.,infinitempg
48,4683,SAR,Pro Bowl,RB,Running Back,Ace Anderson,DangWookie
48,4656,BAL,Pro Bowl,RB,Running Back,Reginald Shrubbery,shrub02
48,4736,BAL,Pro Bowl,RB,Running Back,Anakin Skywalker,ForSucksFake
48,3103,SAR,Pro Bowl,RB,Running Back,Leandre Diarra,slate
48,4891,BER,Pro Bowl,WR,Wide Receiver,Pitter Patter,r0tzbua
48,4712,CHI,Pro Bowl,WR,Wide Receiver,Sem’ga Nah’sim,TheCC
48,4730,SAR,Pro Bowl,WR,Wide Receiver,Sam Mercury,Rise of Smitty
48,5007,COL,Pro Bowl,WR,Wide Receiver,Tim Riggins,shahdude
48,4754,COL,Pro Bowl,TE,Tight End,La’Fluke Paris-Johnson,hemhem
48,4899,CHI,Pro Bowl,TE,Tight End,Neil Bonnet,MMAJAKE710
48,5091,CHI,Pro Bowl,OL,Offensive Lineman,Gusztáv Farkas,Raven
48,5094,BER,Pro Bowl,OL,Offensive Lineman,Acutiramus Bohemicus,Gadget
48,3326,CTC,Pro Bowl,OL,Offensive Lineman,Walrus Jones,caravaggio
48,4889,BER,Pro Bowl,OL,Offensive Lineman,Klaus von Reinherz,J0EB
48,3452,BER,Pro Bowl,DE,Defensive End,Clint Mustache,manicmav36
48,4934,BER,Pro Bowl,DE,Linebacker,D’Jasper Probincrux IV,jreed12
48,3490,CTC,Pro Bowl,DT,Defensive Tackle,Jason Steele,FireworkFuse
48,4836,BAL,Pro Bowl,DT,Defensive Tackle,Carter Goad,caleb.grim
48,3492,CTC,Pro Bowl,OLB,Linebacker,Justin Willis,Cycro
48,4740,SAR,Pro Bowl,OLB,Linebacker,Ignatious Cleetington,110radio
48,4688,BAL,Pro Bowl,ILB,Linebacker,Narl Hecklenburg,Exilate
48,3512,SAR,Pro Bowl,ILB,Linebacker,John Stark VIII,UptownCord
48,3598,YKW,Pro Bowl,CB,Cornerback,Kadarius Claypool II,Weaves
48,3377,BAL,Pro Bowl,CB,Cornerback,Jake Williams,dude_man
48,4682,CHI,Pro Bowl,CB,Cornerback,Heiiajs D. Owidhuse,firstfray
48,4888,YKW,Pro Bowl,S,Cornerback,Luke Hunter,TubaDeus
48,3394,BAL,Pro Bowl,S,Safety,Bourtol Halcomsby,ItsFrenchie
48,4842,SAR,Pro Bowl,S,Safety,Jamie Orion,Piercewise1
48,3281,CHI,Pro Bowl,P,Kicker,David Doug,TheSparkyDee
48,4843,YKW,Pro Bowl,K,Kicker,Space Dino,lock180
48,4882,BER,Pro Bowl,KR,Running Back,Willie Swaggert,GlimsTC
48,4739,SAR,Pro Bowl,KR,Cornerback,Spruce Willis,FootballIsCool
48,4671,HON,RetOTY,RB,Running Back,Stetson David,oilmandan
48,5002,POR,STOTY,RB,Running Back,Gucci Gurley,MrGoat1246
49,4709,AUS,1600 Club,QB,Quarterback,Jay Cue III,Opera_Phantom
49,4657,NOLA,All-Pro First Team,QB,Quarterback,Octavion Speedings,CeeKay
49,4736,BAL,All-Pro First Team,RB,Running Back,Anakin Skywalker,ForSucksFake
49,3399,AUS,All-Pro First Team,RB,Running Back,Howard Coward,JKortesi81
49,4720,BAL,All-Pro First Team,FB,Running Back,Kyle Bessey,Pokecraft
49,4730,SAR,All-Pro First Team,WR,Wide Receiver,Sam Mercury,Rise of Smitty
49,4779,NOLA,All-Pro First Team,WR,Wide Receiver,Thomas Passarelli,Tmoney6996
49,4891,BER,All-Pro First Team,WR,Wide Receiver,Pitter Patter,r0tzbua
49,5016,YKW,All-Pro First Team,TE,Tight End,Bob Kronkowski,papalinator
49,4746,NOLA,All-Pro First Team,OT,Offensive Lineman,Kelijah Verwae,Moosecop
49,5014,SJS,All-Pro First Team,OT,Offensive Lineman,Swantavius Stack,Swanty
49,4750,SJS,All-Pro First Team,IOL,Offensive Lineman,Tha Thu Craicte,DeadlyPlayer
49,4900,OCO,All-Pro First Team,IOL,Offensive Lineman,Fin-Jeremy Har-Dur,Philliesphan96
49,3489,NOLA,All-Pro First Team,DT,Defensive Tackle,Bruce White,toofpete
49,4836,BAL,All-Pro First Team,DT,Defensive Tackle,Carter Goad,caleb.grim
49,4613,YKW,All-Pro First Team,DE,Defensive End,Dan Dandrews,sburbine
49,3452,BER,All-Pro First Team,DE,Defensive End,Clint Mustache,manicmav36
49,4886,SAR,All-Pro First Team,OLB,Linebacker,Ali Star,ProdigalSon
49,3505,SJS,All-Pro First Team,OLB,Linebacker,DJ Maclean,Urq660
49,4665,OSK,All-Pro First Team,ILB,Linebacker,LeHarm James,LHarm
49,3379,SJS,All-Pro First Team,CB,Cornerback,Brooks Piggott,ckroyal92
49,4674,CTC,All-Pro First Team,CB,Cornerback,Luigi Numberone,ztarwarz
49,4788,OSK,All-Pro First Team,S,Safety,Dewey Greenbeans,dcphil
49,3552,NYS,All-Pro First Team,S,Safety,Loose Cannon,Jumbo
49,4739,SAR,All-Pro First Team,FLEX,Cornerback,Spruce Willis,FootballIsCool
49,3528,HON,All-Pro First Team,K,Kicker,Ray Baker,jdc4654
49,4843,YKW,All-Pro First Team,P,Kicker,Space Dino,lock180
49,3493,BAL,All-Pro First Team,RET,Wide Receiver,Emile Charles,Number 82
49,5278,NOR,All-Pro First Team,QB,Safety,Jack Cannon,BlitzAce71
49,5176,DAL,All-Pro First Team,RB,Offensive Lineman,Cedric Theriault,tcookie
49,5195,MIN,All-Pro First Team,RB,Safety,Duke Silverback,wizard_literal
49,5306,BBB,All-Pro First Team,WR,Wide Receiver,Golden Ericksen,Seven Arrows
49,5190,NOR,All-Pro First Team,WR,Wide Receiver,Sweet Sweet Ganjasmoke,BOOM™
49,5260,TIJ,All-Pro First Team,WR,Wide Receiver,Kal Summers Jr,MrKrumz
49,5041,MIN,All-Pro First Team,TE,Tight End,Hex Waters II,hexify
49,5309,LON,All-Pro First Team,TE,Offensive Lineman,Eric Cartman,Luciddreams702
49,5101,POR,All-Pro First Team,OL,Offensive Lineman,smooth green girnch,hotdog
49,5301,MIN,All-Pro First Team,OL,Offensive Lineman,Traffic Cone,SoySavant
49,5189,LON,All-Pro First Team,OL,Offensive Lineman,- Baymax,IceBear32
49,5187,NOR,All-Pro First Team,DT,Linebacker,WW Jatt,Lumosityfan
49,5204,LON,All-Pro First Team,DT,Defensive Tackle,Hot Dam,Painted
49,5219,DAL,All-Pro First Team,DE,Defensive End,Rush Templeton,cyberowl
49,5294,NOR,All-Pro First Team,DE,Defensive Tackle,David Hudgens IV,TheSparkyDee
49,5169,POR,All-Pro First Team,LB,Linebacker,FTBLLCMR4D RUS-KCKR-001,8bitd1ck
49,5194,MIN,All-Pro First Team,LB,Linebacker,Joe Blaze,jlyles7
49,5273,DAL,All-Pro First Team,LB,Linebacker,Alexander Hordle Jr.,slate
49,5296,NOR,All-Pro First Team,CB,Cornerback,I.Q. Bowman,qWest
49,4999,POR,All-Pro First Team,CB,Offensive Lineman,Edith Nickelback,kahri
49,5239,POR,All-Pro First Team,S,Safety,Meguru Bachira,bachirafan
49,5174,LON,All-Pro First Team,S,Safety,Martavius Spencer,hihihi_62
49,5269,NOR,All-Pro First Team,K,Kicker,Jensen Wild,WildBoyy
49,5304,POR,All-Pro First Team,P,Kicker,Juan Futman,Existentialistic
49,5152,TIJ,All-Pro First Team,RET,Running Back,Bazooka Nuttingham,Gopher a beer
49,4669,SJS,All-Pro Second Team,QB,Quarterback,Josh Patterson,Tylertokesome04
49,4884,CTC,All-Pro Second Team,RB,Running Back,Hercules Henry,woelkers
49,3515,NOLA,All-Pro Second Team,RB,Running Back,Kyle Crane,Ultimatedestroye
49,4702,AUS,All-Pro Second Team,FB,Running Back,Sean Aldrich,slumped64
49,3580,AZ,All-Pro Second Team,WR,Wide Receiver,Benji Aguilera,CROney3
49,3501,NYS,All-Pro Second Team,WR,Wide Receiver,Sean Robinson,18situaseans
49,4685,SJS,All-Pro Second Team,WR,Wide Receiver,Keanu Calhoun,Frostbite
49,4899,OSK,All-Pro Second Team,TE,Tight End,Neil Bonnet,MMAJAKE710
49,4714,BAL,All-Pro Second Team,OT,Offensive Lineman,Tunkha Danstrol,TDenstroyer
49,3494,AZ,All-Pro Second Team,OT,Offensive Lineman,"Beeg Beeg Yoshi, Jr.",yosh
49,3568,SAR,All-Pro Second Team,IOL,Offensive Lineman,Artemis Entreri,entreri
49,4801,BER,All-Pro Second Team,K,Kicker,Golden Foote,musha6570
49,4684,NYS,All-Pro Second Team,P,Kicker,Wing Wang,platanocat
49,3432,NYS,All-Pro Second Team,DT,Defensive Tackle,Lionel Scrimmage,Mojojojo
49,3386,YKW,All-Pro Second Team,DT,Defensive Tackle,Mo Gago,FTR
49,3449,SJS,All-Pro Second Team,DE,Defensive End,Alex Armstrong,Duilio05
49,3409,NOLA,All-Pro Second Team,DE,Defensive End,Liv Elsathelookout,Bayley
49,4740,SAR,All-Pro Second Team,OLB,Linebacker,Ignatious Cleetington,110radio
49,4844,YKW,All-Pro Second Team,OLB,Linebacker,Thor Dangerson,homercrates
49,4902,YKW,All-Pro Second Team,ILB,Linebacker,Juran Riley,Huskies311
49,4888,YKW,All-Pro Second Team,CB,Cornerback,Luke Hunter,TubaDeus
49,5008,COL,All-Pro Second Team,CB,Cornerback,SkibidiGyat OhioRizzler,bold ni wally
49,3596,AZ,All-Pro Second Team,S,Safety,Brian Vincent-Vega,WrittinDirectino
49,4692,AUS,All-Pro Second Team,S,Safety,Robert Green,RobJG2
49,4682,OSK,All-Pro Second Team,FLEX,Cornerback,Heiiajs D. Owidhuse,firstfray
49,4685,SJS,All-Pro Second Team,RET,Wide Receiver,Keanu Calhoun,Frostbite
49,3409,NOLA,championship,DE,Defensive End,Liv Elsathelookout,Bayley
49,3489,NOLA,championship,DT,Defensive Tackle,Bruce White,toofpete
49,3515,NOLA,championship,RB,Running Back,Kyle Crane,Ultimatedestroye
49,3526,NOLA,championship,CB,Wide Receiver,Imma Sabercat,baz
49,4603,NOLA,championship,WR,Wide Receiver,Hank Mardukas,Chicken Lips
49,4626,NOLA,championship,T,Offensive Lineman,Aaron Jäger,MouseMazing
49,4657,NOLA,championship,QB,Quarterback,Octavion Speedings,CeeKay
49,4705,NOLA,championship,LB,Linebacker,Allister Adebam,MobiausGrander
49,4729,NOLA,championship,LB,Linebacker,Josh Gibson,DoubleDub
49,4738,NOLA,championship,LB,Linebacker,Bubba Hog,IHateBobNutting
49,4746,NOLA,championship,T,Offensive Lineman,Kelijah Verwae,Moosecop
49,4779,NOLA,championship,WR,Wide Receiver,Thomas Passarelli,Tmoney6996
49,4828,NOLA,championship,FS,Safety,Scott Junior,JoeSteel
49,4851,NOLA,championship,G,Offensive Lineman,Biggie Fast,jj2416
49,4887,NOLA,championship,CB,Cornerback,Dawelle Wevis,AW13
49,4894,NOLA,championship,WR,Wide Receiver,André Benn,Ben
49,4895,NOLA,championship,DT,Defensive Tackle,Doctor Who,thewhovian
49,4896,NOLA,championship,FS,Safety,Paul Edgecomb,TomHanks
49,4924,NOLA,championship,FB,Running Back,Aaron Ford,Aford9910
49,4946,NOLA,championship,G,Offensive Lineman,Octavio Volarus,CementHands
49,4952,NOLA,championship,LB,Linebacker,Oxford Comma,domffl
49,4953,NOLA,championship,K,Offensive Lineman,Jack Sloth,slothfacekilla
49,5031,NOLA,championship,C,Offensive Lineman,McDripsen McDropsen,Drip
49,5032,NOLA,championship,RB,Running Back,Will Nuck,NUCK
49,5112,NOLA,championship,CB,Cornerback,Stone Wall,bfry
49,5191,NOLA,championship,TE,Tight End,Auto Matic,AJW
49,5296,NOR,DPerOTY,CB,Cornerback,I.Q. Bowman,qWest
49,3505,SJS,DPOTY,LB,Linebacker,DJ Maclean,Urq660
49,5273,DAL,DPOTY,LB,Linebacker,Alexander Hordle Jr.,slate
49,5199,COL,DROTY,LB,Linebacker,Tua Domine,Yeenoghu
49,5296,NOR,DROTY,CB,Cornerback,I.Q. Bowman,qWest
49,2860,CTC,HoF,Defensive Tackle,Defensive Tackle,Christian Marciano,Pat
49,2853,YKW,HoF,Defensive End,Defensive End,Daron Arnold,TubaDeus
49,3121,CTC,HoF,Safety,Safety,Jasper Fontaine,lordcoolcats
49,2936,SAR,HoF,Tight End,Tight End,Lucius Salem,ImSatanJunior
49,3025,NYS,HoF,Safety,Safety,Regina Ferraro,Baron1898
49,2974,CTC,HoF,Offensive Lineman,Offensive Lineman,Swantavius Payne,Swanty
49,3528,HON,KPOTY,K,Kicker,Ray Baker,jdc4654
49,4736,BAL,MVP,RB,Running Back,Anakin Skywalker,ForSucksFake
49,5278,NOR,MVP,S,Safety,Jack Cannon,BlitzAce71
49,5260,TIJ,OPerOTY,WR,Wide Receiver,Kal Summers Jr,MrKrumz
49,3515,NOLA,OPOTY,RB,Running Back,Kyle Crane,Ultimatedestroye
49,5002,POR,OPOTY,RB,Running Back,Gucci Gurley,MrGoat1246
49,5019,AZ,OROTY,QB,Quarterback,Puddles O'Duck,Z-Whiz
49,5278,NOR,OROTY,S,Safety,Jack Cannon,BlitzAce71
49,5012,SAR,PerOTY,S,Safety,Toller Retriever,mer
49,4669,SJS,Pro Bowl,QB,Quarterback,Josh Patterson,Tylertokesome04
49,4657,NOLA,Pro Bowl,QB,Quarterback,Octavion Speedings,CeeKay
49,3515,NOLA,Pro Bowl,RB,Running Back,Kyle Crane,Ultimatedestroye
49,4893,SJS,Pro Bowl,RB,Wide Receiver,Kit Fisto,Pvtpenne
49,3399,AUS,Pro Bowl,RB,Running Back,Howard Coward,JKortesi81
49,4702,AUS,Pro Bowl,RB,Running Back,Sean Aldrich,slumped64
49,4779,NOLA,Pro Bowl,WR,Wide Receiver,Thomas Passarelli,Tmoney6996
49,4685,SJS,Pro Bowl,WR,Wide Receiver,Keanu Calhoun,Frostbite
49,3580,AZ,Pro Bowl,WR,Wide Receiver,Benji Aguilera,CROney3
49,4848,SJS,Pro Bowl,WR,Wide Receiver,Orange Julius,OrangeJulius
49,5191,NOLA,Pro Bowl,TE,Tight End,Auto Matic,AJW
49,5200,OCO,Pro Bowl,TE,Tight End,Deacon Blues,UptownCord
49,4946,NOLA,Pro Bowl,OL,Offensive Lineman,Octavio Volarus,CementHands
49,4851,NOLA,Pro Bowl,OL,Offensive Lineman,Biggie Fast,jj2416
49,3494,AZ,Pro Bowl,OL,Offensive Lineman,"Beeg Beeg Yoshi, Jr.",yosh
49,5014,SJS,Pro Bowl,OL,Offensive Lineman,Swantavius Stack,Swanty
49,4686,SJS,Pro Bowl,OL,Offensive Lineman,Bruce Talis,Brucitalis
49,3409,NOLA,Pro Bowl,DE,Defensive End,Liv Elsathelookout,Bayley
49,3449,SJS,Pro Bowl,DE,Defensive End,Alex Armstrong,Duilio05
49,3489,NOLA,Pro Bowl,DT,Defensive Tackle,Bruce White,toofpete
49,3432,NYS,Pro Bowl,DT,Defensive Tackle,Lionel Scrimmage,Mojojojo
49,5020,AZ,Pro Bowl,ILB,Linebacker,Grzegorz Winnicki,araa
49,5023,AZ,Pro Bowl,ILB,Linebacker,Ryan Joseph,Rydel439
49,3505,SJS,Pro Bowl,OLB,Linebacker,DJ Maclean,Urq660
49,4705,NOLA,Pro Bowl,OLB,Linebacker,Allister Adebam,MobiausGrander
49,3379,SJS,Pro Bowl,CB,Cornerback,Brooks Piggott,ckroyal92
49,5037,OCO,Pro Bowl,CB,Cornerback,South West,Honoredmexican
49,5029,HON,Pro Bowl,CB,Cornerback,Roquefort Cotswold,roquefort
49,3552,SJS,Pro Bowl,S,Safety,Loose Cannon,Jumbo
49,4896,NOLA,Pro Bowl,S,Safety,Paul Edgecomb,TomHanks
49,4692,AUS,Pro Bowl,S,Safety,Robert Green,RobJG2
49,4684,NYS,Pro Bowl,P,Kicker,Wing Wang,platanocat
49,3528,HON,Pro Bowl,K,Kicker,Ray Baker,jdc4654
49,4671,HON,Pro Bowl,KR,Running Back,Stetson David,oilmandan
49,3450,OCO,Pro Bowl,KR,Cornerback,Jamdrian LeBayers,kenvald
49,4741,YKW,Pro Bowl,QB,Offensive Lineman,Maximus Boudreaux,ZootTX
49,5013,SAR,Pro Bowl,QB,Quarterback,- Bugs,ImSatanJunior
49,4736,BAL,Pro Bowl,RB,Running Back,Anakin Skywalker,ForSucksFake
49,4882,BER,Pro Bowl,RB,Running Back,Willie Swaggert,GlimsTC
49,4656,BAL,Pro Bowl,RB,Running Back,Reginald Shrubbery,shrub02
49,4945,YKW,Pro Bowl,RB,Running Back,Billy Van Goff,bjkman
49,4891,BER,Pro Bowl,WR,Wide Receiver,Pitter Patter,r0tzbua
49,4730,SAR,Pro Bowl,WR,Wide Receiver,Sam Mercury,Rise of Smitty
49,4997,BAL,Pro Bowl,WR,Wide Receiver,María Teresa de la Rosa,Baron1898
49,4712,OSK,Pro Bowl,WR,Wide Receiver,Sem’ga Nah’sim,TheCC
49,5016,YKW,Pro Bowl,TE,Tight End,Bob Kronkowski,papalinator
49,4899,OSK,Pro Bowl,TE,Tight End,Neil Bonnet,MMAJAKE710
49,5091,OSK,Pro Bowl,OL,Offensive Lineman,Gusztáv Farkas,Raven
49,5094,BER,Pro Bowl,OL,Offensive Lineman,Acutiramus Bohemicus,Gadget
49,4797,OSK,Pro Bowl,OL,Offensive Lineman,Ivan Ivanov,kmatt
49,4889,BER,Pro Bowl,OL,Offensive Lineman,Klaus von Reinherz,J0EB
49,4714,BAL,Pro Bowl,OL,Offensive Lineman,Tunkha Danstrol,TDenstroyer
49,3452,BER,Pro Bowl,DE,Defensive End,Clint Mustache,manicmav36
49,4934,BER,Pro Bowl,DE,Linebacker,D’Jasper Probincrux IV,jreed12
49,3386,YKW,Pro Bowl,DT,Defensive Tackle,Mo Gago,FTR
49,4836,BAL,Pro Bowl,DT,Defensive Tackle,Carter Goad,caleb.grim
49,4886,SAR,Pro Bowl,OLB,Linebacker,Ali Star,ProdigalSon
49,4740,SAR,Pro Bowl,OLB,Linebacker,Ignatious Cleetington,110radio
49,4939,CTC,Pro Bowl,ILB,Linebacker,Scorch von Turbo,lordcoolcats
49,5093,COL,Pro Bowl,ILB,Linebacker,Adolin Collins,infern8
49,4674,CTC,Pro Bowl,CB,Cornerback,Luigi Numberone,ztarwarz
49,4739,SAR,Pro Bowl,CB,Cornerback,Spruce Willis,FootballIsCool
49,4621,BAL,Pro Bowl,CB,Offensive Lineman,Dino Nuggets,swoosh
49,4888,YKW,Pro Bowl,S,Cornerback,Luke Hunter,TubaDeus
49,4788,OSK,Pro Bowl,S,Safety,Dewey Greenbeans,dcphil
49,5012,SAR,Pro Bowl,S,Safety,Toller Retriever,mer
49,4843,YKW,Pro Bowl,P,Kicker,Space Dino,lock180
49,5092,COL,Pro Bowl,K,Linebacker,Cameron Oswald-Newton,Kobefromthefrobe
49,3493,BAL,Pro Bowl,KR,Wide Receiver,Emile Charles,Number 82
49,4942,YKW,Pro Bowl,KR,Wide Receiver,Silence Suzuka,xenosthelegend
49,3493,BAL,RetOTY,WR,Wide Receiver,Emile Charles,Number 82
49,5269,NOR,STOTY,K,Kicker,Jensen Wild,WildBoyy
50,4779,NOLA,1600 Club,WR,Wide Receiver,Thomas Passarelli,Tmoney6996
50,4829,CTC,1600 Club,QB,Quarterback,Thor Bǫllrsveifla,Thor
50,4838,HON,All-Pro First Team,QB,Quarterback,Lenard McRobinson,shadyshoelace
50,4947,AZ,All-Pro First Team,RB,Running Back,Purdy mediocre,KaleSalad
50,4656,BAL,All-Pro First Team,RB,Running Back,Reginald Shrubbery,shrub02
50,4945,YKW,All-Pro First Team,FB,Running Back,Billy Van Goff,bjkman
50,5027,HON,All-Pro First Team,TE,Offensive Lineman,Tyler Higbee II,SensibleDictator
50,4685,CTC,All-Pro First Team,WR,Wide Receiver,Keanu Calhoun,Frostbite
50,3580,AZ,All-Pro First Team,WR,Wide Receiver,Benji Aguilera,CROney3
50,4920,OCO,All-Pro First Team,WR,Wide Receiver,Chopper Donquixote,amjohnson636
50,5014,HON,All-Pro First Team,OT,Offensive Lineman,Swantavius Stack,Swanty
50,4889,BFS,All-Pro First Team,OT,Offensive Lineman,Klaus von Reinherz,J0EB
50,5094,BFS,All-Pro First Team,IOL,Offensive Lineman,Acutiramus Bohemicus,Gadget
50,4900,OCO,All-Pro First Team,IOL,Offensive Lineman,Fin-Jeremy Har-Dur,Philliesphan96
50,4750,SJS,All-Pro First Team,IOL,Offensive Lineman,Tha Thu Craicte,DeadlyPlayer
50,4895,NOLA,All-Pro First Team,DT,Defensive Tackle,Doctor Who,thewhovian
50,4836,BAL,All-Pro First Team,DT,Defensive Tackle,Carter Goad,caleb.grim
50,5110,HON,All-Pro First Team,DE,Defensive End,Rex Havoc,Muddym13
50,3449,SJS,All-Pro First Team,DE,Defensive End,Alex Armstrong,Duilio05
50,4705,NOLA,All-Pro First Team,OLB,Linebacker,Allister Adebam,MobiausGrander
50,4808,NYS,All-Pro First Team,OLB,Linebacker,Crazy Tomato,Crazytomato
50,4623,HON,All-Pro First Team,ILB,Linebacker,Federico Americano,MN_Moosey
50,4664,SJS,All-Pro First Team,CB,Cornerback,Blacksmith Andre,Muford
50,4674,CTC,All-Pro First Team,CB,Cornerback,Luigi Numberone,ztarwarz
50,4788,OSK,All-Pro First Team,S,Safety,Dewey Greenbeans,dcphil
50,4955,NYS,All-Pro First Team,S,Safety,Lyle Taylor,PurplePiratePoo
50,4935,BFS,All-Pro First Team,FLEX,Cornerback,Devin Jones,Drizzy
50,3528,HON,All-Pro First Team,K,Kicker,Ray Baker,jdc4654
50,4880,BAL,All-Pro First Team,P,Kicker,Master Chief,SnowyWolfz
50,4685,CTC,All-Pro First Team,RET,Wide Receiver,Keanu Calhoun,Frostbite
50,5209,LON,All-Pro First Team,QB,Quarterback,Dexter Morgan,goodvsevil1275
50,5284,POR,All-Pro First Team,RB,Running Back,JamesIsRunning Wilder,kdr
50,5282,LON,All-Pro First Team,RB,Running Back,Dalinar Summers,lunaripcole
50,5357,POR,All-Pro First Team,FB,Running Back,Ignacio de la Serna,crash1005
50,5302,LON,All-Pro First Team,WR,Wide Receiver,Joe Cool,The.Pat
50,5190,NOR,All-Pro First Team,WR,Wide Receiver,Sweet Sweet Ganjasmoke,BOOM™
50,5255,BBB,All-Pro First Team,WR,Wide Receiver,Travis Novak,jayamshah99
50,5265,TIJ,All-Pro First Team,TE,Tight End,Feka Ohi Kau,Hacob
50,5344,KCC,All-Pro First Team,TE,Tight End,Big Strong Red Panda,Lemorse7
50,5292,MIN,All-Pro First Team,IOL,Defensive Tackle,Okuyasu Nijimura,KnowledgeBoy
50,5336,LON,All-Pro First Team,OT,Offensive Lineman,Mike Ross,Jacky
50,5286,MIN,All-Pro First Team,OT,Offensive Lineman,Honda Civic,unconfident
50,5345,MIN,All-Pro First Team,DT,Linebacker,Ghost Panda,juniped
50,5359,KCC,All-Pro First Team,DT,Defensive End,Brick Wall,IR15H0000000000
50,5354,KCC,All-Pro First Team,DE,Defensive Tackle,Paulie Wag,Pelochyta
50,5319,POR,All-Pro First Team,DE,Defensive End,Mikey Knuckelz,MikeyKnuckelz
50,5194,MIN,All-Pro First Team,OLB,Linebacker,Joe Blaze,jlyles7
50,5273,DAL,All-Pro First Team,OLB,Linebacker,Alexander Hordle Jr.,slate
50,5285,POR,All-Pro First Team,ILB,Defensive Tackle,JC Tomlinson,Knif3yMan87
50,5239,POR,All-Pro First Team,CB,Safety,Meguru Bachira,bachirafan
50,5355,TIJ,All-Pro First Team,CB,Cornerback,Kai Ware,Hepha
50,5342,NOR,All-Pro First Team,S,Safety,Gavin Girard,Froste39
50,5263,BBB,All-Pro First Team,S,Safety,Taonga Kofi,midknight
50,5269,NOR,All-Pro First Team,K,Kicker,Jensen Wild,WildBoyy
50,5252,BBB,All-Pro First Team,P,Kicker,Jack Wolf,ClayAbby
50,5264,POR,All-Pro First Team,RET,Wide Receiver,Scott Wickerd,scottyw13
50,4736,BAL,All-Pro Second Team,RB,Running Back,Anakin Skywalker,ForSucksFake
50,4893,SJS,All-Pro Second Team,RB,Wide Receiver,Kit Fisto,Pvtpenne
50,4702,AUS,All-Pro Second Team,FB,Running Back,Sean Aldrich,slumped64
50,5016,YKW,All-Pro Second Team,TE,Tight End,Bob Kronkowski,papalinator
50,4855,OSK,All-Pro Second Team,WR,Wide Receiver,Diego López de Castilla,DL14
50,4997,BAL,All-Pro Second Team,WR,Wide Receiver,María Teresa de la Rosa,Baron1898
50,5103,AUS,All-Pro Second Team,WR,Wide Receiver,Seer Ial,omg
50,5091,SJS,All-Pro Second Team,OT,Offensive Lineman,Gusztáv Farkas,Raven
50,3494,AZ,All-Pro Second Team,OT,Offensive Lineman,"Beeg Beeg Yoshi, Jr.",yosh
50,5031,NOLA,All-Pro Second Team,IOL,Offensive Lineman,McDripsen McDropsen,Drip
50,5179,SAR,All-Pro Second Team,IOL,Offensive Lineman,Klaus Reinhardt,Middy
50,4938,AZ,All-Pro Second Team,IOL,Offensive Lineman,Taylor Swift,smolkrnboi
50,4948,AZ,All-Pro Second Team,K,Kicker,Wynn Jenkins,Rydychyn
50,4948,AZ,All-Pro Second Team,P,Kicker,Wynn Jenkins,Rydychyn
50,5114,NYS,All-Pro Second Team,DT,Defensive Tackle,Draven Chanos,.Laser
50,4892,AUS,All-Pro Second Team,DT,Defensive Tackle,Oops All-Pro,PugWalrus
50,4613,YKW,All-Pro Second Team,DE,Defensive End,Dan Dandrews,sburbine
50,4722,SAR,All-Pro Second Team,DE,Defensive End,Gil Fischer,ctots
50,4886,SAR,All-Pro Second Team,OLB,Linebacker,Ali Star,ProdigalSon
50,3505,SJS,All-Pro Second Team,OLB,Linebacker,DJ Maclean,Urq660
50,4897,NYS,All-Pro Second Team,ILB,Defensive End,Perry Passiveman,Cody
50,5029,HON,All-Pro Second Team,CB,Cornerback,Roquefort Cotswold,roquefort
50,5008,COL,All-Pro Second Team,CB,Cornerback,SkibidiGyat OhioRizzler,bold ni wally
50,5107,HON,All-Pro Second Team,S,Safety,Caleb TheGEICOCamel,Rusfan
50,5018,YKW,All-Pro Second Team,S,Safety,Tony Scaletta,Starboy
50,4896,NOLA,All-Pro Second Team,FLEX,Safety,Paul Edgecomb,TomHanks
50,4795,OSK,All-Pro Second Team,RET,Running Back,Triceracop -,Triceracop
50,3409,BAL,championship,DE,Defensive End,Liv Elsathelookout,Bayley
50,3493,BAL,championship,WR,Wide Receiver,Emile Charles,Number 82
50,3543,BAL,championship,QB,Quarterback,Wolfie McDummy Jr.,infinitempg
50,4605,BAL,championship,CB,Cornerback,Chaos Vert,Bubba
50,4621,BAL,championship,CB,Offensive Lineman,Dino Nuggets,swoosh
50,4656,BAL,championship,RB,Running Back,Reginald Shrubbery,shrub02
50,4688,BAL,championship,LB,Linebacker,Narl Hecklenburg,Exilate
50,4714,BAL,championship,C,Offensive Lineman,Tunkha Danstrol,TDenstroyer
50,4720,BAL,championship,FB,Running Back,Kyle Bessey,Pokecraft
50,4736,BAL,championship,RB,Running Back,Anakin Skywalker,ForSucksFake
50,4753,BAL,championship,LB,Linebacker,Gaius Gleel,Crodyman
50,4836,BAL,championship,DT,Defensive Tackle,Carter Goad,caleb.grim
50,4837,BAL,championship,LB,Linebacker,Joe Bazooka,Bazooka_Joe
50,4880,BAL,championship,K,Kicker,Master Chief,SnowyWolfz
50,4881,BAL,championship,FS,Safety,Chappy McChapperson,Charple
50,4976,BAL,championship,LB,Linebacker,Bean Beanman III,Seymour
50,4997,BAL,championship,WR,Wide Receiver,María Teresa de la Rosa,Baron1898
50,4998,BAL,championship,FS,Safety,Lyle Robideaux,Figgy
50,4999,BAL,championship,G,Offensive Lineman,Edith Nickelback,kahri
50,5000,BAL,championship,DE,Defensive End,Upceti Spaghetti,Agent Chaos
50,5078,BAL,championship,CB,Cornerback,Lawrence Crawford,SwankyPants31
50,5168,BAL,championship,G,Offensive Lineman,Taylor's BF's Brother,STZ
50,5296,TIJ,DPerOTY,CB,Cornerback,I.Q. Bowman,qWest
50,5029,HON,DPOTY,CB,Cornerback,Roquefort Cotswold,roquefort
50,5239,POR,DPOTY,S,Safety,Meguru Bachira,bachirafan
50,5169,BER,DROTY,LB,Linebacker,FTBLLCMR4D RUS-KCKR-001,8bitd1ck
50,5332,MIN,DROTY,LB,Kicker,Roy Rivers,RoyRivers
50,3133,CHI,HoF,Wide Receiver,Wide Receiver,Austin Morley,soevil
50,3528,HON,KPOTY,K,Kicker,Ray Baker,jdc4654
50,4838,HON,MVP,QB,Quarterback,Lenard McRobinson,shadyshoelace
50,5209,LON,MVP,QB,Quarterback,Dexter Morgan,goodvsevil1275
50,5333,BBB,OPerOTY,RB,Running Back,Quincy Robinson,18situaseans
50,4656,BAL,OPOTY,RB,Running Back,Reginald Shrubbery,shrub02
50,5284,POR,OPOTY,RB,Running Back,JamesIsRunning Wilder,kdr
50,5303,OCO,OROTY,RB,Running Back,William Strong,Bigred1580
50,5349,NOR,OROTY,S,Safety,Matt Turk,Matt Turk
50,5029,HON,PerOTY,CB,Cornerback,Roquefort Cotswold,roquefort
50,4838,HON,Pro Bowl,QB,Quarterback,Lenard McRobinson,shadyshoelace
50,5019,AZ,Pro Bowl,QB,Quarterback,Puddles O'Duck,Z-Whiz
50,4947,AZ,Pro Bowl,RB,Running Back,Purdy mediocre,KaleSalad
50,4893,SJS,Pro Bowl,RB,Wide Receiver,Kit Fisto,Pvtpenne
50,4956,HON,Pro Bowl,RB,Wide Receiver,Fig Newton,MMFLEX
50,4924,NOLA,Pro Bowl,RB,Running Back,Aaron Ford,Aford9910
50,4920,OCO,Pro Bowl,WR,Wide Receiver,Chopper Donquixote,amjohnson636
50,5103,AUS,Pro Bowl,WR,Wide Receiver,Seer Ial,omg
50,3580,AZ,Pro Bowl,WR,Wide Receiver,Benji Aguilera,CROney3
50,4848,SJS,Pro Bowl,WR,Wide Receiver,Orange Julius,OrangeJulius
50,5200,OCO,Pro Bowl,TE,Tight End,Deacon Blues,UptownCord
50,5191,NOLA,Pro Bowl,TE,Tight End,Auto Matic,AJW
50,5189,HON,Pro Bowl,OL,Offensive Lineman,- Baymax,IceBear32
50,5101,AZ,Pro Bowl,OL,Offensive Lineman,smooth green girnch,hotdog
50,5091,SJS,Pro Bowl,OL,Offensive Lineman,Gusztáv Farkas,Raven
50,4900,OCO,Pro Bowl,OL,Offensive Lineman,Fin-Jeremy Har-Dur,Philliesphan96
50,5108,HON,Pro Bowl,OL,Offensive Lineman,Leonardo Da Pinchi,LtHudz
50,5110,HON,Pro Bowl,DE,Defensive End,Rex Havoc,Muddym13
50,3449,SJS,Pro Bowl,DE,Defensive End,Alex Armstrong,Duilio05
50,4895,NOLA,Pro Bowl,DT,Defensive Tackle,Doctor Who,thewhovian
50,5114,NYS,Pro Bowl,DT,Defensive Tackle,Draven Chanos,.Laser
50,4623,HON,Pro Bowl,LB,Linebacker,Federico Americano,MN_Moosey
50,4897,NYS,Pro Bowl,LB,Defensive End,Perry Passiveman,Cody
50,4705,NOLA,Pro Bowl,LB,Linebacker,Allister Adebam,MobiausGrander
50,4957,SJS,Pro Bowl,LB,Linebacker,Duilio's Beard,RussDrivesTheBus
50,5029,HON,Pro Bowl,CB,Cornerback,Roquefort Cotswold,roquefort
50,4664,SJS,Pro Bowl,CB,Cornerback,Blacksmith Andre,Muford
50,4847,AUS,Pro Bowl,CB,Cornerback,Trent Thigpen,GrimmCrackers
50,4955,NYS,Pro Bowl,S,Safety,Lyle Taylor,PurplePiratePoo
50,5107,HON,Pro Bowl,S,Safety,Caleb TheGEICOCamel,Rusfan
50,4713,SJS,Pro Bowl,S,Safety,Mega Tron,McGriddy10
50,3528,HON,Pro Bowl,P,Kicker,Ray Baker,jdc4654
50,4948,AZ,Pro Bowl,K,Kicker,Wynn Jenkins,Rydychyn
50,4896,NOLA,Pro Bowl,KR,Safety,Paul Edgecomb,TomHanks
50,4744,OCO,Pro Bowl,KR,Safety,Bertie Mannering-Phipps,bernardhibou
50,4829,CTC,Pro Bowl,QB,Quarterback,Thor Bǫllrsveifla,Thor
50,5013,SAR,Pro Bowl,QB,Quarterback,- Bugs,ImSatanJunior
50,4656,BAL,Pro Bowl,RB,Running Back,Reginald Shrubbery,shrub02
50,4736,BAL,Pro Bowl,RB,Running Back,Anakin Skywalker,ForSucksFake
50,4683,SAR,Pro Bowl,RB,Running Back,Ace Anderson,DangWookie
50,4945,YKW,Pro Bowl,RB,Running Back,Billy Van Goff,bjkman
50,4685,CTC,Pro Bowl,WR,Wide Receiver,Keanu Calhoun,Frostbite
50,4855,OSK,Pro Bowl,WR,Wide Receiver,Diego López de Castilla,DL14
50,4997,BAL,Pro Bowl,WR,Wide Receiver,María Teresa de la Rosa,Baron1898
50,5007,COL,Pro Bowl,WR,Wide Receiver,Tim Riggins,shahdude
50,5016,YKW,Pro Bowl,TE,Tight End,Bob Kronkowski,papalinator
50,5146,COL,Pro Bowl,TE,Tight End,Secret Squirrel,iStegosauruz
50,5179,SAR,Pro Bowl,OL,Offensive Lineman,Klaus Reinhardt,Middy
50,5192,OSK,Pro Bowl,OL,Offensive Lineman,Daniel Janser,Daniel Janser
50,5014,SAR,Pro Bowl,OL,Offensive Lineman,Swantavius Stack,Swanty
50,4889,BAL,Pro Bowl,OL,Offensive Lineman,Klaus von Reinherz,J0EB
50,5180,YKW,Pro Bowl,OL,Offensive Lineman,Devin Mace,Dev0
50,5000,BAL,Pro Bowl,DE,Defensive End,Upceti Spaghetti,Agent Chaos
50,5011,CTC,Pro Bowl,DE,Defensive End,Luke Laraque,Blix900
50,4836,BAL,Pro Bowl,DT,Defensive Tackle,Carter Goad,caleb.grim
50,5116,OSK,Pro Bowl,DT,Defensive Tackle,Juan Carrasco,Wiggli
50,5089,COL,Pro Bowl,LB,Linebacker,Willeh Strong,wetwilleh
50,4837,BAL,Pro Bowl,LB,Linebacker,Joe Bazooka,Bazooka_Joe
50,5169,BER,Pro Bowl,LB,Linebacker,FTBLLCMR4D RUS-KCKR-001,8bitd1ck
50,4688,BAL,Pro Bowl,LB,Linebacker,Narl Hecklenburg,Exilate
50,4674,CTC,Pro Bowl,CB,Cornerback,Luigi Numberone,ztarwarz
50,5008,COL,Pro Bowl,CB,Cornerback,SkibidiGyat OhioRizzler,bold ni wally
50,4935,BER,Pro Bowl,CB,Cornerback,Devin Jones,Drizzy
50,4788,OSK,Pro Bowl,S,Safety,Dewey Greenbeans,dcphil
50,4951,BER,Pro Bowl,S,Linebacker,PeePee Poop-Eater Jr.,Nathan
50,4840,OSK,Pro Bowl,S,Safety,Marty Crane,Marty the Monster
50,4843,YKW,Pro Bowl,P,Kicker,Space Dino,lock180
50,5092,COL,Pro Bowl,K,Linebacker,Cameron Oswald-Newton,Kobefromthefrobe
50,5172,COL,Pro Bowl,KR,Running Back,Julian McMorris II,TubbyTim69
50,4795,OSK,Pro Bowl,KR,Running Back,Triceracop -,Triceracop
50,4685,CTC,RetOTY,WR,Wide Receiver,Keanu Calhoun,Frostbite
50,5269,NOR,STOTY,K,Kicker,Jensen Wild,WildBoyy
51,4888,YKW,1600 Club,CB,Cornerback,Luke Hunter,TubaDeus
51,4893,HON,1600 Club,WR,Wide Receiver,Kit Fisto,Pvtpenne
51,4709,AUS,All-Pro First Team,QB,Quarterback,Jay Cue III,Opera_Phantom
51,4795,OSK,All-Pro First Team,RB,Running Back,Triceracop -,Triceracop
51,4736,BAL,All-Pro First Team,RB,Running Back,Anakin Skywalker,ForSucksFake
51,5102,AUS,All-Pro First Team,FB,Running Back,Mako Mendonca Jr,Mooty99
51,4920,SAR,All-Pro First Team,TE,Wide Receiver,Chopper Donquixote,amjohnson636
51,4940,CTC,All-Pro First Team,WR,Wide Receiver,Dru Freduci,Keyg_an
51,4893,HON,All-Pro First Team,WR,Wide Receiver,Kit Fisto,Pvtpenne
51,4685,CTC,All-Pro First Team,WR,Wide Receiver,Keanu Calhoun,Frostbite
51,4741,YKW,All-Pro First Team,OT,Offensive Lineman,Maximus Boudreaux,ZootTX
51,4889,BFB,All-Pro First Team,OT,Offensive Lineman,Klaus von Reinherz,J0EB
51,5031,NOLA,All-Pro First Team,IOL,Offensive Lineman,McDripsen McDropsen,Drip
51,5196,NYS,All-Pro First Team,IOL,Offensive Lineman,Oandon Lolanin,jacobcarson877
51,4714,BAL,All-Pro First Team,IOL,Offensive Lineman,Tunkha Danstrol,TDenstroyer
51,4895,NOLA,All-Pro First Team,DT,Defensive Tackle,Doctor Who,thewhovian
51,5114,NYS,All-Pro First Team,DT,Defensive Tackle,Draven Chanos,.Laser
51,5110,HON,All-Pro First Team,DE,Defensive End,Rex Havoc,Muddym13
51,3449,SJS,All-Pro First Team,DE,Defensive End,Alex Armstrong,Duilio05
51,4837,BAL,All-Pro First Team,OLB,Linebacker,Joe Bazooka,Bazooka_Joe
51,4745,AUS,All-Pro First Team,OLB,Linebacker,Crasher Wake,AriaEXE
51,5020,AZ,All-Pro First Team,ILB,Linebacker,Grzegorz Winnicki,araa
51,4682,OSK,All-Pro First Team,CB,Cornerback,Heiiajs D. Owidhuse,firstfray
51,4847,AUS,All-Pro First Team,CB,Cornerback,Trent Thigpen,GrimmCrackers
51,5006,COL,All-Pro First Team,S,Safety,Eric Beaty jr.,bechtudo
51,5239,OCO,All-Pro First Team,S,Safety,Meguru Bachira,bachirafan
51,4739,SAR,All-Pro First Team,FLEX,Cornerback,Spruce Willis,FootballIsCool
51,5303,OCO,All-Pro First Team,RET,Running Back,William Strong,Bigred1580
51,4948,AZ,All-Pro First Team,K,Kicker,Wynn Jenkins,Rydychyn
51,4948,AZ,All-Pro First Team,P,Kicker,Wynn Jenkins,Rydychyn
51,5350,MIN,All-Pro First Team,QB,Offensive Lineman,Cyrus MacDougall,g2019
51,5390,NOR,All-Pro First Team,RB,Running Back,Lee Rushmore,Hordle
51,5404,BBB,All-Pro First Team,RB,Wide Receiver,Crazy Tomato II,Crazytomato
51,5207,MIN,All-Pro First Team,FB,Running Back,Kool Kyle,Jaywe88
51,5182,MIN,All-Pro First Team,WR,Wide Receiver,Benny The Jet,wildcatbandit
51,5255,BBB,All-Pro First Team,WR,Wide Receiver,Travis Novak,jayamshah99
51,5331,KCC,All-Pro First Team,WR,Running Back,Jeff Land Shark,LiathTheSquirrel
51,5257,MIN,All-Pro First Team,TE,Kicker,Blo Cage,ItsFrenchie
51,5351,BBB,All-Pro First Team,TE,Offensive Lineman,Bug Jones,UpperNet
51,5391,LON,All-Pro First Team,IOL,Running Back,Baron von Froggington,iStegosauruz
51,5336,LON,All-Pro First Team,OT,Offensive Lineman,Mike Ross,Jacky
51,5392,MIN,All-Pro First Team,OT,Offensive Lineman,Blueberry Muffin,Ephenssta
51,5394,LON,All-Pro First Team,DT,Cornerback,Brick Pudding,Fronk
51,5397,NOR,All-Pro First Team,DT,Defensive Tackle,Benji Raga,SabaDonutMan
51,5401,TIJ,All-Pro First Team,DE,Defensive End,Mako Shark,ztarwarz
51,5388,POR,All-Pro First Team,DE,Defensive Tackle,Jimmy John Rushmore,LGLAC613
51,5358,NOR,All-Pro First Team,OLB,Defensive Tackle,Senior Seau,ComebackZak
51,5332,BBB,All-Pro First Team,OLB,Kicker,Roy Rivers,RoyRivers
51,5280,BBB,All-Pro First Team,ILB,Offensive Lineman,Luna Moon,moonchildxox
51,5410,TIJ,All-Pro First Team,CB,Cornerback,Zen Olson,GUCCI_BO
51,5400,BBB,All-Pro First Team,CB,Cornerback,Dixon Yamada,Dmac1200
51,5405,MIN,All-Pro First Team,S,Cornerback,Demar Harris,Breeze837
51,5342,NOR,All-Pro First Team,S,Safety,Gavin Girard,Froste39
51,5338,KCC,All-Pro First Team,K,Offensive Lineman,Justin Fern,dead_potato_
51,5338,KCC,All-Pro First Team,P,Offensive Lineman,Justin Fern,dead_potato_
51,5255,BBB,All-Pro First Team,RET,Wide Receiver,Travis Novak,jayamshah99
51,4854,BAL,All-Pro Second Team,QB,Quarterback,Tuna TurnDaBallOva,SomeSay...
51,4947,AZ,All-Pro Second Team,RB,Running Back,Purdy mediocre,KaleSalad
51,5100,YKW,All-Pro Second Team,RB,Running Back,Animal Blundetto,Jimi64
51,4656,BAL,All-Pro Second Team,FB,Running Back,Reginald Shrubbery,shrub02
51,5016,YKW,All-Pro Second Team,TE,Tight End,Bob Kronkowski,papalinator
51,4603,AUS,All-Pro Second Team,WR,Wide Receiver,Hank Mardukas,Chicken Lips
51,4891,BFB,All-Pro Second Team,WR,Wide Receiver,Pitter Patter,r0tzbua
51,5024,AUS,All-Pro Second Team,WR,Wide Receiver,Soul King Brook,TwoSocks
51,5014,SAR,All-Pro Second Team,OT,Offensive Lineman,Swantavius Stack,Swanty
51,4890,AZ,All-Pro Second Team,OT,Offensive Lineman,Garlic Jr.,soup
51,4871,SAR,All-Pro Second Team,IOL,Offensive Lineman,Raw Cheese McPickle,Eric Belmont
51,4748,BFB,All-Pro Second Team,IOL,Offensive Lineman,Sack Sparrow,Water
51,5094,BFB,All-Pro Second Team,IOL,Offensive Lineman,Acutiramus Bohemicus,Gadget
51,4947,AZ,All-Pro Second Team,RET,Running Back,Purdy mediocre,KaleSalad
51,5009,CTC,All-Pro Second Team,DT,Defensive Tackle,Dunkler Sowerwine,oknom
51,5116,OSK,All-Pro Second Team,DT,Defensive Tackle,Juan Carrasco,Wiggli
51,4613,YKW,All-Pro Second Team,DE,Defensive End,Dan Dandrews,sburbine
51,5011,CTC,All-Pro Second Team,DE,Defensive End,Luke Laraque,Blix900
51,4844,YKW,All-Pro Second Team,OLB,Linebacker,Thor Dangerson,homercrates
51,4740,SAR,All-Pro Second Team,OLB,Linebacker,Ignatious Cleetington,110radio
51,4729,NOLA,All-Pro Second Team,ILB,Linebacker,Josh Gibson,DoubleDub
51,4664,SJS,All-Pro Second Team,CB,Cornerback,Blacksmith Andre,Muford
51,4959,NOLA,All-Pro Second Team,CB,Cornerback,Hearty Harry,frazzle14
51,4896,NOLA,All-Pro Second Team,S,Safety,Paul Edgecomb,TomHanks
51,4998,BAL,All-Pro Second Team,S,Safety,Lyle Robideaux,Figgy
51,5038,SJS,All-Pro Second Team,FLEX,Cornerback,Mooty Poop-Eater,Asked Madden
51,4843,YKW,All-Pro Second Team,K,Kicker,Space Dino,lock180
51,4953,NOLA,All-Pro Second Team,P,Offensive Lineman,Jack Sloth,slothfacekilla
51,3432,NYS,championship,DT,Defensive Tackle,Lionel Scrimmage,Mojojojo
51,3552,NYS,championship,FS,Safety,Loose Cannon,Jumbo
51,4684,NYS,championship,K,Kicker,Wing Wang,platanocat
51,4808,NYS,championship,LB,Linebacker,Crazy Tomato,Crazytomato
51,4897,NYS,championship,LB,Defensive End,Perry Passiveman,Cody
51,4898,NYS,championship,WR,Wide Receiver,Scudl McDiddl,scudmuffin19
51,4946,NYS,championship,G,Offensive Lineman,Octavio Volarus,CementHands
51,4954,NYS,championship,CB,Cornerback,Drake Wane,Amkamkamk
51,4955,NYS,championship,FS,Safety,Lyle Taylor,PurplePiratePoo
51,4970,NYS,championship,DT,Defensive Tackle,Anthony Simmons III,Starchychaff
51,5033,NYS,championship,RB,Running Back,Reginald Hammerfall,Fangorn
51,5034,NYS,championship,LB,Running Back,Speed Hawk,PMoney
51,5035,NYS,championship,RB,Running Back,Wake Drane Jr.,Daniel
51,5036,NYS,championship,QB,Quarterback,Elijah Dyson,Pat
51,5113,NYS,championship,WR,Wide Receiver,Zayn Feet-Lover Sr.,zaynzk
51,5114,NYS,championship,DT,Defensive Tackle,Draven Chanos,.Laser
51,5115,NYS,championship,CB,Cornerback,Widdle Warrick,Repgnar
51,5195,NYS,championship,FS,Safety,Duke Silverback,wizard_literal
51,5196,NYS,championship,T,Offensive Lineman,Oandon Lolanin,jacobcarson877
51,5197,NYS,championship,WR,Wide Receiver,Kevin Finnerty,ReverendOReily
51,5353,NYS,championship,LB,Linebacker,Abstract Geometry,Murtsi
51,5006,COL,DPerOTY,S,Safety,Eric Beaty jr.,bechtudo
51,5332,BBB,DPerOTY,LB,Kicker,Roy Rivers,RoyRivers
51,4847,AUS,DPOTY,CB,Cornerback,Trent Thigpen,GrimmCrackers
51,5279,KCC,DPOTY,LB,Linebacker,Guess Who,Air Crou
51,5239,OCO,DROTY,S,Safety,Meguru Bachira,bachirafan
51,5400,BBB,DROTY,CB,Cornerback,Dixon Yamada,Dmac1200
51,3071,AZ,HoF,Linebacker,Linebacker,Akaki Akayre,Ulaire
51,3052,SAR,HoF,Cornerback,Cornerback,Harley Andrews,abh89
51,3030,YKW,HoF,Running Back,Running Back,Kumquat Archipelago,ReverendOReily
51,3029,SAR,HoF,Kicker,Kicker,Swantavius King,Yeenoghu
51,3105,NYS,HoF,Wide Receiver,Wide Receiver,Mandrews McHollywood,Rusfan
51,3227,AZ,HoF,Running Back,Running Back,Danny Nedelko,Crunk
51,3166,CHI,HoF,Defensive Tackle,Defensive Tackle,Joseph Reed,Reedy0rNot
51,4948,AZ,KPOTY,K,Kicker,Wynn Jenkins,Rydychyn
51,4745,AUS,MVP,LB,Linebacker,Crasher Wake,AriaEXE
51,5350,MIN,MVP,QB,Offensive Lineman,Cyrus MacDougall,g2019
51,5102,AUS,OPerOTY,RB,Running Back,Mako Mendonca Jr,Mooty99
51,5350,MIN,OPerOTY,QB,Offensive Lineman,Cyrus MacDougall,g2019
51,4838,HON,OPOTY,QB,Quarterback,Lenard McRobinson,shadyshoelace
51,5182,MIN,OPOTY,WR,Wide Receiver,Benny The Jet,wildcatbandit
51,5284,AZ,OROTY,RB,Running Back,JamesIsRunning Wilder,kdr
51,5419,MIN,OROTY,WR,Wide Receiver,Shakir Hodges-Allen,SonOfCar
51,4838,HON,Pro Bowl,QB,Quarterback,Lenard McRobinson,shadyshoelace
51,4709,AUS,Pro Bowl,QB,Quarterback,Jay Cue III,Opera_Phantom
51,4849,SJS,Pro Bowl,RB,Offensive Lineman,Maple Dogwood,dogwoodmaple
51,4947,AZ,Pro Bowl,RB,Running Back,Purdy mediocre,KaleSalad
51,5035,NYS,Pro Bowl,RB,Running Back,Wake Drane Jr.,Daniel
51,5102,AUS,Pro Bowl,FB,Running Back,Mako Mendonca Jr,Mooty99
51,4893,HON,Pro Bowl,WR,Wide Receiver,Kit Fisto,Pvtpenne
51,3580,AZ,Pro Bowl,WR,Wide Receiver,Benji Aguilera,CROney3
51,3526,SJS,Pro Bowl,WR,Wide Receiver,Imma Sabercat,baz
51,5024,AUS,Pro Bowl,WR,Wide Receiver,Soul King Brook,TwoSocks
51,5200,OCO,Pro Bowl,TE,Tight End,Deacon Blues,UptownCord
51,5308,SJS,Pro Bowl,TE,Tight End,Baldimir Fraudiola,jdourtled
51,5031,NOLA,Pro Bowl,IOL,Offensive Lineman,McDripsen McDropsen,Drip
51,5196,NYS,Pro Bowl,IOL,Offensive Lineman,Oandon Lolanin,jacobcarson877
51,4890,AZ,Pro Bowl,OT,Offensive Lineman,Garlic Jr.,soup
51,5108,HON,Pro Bowl,OT,Offensive Lineman,Leonardo Da Pinchi,LtHudz
51,4946,NYS,Pro Bowl,OT,Offensive Lineman,Octavio Volarus,CementHands
51,5110,HON,Pro Bowl,DE,Defensive End,Rex Havoc,Muddym13
51,5026,HON,Pro Bowl,DE,Defensive Tackle,Ranch-Pizza Pizza-Man,TheNC206
51,4895,NOLA,Pro Bowl,DT,Defensive Tackle,Doctor Who,thewhovian
51,5114,NYS,Pro Bowl,DT,Defensive Tackle,Draven Chanos,.Laser
51,4745,AUS,Pro Bowl,OLB,Linebacker,Crasher Wake,AriaEXE
51,4705,NOLA,Pro Bowl,OLB,Linebacker,Allister Adebam,MobiausGrander
51,5020,AZ,Pro Bowl,ILB,Linebacker,Grzegorz Winnicki,araa
51,5023,AUS,Pro Bowl,ILB,Linebacker,Ryan Joseph,Rydel439
51,4847,AUS,Pro Bowl,CB,Cornerback,Trent Thigpen,GrimmCrackers
51,5038,SJS,Pro Bowl,CB,Cornerback,Mooty Poop-Eater,Asked Madden
51,4954,NYS,Pro Bowl,CB,Cornerback,Drake Wane,Amkamkamk
51,4896,NOLA,Pro Bowl,S,Safety,Paul Edgecomb,TomHanks
51,5239,OCO,Pro Bowl,S,Safety,Meguru Bachira,bachirafan
51,5307,SJS,Pro Bowl,S,Safety,Akane Saruta,Megsychan
51,4948,AZ,Pro Bowl,K,Kicker,Wynn Jenkins,Rydychyn
51,4953,NOLA,Pro Bowl,P,Offensive Lineman,Jack Sloth,slothfacekilla
51,5303,OCO,Pro Bowl,KR,Running Back,William Strong,Bigred1580
51,5197,NYS,Pro Bowl,KR,Wide Receiver,Kevin Finnerty,ReverendOReily
51,5013,SAR,Pro Bowl,QB,Quarterback,- Bugs,ImSatanJunior
51,4829,CTC,Pro Bowl,QB,Quarterback,Thor Bǫllrsveifla,Thor
51,4795,OSK,Pro Bowl,RB,Running Back,Triceracop -,Triceracop
51,5017,YKW,Pro Bowl,RB,Running Back,Lane Wilson,dustywilson22
51,4656,BAL,Pro Bowl,FB,Running Back,Reginald Shrubbery,shrub02
51,4685,CTC,Pro Bowl,WR,Wide Receiver,Keanu Calhoun,Frostbite
51,4997,BAL,Pro Bowl,WR,Wide Receiver,María Teresa de la Rosa,Baron1898
51,4712,OSK,Pro Bowl,WR,Wide Receiver,Sem’ga Nah’sim,TheCC
51,5173,COL,Pro Bowl,WR,Wide Receiver,Alexander Rockstone,AustinP0027
51,5146,COL,Pro Bowl,TE,Tight End,Secret Squirrel,iStegosauruz
51,5016,YKW,Pro Bowl,TE,Tight End,Bob Kronkowski,papalinator
51,5094,BFB,Pro Bowl,IOL,Offensive Lineman,Acutiramus Bohemicus,Gadget
51,5168,BAL,Pro Bowl,IOL,Offensive Lineman,Taylor's BF's Brother,STZ
51,4741,YKW,Pro Bowl,OT,Offensive Lineman,Maximus Boudreaux,ZootTX
51,4889,BFB,Pro Bowl,OT,Offensive Lineman,Klaus von Reinherz,J0EB
51,5014,SAR,Pro Bowl,OT,Offensive Lineman,Swantavius Stack,Swanty
51,5000,BAL,Pro Bowl,DE,Defensive End,Upceti Spaghetti,Agent Chaos
51,4934,BFB,Pro Bowl,DE,Linebacker,D’Jasper Probincrux IV,jreed12
51,5116,OSK,Pro Bowl,DT,Defensive Tackle,Juan Carrasco,Wiggli
51,5009,CTC,Pro Bowl,DT,Defensive Tackle,Dunkler Sowerwine,oknom
51,4837,BAL,Pro Bowl,OLB,Linebacker,Joe Bazooka,Bazooka_Joe
51,4939,CTC,Pro Bowl,OLB,Linebacker,Scorch von Turbo,lordcoolcats
51,5093,COL,Pro Bowl,ILB,Linebacker,Adolin Collins,infern8
51,5194,OSK,Pro Bowl,ILB,Linebacker,Joe Blaze,jlyles7
51,4682,OSK,Pro Bowl,CB,Cornerback,Heiiajs D. Owidhuse,firstfray
51,4739,SAR,Pro Bowl,CB,Cornerback,Spruce Willis,FootballIsCool
51,4935,BFB,Pro Bowl,CB,Cornerback,Devin Jones,Drizzy
51,5006,COL,Pro Bowl,S,Safety,Eric Beaty jr.,bechtudo
51,4998,BAL,Pro Bowl,S,Safety,Lyle Robideaux,Figgy
51,4788,OSK,Pro Bowl,S,Safety,Dewey Greenbeans,dcphil
51,4843,YKW,Pro Bowl,K,Kicker,Space Dino,lock180
51,5177,SAR,Pro Bowl,P,Kicker,Marshall von Hildebrand,nunccoepi
51,4944,YKW,Pro Bowl,KR,Cornerback,Sergei Nunkanblok,theskinnyman
51,3493,BAL,Pro Bowl,KR,Wide Receiver,Emile Charles,Number 82
51,5303,OCO,RetOTY,RB,Running Back,William Strong,Bigred1580
51,5182,MIN,STOTY,WR,Wide Receiver,Benny The Jet,wildcatbandit
52,4947,AZ,1600 Club,RB,Running Back,Purdy mediocre,KaleSalad
52,5036,NYS,All-Pro First Team,QB,Quarterback,Elijah Dyson,Pat
52,4945,YKW,All-Pro First Team,FB,Running Back,Billy Van Goff,bjkman
52,5100,YKW,All-Pro First Team,RB,Running Back,Animal Blundetto,Jimi64
52,4943,CTC,All-Pro First Team,RB,Linebacker,Corey Trevor,DigDoug11
52,4941,SAR,All-Pro First Team,WR,Wide Receiver,Léopold Roy,Gordon Bombay
52,5173,COL,All-Pro First Team,WR,Wide Receiver,Alexander Rockstone,AustinP0027
52,5103,AUS,All-Pro First Team,WR,Wide Receiver,Seer Ial,omg
52,5200,OCO,All-Pro First Team,TE,Tight End,Deacon Blues,UptownCord
52,4946,AZ,All-Pro First Team,OT,Offensive Lineman,Octavio Volarus,CementHands
52,5014,SAR,All-Pro First Team,OT,Offensive Lineman,Swantavius Stack,Swanty
52,5094,BFB,All-Pro First Team,IOL,Offensive Lineman,Acutiramus Bohemicus,Gadget
52,5101,AZ,All-Pro First Team,IOL,Offensive Lineman,smooth green girnch,hotdog
52,5114,NYS,All-Pro First Team,DT,Defensive Tackle,Draven Chanos,.Laser
52,4895,NOLA,All-Pro First Team,DT,Defensive Tackle,Doctor Who,thewhovian
52,4934,HON,All-Pro First Team,DE,Linebacker,D’Jasper Probincrux IV,jreed12
52,5294,NOLA,All-Pro First Team,DE,Defensive Tackle,David Hudgens IV,TheSparkyDee
52,4957,SJS,All-Pro First Team,OLB,Linebacker,Duilio's Beard,RussDrivesTheBus
52,5030,HON,All-Pro First Team,OLB,Linebacker,JJ What,JJ5
52,5280,YKW,All-Pro First Team,ILB,Offensive Lineman,Luna Moon,moonchildxox
52,5185,AZ,All-Pro First Team,CB,Cornerback,Kim Yeon-Seok,Crunk
52,5087,COL,All-Pro First Team,CB,Cornerback,Jet Larsen,DocLars
52,4896,NOLA,All-Pro First Team,S,Safety,Paul Edgecomb,TomHanks
52,4828,NOLA,All-Pro First Team,S,Safety,Scott Junior,JoeSteel
52,4955,NYS,All-Pro First Team,FLEX,Safety,Lyle Taylor,PurplePiratePoo
52,4948,AZ,All-Pro First Team,K,Kicker,Wynn Jenkins,Rydychyn
52,5177,SAR,All-Pro First Team,P,Kicker,Marshall von Hildebrand,nunccoepi
52,4891,BFB,All-Pro First Team,RET,Wide Receiver,Pitter Patter,r0tzbua
52,5350,MIN,All-Pro First Team,QB,Offensive Lineman,Cyrus MacDougall,g2019
52,5290,MIN,All-Pro First Team,RB,Running Back,Federico Cinco,cinco de la tarde
52,5404,BBB,All-Pro First Team,RB,Wide Receiver,Crazy Tomato II,Crazytomato
52,5437,MIN,All-Pro First Team,FB,Running Back,Trey Stover,Anthony8139
52,5413,KCC,All-Pro First Team,WR,Wide Receiver,Mo Love,Lowkey
52,5335,BBB,All-Pro First Team,WR,Tight End,Rocket Toss,Aleris
52,5463,MIN,All-Pro First Team,WR,Wide Receiver,Ezra Torrent,Skindog44
52,5351,BBB,All-Pro First Team,TE,Offensive Lineman,Bug Jones,UpperNet
52,5452,KCC,All-Pro First Team,TE,Tight End,Inigo Sudworth,Will3
52,5467,LON,All-Pro First Team,OL,Offensive Lineman,Gerry Atrick,Kotasa
52,5447,POR,All-Pro First Team,OL,Offensive Lineman,Ivan Ivanov Jr,kmatt
52,5359,KCC,All-Pro First Team,DT,Defensive End,Brick Wall,IR15H0000000000
52,5454,KCC,All-Pro First Team,DE,Linebacker,Ryama D. Yugo,hhh81
52,5396,MIN,All-Pro First Team,DE,Defensive End,Braxton East,SwagSloth
52,5279,KCC,All-Pro First Team,OLB,Linebacker,Guess Who,Air Crou
52,5356,LON,All-Pro First Team,OLB,Linebacker,Ethan Shadow Jr.,anuragb
52,5464,TIJ,All-Pro First Team,ILB,Linebacker,Riptide Hurricane,Ultimatedestroye
52,5416,KCC,All-Pro First Team,CB,Cornerback,Brady SonKisser,McGriddy10
52,5412,BBB,All-Pro First Team,CB,Cornerback,George Mcmaster,Aze2sleepy
52,5349,MIN,All-Pro First Team,S,Safety,Matt Turk,Matt Turk
52,5453,KCC,All-Pro First Team,S,Cornerback,Dwayne Swanson,RobJG2
52,5338,KCC,All-Pro First Team,K,Offensive Lineman,Justin Fern,dead_potato_
52,5257,MIN,All-Pro First Team,P,Kicker,Blo Cage,ItsFrenchie
52,5399,KCC,All-Pro First Team,RET,Cornerback,Scoober Bert,LGMForever
52,5013,HON,All-Pro Second Team,QB,Quarterback,- Bugs,ImSatanJunior
52,4947,AZ,All-Pro Second Team,RB,Running Back,Purdy mediocre,KaleSalad
52,5033,NYS,All-Pro Second Team,RB,Running Back,Reginald Hammerfall,Fangorn
52,4924,NOLA,All-Pro Second Team,FB,Running Back,Aaron Ford,Aford9910
52,5016,YKW,All-Pro Second Team,TE,Tight End,Bob Kronkowski,papalinator
52,4894,NOLA,All-Pro Second Team,WR,Wide Receiver,André Benn,Ben
52,5197,NYS,All-Pro Second Team,WR,Wide Receiver,Kevin Finnerty,ReverendOReily
52,5113,NYS,All-Pro Second Team,WR,Wide Receiver,Zayn Feet-Lover Sr.,zaynzk
52,5091,HON,All-Pro Second Team,OT,Offensive Lineman,Gusztáv Farkas,Raven
52,5286,AUS,All-Pro Second Team,OT,Offensive Lineman,Honda Civic,unconfident
52,5345,YKW,All-Pro Second Team,IOL,Linebacker,Ghost Panda,juniped
52,4938,AZ,All-Pro Second Team,IOL,Offensive Lineman,Taylor Swift,smolkrnboi
52,5088,COL,All-Pro Second Team,DT,Defensive Tackle,GCBWRNW Princess Donut,OrbitingDeath
52,5202,SJS,All-Pro Second Team,P,Kicker,Tim Robinson,Yahtzee
52,5116,OSK,All-Pro Second Team,DT,Defensive Tackle,Juan Carrasco,Wiggli
52,5011,CTC,All-Pro Second Team,DE,Defensive End,Luke Laraque,Blix900
52,5110,HON,All-Pro Second Team,DE,Defensive End,Rex Havoc,Muddym13
52,4939,CTC,All-Pro Second Team,OLB,Linebacker,Scorch von Turbo,lordcoolcats
52,5022,AZ,All-Pro Second Team,OLB,Linebacker,Maurice Gunner,Soviet Sexpot
52,5347,OCO,All-Pro Second Team,ILB,Linebacker,john scamps,scamps
52,5029,HON,All-Pro Second Team,CB,Cornerback,Roquefort Cotswold,roquefort
52,5115,NYS,All-Pro Second Team,CB,Cornerback,Widdle Warrick,Repgnar
52,5018,YKW,All-Pro Second Team,S,Safety,Tony Scaletta,Starboy
52,4842,SAR,All-Pro Second Team,S,Safety,Jamie Orion,Piercewise1
52,5012,SAR,All-Pro Second Team,FLEX,Safety,Toller Retriever,mer
52,4880,BAL,All-Pro Second Team,K,Kicker,Master Chief,SnowyWolfz
52,4847,AUS,All-Pro Second Team,RET,Cornerback,Trent Thigpen,GrimmCrackers
52,3493,BAL,championship,WR,Wide Receiver,Emile Charles,Number 82
52,4621,BAL,championship,CB,Offensive Lineman,Dino Nuggets,swoosh
52,4712,BAL,championship,WR,Wide Receiver,Sem’ga Nah’sim,TheCC
52,4736,BAL,championship,RB,Running Back,Anakin Skywalker,ForSucksFake
52,4836,BAL,championship,DT,Defensive Tackle,Carter Goad,caleb.grim
52,4837,BAL,championship,LB,Linebacker,Joe Bazooka,Bazooka_Joe
52,4880,BAL,championship,K,Kicker,Master Chief,SnowyWolfz
52,4881,BAL,championship,FS,Safety,Chappy McChapperson,Charple
52,4935,BAL,championship,CB,Cornerback,Devin Jones,Drizzy
52,4976,BAL,championship,LB,Linebacker,Bean Beanman III,Seymour
52,4997,BAL,championship,WR,Wide Receiver,María Teresa de la Rosa,Baron1898
52,4998,BAL,championship,FS,Safety,Lyle Robideaux,Figgy
52,4999,BAL,championship,G,Offensive Lineman,Edith Nickelback,kahri
52,5000,BAL,championship,DE,Defensive End,Upceti Spaghetti,Agent Chaos
52,5078,BAL,championship,CB,Cornerback,Lawrence Crawford,SwankyPants31
52,5079,BAL,championship,RB,Running Back,American Dream,KC15
52,5168,BAL,championship,G,Offensive Lineman,Taylor's BF's Brother,STZ
52,5254,BAL,championship,QB,Cornerback,No Pix,dude_man
52,5255,BAL,championship,WR,Wide Receiver,Travis Novak,jayamshah99
52,5256,BAL,championship,DT,Defensive Tackle,Chunky Campbell Soup,Tayjay
52,5258,BAL,championship,T,Offensive Lineman,Jordan Drapal,TheDrapFather
52,5331,BAL,championship,WR,Running Back,Jeff Land Shark,LiathTheSquirrel
52,5332,BAL,championship,LB,Kicker,Roy Rivers,RoyRivers
52,5333,BAL,championship,RB,Running Back,Quincy Robinson,18situaseans
52,5106,HON,DPerOTY,CB,Cornerback,Adam Journey,WildfireMicro
52,5405,MIN,DPerOTY,CB,Cornerback,Demar Harris,Breeze837
52,5185,AZ,DPOTY,CB,Cornerback,Kim Yeon-Seok,Crunk
52,5416,KCC,DPOTY,CB,Cornerback,Brady SonKisser,McGriddy10
52,5354,OCO,DROTY,DT,Defensive Tackle,Paulie Wag,Pelochyta
52,5458,NOR,DROTY,LB,Linebacker,Kevin Kirkpatrick,Pyro182
52,3041,OCO,HoF,Cornerback,Cornerback,Ace McAlister,BenDover
52,3238,AUS,HoF,Wide Receiver,Wide Receiver,Delores Bickerman,Kyamprac
52,3125,COL,HoF,Tight End,Tight End,Mister Hogmally,iStegosauruz
52,3232,BAL,HoF,Wide Receiver,Wide Receiver,Rocky Moreaux,qWest
52,3183,CTC,HoF,Running Back,Running Back,Jarvis Harbinger-Marjin,DREAMSLOTH
52,3184,BAL,HoF,Quarterback,Quarterback,Preston Beatz,DarknessRising
52,3103,OCO,HoF,Fullback,Running Back,Leandre Diarra,slate
52,2876,AZ,HoF,Cornerback,Cornerback,Spottie O’Dopaliscious,Z-Whiz
52,4880,BAL,KPOTY,K,Kicker,Master Chief,SnowyWolfz
52,5036,NYS,MVP,QB,Quarterback,Elijah Dyson,Pat
52,5350,MIN,MVP,QB,Offensive Lineman,Cyrus MacDougall,g2019
52,4829,CTC,OPerOTY,QB,Quarterback,Thor Bǫllrsveifla,Thor
52,5350,MIN,OPerOTY,QB,Offensive Lineman,Cyrus MacDougall,g2019
52,5100,YKW,OPOTY,RB,Running Back,Animal Blundetto,Jimi64
52,5404,BBB,OPOTY,WR,Wide Receiver,Crazy Tomato II,Crazytomato
52,5254,BAL,OROTY,QB,Cornerback,No Pix,dude_man
52,5463,MIN,OROTY,WR,Wide Receiver,Ezra Torrent,Skindog44
52,5036,NYS,Pro Bowl,QB,Quarterback,Elijah Dyson,Pat
52,4838,HON,Pro Bowl,QB,Quarterback,Lenard McRobinson,shadyshoelace
52,4947,AZ,Pro Bowl,RB,Running Back,Purdy mediocre,KaleSalad
52,5033,NYS,Pro Bowl,RB,Running Back,Reginald Hammerfall,Fangorn
52,4956,HON,Pro Bowl,RB,Wide Receiver,Fig Newton,MMFLEX
52,5102,AUS,Pro Bowl,FB,Running Back,Mako Mendonca Jr,Mooty99
52,5103,AUS,Pro Bowl,WR,Wide Receiver,Seer Ial,omg
52,4894,NOLA,Pro Bowl,WR,Wide Receiver,André Benn,Ben
52,5113,NYS,Pro Bowl,WR,Wide Receiver,Zayn Feet-Lover Sr.,zaynzk
52,5197,NYS,Pro Bowl,WR,Wide Receiver,Kevin Finnerty,ReverendOReily
52,5200,OCO,Pro Bowl,TE,Tight End,Deacon Blues,UptownCord
52,5191,NOLA,Pro Bowl,TE,Tight End,Auto Matic,AJW
52,5101,AZ,Pro Bowl,IOL,Offensive Lineman,smooth green girnch,hotdog
52,5292,HON,Pro Bowl,IOL,Defensive Tackle,Okuyasu Nijimura,KnowledgeBoy
52,4946,AZ,Pro Bowl,OT,Offensive Lineman,Octavio Volarus,CementHands
52,5286,AUS,Pro Bowl,OT,Offensive Lineman,Honda Civic,unconfident
52,5091,HON,Pro Bowl,OT,Offensive Lineman,Gusztáv Farkas,Raven
52,5294,NOLA,Pro Bowl,DE,Defensive Tackle,David Hudgens IV,TheSparkyDee
52,5110,HON,Pro Bowl,DE,Defensive End,Rex Havoc,Muddym13
52,5114,NYS,Pro Bowl,DT,Defensive Tackle,Draven Chanos,.Laser
52,4895,NOLA,Pro Bowl,DT,Defensive Tackle,Doctor Who,thewhovian
52,4957,SJS,Pro Bowl,OLB,Linebacker,Duilio's Beard,RussDrivesTheBus
52,5030,HON,Pro Bowl,OLB,Linebacker,JJ What,JJ5
52,5034,NYS,Pro Bowl,ILB,Running Back,Speed Hawk,PMoney
52,5023,AUS,Pro Bowl,ILB,Linebacker,Ryan Joseph,Rydel439
52,5185,AZ,Pro Bowl,CB,Cornerback,Kim Yeon-Seok,Crunk
52,5029,HON,Pro Bowl,CB,Cornerback,Roquefort Cotswold,roquefort
52,5038,SJS,Pro Bowl,CB,Cornerback,Mooty Poop-Eater,Asked Madden
52,4828,NOLA,Pro Bowl,S,Safety,Scott Junior,JoeSteel
52,4955,NYS,Pro Bowl,S,Safety,Lyle Taylor,PurplePiratePoo
52,4744,AZ,Pro Bowl,S,Safety,Bertie Mannering-Phipps,bernardhibou
52,4953,NOLA,Pro Bowl,K,Offensive Lineman,Jack Sloth,slothfacekilla
52,5304,OCO,Pro Bowl,P,Kicker,Juan Futman,Existentialistic
52,4847,AUS,Pro Bowl,KR,Cornerback,Trent Thigpen,GrimmCrackers
52,5107,HON,Pro Bowl,KR,Safety,Caleb TheGEICOCamel,Rusfan
52,5013,SAR,Pro Bowl,QB,Quarterback,- Bugs,ImSatanJunior
52,5254,BAL,Pro Bowl,QB,Cornerback,No Pix,dude_man
52,5097,SAR,Pro Bowl,RB,Running Back,Zigzag Zipstep,Twenty6
52,4943,OSK,Pro Bowl,RB,Linebacker,Corey Trevor,DigDoug11
52,5100,YKW,Pro Bowl,RB,Running Back,Animal Blundetto,Jimi64
52,4945,YKW,Pro Bowl,FB,Running Back,Billy Van Goff,bjkman
52,4941,SAR,Pro Bowl,WR,Wide Receiver,Léopold Roy,Gordon Bombay
52,5173,COL,Pro Bowl,WR,Wide Receiver,Alexander Rockstone,AustinP0027
52,5010,CTC,Pro Bowl,WR,Wide Receiver,Julian Rose,Gage2
52,5255,BAL,Pro Bowl,WR,Wide Receiver,Travis Novak,jayamshah99
52,5016,YKW,Pro Bowl,TE,Tight End,Bob Kronkowski,papalinator
52,5265,COL,Pro Bowl,TE,Tight End,Feka Ohi Kau,Hacob
52,5094,BFB,Pro Bowl,IOL,Offensive Lineman,Acutiramus Bohemicus,Gadget
52,5345,YKW,Pro Bowl,IOL,Linebacker,Ghost Panda,juniped
52,5014,SAR,Pro Bowl,OT,Offensive Lineman,Swantavius Stack,Swanty
52,4889,BFB,Pro Bowl,OT,Offensive Lineman,Klaus von Reinherz,J0EB
52,4741,YKW,Pro Bowl,OT,Offensive Lineman,Maximus Boudreaux,ZootTX
52,5000,BAL,Pro Bowl,DE,Defensive End,Upceti Spaghetti,Agent Chaos
52,4934,BFB,Pro Bowl,DE,Linebacker,D’Jasper Probincrux IV,jreed12
52,5116,OSK,Pro Bowl,DT,Defensive Tackle,Juan Carrasco,Wiggli
52,5088,COL,Pro Bowl,DT,Defensive Tackle,GCBWRNW Princess Donut,OrbitingDeath
52,4939,CTC,Pro Bowl,OLB,Linebacker,Scorch von Turbo,lordcoolcats
52,5089,COL,Pro Bowl,OLB,Linebacker,Willeh Strong,wetwilleh
52,5280,YKW,Pro Bowl,ILB,Offensive Lineman,Luna Moon,moonchildxox
52,5267,COL,Pro Bowl,ILB,Linebacker,Swantavius Feet-Lover,DarknessRising
52,5106,SAR,Pro Bowl,CB,Cornerback,Adam Journey,WildfireMicro
52,4888,YKW,Pro Bowl,CB,Cornerback,Luke Hunter,TubaDeus
52,5087,COL,Pro Bowl,CB,Cornerback,Jet Larsen,DocLars
52,5012,SAR,Pro Bowl,S,Safety,Toller Retriever,mer
52,5174,CTC,Pro Bowl,S,Safety,Martavius Spencer,hihihi_62
52,4842,SAR,Pro Bowl,S,Safety,Jamie Orion,Piercewise1
52,4880,BAL,Pro Bowl,K,Kicker,Master Chief,SnowyWolfz
52,5177,SAR,Pro Bowl,P,Kicker,Marshall von Hildebrand,nunccoepi
52,5172,COL,Pro Bowl,KR,Running Back,Julian McMorris II,TubbyTim69
52,4795,OSK,Pro Bowl,KR,Running Back,Triceracop -,Triceracop
52,4847,AUS,RetOTY,CB,Cornerback,Trent Thigpen,GrimmCrackers
52,5338,KCC,STOTY,OL,Offensive Lineman,Justin Fern,dead_potato_
53,4997,BAL,1600 Club,WR,Wide Receiver,María Teresa de la Rosa,Baron1898
53,5009,CTC,1600 Club,DT,Defensive Tackle,Dunkler Sowerwine,oknom
53,5029,HON,1600 Club,CB,Cornerback,Roquefort Cotswold,roquefort
53,5033,NYS,1600 Club,RB,Running Back,Reginald Hammerfall,Fangorn
53,5019,AZ,All-Pro First Team,QB,Quarterback,Puddles O'Duck,Z-Whiz
53,5102,AUS,All-Pro First Team,FB,Running Back,Mako Mendonca Jr,Mooty99
53,4947,AZ,All-Pro First Team,RB,Running Back,Purdy mediocre,KaleSalad
53,5097,SAR,All-Pro First Team,RB,Running Back,Zigzag Zipstep,Twenty6
53,4845,AZ,All-Pro First Team,WR,Offensive Lineman,Jordan Bamford,Bamford13
53,5181,YKW,All-Pro First Team,WR,Wide Receiver,Super Sonic,sonicxdoom
53,5173,COL,All-Pro First Team,WR,Wide Receiver,Alexander Rockstone,AustinP0027
53,5016,YKW,All-Pro First Team,TE,Tight End,Bob Kronkowski,papalinator
53,5091,NYS,All-Pro First Team,OT,Offensive Lineman,Gusztáv Farkas,Raven
53,5108,HON,All-Pro First Team,OT,Offensive Lineman,Leonardo Da Pinchi,LtHudz
53,4851,NOLA,All-Pro First Team,IOL,Offensive Lineman,Biggie Fast,jj2416
53,5027,HON,All-Pro First Team,IOL,Offensive Lineman,Tyler Higbee II,SensibleDictator
53,4895,NOLA,All-Pro First Team,DT,Defensive Tackle,Doctor Who,thewhovian
53,5021,AZ,All-Pro First Team,DT,Defensive Tackle,Sewage Joe Fantringham,BRNXB0MBERS
53,5026,HON,All-Pro First Team,DE,Defensive Tackle,Ranch-Pizza Pizza-Man,TheNC206
53,5000,BAL,All-Pro First Team,DE,Defensive End,Upceti Spaghetti,Agent Chaos
53,5111,NOLA,All-Pro First Team,OLB,Linebacker,Mac Mannheim,ACynicalGamer
53,5020,AZ,All-Pro First Team,OLB,Linebacker,Grzegorz Winnicki,araa
53,5273,SAR,All-Pro First Team,ILB,Linebacker,Alexander Hordle Jr.,slate
53,5185,AZ,All-Pro First Team,CB,Cornerback,Kim Yeon-Seok,Crunk
53,4954,NYS,All-Pro First Team,CB,Cornerback,Drake Wane,Amkamkamk
53,5104,AUS,All-Pro First Team,S,Safety,Rocket Ride,Ulaire
53,4896,NOLA,All-Pro First Team,S,Safety,Paul Edgecomb,TomHanks
53,5081,BFB,All-Pro First Team,FLEX,Cornerback,Cleetus Beauregard,NylarthePhoenix
53,5177,SAR,All-Pro First Team,K,Kicker,Marshall von Hildebrand,nunccoepi
53,4843,YKW,All-Pro First Team,P,Kicker,Space Dino,lock180
53,4947,AZ,All-Pro First Team,RET,Running Back,Purdy mediocre,KaleSalad
53,5449,BBB,All-Pro First Team,QB,Offensive Lineman,Thorfinn Vinland,Bubba
53,5465,TIJ,All-Pro First Team,RB,Running Back,Ban Hammer,bowl0
53,5451,KCC,All-Pro First Team,RB,Running Back,Chucky McDavid,CodeK29
53,5419,MIN,All-Pro First Team,WR,Wide Receiver,Shakir Hodges-Allen,SonOfCar
53,5477,BBB,All-Pro First Team,WR,Linebacker,Multiliki Waialiki,JoeSteel
53,5463,MIN,All-Pro First Team,WR,Wide Receiver,Ezra Torrent,Skindog44
53,5551,LON,All-Pro First Team,TE,Offensive Lineman,Wesley Orion,CLG Rampage
53,5351,BBB,All-Pro First Team,TE,Offensive Lineman,Bug Jones,UpperNet
53,5547,LON,All-Pro First Team,OL,Offensive Lineman,Wallace Big,Reno
53,5467,LON,All-Pro First Team,OL,Offensive Lineman,Gerry Atrick,Kotasa
53,5474,BBB,All-Pro First Team,DT,Offensive Lineman,Rick Diggersbee,CowboyBlender
53,5552,LON,All-Pro First Team,DT,Safety,Bigman Blastoise,Triceracop
53,5535,DAL,All-Pro First Team,DE,Defensive End,Cameron Frier,Zac2211
53,5532,TIJ,All-Pro First Team,DE,Defensive End,Grant Wistrom,ScreenedFall59
53,5454,KCC,All-Pro First Team,OLB,Linebacker,Ryama D. Yugo,hhh81
53,5455,POR,All-Pro First Team,OLB,Linebacker,Tyron Brackenridge III,Lowlycrib
53,5534,DAL,All-Pro First Team,ILB,Running Back,Max Ryder Colt,PorgBoi
53,5513,MIN,All-Pro First Team,CB,Safety,LMoney Pickarelli,Tmoney6996
53,5453,KCC,All-Pro First Team,CB,Cornerback,Dwayne Swanson,RobJG2
53,5462,MIN,All-Pro First Team,S,Safety,Garcia Bear,SnowyWolfz
53,5492,KCC,All-Pro First Team,S,Cornerback,Spice Gardner,somecoach
53,5480,BBB,All-Pro First Team,K,Kicker,Dawson Jackson,Kewl
53,5498,POR,All-Pro First Team,P,Kicker,Adam Vittori,Hawkeye
53,5361,TIJ,All-Pro First Team,RET,Defensive Tackle,DeAndre Reeler,JoeHoe3121
53,5254,BAL,All-Pro Second Team,QB,Cornerback,No Pix,dude_man
53,5188,AUS,All-Pro Second Team,RB,Running Back,William Eaton,Amidships
53,5109,HON,All-Pro Second Team,RB,Running Back,Robot Sunfish,yonggarius
53,4945,YKW,All-Pro Second Team,FB,Running Back,Billy Van Goff,bjkman
53,5331,BAL,All-Pro Second Team,TE,Running Back,Jeff Land Shark,LiathTheSquirrel
53,5184,AZ,All-Pro Second Team,WR,Wide Receiver,Harvin Marrison,Chucky
53,4956,OCO,All-Pro Second Team,WR,Wide Receiver,Fig Newton,MMFLEX
53,4779,NOLA,All-Pro Second Team,WR,Wide Receiver,Thomas Passarelli,Tmoney6996
53,4946,AZ,All-Pro Second Team,OT,Offensive Lineman,Octavio Volarus,CementHands
53,4999,BAL,All-Pro Second Team,OT,Offensive Lineman,Edith Nickelback,kahri
53,5183,AZ,All-Pro Second Team,IOL,Offensive Lineman,Lakin Makin,MikeWhiskey
53,4741,YKW,All-Pro Second Team,IOL,Offensive Lineman,Maximus Boudreaux,ZootTX
53,5114,NYS,All-Pro Second Team,DT,Defensive Tackle,Draven Chanos,.Laser
53,5257,BAL,All-Pro Second Team,P,Kicker,Blo Cage,ItsFrenchie
53,5009,CTC,All-Pro Second Team,DT,Defensive Tackle,Dunkler Sowerwine,oknom
53,4841,OSK,All-Pro Second Team,DE,Linebacker,Joey Battle,captainsb
53,5110,HON,All-Pro Second Team,DE,Defensive End,Rex Havoc,Muddym13
53,4957,SJS,All-Pro Second Team,OLB,Linebacker,Duilio's Beard,RussDrivesTheBus
53,5015,YKW,All-Pro Second Team,OLB,Linebacker,Bull Dozier,modpro
53,4976,BAL,All-Pro Second Team,ILB,Linebacker,Bean Beanman III,Seymour
53,5283,AZ,All-Pro Second Team,CB,Cornerback,Prime Sanders,ManningTypeAim
53,5029,HON,All-Pro Second Team,CB,Cornerback,Roquefort Cotswold,roquefort
53,5018,YKW,All-Pro Second Team,S,Safety,Tony Scaletta,Starboy
53,5006,COL,All-Pro Second Team,S,Safety,Eric Beaty jr.,bechtudo
53,5445,OSK,All-Pro Second Team,FLEX,Safety,Zero Escape,MobiausGrander
53,3528,HON,All-Pro Second Team,K,Kicker,Ray Baker,jdc4654
53,5097,SAR,All-Pro Second Team,RET,Running Back,Zigzag Zipstep,Twenty6
53,4742,AZ,championship,LB,Linebacker,Thomas Sutha,lemonoppy
53,4743,AZ,championship,CB,Cornerback,Paul Dosza,.simo
53,4744,AZ,championship,FS,Safety,Bertie Mannering-Phipps,bernardhibou
53,4845,AZ,championship,WR,Offensive Lineman,Jordan Bamford,Bamford13
53,4852,AZ,championship,DT,Defensive Tackle,Ryan McBean,katarn22
53,4890,AZ,championship,G,Offensive Lineman,Garlic Jr.,soup
53,4938,AZ,championship,G,Offensive Lineman,Taylor Swift,smolkrnboi
53,4946,AZ,championship,G,Offensive Lineman,Octavio Volarus,CementHands
53,4947,AZ,championship,RB,Running Back,Purdy mediocre,KaleSalad
53,4948,AZ,championship,K,Kicker,Wynn Jenkins,Rydychyn
53,5019,AZ,championship,QB,Quarterback,Puddles O'Duck,Z-Whiz
53,5020,AZ,championship,LB,Linebacker,Grzegorz Winnicki,araa
53,5021,AZ,championship,DT,Defensive Tackle,Sewage Joe Fantringham,BRNXB0MBERS
53,5022,AZ,championship,LB,Linebacker,Maurice Gunner,Soviet Sexpot
53,5101,AZ,championship,G,Offensive Lineman,smooth green girnch,hotdog
53,5183,AZ,championship,T,Offensive Lineman,Lakin Makin,MikeWhiskey
53,5184,AZ,championship,WR,Wide Receiver,Harvin Marrison,Chucky
53,5185,AZ,championship,CB,Cornerback,Kim Yeon-Seok,Crunk
53,5282,AZ,championship,RB,Running Back,Dalinar Summers,lunaripcole
53,5283,AZ,championship,CB,Cornerback,Prime Sanders,ManningTypeAim
53,5284,AZ,championship,RB,Running Back,JamesIsRunning Wilder,kdr
53,5285,AZ,championship,LB,Defensive Tackle,JC Tomlinson,Knif3yMan87
53,5346,AZ,championship,CB,Wide Receiver,Xander Le Roux,zeagle1
53,5397,AZ,championship,DT,Defensive Tackle,Benji Raga,SabaDonutMan
53,5398,AZ,championship,T,Offensive Lineman,Fairly Smart,Pib
53,5104,AUS,DPerOTY,S,Safety,Rocket Ride,Ulaire
53,5513,MIN,DPerOTY,S,Safety,LMoney Pickarelli,Tmoney6996
53,5111,NOLA,DPOTY,LB,Linebacker,Mac Mannheim,ACynicalGamer
53,5513,MIN,DPOTY,S,Safety,LMoney Pickarelli,Tmoney6996
53,5445,OSK,DROTY,S,Safety,Zero Escape,MobiausGrander
53,5513,MIN,DROTY,S,Safety,LMoney Pickarelli,Tmoney6996
53,2074,AZ,HoF,Quarterback,Quarterback,Charlemagne Cortez,MrStennett
53,3370,NYS,HoF,Running Back,Running Back,Frank Dux,ComebackZak
53,3264,AZ,HoF,Offensive Lineman,Offensive Lineman,Fortified Fridge,Murtsi
53,3326,OCO,HoF,Offensive Lineman,Offensive Lineman,Walrus Jones,caravaggio
53,3319,,HoF,Offensive Lineman,Offensive Lineman,Remi Musgrave-Smythe,37thchamber
53,3417,BAL,HoF,Offensive Lineman,Offensive Lineman,Bengal Tigerheart,shanghai_kid
53,5177,SAR,KPOTY,K,Kicker,Marshall von Hildebrand,nunccoepi
53,5254,BAL,MVP,QB,Cornerback,No Pix,dude_man
53,5477,BBB,MVP,LB,Linebacker,Multiliki Waialiki,JoeSteel
53,5019,AZ,OPerOTY,QB,Quarterback,Puddles O'Duck,Z-Whiz
53,5477,BBB,OPerOTY,LB,Linebacker,Multiliki Waialiki,JoeSteel
53,4947,AZ,OPOTY,RB,Running Back,Purdy mediocre,KaleSalad
53,5449,BBB,OPOTY,QB,Offensive Lineman,Thorfinn Vinland,Bubba
53,5465,TIJ,OPOTY,RB,Running Back,Ban Hammer,bowl0
53,5305,SJS,OROTY,QB,Quarterback,Pasta Rockmann,BenDover
53,5477,BBB,OROTY,LB,Linebacker,Multiliki Waialiki,JoeSteel
53,5019,AZ,Pro Bowl,QB,Quarterback,Puddles O'Duck,Z-Whiz
53,5198,OCO,Pro Bowl,QB,Quarterback,Zack Vega Jr.,WALDO
53,4947,AZ,Pro Bowl,RB,Running Back,Purdy mediocre,KaleSalad
53,5109,HON,Pro Bowl,RB,Running Back,Robot Sunfish,yonggarius
53,5188,AUS,Pro Bowl,RB,Running Back,William Eaton,Amidships
53,5102,AUS,Pro Bowl,FB,Running Back,Mako Mendonca Jr,Mooty99
53,4845,AZ,Pro Bowl,WR,Offensive Lineman,Jordan Bamford,Bamford13
53,4956,OCO,Pro Bowl,WR,Wide Receiver,Fig Newton,MMFLEX
53,5306,SJS,Pro Bowl,WR,Wide Receiver,Golden Ericksen,Seven Arrows
53,5184,AZ,Pro Bowl,WR,Wide Receiver,Harvin Marrison,Chucky
53,5200,OCO,Pro Bowl,TE,Tight End,Deacon Blues,UptownCord
53,5191,NOLA,Pro Bowl,TE,Tight End,Auto Matic,AJW
53,4890,AZ,Pro Bowl,IOL,Offensive Lineman,Garlic Jr.,soup
53,5292,HON,Pro Bowl,IOL,Defensive Tackle,Okuyasu Nijimura,KnowledgeBoy
53,5108,HON,Pro Bowl,OT,Offensive Lineman,Leonardo Da Pinchi,LtHudz
53,5091,NYS,Pro Bowl,OT,Offensive Lineman,Gusztáv Farkas,Raven
53,5301,OCO,Pro Bowl,OT,Offensive Lineman,Traffic Cone,SoySavant
53,5026,HON,Pro Bowl,DE,Defensive Tackle,Ranch-Pizza Pizza-Man,TheNC206
53,5401,NOLA,Pro Bowl,DE,Defensive End,Mako Shark,ztarwarz
53,4895,NOLA,Pro Bowl,DT,Defensive Tackle,Doctor Who,thewhovian
53,5021,AZ,Pro Bowl,DT,Defensive Tackle,Sewage Joe Fantringham,BRNXB0MBERS
53,5353,NYS,Pro Bowl,OLB,Linebacker,Abstract Geometry,Murtsi
53,4957,SJS,Pro Bowl,OLB,Linebacker,Duilio's Beard,RussDrivesTheBus
53,5020,AZ,Pro Bowl,OLB,Linebacker,Grzegorz Winnicki,araa
53,4951,HON,Pro Bowl,ILB,Linebacker,PeePee Poop-Eater Jr.,Nathan
53,5298,OCO,Pro Bowl,ILB,Safety,Victoire Absolue,parky
53,5185,AZ,Pro Bowl,CB,Cornerback,Kim Yeon-Seok,Crunk
53,5029,HON,Pro Bowl,CB,Cornerback,Roquefort Cotswold,roquefort
53,5283,AZ,Pro Bowl,CB,Cornerback,Prime Sanders,ManningTypeAim
53,4954,NYS,Pro Bowl,CB,Cornerback,Drake Wane,Amkamkamk
53,5104,AUS,Pro Bowl,S,Safety,Rocket Ride,Ulaire
53,4896,NOLA,Pro Bowl,S,Safety,Paul Edgecomb,TomHanks
53,5349,AUS,Pro Bowl,S,Safety,Matt Turk,Matt Turk
53,3528,HON,Pro Bowl,K,Kicker,Ray Baker,jdc4654
53,4953,NOLA,Pro Bowl,P,Offensive Lineman,Jack Sloth,slothfacekilla
53,4947,AZ,Pro Bowl,KR,Running Back,Purdy mediocre,KaleSalad
53,5103,AUS,Pro Bowl,KR,Wide Receiver,Seer Ial,omg
53,5254,BAL,Pro Bowl,QB,Cornerback,No Pix,dude_man
53,5278,YKW,Pro Bowl,QB,Safety,Jack Cannon,BlitzAce71
53,5097,SAR,Pro Bowl,RB,Running Back,Zigzag Zipstep,Twenty6
53,5079,BAL,Pro Bowl,RB,Running Back,American Dream,KC15
53,5090,COL,Pro Bowl,RB,Offensive Lineman,Dazen Guile,Punk42AE
53,4945,YKW,Pro Bowl,FB,Running Back,Billy Van Goff,bjkman
53,5181,YKW,Pro Bowl,WR,Wide Receiver,Super Sonic,sonicxdoom
53,4997,BAL,Pro Bowl,WR,Wide Receiver,María Teresa de la Rosa,Baron1898
53,5173,COL,Pro Bowl,WR,Wide Receiver,Alexander Rockstone,AustinP0027
53,4941,SAR,Pro Bowl,WR,Wide Receiver,Léopold Roy,Gordon Bombay
53,5016,YKW,Pro Bowl,TE,Tight End,Bob Kronkowski,papalinator
53,5331,BAL,Pro Bowl,TE,Running Back,Jeff Land Shark,LiathTheSquirrel
53,4741,YKW,Pro Bowl,IOL,Offensive Lineman,Maximus Boudreaux,ZootTX
53,5338,COL,Pro Bowl,IOL,Offensive Lineman,Justin Fern,dead_potato_
53,4999,BAL,Pro Bowl,OT,Offensive Lineman,Edith Nickelback,kahri
53,5014,SAR,Pro Bowl,OT,Offensive Lineman,Swantavius Stack,Swanty
53,5180,YKW,Pro Bowl,OT,Offensive Lineman,Devin Mace,Dev0
53,5000,BAL,Pro Bowl,DE,Defensive End,Upceti Spaghetti,Agent Chaos
53,4841,OSK,Pro Bowl,DE,Linebacker,Joey Battle,captainsb
53,5009,CTC,Pro Bowl,DT,Defensive Tackle,Dunkler Sowerwine,oknom
53,5088,COL,Pro Bowl,DT,Defensive Tackle,GCBWRNW Princess Donut,OrbitingDeath
53,5015,YKW,Pro Bowl,OLB,Linebacker,Bull Dozier,modpro
53,4939,CTC,Pro Bowl,OLB,Linebacker,Scorch von Turbo,lordcoolcats
53,4976,BAL,Pro Bowl,ILB,Linebacker,Bean Beanman III,Seymour
53,5273,SAR,Pro Bowl,ILB,Linebacker,Alexander Hordle Jr.,slate
53,4971,BAL,Pro Bowl,CB,Cornerback,Raphael Mephistopholes,Jackienape
53,4935,BAL,Pro Bowl,CB,Cornerback,Devin Jones,Drizzy
53,5081,BFB,Pro Bowl,CB,Cornerback,Cleetus Beauregard,NylarthePhoenix
53,5018,YKW,Pro Bowl,S,Safety,Tony Scaletta,Starboy
53,5445,OSK,Pro Bowl,S,Safety,Zero Escape,MobiausGrander
53,4881,BAL,Pro Bowl,S,Safety,Chappy McChapperson,Charple
53,5177,SAR,Pro Bowl,K,Kicker,Marshall von Hildebrand,nunccoepi
53,4843,YKW,Pro Bowl,P,Kicker,Space Dino,lock180
53,5097,SAR,Pro Bowl,KR,Running Back,Zigzag Zipstep,Twenty6
53,5003,BFB,Pro Bowl,KR,Wide Receiver,Meo Stickyhands-McGee,dhoop
53,4947,AZ,RetOTY,RB,Running Back,Purdy mediocre,KaleSalad
53,5498,POR,STOTY,K,Kicker,Adam Vittori,Hawkeye
54,5087,COL,1600 Club,CB,Cornerback,Jet Larsen,DocLars
54,5088,COL,1600 Club,DT,Defensive Tackle,GCBWRNW Princess Donut,OrbitingDeath
54,5089,COL,1600 Club,LB,Linebacker,Willeh Strong,wetwilleh
54,5093,COL,1600 Club,LB,Linebacker,Adolin Collins,infern8
54,5097,SAR,1600 Club,RB,Running Back,Zigzag Zipstep,Twenty6
54,5108,HON,1600 Club,OL,Offensive Lineman,Leonardo Da Pinchi,LtHudz
54,5013,SAR,All-Pro First Team,QB,Quarterback,- Bugs,ImSatanJunior
54,5102,AUS,All-Pro First Team,RB,Running Back,Mako Mendonca Jr,Mooty99
54,5097,SAR,All-Pro First Team,RB,Running Back,Zigzag Zipstep,Twenty6
54,5100,YKW,All-Pro First Team,RB,Running Back,Animal Blundetto,Jimi64
54,5271,SAR,All-Pro First Team,WR,Wide Receiver,Challah Famer,DREAMSLOTH
54,5181,YKW,All-Pro First Team,WR,Wide Receiver,Super Sonic,sonicxdoom
54,5190,HON,All-Pro First Team,WR,Wide Receiver,Sweet Sweet Ganjasmoke,BOOM™
54,5016,YKW,All-Pro First Team,TE,Tight End,Bob Kronkowski,papalinator
54,5091,COL,All-Pro First Team,OT,Offensive Lineman,Gusztáv Farkas,Raven
54,5014,SAR,All-Pro First Team,OT,Offensive Lineman,Swantavius Stack,Swanty
54,5027,HON,All-Pro First Team,IOL,Offensive Lineman,Tyler Higbee II,SensibleDictator
54,5345,YKW,All-Pro First Team,IOL,Linebacker,Ghost Panda,juniped
54,4895,NOLA,All-Pro First Team,DT,Defensive Tackle,Doctor Who,thewhovian
54,5114,NYS,All-Pro First Team,DT,Defensive Tackle,Draven Chanos,.Laser
54,5359,BFB,All-Pro First Team,DE,Defensive End,Brick Wall,IR15H0000000000
54,5026,HON,All-Pro First Team,DE,Defensive Tackle,Ranch-Pizza Pizza-Man,TheNC206
54,5020,AZ,All-Pro First Team,OLB,Linebacker,Grzegorz Winnicki,araa
54,5015,YKW,All-Pro First Team,OLB,Linebacker,Bull Dozier,modpro
54,5297,NYS,All-Pro First Team,ILB,Linebacker,Sevrin Quinn,Sevrin
54,5185,AZ,All-Pro First Team,CB,Cornerback,Kim Yeon-Seok,Crunk
54,5098,SAR,All-Pro First Team,CB,Cornerback,Harrison Andrews Jr.,abh89
54,5012,SAR,All-Pro First Team,S,Safety,Toller Retriever,mer
54,4950,HON,All-Pro First Team,S,Safety,Lasse Zeigler,jaypc8237
54,5095,CTC,All-Pro First Team,DFLEX,Cornerback,GoTo imnegs.net,negs
54,4948,AZ,All-Pro First Team,K,Kicker,Wynn Jenkins,Rydychyn
54,5269,CTC,All-Pro First Team,P,Kicker,Jensen Wild,WildBoyy
54,5003,BFB,All-Pro First Team,RET,Wide Receiver,Meo Stickyhands-McGee,dhoop
54,5556,LON,All-Pro First Team,QB,Quarterback,Noa Yu II,CROney3
54,5465,TIJ,All-Pro First Team,RB,Running Back,Ban Hammer,bowl0
54,5505,NOR,All-Pro First Team,RB,Running Back,Spock McEatMyDust,Dynamicmlb_42
54,5598,DAL,All-Pro First Team,FB,Tight End,Blake Shuffleton,mt2sailor737
54,5469,LON,All-Pro First Team,WR,Wide Receiver,Raw Cheese Mcpickle Jr.,Eric Belmont
54,5476,BBB,All-Pro First Team,WR,Safety,Faramir Took,robstien
54,5523,TIJ,All-Pro First Team,WR,Wide Receiver,Oh Haewon,Shiamus
54,5551,LON,All-Pro First Team,TE,Offensive Lineman,Wesley Orion,CLG Rampage
54,5538,DAL,All-Pro First Team,TE,Tight End,Captain Checkdown,Exilate
54,5545,LON,All-Pro First Team,IOL,Offensive Lineman,Pegme Amadeus,scudmuffin19
54,5642,BBB,All-Pro First Team,OT,Offensive Lineman,Tytus Gilley,Briedaqueduc
54,5639,NOR,All-Pro First Team,OT,Offensive Lineman,Boss Chud,jackkmart
54,5637,POR,All-Pro First Team,DT,Defensive Tackle,Felix Fortuna,Sizz
54,5474,BBB,All-Pro First Team,DT,Offensive Lineman,Rick Diggersbee,CowboyBlender
54,5658,MIN,All-Pro First Team,DE,Defensive End,Reiner Braun,bigdolla
54,5535,DAL,All-Pro First Team,DE,Defensive End,Cameron Frier,Zac2211
54,5460,MIN,All-Pro First Team,OLB,Linebacker,Phantom Ghost,Coachsj35
54,5526,TIJ,All-Pro First Team,OLB,Linebacker,Charlie Kelly,Tylertokesome04
54,5644,BBB,All-Pro First Team,ILB,Linebacker,Nick Richardson,Nick Richardson 721
54,5533,DAL,All-Pro First Team,CB,Cornerback,Drew LaChance,jreed12
54,5568,NOR,All-Pro First Team,CB,Running Back,Blocked On Discord,Charple
54,5631,MIN,All-Pro First Team,S,Safety,Obi-Wan Picknobi,stixvim
54,5579,NOR,All-Pro First Team,S,Safety,Agnes McPiepe,micool132
54,5617,DAL,All-Pro First Team,K,Wide Receiver,Oliver Clozeoff,Weaves
54,5498,POR,All-Pro First Team,P,Kicker,Adam Vittori,Hawkeye
54,5582,LON,All-Pro First Team,RET,Wide Receiver,Dash Jackson,Dash
54,5350,HON,All-Pro Second Team,QB,Offensive Lineman,Cyrus MacDougall,g2019
54,5172,COL,All-Pro Second Team,RB,Running Back,Julian McMorris II,TubbyTim69
54,5188,AUS,All-Pro Second Team,RB,Running Back,William Eaton,Amidships
54,4945,YKW,All-Pro Second Team,FB,Running Back,Billy Van Goff,bjkman
54,5200,OCO,All-Pro Second Team,TE,Tight End,Deacon Blues,UptownCord
54,5103,AUS,All-Pro Second Team,WR,Wide Receiver,Seer Ial,omg
54,5255,BAL,All-Pro Second Team,WR,Wide Receiver,Travis Novak,jayamshah99
54,4942,YKW,All-Pro Second Team,WR,Wide Receiver,Silence Suzuka,xenosthelegend
54,5094,CTC,All-Pro Second Team,OT,Offensive Lineman,Acutiramus Bohemicus,Gadget
54,5180,YKW,All-Pro Second Team,OT,Offensive Lineman,Devin Mace,Dev0
54,5031,NOLA,All-Pro Second Team,IOL,Offensive Lineman,McDripsen McDropsen,Drip
54,4890,AZ,All-Pro Second Team,IOL,Offensive Lineman,Garlic Jr.,soup
54,5204,SJS,All-Pro Second Team,DT,Defensive Tackle,Hot Dam,Painted
54,5304,OCO,All-Pro Second Team,P,Kicker,Juan Futman,Existentialistic
54,5021,AZ,All-Pro Second Team,DT,Defensive Tackle,Sewage Joe Fantringham,BRNXB0MBERS
54,5110,HON,All-Pro Second Team,DE,Defensive End,Rex Havoc,Muddym13
54,5396,YKW,All-Pro Second Team,DE,Defensive End,Braxton East,SwagSloth
54,5111,NOLA,All-Pro Second Team,OLB,Linebacker,Mac Mannheim,ACynicalGamer
54,4939,CTC,All-Pro Second Team,OLB,Linebacker,Scorch von Turbo,lordcoolcats
54,5273,HON,All-Pro Second Team,ILB,Linebacker,Alexander Hordle Jr.,slate
54,5112,NOLA,All-Pro Second Team,CB,Cornerback,Stone Wall,bfry
54,5106,HON,All-Pro Second Team,CB,Cornerback,Adam Journey,WildfireMicro
54,4955,NYS,All-Pro Second Team,S,Safety,Lyle Taylor,PurplePiratePoo
54,5006,COL,All-Pro Second Team,S,Safety,Eric Beaty jr.,bechtudo
54,5104,AUS,All-Pro Second Team,FLEX,Safety,Rocket Ride,Ulaire
54,4684,NYS,All-Pro Second Team,K,Kicker,Wing Wang,platanocat
54,5357,SJS,All-Pro Second Team,RET,Running Back,Ignacio de la Serna,crash1005
54,4739,SAR,championship,CB,Cornerback,Spruce Willis,FootballIsCool
54,4886,SAR,championship,LB,Linebacker,Ali Star,ProdigalSon
54,4941,SAR,championship,WR,Wide Receiver,Léopold Roy,Gordon Bombay
54,4949,SAR,championship,DT,Defensive Tackle,Leo Simon Schwartz,griis
54,5012,SAR,championship,FS,Safety,Toller Retriever,mer
54,5013,SAR,championship,QB,Quarterback,- Bugs,ImSatanJunior
54,5014,SAR,championship,T,Offensive Lineman,Swantavius Stack,Swanty
54,5097,SAR,championship,RB,Running Back,Zigzag Zipstep,Twenty6
54,5098,SAR,championship,CB,Cornerback,Harrison Andrews Jr.,abh89
54,5099,SAR,championship,LB,Linebacker,Nathan Claflin Jr.,Greenbaynathan
54,5177,SAR,championship,K,Kicker,Marshall von Hildebrand,nunccoepi
54,5178,SAR,championship,LB,Linebacker,Slam Dunkinson,bfan8475
54,5179,SAR,championship,T,Offensive Lineman,Klaus Reinhardt,Middy
54,5234,SAR,championship,T,Linebacker,David Moose,davidmoose
54,5271,SAR,championship,WR,Wide Receiver,Challah Famer,DREAMSLOTH
54,5272,SAR,championship,WR,Wide Receiver,John Myers,Cuffy
54,5273,SAR,championship,LB,Linebacker,Alexander Hordle Jr.,slate
54,5274,SAR,championship,DT,Defensive Tackle,Jonathan Dailey,Daileyj6
54,5275,SAR,championship,DT,Defensive Tackle,Thurman Waters,HoodKirby
54,5344,SAR,championship,TE,Tight End,Big Strong Red Panda,Lemorse7
54,5394,SAR,championship,CB,Cornerback,Brick Pudding,Fronk
54,5395,SAR,championship,T,Offensive Lineman,Jack White,Ostaf
54,5510,SAR,championship,CB,Cornerback,Zamir Kehla III,Thor
54,4837,BAL,DPerOTY,LB,Linebacker,Joe Bazooka,Bazooka_Joe
54,5478,BBB,DPerOTY,CB,Cornerback,Maxx Baker,Viking8712
54,5012,SAR,DPOTY,S,Safety,Toller Retriever,mer
54,5509,NOR,DPOTY,LB,Linebacker,Vlad The Inhaler,bernardhibou
54,5359,BFB,DROTY,DE,Defensive End,Brick Wall,IR15H0000000000
54,5631,MIN,DROTY,S,Safety,Obi-Wan Picknobi,stixvim
54,3317,SJS,HoF,Linebacker,Linebacker,Cruella de Ville,Exilizer
54,3309,SAR,HoF,Wide Receiver,Wide Receiver,Johnny Blaze Jr,JBLAZE_THE_BOSS
54,3451,CTC,HoF,Running Back,Running Back,Nakiri Ayame,ValorX77
54,3288,SJS,HoF,Kicker,Kicker,Booter McGavin,ajtigger
54,3350,AZ,HoF,Quarterback,Offensive Lineman,Donovan Winters III,zeagle1
54,3489,NOLA,HoF,Defensive Tackle,Defensive Tackle,Bruce White,toofpete
54,2472,HON,HoF,Quarterback,Quarterback,Dexter Zaylren,.Laser
54,5177,SAR,KPOTY,K,Kicker,Marshall von Hildebrand,nunccoepi
54,5097,SAR,MVP,RB,Running Back,Zigzag Zipstep,Twenty6
54,5556,LON,MVP,QB,Quarterback,Noa Yu II,CROney3
54,5181,YKW,OPerOTY,WR,Wide Receiver,Super Sonic,sonicxdoom
54,5576,DAL,OPerOTY,RB,Running Back,Kim Minjeong,lemonoppy
54,5350,HON,OPOTY,QB,Offensive Lineman,Cyrus MacDougall,g2019
54,5465,TIJ,OPOTY,RB,Running Back,Ban Hammer,bowl0
54,5350,HON,OROTY,QB,Offensive Lineman,Cyrus MacDougall,g2019
54,5556,LON,OROTY,QB,Quarterback,Noa Yu II,CROney3
54,5350,HON,Pro Bowl,QB,Offensive Lineman,Cyrus MacDougall,g2019
54,5348,AUS,Pro Bowl,QB,Quarterback,Jack Crackerjack,JKortesi81
54,5188,AUS,Pro Bowl,RB,Running Back,William Eaton,Amidships
54,5414,SJS,Pro Bowl,RB,Running Back,Wilson Goatobert,Bayley
54,5357,SJS,Pro Bowl,RB,Running Back,Ignacio de la Serna,crash1005
54,5102,AUS,Pro Bowl,FB,Running Back,Mako Mendonca Jr,Mooty99
54,5103,AUS,Pro Bowl,WR,Wide Receiver,Seer Ial,omg
54,5190,HON,Pro Bowl,WR,Wide Receiver,Sweet Sweet Ganjasmoke,BOOM™
54,5024,AUS,Pro Bowl,WR,Wide Receiver,Soul King Brook,TwoSocks
54,4893,HON,Pro Bowl,WR,Wide Receiver,Kit Fisto,Pvtpenne
54,5200,OCO,Pro Bowl,TE,Tight End,Deacon Blues,UptownCord
54,5191,NOLA,Pro Bowl,TE,Tight End,Auto Matic,AJW
54,5398,AZ,Pro Bowl,IOL,Offensive Lineman,Fairly Smart,Pib
54,5309,NOLA,Pro Bowl,IOL,Offensive Lineman,Eric Cartman,Luciddreams702
54,5286,AUS,Pro Bowl,OT,Offensive Lineman,Honda Civic,unconfident
54,5192,NOLA,Pro Bowl,OT,Offensive Lineman,Daniel Janser,Daniel Janser
54,5108,HON,Pro Bowl,OT,Offensive Lineman,Leonardo Da Pinchi,LtHudz
54,5401,NOLA,Pro Bowl,DE,Defensive End,Mako Shark,ztarwarz
54,5026,HON,Pro Bowl,DE,Defensive Tackle,Ranch-Pizza Pizza-Man,TheNC206
54,5114,NYS,Pro Bowl,DT,Defensive Tackle,Draven Chanos,.Laser
54,4895,NOLA,Pro Bowl,DT,Defensive Tackle,Doctor Who,thewhovian
54,5020,AZ,Pro Bowl,OLB,Linebacker,Grzegorz Winnicki,araa
54,5111,NOLA,Pro Bowl,OLB,Linebacker,Mac Mannheim,ACynicalGamer
54,5297,NYS,Pro Bowl,ILB,Linebacker,Sevrin Quinn,Sevrin
54,5298,OCO,Pro Bowl,ILB,Safety,Victoire Absolue,parky
54,5185,AZ,Pro Bowl,CB,Cornerback,Kim Yeon-Seok,Crunk
54,5037,OCO,Pro Bowl,CB,Cornerback,South West,Honoredmexican
54,5106,HON,Pro Bowl,CB,Cornerback,Adam Journey,WildfireMicro
54,5104,AUS,Pro Bowl,S,Safety,Rocket Ride,Ulaire
54,4950,HON,Pro Bowl,S,Safety,Lasse Zeigler,jaypc8237
54,5349,AUS,Pro Bowl,S,Safety,Matt Turk,Matt Turk
54,5446,HON,Pro Bowl,K,Kicker,Kicky Martin,rickymartin_irl
54,5304,OCO,Pro Bowl,P,Kicker,Juan Futman,Existentialistic
54,5357,SJS,Pro Bowl,KR,Running Back,Ignacio de la Serna,crash1005
54,5107,HON,Pro Bowl,KR,Safety,Caleb TheGEICOCamel,Rusfan
54,5278,YKW,Pro Bowl,QB,Safety,Jack Cannon,BlitzAce71
54,5004,OSK,Pro Bowl,QB,Quarterback,Russell Jimmies,soevil
54,5097,SAR,Pro Bowl,RB,Running Back,Zigzag Zipstep,Twenty6
54,5100,YKW,Pro Bowl,RB,Running Back,Animal Blundetto,Jimi64
54,5172,COL,Pro Bowl,RB,Running Back,Julian McMorris II,TubbyTim69
54,4945,YKW,Pro Bowl,FB,Running Back,Billy Van Goff,bjkman
54,5181,YKW,Pro Bowl,WR,Wide Receiver,Super Sonic,sonicxdoom
54,5255,BAL,Pro Bowl,WR,Wide Receiver,Travis Novak,jayamshah99
54,4942,YKW,Pro Bowl,WR,Wide Receiver,Silence Suzuka,xenosthelegend
54,4997,BAL,Pro Bowl,WR,Wide Receiver,María Teresa de la Rosa,Baron1898
54,5265,COL,Pro Bowl,TE,Tight End,Feka Ohi Kau,Hacob
54,5016,YKW,Pro Bowl,TE,Tight End,Bob Kronkowski,papalinator
54,5345,YKW,Pro Bowl,IOL,Linebacker,Ghost Panda,juniped
54,5395,SAR,Pro Bowl,IOL,Offensive Lineman,Jack White,Ostaf
54,5014,SAR,Pro Bowl,OT,Offensive Lineman,Swantavius Stack,Swanty
54,5091,COL,Pro Bowl,OT,Offensive Lineman,Gusztáv Farkas,Raven
54,5094,CTC,Pro Bowl,OT,Offensive Lineman,Acutiramus Bohemicus,Gadget
54,5359,BFB,Pro Bowl,DE,Defensive End,Brick Wall,IR15H0000000000
54,5396,YKW,Pro Bowl,DE,Defensive End,Braxton East,SwagSloth
54,5276,YKW,Pro Bowl,DT,Defensive Tackle,Pizza Monster,br0_0ker
54,5088,COL,Pro Bowl,DT,Defensive Tackle,GCBWRNW Princess Donut,OrbitingDeath
54,4939,CTC,Pro Bowl,OLB,Linebacker,Scorch von Turbo,lordcoolcats
54,4837,BAL,Pro Bowl,OLB,Linebacker,Joe Bazooka,Bazooka_Joe
54,5448,CTC,Pro Bowl,ILB,Running Back,GM Mellott,GuitarMaster116
54,5099,SAR,Pro Bowl,ILB,Linebacker,Nathan Claflin Jr.,Greenbaynathan
54,5087,COL,Pro Bowl,CB,Cornerback,Jet Larsen,DocLars
54,5098,SAR,Pro Bowl,CB,Cornerback,Harrison Andrews Jr.,abh89
54,5095,CTC,Pro Bowl,CB,Cornerback,GoTo imnegs.net,negs
54,5012,SAR,Pro Bowl,S,Safety,Toller Retriever,mer
54,5389,BFB,Pro Bowl,S,Safety,Dante Escobar,TheElasticBandit
54,5006,COL,Pro Bowl,S,Safety,Eric Beaty jr.,bechtudo
54,5177,SAR,Pro Bowl,K,Kicker,Marshall von Hildebrand,nunccoepi
54,5491,BFB,Pro Bowl,P,Kicker,Athena Mackenzie,Raf_TML
54,5413,BFB,Pro Bowl,KR,Wide Receiver,Mo Love,Lowkey
54,5172,COL,Pro Bowl,KR,Running Back,Julian McMorris II,TubbyTim69
54,5357,SJS,RetOTY,RB,Running Back,Ignacio de la Serna,crash1005
54,5617,DAL,STOTY,WR,Wide Receiver,Oliver Clozeoff,Weaves
55,5173,COL,1600 Club,WR,Wide Receiver,Alexander Rockstone,AustinP0027
55,5181,YKW,1600 Club,WR,Wide Receiver,Super Sonic,sonicxdoom
55,5185,AZ,1600 Club,CB,Cornerback,Kim Yeon-Seok,Crunk
55,5188,AUS,1600 Club,RB,Running Back,William Eaton,Amidships
55,5199,OCO,1600 Club,LB,Linebacker,Tua Domine,Yeenoghu
55,5346,AZ,All-Pro First Team,WR,Wide Receiver,Xander Le Roux,zeagle1
55,5036,NYS,All-Pro First Team,QB,Quarterback,Elijah Dyson,Pat
55,5102,AUS,All-Pro First Team,FB,Running Back,Mako Mendonca Jr,Mooty99
55,5097,SAR,All-Pro First Team,RB,Running Back,Zigzag Zipstep,Twenty6
55,5414,SJS,All-Pro First Team,RB,Running Back,Wilson Goatobert,Bayley
55,4942,YKW,All-Pro First Team,WR,Wide Receiver,Silence Suzuka,xenosthelegend
55,4956,SAR,All-Pro First Team,WR,Wide Receiver,Fig Newton,MMFLEX
55,5173,COL,All-Pro First Team,WR,Wide Receiver,Alexander Rockstone,AustinP0027
55,5182,YKW,All-Pro First Team,TE,Wide Receiver,Benny The Jet,wildcatbandit
55,5301,OCO,All-Pro First Team,OT,Offensive Lineman,Traffic Cone,SoySavant
55,5094,CTC,All-Pro First Team,OT,Offensive Lineman,Acutiramus Bohemicus,Gadget
55,5286,AUS,All-Pro First Team,IOL,Offensive Lineman,Honda Civic,unconfident
55,5395,SAR,All-Pro First Team,IOL,Offensive Lineman,Jack White,Ostaf
55,5183,HON,All-Pro First Team,IOL,Offensive Lineman,Lakin Makin,MikeWhiskey
55,5088,COL,All-Pro First Team,DT,Defensive Tackle,GCBWRNW Princess Donut,OrbitingDeath
55,5354,OCO,All-Pro First Team,DT,Defensive Tackle,Paulie Wag,Pelochyta
55,5359,BFB,All-Pro First Team,DE,Defensive End,Brick Wall,IR15H0000000000
55,5292,HON,All-Pro First Team,DL,Defensive Tackle,Okuyasu Nijimura,KnowledgeBoy
55,5332,BAL,All-Pro First Team,OLB,Kicker,Roy Rivers,RoyRivers
55,5261,OSK,All-Pro First Team,OLB,Linebacker,Sebastian Rosenthal,Symmetrik
55,5267,COL,All-Pro First Team,ILB,Linebacker,Swantavius Feet-Lover,DarknessRising
55,4935,BAL,All-Pro First Team,CB,Cornerback,Devin Jones,Drizzy
55,5185,AZ,All-Pro First Team,CB,Cornerback,Kim Yeon-Seok,Crunk
55,5107,HON,All-Pro First Team,S,Safety,Caleb TheGEICOCamel,Rusfan
55,5012,SAR,All-Pro First Team,S,Safety,Toller Retriever,mer
55,5307,SJS,All-Pro First Team,DB,Safety,Akane Saruta,Megsychan
55,5257,BAL,All-Pro First Team,K,Kicker,Blo Cage,ItsFrenchie
55,4948,NYS,All-Pro First Team,P,Kicker,Wynn Jenkins,Rydychyn
55,5188,AUS,All-Pro First Team,RET,Running Back,William Eaton,Amidships
55,5556,LON,All-Pro First Team,QB,Quarterback,Noa Yu II,CROney3
55,5481,BBB,All-Pro First Team,RB,Offensive Lineman,Willom hill,princejeremiah
55,5676,DAL,All-Pro First Team,RB,Running Back,Brick Grabowski,TheRake
55,5608,NOR,All-Pro First Team,FB,Running Back,Scott Justice,SMFJ
55,5562,POR,All-Pro First Team,WR,Wide Receiver,Slater Williamson,ThreeToeSloth
55,5582,LON,All-Pro First Team,WR,Wide Receiver,Dash Jackson,Dash
55,5605,BBB,All-Pro First Team,WR,Cornerback,Alex Baudelaire,uhnp
55,5611,TIJ,All-Pro First Team,TE,Tight End,Trunk Gibbles,SpartanGibbles
55,5734,DAL,All-Pro First Team,TE,Offensive Lineman,Student Loans,qwerty13542
55,5545,LON,All-Pro First Team,IOL,Offensive Lineman,Pegme Amadeus,scudmuffin19
55,5642,BBB,All-Pro First Team,OT,Offensive Lineman,Tytus Gilley,Briedaqueduc
55,5682,BBB,All-Pro First Team,OT,Offensive Lineman,Shnitzel Radda,DivogoJota
55,5574,DAL,All-Pro First Team,DT,Running Back,Dino Nuggets Jr.,swoosh
55,5530,TIJ,All-Pro First Team,DT,Offensive Lineman,Derek Ward jr,Derek knight
55,5658,MIN,All-Pro First Team,DE,Defensive End,Reiner Braun,bigdolla
55,5609,LON,All-Pro First Team,DE,Defensive End,Mo Ward,SG_Vesuvius
55,5664,DAL,All-Pro First Team,OLB,Linebacker,Gyurn Vlommfeldt,SamEagle76
55,5496,POR,All-Pro First Team,OLB,Linebacker,Bryan Jones,itztimg
55,5458,NOR,All-Pro First Team,ILB,Linebacker,Kevin Kirkpatrick,Pyro182
55,5629,LON,All-Pro First Team,CB,Cornerback,Conner Beck,ColonelSaunders
55,5478,BBB,All-Pro First Team,CB,Cornerback,Maxx Baker,Viking8712
55,5579,NOR,All-Pro First Team,S,Safety,Agnes McPiepe,micool132
55,5649,DAL,All-Pro First Team,S,Safety,Logan Renslow,SirBongo
55,5480,BBB,All-Pro First Team,K,Kicker,Dawson Jackson,Kewl
55,5480,BBB,All-Pro First Team,P,Kicker,Dawson Jackson,Kewl
55,5672,TIJ,All-Pro First Team,RET,Wide Receiver,Rok Košir,Daleks
55,5278,YKW,All-Pro Second Team,QB,Safety,Jack Cannon,BlitzAce71
55,5175,CTC,All-Pro Second Team,RB,Running Back,Connor Craig Jr. Jr.,Dewalt27
55,5284,AZ,All-Pro Second Team,RB,Running Back,JamesIsRunning Wilder,kdr
55,4945,YKW,All-Pro Second Team,FB,Running Back,Billy Van Goff,bjkman
55,5200,OCO,All-Pro Second Team,TE,Tight End,Deacon Blues,UptownCord
55,5306,SJS,All-Pro Second Team,WR,Wide Receiver,Golden Ericksen,Seven Arrows
55,5113,NYS,All-Pro Second Team,WR,Wide Receiver,Zayn Feet-Lover Sr.,zaynzk
55,5091,AUS,All-Pro Second Team,OT,Offensive Lineman,Gusztáv Farkas,Raven
55,5014,SAR,All-Pro Second Team,OT,Offensive Lineman,Swantavius Stack,Swanty
55,5027,HON,All-Pro Second Team,IOL,Offensive Lineman,Tyler Higbee II,SensibleDictator
55,5176,CTC,All-Pro Second Team,IOL,Offensive Lineman,Cedric Theriault,tcookie
55,4889,YKW,All-Pro Second Team,IOL,Offensive Lineman,Klaus von Reinherz,J0EB
55,5446,HON,All-Pro Second Team,K,Kicker,Kicky Martin,rickymartin_irl
55,5114,NYS,All-Pro Second Team,DT,Defensive Tackle,Draven Chanos,.Laser
55,5276,YKW,All-Pro Second Team,DT,Defensive Tackle,Pizza Monster,br0_0ker
55,5026,HON,All-Pro Second Team,DE,Defensive Tackle,Ranch-Pizza Pizza-Man,TheNC206
55,5256,BAL,All-Pro Second Team,DL,Defensive Tackle,Chunky Campbell Soup,Tayjay
55,4939,CTC,All-Pro Second Team,OLB,Linebacker,Scorch von Turbo,lordcoolcats
55,5178,SAR,All-Pro Second Team,OLB,Linebacker,Slam Dunkinson,bfan8475
55,5297,NYS,All-Pro Second Team,ILB,Linebacker,Sevrin Quinn,Sevrin
55,5511,BFB,All-Pro Second Team,CB,Tight End,Ms. Frizzle,Jackienape
55,5029,HON,All-Pro Second Team,CB,Cornerback,Roquefort Cotswold,roquefort
55,5445,OSK,All-Pro Second Team,S,Safety,Zero Escape,MobiausGrander
55,5411,SJS,All-Pro Second Team,S,Safety,Tackle Merchant™,ckroyal92
55,4950,HON,All-Pro Second Team,DB,Safety,Lasse Zeigler,jaypc8237
55,5177,SAR,All-Pro Second Team,P,Kicker,Marshall von Hildebrand,nunccoepi
55,5112,NOLA,All-Pro Second Team,RET,Cornerback,Stone Wall,bfry
55,4836,BAL,championship,DT,Defensive Tackle,Carter Goad,caleb.grim
55,4837,BAL,championship,LB,Linebacker,Joe Bazooka,Bazooka_Joe
55,4935,BAL,championship,CB,Cornerback,Devin Jones,Drizzy
55,4997,BAL,championship,WR,Wide Receiver,María Teresa de la Rosa,Baron1898
55,4998,BAL,championship,FS,Safety,Lyle Robideaux,Figgy
55,4999,BAL,championship,T,Offensive Lineman,Edith Nickelback,kahri
55,5000,BAL,championship,DE,Defensive End,Upceti Spaghetti,Agent Chaos
55,5006,BAL,championship,FS,Safety,Eric Beaty jr.,bechtudo
55,5078,BAL,championship,CB,Cornerback,Lawrence Crawford,SwankyPants31
55,5079,BAL,championship,RB,Running Back,American Dream,KC15
55,5090,BAL,championship,RB,Offensive Lineman,Dazen Guile,Punk42AE
55,5168,BAL,championship,T,Offensive Lineman,Taylor's BF's Brother,STZ
55,5254,BAL,championship,QB,Cornerback,No Pix,dude_man
55,5255,BAL,championship,WR,Wide Receiver,Travis Novak,jayamshah99
55,5256,BAL,championship,DT,Defensive Tackle,Chunky Campbell Soup,Tayjay
55,5257,BAL,championship,K,Kicker,Blo Cage,ItsFrenchie
55,5262,BAL,championship,CB,Cornerback,Casper Constantine,rapideagle
55,5331,BAL,championship,WR,Running Back,Jeff Land Shark,LiathTheSquirrel
55,5332,BAL,championship,LB,Kicker,Roy Rivers,RoyRivers
55,5333,BAL,championship,RB,Running Back,Quincy Robinson,18situaseans
55,5387,BAL,championship,CB,Cornerback,Hawk Too-Me,Aneeqs
55,5420,BAL,championship,T,Offensive Lineman,Da'Truest Rusha,Trempale
55,5477,BAL,championship,LB,Linebacker,Multiliki Waialiki,JoeSteel
55,5526,BAL,championship,LB,Linebacker,Charlie Kelly,Tylertokesome04
55,5093,COL,DPerOTY,LB,Linebacker,Adolin Collins,infern8
55,5581,LON,DPerOTY,DE,Defensive End,Fuego Toro,DarthDaevin
55,4935,BAL,DPOTY,CB,Cornerback,Devin Jones,Drizzy
55,5496,POR,DPOTY,LB,Linebacker,Bryan Jones,itztimg
55,5499,BFB,DROTY,CB,Cornerback,Francisco Villalona,TooSweet
55,5675,KCC,DROTY,CB,Cornerback,Wyntir Creakis,soevil
55,3505,SJS,HoF,LB,Linebacker,DJ Maclean,Urq660
55,3452,BER,HoF,DE,Defensive End,Clint Mustache,manicmav36
55,5446,HON,KPOTY,K,Kicker,Kicky Martin,rickymartin_irl
55,5100,YKW,MVP,RB,Running Back,Animal Blundetto,Jimi64
55,5556,LON,MVP,QB,Quarterback,Noa Yu II,CROney3
55,5465,HON,OPerOTY,RB,Running Back,Ban Hammer,bowl0
55,5676,DAL,OPerOTY,RB,Running Back,Brick Grabowski,TheRake
55,5097,SAR,OPOTY,RB,Running Back,Zigzag Zipstep,Twenty6
55,5582,LON,OPOTY,WR,Wide Receiver,Dash Jackson,Dash
55,5465,HON,OROTY,RB,Running Back,Ban Hammer,bowl0
55,5676,DAL,OROTY,RB,Running Back,Brick Grabowski,TheRake
55,5295,NOLA,Pro Bowl,QB,Offensive Lineman,Confurius DeThwilson,Commaperiod
55,5305,SJS,Pro Bowl,QB,Quarterback,Pasta Rockmann,BenDover
55,5414,SJS,Pro Bowl,RB,Running Back,Wilson Goatobert,Bayley
55,5284,AZ,Pro Bowl,RB,Running Back,JamesIsRunning Wilder,kdr
55,5282,AZ,Pro Bowl,RB,Running Back,Dalinar Summers,lunaripcole
55,5102,AUS,Pro Bowl,FB,Running Back,Mako Mendonca Jr,Mooty99
55,5306,SJS,Pro Bowl,WR,Wide Receiver,Golden Ericksen,Seven Arrows
55,5346,AZ,Pro Bowl,WR,Wide Receiver,Xander Le Roux,zeagle1
55,5113,NYS,Pro Bowl,WR,Wide Receiver,Zayn Feet-Lover Sr.,zaynzk
55,5352,NOLA,Pro Bowl,WR,Wide Receiver,Ben Yay,toofpete
55,5200,OCO,Pro Bowl,TE,Tight End,Deacon Blues,UptownCord
55,5191,NOLA,Pro Bowl,TE,Tight End,Auto Matic,AJW
55,5286,AUS,Pro Bowl,IOL,Offensive Lineman,Honda Civic,unconfident
55,5398,AZ,Pro Bowl,IOL,Offensive Lineman,Fairly Smart,Pib
55,5301,OCO,Pro Bowl,OT,Offensive Lineman,Traffic Cone,SoySavant
55,5091,AUS,Pro Bowl,OT,Offensive Lineman,Gusztáv Farkas,Raven
55,5108,HON,Pro Bowl,OT,Offensive Lineman,Leonardo Da Pinchi,LtHudz
55,5026,HON,Pro Bowl,DE,Defensive Tackle,Ranch-Pizza Pizza-Man,TheNC206
55,5401,NOLA,Pro Bowl,DE,Defensive End,Mako Shark,ztarwarz
55,5354,OCO,Pro Bowl,DT,Defensive Tackle,Paulie Wag,Pelochyta
55,5292,HON,Pro Bowl,DT,Defensive Tackle,Okuyasu Nijimura,KnowledgeBoy
55,4957,SJS,Pro Bowl,OLB,Linebacker,Duilio's Beard,RussDrivesTheBus
55,5020,AZ,Pro Bowl,OLB,Linebacker,Grzegorz Winnicki,araa
55,5347,AZ,Pro Bowl,ILB,Linebacker,john scamps,scamps
55,5186,AUS,Pro Bowl,ILB,Linebacker,Billdozer Dauterive,Kyamprac
55,5185,AZ,Pro Bowl,CB,Cornerback,Kim Yeon-Seok,Crunk
55,5029,HON,Pro Bowl,CB,Cornerback,Roquefort Cotswold,roquefort
55,5104,AUS,Pro Bowl,CB,Safety,Rocket Ride,Ulaire
55,5411,SJS,Pro Bowl,S,Safety,Tackle Merchant™,ckroyal92
55,5307,SJS,Pro Bowl,S,Safety,Akane Saruta,Megsychan
55,5107,HON,Pro Bowl,S,Safety,Caleb TheGEICOCamel,Rusfan
55,5446,HON,Pro Bowl,K,Kicker,Kicky Martin,rickymartin_irl
55,5287,AUS,Pro Bowl,P,Kicker,America South America,toivo
55,5188,AUS,Pro Bowl,KR,Running Back,William Eaton,Amidships
55,5109,HON,Pro Bowl,KR,Running Back,Robot Sunfish,yonggarius
55,5278,YKW,Pro Bowl,QB,Safety,Jack Cannon,BlitzAce71
55,5254,BAL,Pro Bowl,QB,Cornerback,No Pix,dude_man
55,5097,SAR,Pro Bowl,RB,Running Back,Zigzag Zipstep,Twenty6
55,5100,YKW,Pro Bowl,RB,Running Back,Animal Blundetto,Jimi64
55,5175,CTC,Pro Bowl,RB,Running Back,Connor Craig Jr. Jr.,Dewalt27
55,4945,YKW,Pro Bowl,FB,Running Back,Billy Van Goff,bjkman
55,4942,YKW,Pro Bowl,WR,Wide Receiver,Silence Suzuka,xenosthelegend
55,5173,COL,Pro Bowl,WR,Wide Receiver,Alexander Rockstone,AustinP0027
55,4956,SAR,Pro Bowl,WR,Wide Receiver,Fig Newton,MMFLEX
55,5181,YKW,Pro Bowl,WR,Wide Receiver,Super Sonic,sonicxdoom
55,5182,YKW,Pro Bowl,TE,Wide Receiver,Benny The Jet,wildcatbandit
55,5255,BAL,Pro Bowl,TE,Wide Receiver,Travis Novak,jayamshah99
55,5395,SAR,Pro Bowl,IOL,Offensive Lineman,Jack White,Ostaf
55,5645,COL,Pro Bowl,IOL,Offensive Lineman,Founding Father,Master Chef
55,5094,CTC,Pro Bowl,OT,Offensive Lineman,Acutiramus Bohemicus,Gadget
55,5180,YKW,Pro Bowl,OT,Offensive Lineman,Devin Mace,Dev0
55,5014,SAR,Pro Bowl,OT,Offensive Lineman,Swantavius Stack,Swanty
55,5359,BFB,Pro Bowl,DE,Defensive End,Brick Wall,IR15H0000000000
55,5396,YKW,Pro Bowl,DE,Defensive End,Braxton East,SwagSloth
55,5088,COL,Pro Bowl,DT,Defensive Tackle,GCBWRNW Princess Donut,OrbitingDeath
55,5276,YKW,Pro Bowl,DT,Defensive Tackle,Pizza Monster,br0_0ker
55,5332,BAL,Pro Bowl,OLB,Kicker,Roy Rivers,RoyRivers
55,4939,CTC,Pro Bowl,OLB,Linebacker,Scorch von Turbo,lordcoolcats
55,5267,COL,Pro Bowl,ILB,Linebacker,Swantavius Feet-Lover,DarknessRising
55,5454,COL,Pro Bowl,ILB,Linebacker,Ryama D. Yugo,hhh81
55,4935,BAL,Pro Bowl,CB,Cornerback,Devin Jones,Drizzy
55,5511,BFB,Pro Bowl,CB,Tight End,Ms. Frizzle,Jackienape
55,5499,BFB,Pro Bowl,CB,Cornerback,Francisco Villalona,TooSweet
55,5012,SAR,Pro Bowl,S,Safety,Toller Retriever,mer
55,5445,OSK,Pro Bowl,S,Safety,Zero Escape,MobiausGrander
55,5510,SAR,Pro Bowl,S,Cornerback,Zamir Kehla III,Thor
55,5337,COL,Pro Bowl,K,Kicker,John Kick,pboomg
55,5177,SAR,Pro Bowl,P,Kicker,Marshall von Hildebrand,nunccoepi
55,5442,BFB,Pro Bowl,KR,Running Back,Tom Turbo,JuOSu
55,5098,SAR,Pro Bowl,KR,Cornerback,Harrison Andrews Jr.,abh89
55,5188,AUS,RetOTY,RB,Running Back,William Eaton,Amidships
55,5480,BBB,STOTY,K,Kicker,Dawson Jackson,Kewl
56,5254,BAL,1600 Club,CB,Cornerback,No Pix,dude_man
56,5255,BAL,1600 Club,WR,Wide Receiver,Travis Novak,jayamshah99
56,5286,AUS,1600 Club,OL,Offensive Lineman,Honda Civic,unconfident
56,5295,NOLA,1600 Club,QB,Offensive Lineman,Confurius DeThwilson,Commaperiod
56,5296,NOLA,1600 Club,CB,Cornerback,I.Q. Bowman,qWest
56,5254,BAL,All-Pro First Team,QB,Cornerback,No Pix,dude_man
56,5102,AUS,All-Pro First Team,FB,Running Back,Mako Mendonca Jr,Mooty99
56,5172,COL,All-Pro First Team,RB,Running Back,Julian McMorris II,TubbyTim69
56,5333,BAL,All-Pro First Team,RB,Running Back,Quincy Robinson,18situaseans
56,5352,NOLA,All-Pro First Team,WR,Wide Receiver,Ben Yay,toofpete
56,5306,SJS,All-Pro First Team,WR,Wide Receiver,Golden Ericksen,Seven Arrows
56,5346,AZ,All-Pro First Team,WR,Wide Receiver,Xander Le Roux,zeagle1
56,5200,OCO,All-Pro First Team,TE,Tight End,Deacon Blues,UptownCord
56,5014,SAR,All-Pro First Team,OT,Offensive Lineman,Swantavius Stack,Swanty
56,5301,OCO,All-Pro First Team,OT,Offensive Lineman,Traffic Cone,SoySavant
56,5467,AZ,All-Pro First Team,IOL,Offensive Lineman,Gerry Atrick,Kotasa
56,5183,HON,All-Pro First Team,IOL,Offensive Lineman,Lakin Makin,MikeWhiskey
56,5176,CTC,All-Pro First Team,IOL,Offensive Lineman,Cedric Theriault,tcookie
56,5359,BFB,All-Pro First Team,DE,Defensive End,Brick Wall,IR15H0000000000
56,5285,AZ,All-Pro First Team,DL,Defensive Tackle,JC Tomlinson,Knif3yMan87
56,5292,HON,All-Pro First Team,DT,Defensive Tackle,Okuyasu Nijimura,KnowledgeBoy
56,5009,CTC,All-Pro First Team,DT,Defensive Tackle,Dunkler Sowerwine,oknom
56,5358,SJS,All-Pro First Team,OLB,Defensive Tackle,Senior Seau,ComebackZak
56,5022,HON,All-Pro First Team,OLB,Linebacker,Maurice Gunner,Soviet Sexpot
56,5460,BFB,All-Pro First Team,ILB,Linebacker,Phantom Ghost,Coachsj35
56,5029,HON,All-Pro First Team,CB,Cornerback,Roquefort Cotswold,roquefort
56,5008,COL,All-Pro First Team,CB,Cornerback,SkibidiGyat OhioRizzler,bold ni wally
56,5402,NOLA,All-Pro First Team,S,Safety,Count Sevem,baz
56,5677,YKW,All-Pro First Team,S,Safety,Carlin Creakis,SmittyHextall
56,5525,NYS,All-Pro First Team,DB,Cornerback,Pizzly Husk,pizzly
56,5177,SAR,All-Pro First Team,P,Kicker,Marshall von Hildebrand,nunccoepi
56,5177,SAR,All-Pro First Team,K,Kicker,Marshall von Hildebrand,nunccoepi
56,5172,COL,All-Pro First Team,RET,Running Back,Julian McMorris II,TubbyTim69
56,5697,KCC,All-Pro First Team,QB,Quarterback,Drew McPewPewPew Jr,MMFLEX
56,5743,LON,All-Pro First Team,RB,Running Back,Jonathon Jameston,Joriel
56,5583,POR,All-Pro First Team,RB,Running Back,Random Joe,ismat
56,5602,KCC,All-Pro First Team,WR,Wide Receiver,Rúben Ira,Retuperkele
56,5592,NOR,All-Pro First Team,WR,Wide Receiver,Dalton Gross,Dman9417
56,5506,LON,All-Pro First Team,WR,Wide Receiver,Axel Bradley,AW13
56,5720,TIJ,All-Pro First Team,TE,Tight End,Gingar Toaster,Gingar77
56,5700,POR,All-Pro First Team,TE,Defensive Tackle,Joey Miller,WildfireMicro
56,5730,NOR,All-Pro First Team,IOL,Offensive Lineman,Jimothy Small,idoesntexist
56,5682,POR,All-Pro First Team,OT,Offensive Lineman,Shnitzel Radda,DivogoJota
56,5481,POR,All-Pro First Team,OT,Offensive Lineman,Willom hill,princejeremiah
56,5721,KCC,All-Pro First Team,DT,Defensive Tackle,Turd Ferguson,Turd Ferguson
56,5530,TIJ,All-Pro First Team,DT,Offensive Lineman,Derek Ward jr,Derek knight
56,5747,POR,All-Pro First Team,DE,Defensive End,Roger Frontier,N0HBDY
56,5658,MIN,All-Pro First Team,DE,Defensive End,Reiner Braun,bigdolla
56,5769,MIN,All-Pro First Team,OLB,Cornerback,. Torchwood,thewhovian
56,5635,LON,All-Pro First Team,OLB,Linebacker,Oopsie Wrongball,Summerstood
56,5742,LON,All-Pro First Team,ILB,Linebacker,Adam Plays,AdamEPlays
56,5706,MIN,All-Pro First Team,CB,Cornerback,Pete Keltrops,xrTForces
56,5776,DAL,All-Pro First Team,CB,Cornerback,Tee Deez,IceBear32
56,5488,KCC,All-Pro First Team,S,Safety,DJ Hayes,dj_doubledos_22
56,5584,TIJ,All-Pro First Team,S,Safety,Stelio Kontos,BoogShlazetti
56,5708,MIN,All-Pro First Team,K,Kicker,Sam Waymon,Amaziah
56,5708,MIN,All-Pro First Team,P,Kicker,Sam Waymon,Amaziah
56,5605,BBB,All-Pro First Team,RET,Cornerback,Alex Baudelaire,uhnp
56,5295,NOLA,All-Pro Second Team,QB,Offensive Lineman,Confurius DeThwilson,Commaperiod
56,5090,BAL,All-Pro Second Team,RB,Offensive Lineman,Dazen Guile,Punk42AE
56,5282,AZ,All-Pro Second Team,RB,Running Back,Dalinar Summers,lunaripcole
56,5271,CTC,All-Pro Second Team,WR,Wide Receiver,Challah Famer,DREAMSLOTH
56,4997,BAL,All-Pro Second Team,WR,Wide Receiver,María Teresa de la Rosa,Baron1898
56,5103,AUS,All-Pro Second Team,WR,Wide Receiver,Seer Ial,omg
56,5191,NOLA,All-Pro Second Team,TE,Tight End,Auto Matic,AJW
56,5286,AUS,All-Pro Second Team,OT,Offensive Lineman,Honda Civic,unconfident
56,5094,CTC,All-Pro Second Team,OT,Offensive Lineman,Acutiramus Bohemicus,Gadget
56,5570,OSK,All-Pro Second Team,IOL,Offensive Lineman,Rusty Rags,ctots
56,5179,SAR,All-Pro Second Team,IOL,Offensive Lineman,Klaus Reinhardt,Middy
56,5639,AUS,All-Pro Second Team,IOL,Offensive Lineman,Boss Chud,jackkmart
56,5396,AZ,All-Pro Second Team,DE,Defensive End,Braxton East,SwagSloth
56,5114,BAL,All-Pro Second Team,DL,Defensive Tackle,Draven Chanos,.Laser
56,5088,SJS,All-Pro Second Team,DT,Defensive Tackle,GCBWRNW Princess Donut,OrbitingDeath
56,5354,OCO,All-Pro Second Team,DT,Defensive Tackle,Paulie Wag,Pelochyta
56,5261,OSK,All-Pro Second Team,OLB,Linebacker,Sebastian Rosenthal,Symmetrik
56,5194,NYS,All-Pro Second Team,OLB,Linebacker,Joe Blaze,jlyles7
56,4952,NOLA,All-Pro Second Team,ILB,Linebacker,Oxford Comma,domffl
56,5277,YKW,All-Pro Second Team,CB,Cornerback,David Corrigan,Deecee98
56,5400,HON,All-Pro Second Team,CB,Cornerback,Dixon Yamada,Dmac1200
56,4955,BAL,All-Pro Second Team,S,Safety,Lyle Taylor,PurplePiratePoo
56,5411,SJS,All-Pro Second Team,S,Safety,Tackle Merchant™,ckroyal92
56,5631,COL,All-Pro Second Team,DB,Safety,Obi-Wan Picknobi,stixvim
56,5269,CTC,All-Pro Second Team,P,Kicker,Jensen Wild,WildBoyy
56,5257,BAL,All-Pro Second Team,K,Kicker,Blo Cage,ItsFrenchie
56,5034,NYS,All-Pro Second Team,RET,Running Back,Speed Hawk,PMoney
56,5022,HON,championship,LB,Linebacker,Maurice Gunner,Soviet Sexpot
56,5026,HON,championship,DE,Defensive Tackle,Ranch-Pizza Pizza-Man,TheNC206
56,5028,HON,championship,WR,Wide Receiver,Brad Woof,Brad Woof
56,5029,HON,championship,CB,Cornerback,Roquefort Cotswold,roquefort
56,5030,HON,championship,LB,Linebacker,JJ What,JJ5
56,5107,HON,championship,FS,Safety,Caleb TheGEICOCamel,Rusfan
56,5108,HON,championship,T,Offensive Lineman,Leonardo Da Pinchi,LtHudz
56,5109,HON,championship,RB,Running Back,Robot Sunfish,yonggarius
56,5110,HON,championship,DE,Defensive End,Rex Havoc,Muddym13
56,5183,HON,championship,T,Offensive Lineman,Lakin Makin,MikeWhiskey
56,5189,HON,championship,T,Offensive Lineman,- Baymax,IceBear32
56,5190,HON,championship,WR,Wide Receiver,Sweet Sweet Ganjasmoke,BOOM™
56,5290,HON,championship,RB,Running Back,Federico Cinco,cinco de la tarde
56,5291,HON,championship,LB,Linebacker,Tee Bone,Beck
56,5292,HON,championship,DT,Defensive Tackle,Okuyasu Nijimura,KnowledgeBoy
56,5300,HON,championship,SS,Safety,Linz O'Fare,Alf
56,5350,HON,championship,QB,Offensive Lineman,Cyrus MacDougall,g2019
56,5400,HON,championship,CB,Cornerback,Dixon Yamada,Dmac1200
56,5446,HON,championship,K,Kicker,Kicky Martin,rickymartin_irl
56,5465,HON,championship,RB,Running Back,Ban Hammer,bowl0
56,5487,HON,championship,T,Offensive Lineman,Dan Smith,MichkovSzn
56,5508,HON,championship,LB,Linebacker,Laramie Rose,oilmandan
56,5515,HON,championship,WR,Wide Receiver,Griffin Stone,Griff
56,5545,HON,championship,T,Offensive Lineman,Pegme Amadeus,scudmuffin19
56,5635,LON,DPerOTY,LB,Linebacker,Oopsie Wrongball,Summerstood
56,5292,HON,DPerOTY,DT,Defensive Tackle,Okuyasu Nijimura,KnowledgeBoy
56,5769,MIN,DPOTY,CB,Cornerback,. Torchwood,thewhovian
56,5292,HON,DPOTY,DT,Defensive Tackle,Okuyasu Nijimura,KnowledgeBoy
56,5769,MIN,DROTY,CB,Cornerback,. Torchwood,thewhovian
56,5664,OSK,DROTY,LB,Linebacker,Gyurn Vlommfeldt,SamEagle76
56,3300,AUS,HoF,Defensive Tackle,Defensive Tackle,Carly Rae Jensen,unconfident
56,3449,SJS,HoF,Defensive End,Defensive End,Alex Armstrong,Duilio05
56,5177,SAR,KPOTY,K,Kicker,Marshall von Hildebrand,nunccoepi
56,5697,KCC,MVP,QB,Quarterback,Drew McPewPewPew Jr,MMFLEX
56,5172,COL,MVP,RB,Running Back,Julian McMorris II,TubbyTim69
56,5697,KCC,OPerOTY,QB,Quarterback,Drew McPewPewPew Jr,MMFLEX
56,5352,NOLA,OPerOTY,WR,Wide Receiver,Ben Yay,toofpete
56,5743,LON,OPOTY,RB,Running Back,Jonathon Jameston,Joriel
56,5352,NOLA,OPOTY,WR,Wide Receiver,Ben Yay,toofpete
56,5780,MIN,OROTY,WR,Offensive Lineman,Flick Davis,Flick Davis
56,5459,SAR,OROTY,QB,Offensive Lineman,Shrub Adub,shrub02
56,5295,NOLA,Pro Bowl,QB,Offensive Lineman,Confurius DeThwilson,Commaperiod
56,5305,SJS,Pro Bowl,QB,Quarterback,Pasta Rockmann,BenDover
56,5282,AZ,Pro Bowl,RB,Running Back,Dalinar Summers,lunaripcole
56,5357,SJS,Pro Bowl,RB,Running Back,Ignacio de la Serna,crash1005
56,5414,SJS,Pro Bowl,RB,Running Back,Wilson Goatobert,Bayley
56,5102,AUS,Pro Bowl,FB,Running Back,Mako Mendonca Jr,Mooty99
56,5346,AZ,Pro Bowl,WR,Wide Receiver,Xander Le Roux,zeagle1
56,5352,NOLA,Pro Bowl,WR,Wide Receiver,Ben Yay,toofpete
56,5306,SJS,Pro Bowl,WR,Wide Receiver,Golden Ericksen,Seven Arrows
56,5103,AUS,Pro Bowl,WR,Wide Receiver,Seer Ial,omg
56,5515,HON,Pro Bowl,TE,Wide Receiver,Griffin Stone,Griff
56,5191,NOLA,Pro Bowl,TE,Tight End,Auto Matic,AJW
56,5467,AZ,Pro Bowl,IOL,Offensive Lineman,Gerry Atrick,Kotasa
56,4946,NOLA,Pro Bowl,IOL,Offensive Lineman,Octavio Volarus,CementHands
56,5301,OCO,Pro Bowl,OT,Offensive Lineman,Traffic Cone,SoySavant
56,5286,AUS,Pro Bowl,OT,Offensive Lineman,Honda Civic,unconfident
56,5108,HON,Pro Bowl,OT,Offensive Lineman,Leonardo Da Pinchi,LtHudz
56,5401,NOLA,Pro Bowl,DE,Defensive End,Mako Shark,ztarwarz
56,5000,NYS,Pro Bowl,DE,Defensive End,Upceti Spaghetti,Agent Chaos
56,5292,HON,Pro Bowl,DT,Defensive Tackle,Okuyasu Nijimura,KnowledgeBoy
56,5285,AZ,Pro Bowl,DT,Defensive Tackle,JC Tomlinson,Knif3yMan87
56,5358,SJS,Pro Bowl,OLB,Defensive Tackle,Senior Seau,ComebackZak
56,5022,HON,Pro Bowl,OLB,Linebacker,Maurice Gunner,Soviet Sexpot
56,4957,SJS,Pro Bowl,ILB,Linebacker,Duilio's Beard,RussDrivesTheBus
56,5516,AZ,Pro Bowl,ILB,Linebacker,Jay Cue IV,Opera_Phantom
56,5029,HON,Pro Bowl,CB,Cornerback,Roquefort Cotswold,roquefort
56,5087,SJS,Pro Bowl,CB,Cornerback,Jet Larsen,DocLars
56,5115,OCO,Pro Bowl,CB,Cornerback,Widdle Warrick,Repgnar
56,5402,NOLA,Pro Bowl,S,Safety,Count Sevem,baz
56,5411,SJS,Pro Bowl,S,Safety,Tackle Merchant™,ckroyal92
56,5544,AZ,Pro Bowl,S,Safety,Minkah Polamalu,mirrorlake_cultivator
56,5446,HON,Pro Bowl,K,Kicker,Kicky Martin,rickymartin_irl
56,5580,AZ,Pro Bowl,P,Kicker,Corey Worthington,.simo
56,5034,NYS,Pro Bowl,ST,Running Back,Speed Hawk,PMoney
56,5103,AUS,Pro Bowl,ST,Wide Receiver,Seer Ial,omg
56,5254,BAL,Pro Bowl,QB,Cornerback,No Pix,dude_man
56,5459,SAR,Pro Bowl,QB,Offensive Lineman,Shrub Adub,shrub02
56,5172,COL,Pro Bowl,RB,Running Back,Julian McMorris II,TubbyTim69
56,5090,BAL,Pro Bowl,RB,Offensive Lineman,Dazen Guile,Punk42AE
56,5333,BAL,Pro Bowl,RB,Running Back,Quincy Robinson,18situaseans
56,4945,YKW,Pro Bowl,FB,Running Back,Billy Van Goff,bjkman
56,4997,BAL,Pro Bowl,WR,Wide Receiver,María Teresa de la Rosa,Baron1898
56,5341,CTC,Pro Bowl,WR,Wide Receiver,Jamal Slick Jr.,JBLAZE_THE_BOSS
56,5413,BFB,Pro Bowl,WR,Wide Receiver,Mo Love,Lowkey
56,4942,YKW,Pro Bowl,WR,Wide Receiver,Silence Suzuka,xenosthelegend
56,5265,COL,Pro Bowl,TE,Tight End,Feka Ohi Kau,Hacob
56,5620,OSK,Pro Bowl,TE,Wide Receiver,Calvin Calamari,Squid
56,5570,OSK,Pro Bowl,IOL,Offensive Lineman,Rusty Rags,ctots
56,5171,COL,Pro Bowl,IOL,Offensive Lineman,Katya Zamolodchikova,fnordypsyduck
56,5014,SAR,Pro Bowl,OT,Offensive Lineman,Swantavius Stack,Swanty
56,5094,CTC,Pro Bowl,OT,Offensive Lineman,Acutiramus Bohemicus,Gadget
56,5180,YKW,Pro Bowl,OT,Offensive Lineman,Devin Mace,Dev0
56,5359,BFB,Pro Bowl,DE,Defensive End,Brick Wall,IR15H0000000000
56,5396,YKW,Pro Bowl,DE,Defensive End,Braxton East,SwagSloth
56,5009,CTC,Pro Bowl,DT,Defensive Tackle,Dunkler Sowerwine,oknom
56,5114,BAL,Pro Bowl,DT,Defensive Tackle,Draven Chanos,.Laser
56,5015,YKW,Pro Bowl,OLB,Linebacker,Bull Dozier,modpro
56,5178,SAR,Pro Bowl,OLB,Linebacker,Slam Dunkinson,bfan8475
56,5460,BFB,Pro Bowl,ILB,Linebacker,Phantom Ghost,Coachsj35
56,4943,YKW,Pro Bowl,ILB,Linebacker,Corey Trevor,DigDoug11
56,5277,YKW,Pro Bowl,CB,Cornerback,David Corrigan,Deecee98
56,5675,YKW,Pro Bowl,CB,Cornerback,Wyntir Creakis,soevil
56,5499,BFB,Pro Bowl,CB,Cornerback,Francisco Villalona,TooSweet
56,5677,YKW,Pro Bowl,S,Safety,Carlin Creakis,SmittyHextall
56,5631,COL,Pro Bowl,S,Safety,Obi-Wan Picknobi,stixvim
56,5012,SAR,Pro Bowl,S,Safety,Toller Retriever,mer
56,5257,BAL,Pro Bowl,K,Kicker,Blo Cage,ItsFrenchie
56,5177,SAR,Pro Bowl,P,Kicker,Marshall von Hildebrand,nunccoepi
56,5172,COL,Pro Bowl,ST,Running Back,Julian McMorris II,TubbyTim69
56,5442,BFB,Pro Bowl,ST,Running Back,Tom Turbo,JuOSu
56,5172,COL,RetOTY,RB,Running Back,Julian McMorris II,TubbyTim69
56,5605,BBB,STOTY,WR,Cornerback,Alex Baudelaire,uhnp
57,5332,BAL,1600 Club,LB,Kicker,Roy Rivers,RoyRivers
57,5353,NYS,1600 Club,LB,Linebacker,Abstract Geometry,Murtsi
57,5359,BFB,1600 Club,DE,Defensive End,Brick Wall,IR15H0000000000
57,5254,BAL,All-Pro First Team,QB,Cornerback,No Pix,dude_man
57,5357,SJS,All-Pro First Team,RB,Running Back,Ignacio de la Serna,crash1005
57,5333,BAL,All-Pro First Team,RB,Running Back,Quincy Robinson,18situaseans
57,5102,AUS,All-Pro First Team,FB,Running Back,Mako Mendonca Jr,Mooty99
57,5173,COL,All-Pro First Team,WR,Wide Receiver,Alexander Rockstone,AustinP0027
57,5444,OSK,All-Pro First Team,WR,Wide Receiver,Football Catcherman,manicmav36
57,5413,BFB,All-Pro First Team,WR,Wide Receiver,Mo Love,Lowkey
57,5611,AUS,All-Pro First Team,TE,Tight End,Trunk Gibbles,SpartanGibbles
57,5642,OCO,All-Pro First Team,IOL,Offensive Lineman,Tytus Gilley,Briedaqueduc
57,5258,OCO,All-Pro First Team,IOL,Offensive Lineman,Jordan Drapal,TheDrapFather
57,5616,COL,All-Pro First Team,IOL,Offensive Lineman,Kylo When,IsaStarcrossed
57,5014,SAR,All-Pro First Team,OT,Offensive Lineman,Swantavius Stack,Swanty
57,5286,AUS,All-Pro First Team,OT,Offensive Lineman,Honda Civic,unconfident
57,5359,BFB,All-Pro First Team,DE,Defensive End,Brick Wall,IR15H0000000000
57,5276,HON,All-Pro First Team,DL,Defensive Tackle,Pizza Monster,br0_0ker
57,5354,OCO,All-Pro First Team,DT,Defensive Tackle,Paulie Wag,Pelochyta
57,5339,COL,All-Pro First Team,DT,Defensive Tackle,Miguel Caballero Rojo,Akoustique
57,5261,OSK,All-Pro First Team,OLB,Linebacker,Sebastian Rosenthal,Symmetrik
57,5111,NOLA,All-Pro First Team,OLB,Linebacker,Mac Mannheim,ACynicalGamer
57,5569,SJS,All-Pro First Team,ILB,Linebacker,Norlina Halfpillow,TheCC
57,5078,BAL,All-Pro First Team,CB,Cornerback,Lawrence Crawford,SwankyPants31
57,5416,HON,All-Pro First Team,CB,Cornerback,Brady SonKisser,McGriddy10
57,5544,AZ,All-Pro First Team,S,Safety,Minkah Polamalu,mirrorlake_cultivator
57,5195,BAL,All-Pro First Team,S,Safety,Duke Silverback,wizard_literal
57,5349,AUS,All-Pro First Team,DB,Safety,Matt Turk,Matt Turk
57,5177,SAR,All-Pro First Team,K,Kicker,Marshall von Hildebrand,nunccoepi
57,5491,NOLA,All-Pro First Team,P,Kicker,Athena Mackenzie,Raf_TML
57,5260,OSK,All-Pro First Team,RET,Wide Receiver,Kal Summers Jr,MrKrumz
57,5698,TIJ,All-Pro First Team,QB,Offensive Lineman,Marquees Acho III,Nathan
57,5557,TIJ,All-Pro First Team,RB,Linebacker,Financial Planning,Jaywe88
57,5743,LON,All-Pro First Team,RB,Running Back,Jonathon Jameston,Joriel
57,5789,MIN,All-Pro First Team,FB,Running Back,Joshua Frederick,Chris
57,5837,MIN,All-Pro First Team,WR,Wide Receiver,Muddy Rivers,Muddym13
57,5780,MIN,All-Pro First Team,WR,Offensive Lineman,Flick Davis,Flick Davis
57,5793,NOR,All-Pro First Team,WR,Safety,DJ Law II,Law
57,5700,POR,All-Pro First Team,TE,Defensive Tackle,Joey Miller,WildfireMicro
57,5734,DAL,All-Pro First Team,TE,Offensive Lineman,Student Loans,qwerty13542
57,5682,BBB,All-Pro First Team,OT,Offensive Lineman,Shnitzel Radda,DivogoJota
57,5826,LON,All-Pro First Team,OT,Cornerback,Bud Wolf,dustywilson22
57,5671,MIN,All-Pro First Team,DT,Defensive Tackle,Robert Bolig,WhatAboutBigBob
57,5757,TIJ,All-Pro First Team,DT,Defensive Tackle,Ben Savea,Ben
57,5820,NOR,All-Pro First Team,DE,Defensive End,Tony Yeboah Jr,frazzle14
57,5808,NOR,All-Pro First Team,DE,Defensive End,J. Jonah Jameson,Starchychaff
57,5656,KCC,All-Pro First Team,OLB,Defensive Tackle,Kilian Liam,ToastCharger
57,5766,MIN,All-Pro First Team,OLB,Linebacker,Andre Pope,6god757
57,5736,KCC,All-Pro First Team,ILB,Offensive Lineman,Billy Monbro,Rjm2492
57,5741,MIN,All-Pro First Team,CB,Safety,Trey Demungas,Anthony8139
57,5805,MIN,All-Pro First Team,CB,Cornerback,Earl Grey,lordcoolcats
57,5839,DAL,All-Pro First Team,S,Safety,Water Boy,fweliiii
57,5577,POR,All-Pro First Team,S,Safety,Emil Skovgaard,Faelax
57,5811,POR,All-Pro First Team,K,Linebacker,Cleon Riley,Gage2
57,5771,POR,All-Pro First Team,P,Tight End,Doorholder Numberthree,domffl
57,5810,LON,All-Pro First Team,RET,Cornerback,Echoing Thunder,Fangorn
57,5340,CTC,All-Pro Second Team,QB,Quarterback,Peaquod Von Turbo,Cycro
57,5303,OCO,All-Pro Second Team,RB,Running Back,William Strong,Bigred1580
57,5284,AZ,All-Pro Second Team,RB,Running Back,JamesIsRunning Wilder,kdr
57,5100,YKW,All-Pro Second Team,FB,Running Back,Animal Blundetto,Jimi64
57,5181,HON,All-Pro Second Team,WR,Wide Receiver,Super Sonic,sonicxdoom
57,5352,NOLA,All-Pro Second Team,WR,Wide Receiver,Ben Yay,toofpete
57,5523,AUS,All-Pro Second Team,WR,Wide Receiver,Oh Haewon,Shiamus
57,5792,SAR,All-Pro Second Team,TE,Wide Receiver,Anukar Reed,Anukar
57,5696,BAL,All-Pro Second Team,IOL,Offensive Lineman,Canada Goose,r0tzbua
57,5634,SAR,All-Pro Second Team,IOL,Offensive Lineman,Hefty Tank,BigfootXVI
57,5101,AZ,All-Pro Second Team,IOL,Offensive Lineman,smooth green girnch,hotdog
57,5392,CTC,All-Pro Second Team,OT,Offensive Lineman,Blueberry Muffin,Ephenssta
57,5091,CTC,All-Pro Second Team,OT,Offensive Lineman,Gusztáv Farkas,Raven
57,5396,YKW,All-Pro Second Team,DE,Defensive End,Braxton East,SwagSloth
57,5512,OSK,All-Pro Second Team,DL,Defensive Tackle,Max Payne,Nol15736
57,5409,SJS,All-Pro Second Team,DT,Defensive Tackle,Bjarni Hjalmarsson,Urq660
57,5292,HON,All-Pro Second Team,DT,Defensive Tackle,Okuyasu Nijimura,KnowledgeBoy
57,5199,SAR,All-Pro Second Team,OLB,Linebacker,Tua Domine,Yeenoghu
57,5332,BAL,All-Pro Second Team,OLB,Kicker,Roy Rivers,RoyRivers
57,5454,COL,All-Pro Second Team,ILB,Linebacker,Ryama D. Yugo,hhh81
57,5387,BAL,All-Pro Second Team,CB,Cornerback,Hawk Too-Me,Aneeqs
57,5029,HON,All-Pro Second Team,CB,Cornerback,Roquefort Cotswold,roquefort
57,5296,NOLA,All-Pro Second Team,DB,Cornerback,I.Q. Bowman,qWest
57,5716,COL,All-Pro Second Team,DB,Cornerback,Steve Dave,bobtrek
57,5107,HON,All-Pro Second Team,S,Safety,Caleb TheGEICOCamel,Rusfan
57,5593,AUS,All-Pro Second Team,S,Safety,Lars Oaktree,Oak
57,5491,NOLA,All-Pro Second Team,K,Kicker,Athena Mackenzie,Raf_TML
57,5177,SAR,All-Pro Second Team,P,Kicker,Marshall von Hildebrand,nunccoepi
57,5582,NYS,All-Pro Second Team,RET,Wide Receiver,Dash Jackson,Dash
57,5254,,All-WFC,QB,Cornerback,No Pix,dude_man
57,5357,,All-WFC,RB,Running Back,Ignacio de la Serna,crash1005
57,5333,,All-WFC,RB,Running Back,Quincy Robinson,18situaseans
57,5182,,All-WFC,WR,Wide Receiver,Benny The Jet,wildcatbandit
57,5444,,All-WFC,WR,Wide Receiver,Football Catcherman,manicmav36
57,5413,,All-WFC,WR,Wide Receiver,Mo Love,Lowkey
57,5344,,All-WFC,TE,Tight End,Big Strong Red Panda,Lemorse7
57,5392,,All-WFC,OL,Offensive Lineman,Blueberry Muffin,Ephenssta
57,5391,,All-WFC,OL,Running Back,Baron von Froggington,iStegosauruz
57,5474,,All-WFC,OL,Offensive Lineman,Rick Diggersbee,CowboyBlender
57,5335,,All-WFC,OL,Tight End,Rocket Toss,Aleris
57,5301,,All-WFC,OL,Offensive Lineman,Traffic Cone,SoySavant
57,5397,,All-WFC,DL,Defensive Tackle,Benji Raga,SabaDonutMan
57,5409,,All-WFC,DL,Defensive Tackle,Bjarni Hjalmarsson,Urq660
57,5354,,All-WFC,DL,Defensive Tackle,Paulie Wag,Pelochyta
57,5359,,All-WFC,DL,Defensive End,Brick Wall,IR15H0000000000
57,5358,,All-WFC,LB,Defensive Tackle,Senior Seau,ComebackZak
57,5332,,All-WFC,LB,Kicker,Roy Rivers,RoyRivers
57,5496,,All-WFC,LB,Linebacker,Bryan Jones,itztimg
57,5460,,All-WFC,LB,Linebacker,Phantom Ghost,Coachsj35
57,5394,,All-WFC,CB,Cornerback,Brick Pudding,Fronk
57,5387,,All-WFC,CB,Cornerback,Hawk Too-Me,Aneeqs
57,5355,,All-WFC,CB,Cornerback,Kai Ware,Hepha
57,5349,,All-WFC,S,Safety,Matt Turk,Matt Turk
57,5402,,All-WFC,S,Safety,Count Sevem,baz
57,5491,,All-WFC,K,Kicker,Athena Mackenzie,Raf_TML
57,4997,BAL,championship,WR,Wide Receiver,María Teresa de la Rosa,Baron1898
57,5006,BAL,championship,FS,Safety,Eric Beaty jr.,bechtudo
57,5078,BAL,championship,CB,Cornerback,Lawrence Crawford,SwankyPants31
57,5090,BAL,championship,RB,Offensive Lineman,Dazen Guile,Punk42AE
57,5114,BAL,championship,DT,Defensive Tackle,Draven Chanos,.Laser
57,5195,BAL,championship,FS,Safety,Duke Silverback,wizard_literal
57,5196,BAL,championship,T,Offensive Lineman,Oandon Lolanin,jacobcarson877
57,5254,BAL,championship,QB,Cornerback,No Pix,dude_man
57,5255,BAL,championship,WR,Wide Receiver,Travis Novak,jayamshah99
57,5256,BAL,championship,DT,Defensive Tackle,Chunky Campbell Soup,Tayjay
57,5257,BAL,championship,K,Kicker,Blo Cage,ItsFrenchie
57,5300,BAL,championship,SS,Safety,Linz O'Fare,Alf
57,5331,BAL,championship,WR,Running Back,Jeff Land Shark,LiathTheSquirrel
57,5332,BAL,championship,LB,Kicker,Roy Rivers,RoyRivers
57,5333,BAL,championship,RB,Running Back,Quincy Robinson,18situaseans
57,5356,BAL,championship,LB,Linebacker,Ethan Shadow Jr.,anuragb
57,5387,BAL,championship,CB,Cornerback,Hawk Too-Me,Aneeqs
57,5420,BAL,championship,T,Offensive Lineman,Da'Truest Rusha,Trempale
57,5455,BAL,championship,LB,Linebacker,Tyron Brackenridge III,Lowlycrib
57,5526,BAL,championship,LB,Linebacker,Charlie Kelly,Tylertokesome04
57,5539,BAL,championship,T,Offensive Lineman,Jauan Jennings,o1playz
57,5568,BAL,championship,FB,Running Back,Blocked On Discord,Charple
57,5574,BAL,championship,DT,Running Back,Dino Nuggets Jr.,swoosh
57,5624,BAL,championship,T,Offensive Lineman,Gumbo Trashman,CR225
57,5629,BAL,championship,CB,Cornerback,Conner Beck,ColonelSaunders
57,5696,BAL,championship,T,Offensive Lineman,Canada Goose,r0tzbua
57,5741,MIN,DPerOTY,S,Safety,Trey Demungas,Anthony8139
57,5358,SJS,DPerOTY,LB,Defensive Tackle,Senior Seau,ComebackZak
57,5819,BBB,DPOTY,LB,Linebacker,Hugh Jassman,admiralballtr8s
57,5354,OCO,DPOTY,DT,Defensive Tackle,Paulie Wag,Pelochyta
57,5819,BBB,DROTY,LB,Linebacker,Hugh Jassman,admiralballtr8s
57,5496,BFB,DROTY,LB,Linebacker,Bryan Jones,itztimg
57,3528,HON,HoF,K,Kicker,Ray Baker,jdc4654
57,3493,"BER, BAL",HoF,WR,Wide Receiver,Emile Charles,Number 82
57,5177,SAR,KPOTY,K,Kicker,Marshall von Hildebrand,nunccoepi
57,5557,TIJ,MVP,LB,Linebacker,Financial Planning,Jaywe88
57,5254,BAL,MVP,QB,Cornerback,No Pix,dude_man
57,5557,TIJ,OPerOTY,LB,Linebacker,Financial Planning,Jaywe88
57,5333,BAL,OPerOTY,RB,Running Back,Quincy Robinson,18situaseans
57,5698,TIJ,OPOTY,OL,Offensive Lineman,Marquees Acho III,Nathan
57,5357,SJS,OPOTY,RB,Running Back,Ignacio de la Serna,crash1005
57,5804,MIN,OROTY,RB,Running Back,LtHudz’s Left-Foot,Dindog
57,5792,SAR,OROTY,WR,Wide Receiver,Anukar Reed,Anukar
57,5348,AUS,Pro Bowl,QB,Quarterback,Jack Crackerjack,JKortesi81
57,5350,HON,Pro Bowl,QB,Offensive Lineman,Cyrus MacDougall,g2019
57,5357,SJS,Pro Bowl,RB,Running Back,Ignacio de la Serna,crash1005
57,5303,OCO,Pro Bowl,RB,Running Back,William Strong,Bigred1580
57,5284,AZ,Pro Bowl,RB,Running Back,JamesIsRunning Wilder,kdr
57,5102,AUS,Pro Bowl,FB,Running Back,Mako Mendonca Jr,Mooty99
57,5352,NOLA,Pro Bowl,WR,Wide Receiver,Ben Yay,toofpete
57,5523,AUS,Pro Bowl,WR,Wide Receiver,Oh Haewon,Shiamus
57,5302,OCO,Pro Bowl,WR,Wide Receiver,Joe Cool,The.Pat
57,5103,AUS,Pro Bowl,WR,Wide Receiver,Seer Ial,omg
57,5617,HON,Pro Bowl,TE,Wide Receiver,Oliver Clozeoff,Weaves
57,5592,AZ,Pro Bowl,TE,Wide Receiver,Dalton Gross,Dman9417
57,5640,AZ,Pro Bowl,IOL,Offensive Lineman,Connor Wojak,good_ole_kimmy
57,5642,OCO,Pro Bowl,IOL,Offensive Lineman,Tytus Gilley,Briedaqueduc
57,5286,AUS,Pro Bowl,OT,Offensive Lineman,Honda Civic,unconfident
57,5108,HON,Pro Bowl,OT,Offensive Lineman,Leonardo Da Pinchi,LtHudz
57,5301,OCO,Pro Bowl,OT,Offensive Lineman,Traffic Cone,SoySavant
57,5401,NOLA,Pro Bowl,DE,Defensive End,Mako Shark,ztarwarz
57,5000,NYS,Pro Bowl,DE,Defensive End,Upceti Spaghetti,Agent Chaos
57,5354,OCO,Pro Bowl,DT,Defensive Tackle,Paulie Wag,Pelochyta
57,5292,HON,Pro Bowl,DT,Defensive Tackle,Okuyasu Nijimura,KnowledgeBoy
57,5111,NOLA,Pro Bowl,OLB,Linebacker,Mac Mannheim,ACynicalGamer
57,5093,SJS,Pro Bowl,OLB,Linebacker,Adolin Collins,infern8
57,5569,SJS,Pro Bowl,ILB,Linebacker,Norlina Halfpillow,TheCC
57,5630,HON,Pro Bowl,ILB,Linebacker,Steven Matthews,Ltblackgrizzly
57,5416,HON,Pro Bowl,CB,Cornerback,Brady SonKisser,McGriddy10
57,5296,NOLA,Pro Bowl,CB,Cornerback,I.Q. Bowman,qWest
57,5087,SJS,Pro Bowl,CB,Cornerback,Jet Larsen,DocLars
57,5107,HON,Pro Bowl,S,Safety,Caleb TheGEICOCamel,Rusfan
57,5411,SJS,Pro Bowl,S,Safety,Tackle Merchant™,ckroyal92
57,5195,NYS,Pro Bowl,S,Safety,Duke Silverback,wizard_literal
57,5491,NOLA,Pro Bowl,K,Kicker,Athena Mackenzie,Raf_TML
57,5491,NOLA,Pro Bowl,P,Kicker,Athena Mackenzie,Raf_TML
57,5414,SJS,Pro Bowl,ST,Running Back,Wilson Goatobert,Bayley
57,5582,NYS,Pro Bowl,ST,Wide Receiver,Dash Jackson,Dash
57,5254,BAL,Pro Bowl,QB,Cornerback,No Pix,dude_man
57,5340,CTC,Pro Bowl,QB,Quarterback,Peaquod Von Turbo,Cycro
57,5090,BAL,Pro Bowl,RB,Offensive Lineman,Dazen Guile,Punk42AE
57,5333,BAL,Pro Bowl,RB,Running Back,Quincy Robinson,18situaseans
57,5604,SAR,Pro Bowl,RB,Running Back,Ganymede Moon,rrf_1
57,5100,YKW,Pro Bowl,FB,Running Back,Animal Blundetto,Jimi64
57,5173,COL,Pro Bowl,WR,Wide Receiver,Alexander Rockstone,AustinP0027
57,5444,OSK,Pro Bowl,WR,Wide Receiver,Football Catcherman,manicmav36
57,5413,BFB,Pro Bowl,WR,Wide Receiver,Mo Love,Lowkey
57,5562,SAR,Pro Bowl,WR,Wide Receiver,Slater Williamson,ThreeToeSloth
57,5792,SAR,Pro Bowl,TE,Wide Receiver,Anukar Reed,Anukar
57,5620,OSK,Pro Bowl,TE,Wide Receiver,Calvin Calamari,Squid
57,5616,COL,Pro Bowl,IOL,Offensive Lineman,Kylo When,IsaStarcrossed
57,5679,BFB,Pro Bowl,IOL,Offensive Lineman,Brick Tupp,ForSucksFake
57,5014,SAR,Pro Bowl,OT,Offensive Lineman,Swantavius Stack,Swanty
57,5091,CTC,Pro Bowl,OT,Offensive Lineman,Gusztáv Farkas,Raven
57,5392,CTC,Pro Bowl,OT,Offensive Lineman,Blueberry Muffin,Ephenssta
57,5396,YKW,Pro Bowl,DE,Defensive End,Braxton East,SwagSloth
57,5359,BFB,Pro Bowl,DE,Defensive End,Brick Wall,IR15H0000000000
57,5339,COL,Pro Bowl,DT,Defensive Tackle,Miguel Caballero Rojo,Akoustique
57,5512,OSK,Pro Bowl,DT,Defensive Tackle,Max Payne,Nol15736
57,5261,OSK,Pro Bowl,OLB,Linebacker,Sebastian Rosenthal,Symmetrik
57,5199,SAR,Pro Bowl,OLB,Linebacker,Tua Domine,Yeenoghu
57,5454,COL,Pro Bowl,ILB,Linebacker,Ryama D. Yugo,hhh81
57,5448,CTC,Pro Bowl,ILB,Running Back,GM Mellott,GuitarMaster116
57,5387,BAL,Pro Bowl,CB,Cornerback,Hawk Too-Me,Aneeqs
57,5078,BAL,Pro Bowl,CB,Cornerback,Lawrence Crawford,SwankyPants31
57,5277,BFB,Pro Bowl,CB,Cornerback,David Corrigan,Deecee98
57,5174,CTC,Pro Bowl,S,Safety,Martavius Spencer,hihihi_62
57,5631,COL,Pro Bowl,S,Safety,Obi-Wan Picknobi,stixvim
57,5342,CTC,Pro Bowl,S,Safety,Gavin Girard,Froste39
57,5177,SAR,Pro Bowl,K,Kicker,Marshall von Hildebrand,nunccoepi
57,5177,SAR,Pro Bowl,P,Kicker,Marshall von Hildebrand,nunccoepi
57,5173,COL,Pro Bowl,ST,Wide Receiver,Alexander Rockstone,AustinP0027
57,5331,BAL,Pro Bowl,ST,Running Back,Jeff Land Shark,LiathTheSquirrel
57,5582,NYS,RetOTY,WR,Wide Receiver,Dash Jackson,Dash
57,5794,NOR,STOTY,WR,Offensive Lineman,Mickey Martino,Mikemart
57,5178,,WFC DPOT,LB,Linebacker,Slam Dunkinson,bfan8475
57,5254,,WFC MVP,QB,Cornerback,No Pix,dude_man
57,5282,,WFC OPOT,RB,Running Back,Dalinar Summers,lunaripcole
58,5397,AZ,1600 Club,DT,Defensive Tackle,Benji Raga,SabaDonutMan
58,5449,BFB,All-Pro First Team,QB,Offensive Lineman,Thorfinn Vinland,Bubba
58,5188,AUS,All-Pro First Team,RB,Running Back,William Eaton,Amidships
58,5465,HON,All-Pro First Team,RB,Running Back,Ban Hammer,bowl0
58,5102,AUS,All-Pro First Team,FB,Running Back,Mako Mendonca Jr,Mooty99
58,5200,OCO,All-Pro First Team,TE,Tight End,Deacon Blues,UptownCord
58,5582,NYS,All-Pro First Team,WR,Wide Receiver,Dash Jackson,Dash
58,5566,BFB,All-Pro First Team,WR,Wide Receiver,Wolfie McDummy III,infinitempg
58,5523,AUS,All-Pro First Team,WR,Wide Receiver,Oh Haewon,Shiamus
58,5392,CTC,All-Pro First Team,OT,Offensive Lineman,Blueberry Muffin,Ephenssta
58,5286,AUS,All-Pro First Team,OT,Offensive Lineman,Honda Civic,unconfident
58,5696,BAL,All-Pro First Team,IOL,Offensive Lineman,Canada Goose,r0tzbua
58,5171,OCO,All-Pro First Team,IOL,Offensive Lineman,Katya Zamolodchikova,fnordypsyduck
58,5624,BAL,All-Pro First Team,IOL,Offensive Lineman,Gumbo Trashman,CR225
58,5512,OSK,All-Pro First Team,DT,Defensive Tackle,Max Payne,Nol15736
58,5354,OCO,All-Pro First Team,DT,Defensive Tackle,Paulie Wag,Pelochyta
58,5401,NOLA,All-Pro First Team,DE,Defensive End,Mako Shark,ztarwarz
58,5276,HON,All-Pro First Team,DL,Defensive Tackle,Pizza Monster,br0_0ker
58,5332,BAL,All-Pro First Team,OLB,Kicker,Roy Rivers,RoyRivers
58,5358,SJS,All-Pro First Team,OLB,Defensive Tackle,Senior Seau,ComebackZak
58,5356,BAL,All-Pro First Team,ILB,Linebacker,Ethan Shadow Jr.,anuragb
58,5513,NOLA,All-Pro First Team,CB,Safety,LMoney Pickarelli,Tmoney6996
58,5268,CTC,All-Pro First Team,CB,Cornerback,Kipp Summers,Bradkipp
58,5406,OCO,All-Pro First Team,S,Safety,Jerald Chuprig,dannuic
58,5552,OSK,All-Pro First Team,S,Safety,Bigman Blastoise,Triceracop
58,5510,SAR,All-Pro First Team,DB,Cornerback,Zamir Kehla III,Thor
58,5480,OSK,All-Pro First Team,K,Kicker,Dawson Jackson,Kewl
58,5708,COL,All-Pro First Team,P,Kicker,Sam Waymon,Amaziah
58,5510,SAR,All-Pro First Team,RET,Cornerback,Zamir Kehla III,Thor
58,5698,TIJ,All-Pro First Team,QB,Offensive Lineman,Marquees Acho III,Nathan
58,5838,TIJ,All-Pro First Team,RB,Running Back,Dijon Robinson,slasherr
58,5846,DAL,All-Pro First Team,RB,Running Back,Lightning McQueen,Soviet Sexpot
58,5789,MIN,All-Pro First Team,FB,Running Back,Joshua Frederick,Chris
58,5793,NOR,All-Pro First Team,WR,Safety,DJ Law II,Law
58,5837,MIN,All-Pro First Team,WR,Wide Receiver,Muddy Rivers,Muddym13
58,5817,TIJ,All-Pro First Team,WR,Running Back,Dr. Squid,EurovisionAmity
58,5843,POR,All-Pro First Team,TE,Tight End,Jason Beaty,bechtudo
58,5869,NOR,All-Pro First Team,TE,Tight End,Mosiah Tahi,Proverbs 3:5
58,5882,KCC,All-Pro First Team,IOL,Offensive Lineman,Clifford Wilson Jr,SirBongo
58,5824,NOR,All-Pro First Team,OT,Offensive Lineman,TzTok Jad,PMoney
58,5890,TIJ,All-Pro First Team,OT,Offensive Lineman,Acrylic Block,wizard_literal
58,5671,MIN,All-Pro First Team,DT,Defensive Tackle,Robert Bolig,WhatAboutBigBob
58,5821,KCC,All-Pro First Team,DT,Defensive Tackle,Alvin Norton,Jimi64
58,5827,TIJ,All-Pro First Team,OLB,Linebacker,MJ Football,DixieGnormus
58,5766,MIN,All-Pro First Team,OLB,Linebacker,Andre Pope,6god757
58,5907,TIJ,All-Pro First Team,ILB,Linebacker,Bentley Ryan,Dirtybird
58,5776,DAL,All-Pro First Team,CB,Cornerback,Tee Deez,IceBear32
58,5878,MIN,All-Pro First Team,CB,Cornerback,Edmund Blackadder,Mooty99
58,5805,MIN,All-Pro First Team,S,Cornerback,Earl Grey,lordcoolcats
58,5896,NOR,All-Pro First Team,S,Safety,Yama End,Crog
58,5876,KCC,All-Pro First Team,K,Kicker,Sexy Poodle,OrbitingDeath
58,5759,NOR,All-Pro First Team,P,Kicker,JJJJJJJJJJJ JJJJJJJJJJJ,hannahg32
58,5793,NOR,All-Pro First Team,RET,Safety,DJ Law II,Law
58,5514,NYS,All-Pro Second Team,QB,Quarterback,Trevor Simian,Daniel
58,5282,AZ,All-Pro Second Team,RB,Running Back,Dalinar Summers,lunaripcole
58,5333,BAL,All-Pro Second Team,RB,Running Back,Quincy Robinson,18situaseans
58,5568,BAL,All-Pro Second Team,FB,Running Back,Blocked On Discord,Charple
58,5265,COL,All-Pro Second Team,TE,Tight End,Feka Ohi Kau,Hacob
58,5419,BAL,All-Pro Second Team,WR,Wide Receiver,Shakir Hodges-Allen,SonOfCar
58,5103,AUS,All-Pro Second Team,WR,Wide Receiver,Seer Ial,omg
58,5346,AZ,All-Pro Second Team,WR,Wide Receiver,Xander Le Roux,zeagle1
58,5474,BFB,All-Pro Second Team,OT,Offensive Lineman,Rick Diggersbee,CowboyBlender
58,5391,COL,All-Pro Second Team,OT,Running Back,Baron von Froggington,iStegosauruz
58,5682,AZ,All-Pro Second Team,IOL,Offensive Lineman,Shnitzel Radda,DivogoJota
58,5545,HON,All-Pro Second Team,IOL,Offensive Lineman,Pegme Amadeus,scudmuffin19
58,5014,SAR,All-Pro Second Team,IOL,Offensive Lineman,Swantavius Stack,Swanty
58,5637,CTC,All-Pro Second Team,DT,Defensive Tackle,Felix Fortuna,Sizz
58,5573,AUS,All-Pro Second Team,DT,Defensive Tackle,Sir Shrek,jdc4654
58,5396,YKW,All-Pro Second Team,DE,Defensive End,Braxton East,SwagSloth
58,5397,AZ,All-Pro Second Team,DL,Defensive Tackle,Benji Raga,SabaDonutMan
58,5630,HON,All-Pro Second Team,OLB,Linebacker,Steven Matthews,Ltblackgrizzly
58,5455,BAL,All-Pro Second Team,OLB,Linebacker,Tyron Brackenridge III,Lowlycrib
58,5454,COL,All-Pro Second Team,ILB,Linebacker,Ryama D. Yugo,hhh81
58,5707,CTC,All-Pro Second Team,CB,Cornerback,Drew Winemaker,Quitolis
58,5185,AZ,All-Pro Second Team,CB,Cornerback,Kim Yeon-Seok,Crunk
58,5579,AZ,All-Pro Second Team,S,Safety,Agnes McPiepe,micool132
58,5623,NOLA,All-Pro Second Team,S,Safety,Worf Moghson,Mongoose87
58,5629,BAL,All-Pro Second Team,DB,Cornerback,Conner Beck,ColonelSaunders
58,5627,NYS,All-Pro Second Team,K,Kicker,Aaron Sterling,USCDani
58,5177,SAR,All-Pro Second Team,P,Kicker,Marshall von Hildebrand,nunccoepi
58,5582,NYS,All-Pro Second Team,RET,Wide Receiver,Dash Jackson,Dash
58,5029,HON,championship,CB,Cornerback,Roquefort Cotswold,roquefort
58,5107,HON,championship,FS,Safety,Caleb TheGEICOCamel,Rusfan
58,5108,HON,championship,T,Offensive Lineman,Leonardo Da Pinchi,LtHudz
58,5109,HON,championship,FB,Running Back,Robot Sunfish,yonggarius
58,5181,HON,championship,WR,Wide Receiver,Super Sonic,sonicxdoom
58,5276,HON,championship,DT,Defensive Tackle,Pizza Monster,br0_0ker
58,5291,HON,championship,LB,Linebacker,Tee Bone,Beck
58,5292,HON,championship,DT,Defensive Tackle,Okuyasu Nijimura,KnowledgeBoy
58,5350,HON,championship,QB,Offensive Lineman,Cyrus MacDougall,g2019
58,5400,HON,championship,CB,Cornerback,Dixon Yamada,Dmac1200
58,5416,HON,championship,CB,Cornerback,Brady SonKisser,McGriddy10
58,5446,HON,championship,K,Kicker,Kicky Martin,rickymartin_irl
58,5465,HON,championship,RB,Running Back,Ban Hammer,bowl0
58,5487,HON,championship,T,Offensive Lineman,Dan Smith,MichkovSzn
58,5508,HON,championship,LB,Linebacker,Laramie Rose,oilmandan
58,5515,HON,championship,WR,Wide Receiver,Griffin Stone,Griff
58,5545,HON,championship,T,Offensive Lineman,Pegme Amadeus,scudmuffin19
58,5588,HON,championship,RB,Running Back,Scott Pilgrim,lore
58,5617,HON,championship,WR,Wide Receiver,Oliver Clozeoff,Weaves
58,5630,HON,championship,LB,Linebacker,Steven Matthews,Ltblackgrizzly
58,5651,HON,championship,T,Offensive Lineman,Mr. Tickles,notorioustig
58,5675,HON,championship,CB,Cornerback,Wyntir Creakis,soevil
58,5700,HON,championship,DT,Defensive Tackle,Joey Miller,WildfireMicro
58,5725,HON,championship,SS,Safety,Devon Lynch,Vumion
58,5908,KCC,DPerOTY,S,Safety,Robert Robertson,Arctic
58,5496,BFB,DPerOTY,LB,Linebacker,Bryan Jones,itztimg
58,5766,MIN,DPOTY,LB,Linebacker,Andre Pope,6god757
58,5332,BAL,DPOTY,LB,Kicker,Roy Rivers,RoyRivers
58,5878,MIN,DROTY,CB,Cornerback,Edmund Blackadder,Mooty99
58,5668,OCO,DROTY,LB,Linebacker,Colonel Panic,Vulfzilla
58,4685,SJS,HoF,WR,Wide Receiver,Keanu Calhoun,Frostbite
58,4843,YKW,HoF,K,Kicker,Space Dino,lock180
58,4682,OSK,HoF,CB,Cornerback,Heiiajs D. Owidhuse,firstfray
58,4745,AUS,HoF,LB,Linebacker,Crasher Wake,AriaEXE
58,5498,YKW,KPOTY,K,Kicker,Adam Vittori,Hawkeye
58,5838,TIJ,MVP,RB,Running Back,Dijon Robinson,slasherr
58,5465,HON,MVP,RB,Running Back,Ban Hammer,bowl0
58,5698,TIJ,OPerOTY,OL,Offensive Lineman,Marquees Acho III,Nathan
58,5465,HON,OPerOTY,RB,Running Back,Ban Hammer,bowl0
58,5793,NOR,OPOTY,WR,Safety,DJ Law II,Law
58,5582,NYS,OPOTY,WR,Wide Receiver,Dash Jackson,Dash
58,5846,DAL,OROTY,RB,Running Back,Lightning McQueen,Soviet Sexpot
58,5556,AZ,OROTY,QB,Quarterback,Noa Yu II,CROney3
58,5514,NYS,Pro Bowl,QB,Quarterback,Trevor Simian,Daniel
58,5556,AZ,Pro Bowl,QB,Quarterback,Noa Yu II,CROney3
58,5465,HON,Pro Bowl,RB,Running Back,Ban Hammer,bowl0
58,5357,SJS,Pro Bowl,RB,Running Back,Ignacio de la Serna,crash1005
58,5188,AUS,Pro Bowl,RB,Running Back,William Eaton,Amidships
58,5102,AUS,Pro Bowl,FB,Running Back,Mako Mendonca Jr,Mooty99
58,5582,NYS,Pro Bowl,WR,Wide Receiver,Dash Jackson,Dash
58,5103,AUS,Pro Bowl,WR,Wide Receiver,Seer Ial,omg
58,5352,NOLA,Pro Bowl,WR,Wide Receiver,Ben Yay,toofpete
58,5346,AZ,Pro Bowl,WR,Wide Receiver,Xander Le Roux,zeagle1
58,5743,AZ,Pro Bowl,TE,Running Back,Jonathon Jameston,Joriel
58,5200,OCO,Pro Bowl,TE,Tight End,Deacon Blues,UptownCord
58,5545,HON,Pro Bowl,IOL,Offensive Lineman,Pegme Amadeus,scudmuffin19
58,5682,AZ,Pro Bowl,IOL,Offensive Lineman,Shnitzel Radda,DivogoJota
58,5286,AUS,Pro Bowl,OT,Offensive Lineman,Honda Civic,unconfident
58,5301,OCO,Pro Bowl,OT,Offensive Lineman,Traffic Cone,SoySavant
58,5467,AZ,Pro Bowl,OT,Offensive Lineman,Gerry Atrick,Kotasa
58,5401,NOLA,Pro Bowl,DE,Defensive End,Mako Shark,ztarwarz
58,5609,NYS,Pro Bowl,DE,Defensive End,Mo Ward,SG_Vesuvius
58,5354,OCO,Pro Bowl,DT,Defensive Tackle,Paulie Wag,Pelochyta
58,5276,HON,Pro Bowl,DT,Defensive Tackle,Pizza Monster,br0_0ker
58,5358,SJS,Pro Bowl,OLB,Defensive Tackle,Senior Seau,ComebackZak
58,5635,OCO,Pro Bowl,OLB,Linebacker,Oopsie Wrongball,Summerstood
58,5537,AUS,Pro Bowl,ILB,Linebacker,Joshua Hunchak,hillshavehats
58,5739,NYS,Pro Bowl,ILB,Cornerback,Dirty Lyle,TheAmericanPineapple
58,5513,NOLA,Pro Bowl,CB,Safety,LMoney Pickarelli,Tmoney6996
58,5755,AZ,Pro Bowl,CB,Cornerback,Gods Comma,Bamford13
58,5185,AZ,Pro Bowl,CB,Cornerback,Kim Yeon-Seok,Crunk
58,5411,SJS,Pro Bowl,S,Safety,Tackle Merchant™,ckroyal92
58,5406,OCO,Pro Bowl,S,Safety,Jerald Chuprig,dannuic
58,5579,AZ,Pro Bowl,S,Safety,Agnes McPiepe,micool132
58,5446,HON,Pro Bowl,K,Kicker,Kicky Martin,rickymartin_irl
58,5648,OCO,Pro Bowl,P,Kicker,Punto McKickerman VI,bluesfan55
58,5582,NYS,Pro Bowl,ST,Wide Receiver,Dash Jackson,Dash
58,5406,OCO,Pro Bowl,ST,Safety,Jerald Chuprig,dannuic
58,5449,BAL,Pro Bowl,QB,Offensive Lineman,Thorfinn Vinland,Bubba
58,5555,COL,Pro Bowl,QB,Quarterback,Princess Leia Organa,Tesla
58,5333,BAL,Pro Bowl,RB,Running Back,Quincy Robinson,18situaseans
58,5331,BAL,Pro Bowl,RB,Running Back,Jeff Land Shark,LiathTheSquirrel
58,5576,OSK,Pro Bowl,RB,Running Back,Kim Minjeong,lemonoppy
58,5568,BAL,Pro Bowl,FB,Running Back,Blocked On Discord,Charple
58,5566,BFB,Pro Bowl,WR,Wide Receiver,Wolfie McDummy III,infinitempg
58,5419,BAL,Pro Bowl,WR,Wide Receiver,Shakir Hodges-Allen,SonOfCar
58,5562,SAR,Pro Bowl,WR,Wide Receiver,Slater Williamson,ThreeToeSloth
58,5606,YKW,Pro Bowl,WR,Wide Receiver,Rod Kimble,gucci
58,5265,COL,Pro Bowl,TE,Tight End,Feka Ohi Kau,Hacob
58,5393,CTC,Pro Bowl,TE,Tight End,Max Ralph,mcgriddleluver
58,5696,BAL,Pro Bowl,IOL,Offensive Lineman,Canada Goose,r0tzbua
58,5624,BAL,Pro Bowl,IOL,Offensive Lineman,Gumbo Trashman,CR225
58,5392,CTC,Pro Bowl,OT,Offensive Lineman,Blueberry Muffin,Ephenssta
58,5474,BFB,Pro Bowl,OT,Offensive Lineman,Rick Diggersbee,CowboyBlender
58,5391,COL,Pro Bowl,OT,Running Back,Baron von Froggington,iStegosauruz
58,5396,YKW,Pro Bowl,DE,Defensive End,Braxton East,SwagSloth
58,5359,BFB,Pro Bowl,DE,Defensive End,Brick Wall,IR15H0000000000
58,5512,OSK,Pro Bowl,DT,Defensive Tackle,Max Payne,Nol15736
58,5637,CTC,Pro Bowl,DT,Defensive Tackle,Felix Fortuna,Sizz
58,5332,BAL,Pro Bowl,OLB,Kicker,Roy Rivers,RoyRivers
58,5455,BAL,Pro Bowl,OLB,Linebacker,Tyron Brackenridge III,Lowlycrib
58,5356,BAL,Pro Bowl,ILB,Linebacker,Ethan Shadow Jr.,anuragb
58,5454,COL,Pro Bowl,ILB,Linebacker,Ryama D. Yugo,hhh81
58,5259,OSK,Pro Bowl,CB,Cornerback,SuperNintendo Chalmers,Smurph
58,5510,SAR,Pro Bowl,CB,Cornerback,Zamir Kehla III,Thor
58,5707,CTC,Pro Bowl,CB,Cornerback,Drew Winemaker,Quitolis
58,5552,OSK,Pro Bowl,S,Safety,Bigman Blastoise,Triceracop
58,5263,COL,Pro Bowl,S,Safety,Taonga Kofi,midknight
58,5278,BAL,Pro Bowl,S,Safety,Jack Cannon,BlitzAce71
58,5498,YKW,Pro Bowl,K,Kicker,Adam Vittori,Hawkeye
58,5177,SAR,Pro Bowl,P,Kicker,Marshall von Hildebrand,nunccoepi
58,5510,SAR,Pro Bowl,ST,Cornerback,Zamir Kehla III,Thor
58,5097,CTC,Pro Bowl,ST,Running Back,Zigzag Zipstep,Twenty6
58,5510,SAR,RetOTY,CB,Cornerback,Zamir Kehla III,Thor
58,5876,KCC,STOTY,K,Kicker,Sexy Poodle,OrbitingDeath
59,5921,TIJ,All-Pro First Team,QB,Cornerback,Gold ship,LiathTheSquirrel
59,5846,DAL,All-Pro First Team,RB,Running Back,Lightning McQueen,Soviet Sexpot
59,5927,MIN,All-Pro First Team,RB,Cornerback,Boss Nassty,oknom
59,5990,TIJ,All-Pro First Team,RB,Safety,Art Vandelay,Art Vandelay
59,5793,NOR,All-Pro First Team,WR,Safety,DJ Law II,Law
59,5928,POR,All-Pro First Team,WR,Wide Receiver,Isaac TeSlooth,slothfacekilla
59,5903,TIJ,All-Pro First Team,WR,Wide Receiver,Lane Frost IV,LANEFROST
59,5799,KCC,All-Pro First Team,TE,Linebacker,Brock Lesnar,JakeTE10
59,5843,BBB,All-Pro First Team,TE,Tight End,Jason Beaty,bechtudo
59,5968,LON,All-Pro First Team,OL,Offensive Lineman,Bill Sandwich,Dosman
59,5947,LON,All-Pro First Team,OL,Offensive Lineman,Richard Patterson,bjkman
59,6008,NOR,All-Pro First Team,OL,Offensive Lineman,Jake Lawson,BaatezuLegion
59,5830,TIJ,All-Pro First Team,DE,Defensive End,Sir Sacksalot,rytin6543
59,5885,BBB,All-Pro First Team,DT,Defensive Tackle,Goe Kool,The.Pat
59,5906,NOR,All-Pro First Team,DT,Defensive Tackle,Domo Arigato,Honoredmexican
59,5844,NOR,All-Pro First Team,LB,Cornerback,Harlan Andrews,abh89
59,5860,DAL,All-Pro First Team,LB,Linebacker,Buster Forceps,Lpapi
59,5945,KCC,All-Pro First Team,LB,Linebacker,Sapp Warren,Starchychaff
59,5998,TIJ,All-Pro First Team,CB,Cornerback,Fireball Jones,InspectorDabbit
59,5880,TIJ,All-Pro First Team,S,Tight End,Hardbody Mayhem,MaxSuperset
59,5913,POR,All-Pro First Team,S,Safety,Bug Chingus,RiceyWriter
59,5805,MIN,All-Pro First Team,S,Cornerback,Earl Grey,lordcoolcats
59,5759,NOR,All-Pro First Team,K,Kicker,JJJJJJJJJJJ JJJJJJJJJJJ,hannahg32
59,5883,LON,All-Pro First Team,K,Kicker,The Labubu,kahri
59,5903,TIJ,All-Pro First Team,RET,Wide Receiver,Lane Frost IV,LANEFROST
59,5555,COL,All-Pro First Team,QB,Quarterback,Princess Leia Organa,Tesla
59,5448,BAL,All-Pro First Team,RB,Running Back,GM Mellott,GuitarMaster116
59,5408,OCO,All-Pro First Team,RB,Running Back,Joseph Coolio,amjohnson636
59,5762,YKW,All-Pro First Team,FB,Running Back,Robert Krohn,DarkTaker
59,5611,AUS,All-Pro First Team,TE,Tight End,Trunk Gibbles,SpartanGibbles
59,5463,OCO,All-Pro First Team,WR,Wide Receiver,Ezra Torrent,Skindog44
59,5683,COL,All-Pro First Team,WR,Wide Receiver,Corey Coleman,Allstar20890
59,5457,OCO,All-Pro First Team,WR,Wide Receiver,Aurelius Brooks,RainDelay
59,5391,COL,All-Pro First Team,OT,Running Back,Baron von Froggington,iStegosauruz
59,5301,OCO,All-Pro First Team,OT,Offensive Lineman,Traffic Cone,SoySavant
59,5108,HON,All-Pro First Team,IOL,Offensive Lineman,Leonardo Da Pinchi,LtHudz
59,5639,AUS,All-Pro First Team,IOL,Offensive Lineman,Boss Chud,jackkmart
59,5616,COL,All-Pro First Team,IOL,Offensive Lineman,Kylo When,IsaStarcrossed
59,5397,AZ,All-Pro First Team,DT,Defensive Tackle,Benji Raga,SabaDonutMan
59,5409,NYS,All-Pro First Team,DT,Defensive Tackle,Bjarni Hjalmarsson,Urq660
59,5359,BFB,All-Pro First Team,DE,Defensive End,Brick Wall,IR15H0000000000
59,5396,YKW,All-Pro First Team,DL,Defensive End,Braxton East,SwagSloth
59,5353,NYS,All-Pro First Team,OLB,Linebacker,Abstract Geometry,Murtsi
59,5516,AZ,All-Pro First Team,OLB,Linebacker,Jay Cue IV,Opera_Phantom
59,5636,CTC,All-Pro First Team,ILB,Linebacker,John Rex,BrettManJD
59,5296,AZ,All-Pro First Team,CB,Cornerback,I.Q. Bowman,qWest
59,5533,OCO,All-Pro First Team,CB,Cornerback,Drew LaChance,jreed12
59,5631,COL,All-Pro First Team,S,Safety,Obi-Wan Picknobi,stixvim
59,5445,OSK,All-Pro First Team,S,Safety,Zero Escape,MobiausGrander
59,5405,SJS,All-Pro First Team,DB,Cornerback,Demar Harris,Breeze837
59,5751,SAR,All-Pro First Team,K,Kicker,John Borieo,johnlindbe11
59,5337,BFB,All-Pro First Team,P,Kicker,John Kick,pboomg
59,5648,OCO,All-Pro First Team,P,Kicker,Punto McKickerman VI,bluesfan55
59,5536,AUS,All-Pro First Team,RET,Wide Receiver,Bean Beanman IV,Seymour
59,5522,OSK,All-Pro Second Team,QB,Quarterback,Forcing ToOsaka,Muford
59,5333,BAL,All-Pro Second Team,RB,Running Back,Quincy Robinson,18situaseans
59,5284,AZ,All-Pro Second Team,RB,Running Back,JamesIsRunning Wilder,kdr
59,5568,BAL,All-Pro Second Team,FB,Running Back,Blocked On Discord,Charple
59,5602,YKW,All-Pro Second Team,TE,Wide Receiver,Rúben Ira,Retuperkele
59,5562,SAR,All-Pro Second Team,WR,Wide Receiver,Slater Williamson,ThreeToeSloth
59,5672,YKW,All-Pro Second Team,WR,Wide Receiver,Rok Košir,Daleks
59,5523,AUS,All-Pro Second Team,WR,Wide Receiver,Oh Haewon,Shiamus
59,5696,BAL,All-Pro Second Team,OT,Offensive Lineman,Canada Goose,r0tzbua
59,5286,AUS,All-Pro Second Team,OT,Offensive Lineman,Honda Civic,unconfident
59,5091,SAR,All-Pro Second Team,IOL,Offensive Lineman,Gusztáv Farkas,Raven
59,5338,BAL,All-Pro Second Team,IOL,Offensive Lineman,Justin Fern,dead_potato_
59,5642,OCO,All-Pro Second Team,IOL,Offensive Lineman,Tytus Gilley,Briedaqueduc
59,5574,BAL,All-Pro Second Team,DT,Running Back,Dino Nuggets Jr.,swoosh
59,5512,OSK,All-Pro Second Team,DT,Defensive Tackle,Max Payne,Nol15736
59,5401,NOLA,All-Pro Second Team,DE,Defensive End,Mako Shark,ztarwarz
59,5637,CTC,All-Pro Second Team,DL,Defensive Tackle,Felix Fortuna,Sizz
59,5496,BFB,All-Pro Second Team,OLB,Linebacker,Bryan Jones,itztimg
59,5186,AUS,All-Pro Second Team,OLB,Linebacker,Billdozer Dauterive,Kyamprac
59,5273,SAR,All-Pro Second Team,ILB,Linebacker,Alexander Hordle Jr.,slate
59,5513,NOLA,All-Pro Second Team,CB,Safety,LMoney Pickarelli,Tmoney6996
59,5684,AUS,All-Pro Second Team,CB,Cornerback,Silas Santana,Frostbite
59,5402,BFB,All-Pro Second Team,S,Safety,Count Sevem,baz
59,5475,YKW,All-Pro Second Team,S,Safety,La'induh Trenches,CeeKay
59,5707,COL,All-Pro Second Team,DB,Cornerback,Drew Winemaker,Quitolis
59,5491,NOLA,All-Pro Second Team,K,Kicker,Athena Mackenzie,Raf_TML
59,5605,NYS,All-Pro Second Team,RET,Cornerback,Alex Baudelaire,uhnp
59,5185,AZ,championship,CB,Cornerback,Kim Yeon-Seok,Crunk
59,5282,AZ,championship,RB,Running Back,Dalinar Summers,lunaripcole
59,5284,AZ,championship,RB,Running Back,JamesIsRunning Wilder,kdr
59,5285,AZ,championship,DT,Defensive Tackle,JC Tomlinson,Knif3yMan87
59,5296,AZ,championship,CB,Cornerback,I.Q. Bowman,qWest
59,5346,AZ,championship,WR,Wide Receiver,Xander Le Roux,zeagle1
59,5347,AZ,championship,LB,Linebacker,john scamps,scamps
59,5397,AZ,championship,DT,Defensive Tackle,Benji Raga,SabaDonutMan
59,5398,AZ,championship,OL,Offensive Lineman,Fairly Smart,Pib
59,5467,AZ,championship,OL,Offensive Lineman,Gerry Atrick,Kotasa
59,5481,AZ,championship,OL,Offensive Lineman,Willom hill,princejeremiah
59,5509,AZ,championship,LB,Linebacker,Vlad The Inhaler,bernardhibou
59,5516,AZ,championship,LB,Linebacker,Jay Cue IV,Opera_Phantom
59,5544,AZ,championship,S,Safety,Minkah Polamalu,mirrorlake_cultivator
59,5556,AZ,championship,QB,Quarterback,Noa Yu II,CROney3
59,5557,AZ,championship,LB,Linebacker,Financial Planning,Jaywe88
59,5579,AZ,championship,S,Safety,Agnes McPiepe,micool132
59,5580,AZ,championship,K,Kicker,Corey Worthington,.simo
59,5592,AZ,championship,WR,Wide Receiver,Dalton Gross,Dman9417
59,5632,AZ,championship,DT,Defensive Tackle,Teddy Fantobens,Fantobens
59,5640,AZ,championship,OL,Offensive Lineman,Connor Wojak,good_ole_kimmy
59,5682,AZ,championship,OL,Offensive Lineman,Shnitzel Radda,DivogoJota
59,5743,AZ,championship,RB,Running Back,Jonathon Jameston,Joriel
59,5755,AZ,championship,CB,Cornerback,Gods Comma,Bamford13
59,5844,NOR,DPerOTY,LB,Cornerback,Harlan Andrews,abh89
59,5623,NOLA,DPerOTY,S,Safety,Worf Moghson,Mongoose87
59,5887,LON,DPOTY,LB,Linebacker,Brian Eshleman,Brianesh73
59,5516,AZ,DPOTY,LB,Linebacker,Jay Cue IV,Opera_Phantom
59,5998,TIJ,DROTY,CB,Cornerback,Fireball Jones,InspectorDabbit
59,5849,SAR,DROTY,S,Safety,Golly Oo-De-Lally,Z-Whiz
59,4736,BAL,HoF,RB,Running Back,Anakin Skywalker,ForSucksFake
59,4656,OCO,HoF,RB,Running Back,Reginald Shrubbery,shrub02
59,4947,AZ,HoF,RB,Running Back,Purdy mediocre,KaleSalad
59,5751,SAR,KPOTY,K,Kicker,John Borieo,johnlindbe11
59,5793,NOR,MVP,WR,Safety,DJ Law II,Law
59,5555,COL,MVP,QB,Quarterback,Princess Leia Organa,Tesla
59,5858,KCC,OPerOTY,QB,Quarterback,John Waffle,ReadySalted
59,5555,COL,OPerOTY,QB,Quarterback,Princess Leia Organa,Tesla
59,5845,TIJ,OPOTY,RB,Running Back,Cookout Tray,WALDO
59,5391,COL,OPOTY,OL,Running Back,Baron von Froggington,iStegosauruz
59,5921,TIJ,OROTY,QB,Cornerback,Gold ship,LiathTheSquirrel
59,5702,SAR,OROTY,QB,Quarterback,Alejandro Alonso,jaypc8237
59,5697,OCO,Pro Bowl,QB,Quarterback,Drew McPewPewPew Jr,MMFLEX
59,5514,NYS,Pro Bowl,QB,Quarterback,Trevor Simian,Daniel
59,5188,AUS,Pro Bowl,RB,Running Back,William Eaton,Amidships
59,5408,OCO,Pro Bowl,RB,Running Back,Joseph Coolio,amjohnson636
59,5284,AZ,Pro Bowl,RB,Running Back,JamesIsRunning Wilder,kdr
59,5743,AZ,Pro Bowl,FB,Running Back,Jonathon Jameston,Joriel
59,5463,OCO,Pro Bowl,WR,Wide Receiver,Ezra Torrent,Skindog44
59,5457,OCO,Pro Bowl,WR,Wide Receiver,Aurelius Brooks,RainDelay
59,5605,NYS,Pro Bowl,WR,Cornerback,Alex Baudelaire,uhnp
59,5617,HON,Pro Bowl,WR,Wide Receiver,Oliver Clozeoff,Weaves
59,5341,HON,Pro Bowl,TE,Wide Receiver,Jamal Slick Jr.,JBLAZE_THE_BOSS
59,5103,AUS,Pro Bowl,TE,Wide Receiver,Seer Ial,omg
59,5108,HON,Pro Bowl,IOL,Offensive Lineman,Leonardo Da Pinchi,LtHudz
59,5639,AUS,Pro Bowl,IOL,Offensive Lineman,Boss Chud,jackkmart
59,5301,OCO,Pro Bowl,T,Offensive Lineman,Traffic Cone,SoySavant
59,5286,AUS,Pro Bowl,T,Offensive Lineman,Honda Civic,unconfident
59,5682,AZ,Pro Bowl,T,Offensive Lineman,Shnitzel Radda,DivogoJota
59,5401,NOLA,Pro Bowl,DE,Defensive End,Mako Shark,ztarwarz
59,5740,AUS,Pro Bowl,DE,Defensive End,Trent Butterfingers,tnerT
59,5409,NYS,Pro Bowl,DT,Defensive Tackle,Bjarni Hjalmarsson,Urq660
59,5397,AZ,Pro Bowl,DT,Defensive Tackle,Benji Raga,SabaDonutMan
59,5516,AZ,Pro Bowl,OLB,Linebacker,Jay Cue IV,Opera_Phantom
59,5353,NYS,Pro Bowl,OLB,Linebacker,Abstract Geometry,Murtsi
59,5347,AZ,Pro Bowl,ILB,Linebacker,john scamps,scamps
59,5668,OCO,Pro Bowl,ILB,Linebacker,Colonel Panic,Vulfzilla
59,5684,AUS,Pro Bowl,CB,Cornerback,Silas Santana,Frostbite
59,5513,NOLA,Pro Bowl,CB,Safety,LMoney Pickarelli,Tmoney6996
59,5405,SJS,Pro Bowl,CB,Cornerback,Demar Harris,Breeze837
59,5623,NOLA,Pro Bowl,S,Safety,Worf Moghson,Mongoose87
59,5406,OCO,Pro Bowl,S,Safety,Jerald Chuprig,dannuic
59,5776,HON,Pro Bowl,S,Cornerback,Tee Deez,IceBear32
59,5491,NOLA,Pro Bowl,K,Kicker,Athena Mackenzie,Raf_TML
59,5491,NOLA,Pro Bowl,P,Kicker,Athena Mackenzie,Raf_TML
59,5536,AUS,Pro Bowl,ST,Wide Receiver,Bean Beanman IV,Seymour
59,5605,NYS,Pro Bowl,ST,Cornerback,Alex Baudelaire,uhnp
59,5555,COL,Pro Bowl,QB,Quarterback,Princess Leia Organa,Tesla
59,5522,OSK,Pro Bowl,QB,Quarterback,Forcing ToOsaka,Muford
59,5448,BAL,Pro Bowl,RB,Running Back,GM Mellott,GuitarMaster116
59,5442,BFB,Pro Bowl,RB,Running Back,Tom Turbo,JuOSu
59,5333,BAL,Pro Bowl,RB,Running Back,Quincy Robinson,18situaseans
59,5762,YKW,Pro Bowl,FB,Running Back,Robert Krohn,DarkTaker
59,5672,YKW,Pro Bowl,WR,Wide Receiver,Rok Košir,Daleks
59,5562,SAR,Pro Bowl,WR,Wide Receiver,Slater Williamson,ThreeToeSloth
59,5683,COL,Pro Bowl,WR,Wide Receiver,Corey Coleman,Allstar20890
59,5620,OSK,Pro Bowl,WR,Wide Receiver,Calvin Calamari,Squid
59,5404,BFB,Pro Bowl,TE,Wide Receiver,Crazy Tomato II,Crazytomato
59,5818,SAR,Pro Bowl,TE,Wide Receiver,Michael Nkiah,Drizzy
59,5616,COL,Pro Bowl,IOL,Offensive Lineman,Kylo When,IsaStarcrossed
59,5338,BAL,Pro Bowl,IOL,Offensive Lineman,Justin Fern,dead_potato_
59,5391,COL,Pro Bowl,T,Running Back,Baron von Froggington,iStegosauruz
59,5678,OSK,Pro Bowl,T,Offensive Lineman,Steve's Lava Kaiju,captainsb
59,5696,BAL,Pro Bowl,T,Offensive Lineman,Canada Goose,r0tzbua
59,5396,YKW,Pro Bowl,DE,Defensive End,Braxton East,SwagSloth
59,5359,BFB,Pro Bowl,DE,Defensive End,Brick Wall,IR15H0000000000
59,5512,OSK,Pro Bowl,DT,Defensive Tackle,Max Payne,Nol15736
59,5637,CTC,Pro Bowl,DT,Defensive Tackle,Felix Fortuna,Sizz
59,5496,BFB,Pro Bowl,OLB,Linebacker,Bryan Jones,itztimg
59,5261,OSK,Pro Bowl,OLB,Linebacker,Sebastian Rosenthal,Symmetrik
59,5636,CTC,Pro Bowl,ILB,Linebacker,John Rex,BrettManJD
59,5656,COL,Pro Bowl,ILB,Defensive Tackle,Kilian Liam,ToastCharger
59,5707,COL,Pro Bowl,CB,Cornerback,Drew Winemaker,Quitolis
59,5477,SAR,Pro Bowl,CB,Linebacker,Multiliki Waialiki,JoeSteel
59,5524,OSK,Pro Bowl,CB,Cornerback,Reno Vega,Zag
59,5445,OSK,Pro Bowl,S,Safety,Zero Escape,MobiausGrander
59,5402,BFB,Pro Bowl,S,Safety,Count Sevem,baz
59,5631,COL,Pro Bowl,S,Safety,Obi-Wan Picknobi,stixvim
59,5751,SAR,Pro Bowl,K,Kicker,John Borieo,johnlindbe11
59,5751,SAR,Pro Bowl,P,Kicker,John Borieo,johnlindbe11
59,5448,BAL,Pro Bowl,ST,Running Back,GM Mellott,GuitarMaster116
59,5606,COL,Pro Bowl,ST,Wide Receiver,Rod Kimble,gucci
59,5921,TIJ,Pro Bowl,QB,Cornerback,Gold ship,LiathTheSquirrel
59,5773,NOR,Pro Bowl,QB,Quarterback,Vlad Wolf,Brad Woof
59,5846,DAL,Pro Bowl,RB,Running Back,Lightning McQueen,Soviet Sexpot
59,5845,TIJ,Pro Bowl,RB,Running Back,Cookout Tray,WALDO
59,5848,NOR,Pro Bowl,RB,Running Back,Davoin Shower-Handel,JoeHoe3121
59,5793,NOR,Pro Bowl,WR,Safety,DJ Law II,Law
59,5829,TIJ,Pro Bowl,WR,Wide Receiver,Titus Tortuga,DigDoug11
59,5903,TIJ,Pro Bowl,WR,Wide Receiver,Lane Frost IV,LANEFROST
59,5814,DAL,Pro Bowl,WR,Wide Receiver,Dale Gribble,Pocketsand007
59,5832,TIJ,Pro Bowl,TE,Tight End,Tip Manzardo,AW13
59,5843,BBB,Pro Bowl,TE,Tight End,Jason Beaty,bechtudo
59,5984,NOR,Pro Bowl,IOL,Offensive Lineman,Terd Ferguson,ATaff
59,6033,TIJ,Pro Bowl,IOL,Offensive Lineman,Changeling Mordecai,Asked Madden
59,5890,TIJ,Pro Bowl,T,Offensive Lineman,Acrylic Block,wizard_literal
59,6008,NOR,Pro Bowl,T,Offensive Lineman,Jake Lawson,BaatezuLegion
59,5830,TIJ,Pro Bowl,DE,Defensive End,Sir Sacksalot,rytin6543
59,5893,DAL,Pro Bowl,DE,Defensive End,Patrick Murphy,Dolphins
59,5906,NOR,Pro Bowl,DT,Defensive Tackle,Domo Arigato,Honoredmexican
59,5885,BBB,Pro Bowl,DT,Defensive Tackle,Goe Kool,The.Pat
59,5844,NOR,Pro Bowl,OLB,Cornerback,Harlan Andrews,abh89
59,5860,DAL,Pro Bowl,OLB,Linebacker,Buster Forceps,Lpapi
59,6004,BBB,Pro Bowl,ILB,Offensive Lineman,Awesome McCool,alomo
59,5936,DAL,Pro Bowl,ILB,Linebacker,Thasma Dickson,Agent Chaos
59,5856,BBB,Pro Bowl,CB,Cornerback,Davey Andrews,Lubotty
59,5998,TIJ,Pro Bowl,CB,Cornerback,Fireball Jones,InspectorDabbit
59,5971,NOR,Pro Bowl,CB,Cornerback,Caius Ellis,ShyGuy15
59,5880,TIJ,Pro Bowl,S,Tight End,Hardbody Mayhem,MaxSuperset
59,5839,DAL,Pro Bowl,S,Safety,Water Boy,fweliiii
59,5864,NOR,Pro Bowl,S,Safety,Donkey Brainz,CD6405
59,5759,NOR,Pro Bowl,K,Kicker,JJJJJJJJJJJ JJJJJJJJJJJ,hannahg32
59,6001,TIJ,Pro Bowl,P,Offensive Lineman,Kickolas Cage,TenpointBuc
59,5903,TIJ,Pro Bowl,ST,Wide Receiver,Lane Frost IV,LANEFROST
59,5793,NOR,Pro Bowl,ST,Safety,DJ Law II,Law
59,5925,POR,Pro Bowl,QB,Quarterback,Master Shake,AustinP0027
59,5858,KCC,Pro Bowl,QB,Quarterback,John Waffle,ReadySalted
59,5927,MIN,Pro Bowl,RB,Cornerback,Boss Nassty,oknom
59,5834,LON,Pro Bowl,RB,Running Back,Tame Brady,Garbear000
59,5813,POR,Pro Bowl,RB,Running Back,Marvin Bumgarner,BOS
59,6024,LON,Pro Bowl,FB,Wide Receiver,Kendall Morgan,Cycro
59,5928,POR,Pro Bowl,WR,Wide Receiver,Isaac TeSlooth,slothfacekilla
59,5929,POR,Pro Bowl,WR,Wide Receiver,Geoff Peterson,CementHands
59,5967,MIN,Pro Bowl,WR,Wide Receiver,Bubba Gump,PidgeyDestined
59,5912,LON,Pro Bowl,WR,Cornerback,Flash M'Johnson,FFPPirate
59,5799,KCC,Pro Bowl,TE,Linebacker,Brock Lesnar,JakeTE10
59,5919,MIN,Pro Bowl,TE,Tight End,Thomas The Tank,Rusfan
59,5968,LON,Pro Bowl,IOL,Offensive Lineman,Bill Sandwich,Dosman
59,6030,MIN,Pro Bowl,IOL,Offensive Lineman,Colby Lopez,TheNC206
59,5882,KCC,Pro Bowl,T,Offensive Lineman,Clifford Wilson Jr,SirBongo
59,5947,LON,Pro Bowl,T,Offensive Lineman,Richard Patterson,bjkman
59,5961,MIN,Pro Bowl,T,Offensive Lineman,Turndown Service,Blckbbyjesus
59,5833,POR,Pro Bowl,DE,Cornerback,Deek Waters,iGreatScott
59,5995,POR,Pro Bowl,DE,Defensive End,Anders Hones,Shinobi_24
59,5914,MIN,Pro Bowl,DT,Defensive End,Wyatt Syksy,Dire12
59,5996,MIN,Pro Bowl,DT,Defensive Tackle,Peter Griffin,ocho
59,5887,LON,Pro Bowl,OLB,Linebacker,Brian Eshleman,Brianesh73
59,5989,KCC,Pro Bowl,OLB,Linebacker,Ryan Wolf,wolfmn8989
59,5945,KCC,Pro Bowl,ILB,Linebacker,Sapp Warren,Starchychaff
59,5950,POR,Pro Bowl,ILB,Defensive End,Willie Hitt,TheSparkyDee
59,5853,POR,Pro Bowl,CB,Safety,Oliver Closeoffe,Gallade081
59,5878,MIN,Pro Bowl,CB,Cornerback,Edmund Blackadder,Mooty99
59,5888,KCC,Pro Bowl,CB,Cornerback,Jackson Olsen,Solarslayer
59,5774,KCC,Pro Bowl,S,Safety,Friend Stefani,FriendStefani
59,5913,POR,Pro Bowl,S,Safety,Bug Chingus,RiceyWriter
59,5805,MIN,Pro Bowl,S,Cornerback,Earl Grey,lordcoolcats
59,6015,POR,Pro Bowl,K,Kicker,Timothy Lee,LimoTee
59,5883,LON,Pro Bowl,P,Kicker,The Labubu,kahri
59,5913,POR,Pro Bowl,ST,Safety,Bug Chingus,RiceyWriter
59,5805,MIN,Pro Bowl,ST,Cornerback,Earl Grey,lordcoolcats
59,5352,NOLA,RetOTY,WR,Wide Receiver,Ben Yay,toofpete
59,5903,TIJ,STOTY,WR,Wide Receiver,Lane Frost IV,LANEFROST
60,5773,HON,All Rookie,QB,Quarterback,Vlad Wolf,Brad Woof
60,5845,SJS,All Rookie,RB,Running Back,Cookout Tray,WALDO
60,5848,NYS,All Rookie,FB,Running Back,Davoin Shower-Handel,JoeHoe3121
60,5829,OSK,All Rookie,WR,Wide Receiver,Titus Tortuga,DigDoug11
60,5843,NOLA,All Rookie,TE,Tight End,Jason Beaty,bechtudo
60,5754,OSK,All Rookie,IOL,Offensive Lineman,King Ghidorah,firstfray
60,5949,SJS,All Rookie,OT,Offensive Lineman,Servin Cakes,Sevrin
60,5914,YKW,All Rookie,DT,Defensive End,Wyatt Syksy,Dire12
60,5844,SAR,All Rookie,ILB,Cornerback,Harlan Andrews,abh89
60,5799,SJS,All Rookie,OLB,Linebacker,Brock Lesnar,JakeTE10
60,5912,SJS,All Rookie,CB,Cornerback,Flash M'Johnson,FFPPirate
60,5810,AZ,All Rookie,CB,Cornerback,Echoing Thunder,Fangorn
60,5793,BAL,All Rookie,S,Safety,DJ Law II,Law
60,5855,AUS,All Rookie,K/P,Kicker,Viktor Andersson,piza
60,5763,BAL,All-Pro First Team,QB,Quarterback,Purdy 'PP' Penix,Bazooka_Joe
60,5743,AZ,All-Pro First Team,RB,Running Back,Jonathon Jameston,Joriel
60,5448,BAL,All-Pro First Team,RB,Running Back,GM Mellott,GuitarMaster116
60,5568,AZ,All-Pro First Team,FB,Running Back,Blocked On Discord,Charple
60,5463,OCO,All-Pro First Team,WR,Wide Receiver,Ezra Torrent,Skindog44
60,5515,HON,All-Pro First Team,WR,Wide Receiver,Griffin Stone,Griff
60,5493,BFB,All-Pro First Team,WR,Wide Receiver,Videl Valor,ValorX77
60,5843,NOLA,All-Pro First Team,TE,Tight End,Jason Beaty,bechtudo
60,5678,OSK,All-Pro First Team,OT,Offensive Lineman,Steve's Lava Kaiju,captainsb
60,5682,AZ,All-Pro First Team,OT,Offensive Lineman,Shnitzel Radda,DivogoJota
60,5754,OSK,All-Pro First Team,IOL,Offensive Lineman,King Ghidorah,firstfray
60,5642,OCO,All-Pro First Team,IOL,Offensive Lineman,Tytus Gilley,Briedaqueduc
60,5639,AUS,All-Pro First Team,IOL,Offensive Lineman,Boss Chud,jackkmart
60,5721,NOLA,All-Pro First Team,DT,Defensive Tackle,Turd Ferguson,Turd Ferguson
60,5512,OSK,All-Pro First Team,DT,Defensive Tackle,Max Payne,Nol15736
60,5740,AUS,All-Pro First Team,DE,Defensive End,Trent Butterfingers,tnerT
60,5722,BFB,All-Pro First Team,DL,Running Back,Vince Morrigan,Degradation
60,5496,BFB,All-Pro First Team,OLB,Linebacker,Bryan Jones,itztimg
60,5670,NOLA,All-Pro First Team,OLB,Linebacker,Tex Richards,ZootTX
60,5819,YKW,All-Pro First Team,ILB,Linebacker,Hugh Jassman,admiralballtr8s
60,5707,COL,All-Pro First Team,CB,Cornerback,Drew Winemaker,Quitolis
60,5400,HON,All-Pro First Team,CB,Cornerback,Dixon Yamada,Dmac1200
60,5402,BFB,All-Pro First Team,S,Safety,Count Sevem,baz
60,5631,COL,All-Pro First Team,S,Safety,Obi-Wan Picknobi,stixvim
60,5524,OSK,All-Pro First Team,CB,Cornerback,Reno Vega,Zag
60,5855,AUS,All-Pro First Team,K,Kicker,Viktor Andersson,piza
60,5708,COL,All-Pro First Team,P,Kicker,Sam Waymon,Amaziah
60,5672,YKW,All-Pro First Team,RET,Wide Receiver,Rok Košir,Daleks
60,5921,TIJ,All-Pro First Team,QB,Cornerback,Gold ship,LiathTheSquirrel
60,5990,TIJ,All-Pro First Team,RB,Safety,Art Vandelay,Art Vandelay
60,5834,LON,All-Pro First Team,RB,Running Back,Tame Brady,Garbear000
60,6117,TIJ,All-Pro First Team,FB,Running Back,Desi Cotton,ThatMobi
60,5967,MIN,All-Pro First Team,WR,Wide Receiver,Bubba Gump,PidgeyDestined
60,6104,TIJ,All-Pro First Team,WR,Wide Receiver,Dante Von Wolfe,Bloodless
60,5932,LON,All-Pro First Team,WR,Wide Receiver,Left Bench,bfan8475
60,5966,TIJ,All-Pro First Team,TE,Tight End,Eizo Xyan,xyan
60,5920,LON,All-Pro First Team,TE,Tight End,Cutty Von Turbo,roquefort
60,6032,BBB,All-Pro First Team,IOL,Offensive Lineman,Swantavius Steel,Swanty
60,5976,BBB,All-Pro First Team,TE,Offensive Lineman,Atticus Furby,spartansqurl
60,5947,LON,All-Pro First Team,TE,Offensive Lineman,Richard Patterson,bjkman
60,5918,KCC,All-Pro First Team,DL,Defensive Tackle,Robot Sunfish II,yonggarius
60,5906,NOR,All-Pro First Team,DL,Defensive Tackle,Domo Arigato,Honoredmexican
60,5830,TIJ,All-Pro First Team,DL,Defensive End,Sir Sacksalot,rytin6543
60,5935,DAL,All-Pro First Team,OLB,Linebacker,Dee Flowers,SwankyPants31
60,6016,NOR,All-Pro First Team,OLB,Linebacker,King Von,saitoman
60,6112,KCC,All-Pro First Team,ILB,Linebacker,Samuel Frost,Vewdew
60,5998,TIJ,All-Pro First Team,CB,Cornerback,Fireball Jones,InspectorDabbit
60,5943,BBB,All-Pro First Team,CB,Cornerback,Reggie Bau,GlimsTC
60,5894,DAL,All-Pro First Team,S,Offensive Lineman,Ji Antpeen,fetty
60,6065,TIJ,All-Pro First Team,S,Safety,Jimmy Parham,shagz
60,6015,POR,All-Pro First Team,K,Kicker,Timothy Lee,LimoTee
60,5960,DAL,All-Pro First Team,P,Kicker,Johnny Zyns,bigbluex02
60,5927,MIN,All-Pro First Team,RET,Cornerback,Boss Nassty,oknom
60,5697,OCO,All-Pro Second Team,QB,Quarterback,Drew McPewPewPew Jr,MMFLEX
60,5408,OCO,All-Pro Second Team,RB,Running Back,Joseph Coolio,amjohnson636
60,5414,NYS,All-Pro Second Team,RB,Running Back,Wilson Goatobert,Bayley
60,5762,YKW,All-Pro Second Team,FB,Running Back,Robert Krohn,DarkTaker
60,5792,SAR,All-Pro Second Team,TE,Wide Receiver,Anukar Reed,Anukar
60,5683,COL,All-Pro Second Team,WR,Wide Receiver,Corey Coleman,Allstar20890
60,5444,OSK,All-Pro Second Team,WR,Wide Receiver,Football Catcherman,manicmav36
60,5457,OCO,All-Pro Second Team,WR,Wide Receiver,Aurelius Brooks,RainDelay
60,5551,BFB,All-Pro Second Team,OT,Offensive Lineman,Wesley Orion,CLG Rampage
60,5391,COL,All-Pro Second Team,OT,Running Back,Baron von Froggington,iStegosauruz
60,5780,NYS,All-Pro Second Team,IOL,Offensive Lineman,Flick Davis,Flick Davis
60,5679,BFB,All-Pro Second Team,IOL,Offensive Lineman,Brick Tupp,ForSucksFake
60,5338,BAL,All-Pro Second Team,IOL,Offensive Lineman,Justin Fern,dead_potato_
60,5498,YKW,All-Pro Second Team,K,Kicker,Adam Vittori,Hawkeye
60,5397,AZ,All-Pro Second Team,DT,Defensive Tackle,Benji Raga,SabaDonutMan
60,5637,CTC,All-Pro Second Team,DT,Defensive Tackle,Felix Fortuna,Sizz
60,5401,HON,All-Pro Second Team,DE,Defensive End,Mako Shark,ztarwarz
60,5354,OCO,All-Pro Second Team,DL,Defensive Tackle,Paulie Wag,Pelochyta
60,5635,OCO,All-Pro Second Team,OLB,Linebacker,Oopsie Wrongball,Summerstood
60,5630,HON,All-Pro Second Team,OLB,Linebacker,Steven Matthews,Ltblackgrizzly
60,5358,OCO,All-Pro Second Team,ILB,Defensive Tackle,Senior Seau,ComebackZak
60,5647,BFB,All-Pro Second Team,CB,Linebacker,Smoke Moore,LordEscanor
60,5510,SAR,All-Pro Second Team,CB,Cornerback,Zamir Kehla III,Thor
60,5724,NYS,All-Pro Second Team,S,Safety,Theodore Espen,Bearen
60,5406,OCO,All-Pro Second Team,S,Safety,Jerald Chuprig,dannuic
60,5684,AUS,All-Pro Second Team,DB,Cornerback,Silas Santana,Frostbite
60,5498,YKW,All-Pro Second Team,P,Kicker,Adam Vittori,Hawkeye
60,5582,NYS,All-Pro Second Team,RET,Wide Receiver,Dash Jackson,Dash
60,5200,OCO,championship,TE,Tight End,Deacon Blues,UptownCord
60,5204,OCO,championship,DT,Defensive Tackle,Hot Dam,Painted
60,5301,OCO,championship,T,Offensive Lineman,Traffic Cone,SoySavant
60,5303,OCO,championship,RB,Running Back,William Strong,Bigred1580
60,5354,OCO,championship,DT,Defensive Tackle,Paulie Wag,Pelochyta
60,5355,OCO,championship,CB,Cornerback,Kai Ware,Hepha
60,5358,OCO,championship,LB,Defensive Tackle,Senior Seau,ComebackZak
60,5406,OCO,championship,FS,Safety,Jerald Chuprig,dannuic
60,5408,OCO,championship,RB,Running Back,Joseph Coolio,amjohnson636
60,5420,OCO,championship,T,Offensive Lineman,Da'Truest Rusha,Trempale
60,5457,OCO,championship,WR,Wide Receiver,Aurelius Brooks,RainDelay
60,5463,OCO,championship,WR,Wide Receiver,Ezra Torrent,Skindog44
60,5533,OCO,championship,CB,Cornerback,Drew LaChance,jreed12
60,5540,OCO,championship,LB,Linebacker,Zephyr Williams,Zephyrus1128
60,5635,OCO,championship,LB,Linebacker,Oopsie Wrongball,Summerstood
60,5642,OCO,championship,T,Offensive Lineman,Tytus Gilley,Briedaqueduc
60,5646,OCO,championship,T,Offensive Lineman,John Chicken-Jockey,Gwdjohnson
60,5648,OCO,championship,K,Kicker,Punto McKickerman VI,bluesfan55
60,5668,OCO,championship,LB,Linebacker,Colonel Panic,Vulfzilla
60,5674,OCO,championship,DE,Defensive End,Big Strong,nickyvmlp
60,5677,OCO,championship,SS,Safety,Carlin Creakis,SmittyHextall
60,5697,OCO,championship,QB,Quarterback,Drew McPewPewPew Jr,MMFLEX
60,5837,OCO,championship,WR,Wide Receiver,Muddy Rivers,Muddym13
60,5477,SAR,DPerOTY,LB,Linebacker,Multiliki Waialiki,JoeSteel
60,5998,TIJ,DPerOTY,CB,Cornerback,Fireball Jones,InspectorDabbit
60,5496,BFB,DPOTY,LB,Linebacker,Bryan Jones,itztimg
60,5998,TIJ,DPOTY,CB,Cornerback,Fireball Jones,InspectorDabbit
60,5938,NYS,DROTY,LB,Linebacker,. Sackadelic,Hacob
60,6023,POR,DROTY,LB,Linebacker,Da'Coldest Williams,Southie
60,4895,NOLA,HoF,DT,Defensive Tackle,Doctor Who,thewhovian
60,5855,AUS,KPOTY,K,Kicker,Viktor Andersson,piza
60,5697,OCO,MVP,QB,Quarterback,Drew McPewPewPew Jr,MMFLEX
60,5921,TIJ,MVP,QB,Cornerback,Gold ship,LiathTheSquirrel
60,5763,BAL,OPerOTY,QB,Quarterback,Purdy 'PP' Penix,Bazooka_Joe
60,5921,TIJ,OPerOTY,QB,Cornerback,Gold ship,LiathTheSquirrel
60,5465,HON,OPOTY,RB,Running Back,Ban Hammer,bowl0
60,5990,TIJ,OPOTY,RB,Safety,Art Vandelay,Art Vandelay
60,5843,NOLA,OROTY,TE,Tight End,Jason Beaty,bechtudo
60,6104,TIJ,OROTY,WR,Wide Receiver,Dante Von Wolfe,Bloodless
60,5697,OCO,Pro Bowl,QB,Quarterback,Drew McPewPewPew Jr,MMFLEX
60,5348,AUS,Pro Bowl,QB,Quarterback,Jack Crackerjack,JKortesi81
60,5414,NYS,Pro Bowl,RB,Running Back,Wilson Goatobert,Bayley
60,5465,HON,Pro Bowl,RB,Running Back,Ban Hammer,bowl0
60,5408,OCO,Pro Bowl,RB,Running Back,Joseph Coolio,amjohnson636
60,5848,NYS,Pro Bowl,FB,Running Back,Davoin Shower-Handel,JoeHoe3121
60,5463,OCO,Pro Bowl,WR,Wide Receiver,Ezra Torrent,Skindog44
60,5523,AUS,Pro Bowl,WR,Wide Receiver,Oh Haewon,Shiamus
60,5515,HON,Pro Bowl,WR,Wide Receiver,Griffin Stone,Griff
60,5457,OCO,Pro Bowl,WR,Wide Receiver,Aurelius Brooks,RainDelay
60,5843,NOLA,Pro Bowl,TE,Tight End,Jason Beaty,bechtudo
60,5734,SJS,Pro Bowl,TE,Offensive Lineman,Student Loans,qwerty13542
60,5642,OCO,Pro Bowl,IOL,Offensive Lineman,Tytus Gilley,Briedaqueduc
60,5780,NYS,Pro Bowl,IOL,Offensive Lineman,Flick Davis,Flick Davis
60,5682,AZ,Pro Bowl,T,Offensive Lineman,Shnitzel Radda,DivogoJota
60,5718,NYS,Pro Bowl,T,Offensive Lineman,Drake Rider,Water
60,5545,HON,Pro Bowl,T,Offensive Lineman,Pegme Amadeus,scudmuffin19
60,5740,AUS,Pro Bowl,DE,Defensive End,Trent Butterfingers,tnerT
60,5401,HON,Pro Bowl,DE,Defensive End,Mako Shark,ztarwarz
60,5721,NOLA,Pro Bowl,DT,Defensive Tackle,Turd Ferguson,Turd Ferguson
60,5397,AZ,Pro Bowl,DT,Defensive Tackle,Benji Raga,SabaDonutMan
60,5635,OCO,Pro Bowl,OLB,Linebacker,Oopsie Wrongball,Summerstood
60,5670,NOLA,Pro Bowl,OLB,Linebacker,Tex Richards,ZootTX
60,5347,AZ,Pro Bowl,ILB,Linebacker,john scamps,scamps
60,5358,OCO,Pro Bowl,ILB,Defensive Tackle,Senior Seau,ComebackZak
60,5400,HON,Pro Bowl,CB,Cornerback,Dixon Yamada,Dmac1200
60,5684,AUS,Pro Bowl,CB,Cornerback,Silas Santana,Frostbite
60,5533,OCO,Pro Bowl,CB,Cornerback,Drew LaChance,jreed12
60,5724,NYS,Pro Bowl,S,Safety,Theodore Espen,Bearen
60,5513,NOLA,Pro Bowl,S,Safety,LMoney Pickarelli,Tmoney6996
60,5623,NOLA,Pro Bowl,S,Safety,Worf Moghson,Mongoose87
60,5855,AUS,Pro Bowl,K,Kicker,Viktor Andersson,piza
60,5580,AZ,Pro Bowl,P,Kicker,Corey Worthington,.simo
60,5605,NYS,Pro Bowl,ST,Cornerback,Alex Baudelaire,uhnp
60,5582,NYS,Pro Bowl,ST,Wide Receiver,Dash Jackson,Dash
60,5763,BAL,Pro Bowl,QB,Quarterback,Purdy 'PP' Penix,Bazooka_Joe
60,5555,COL,Pro Bowl,QB,Quarterback,Princess Leia Organa,Tesla
60,5442,BFB,Pro Bowl,RB,Running Back,Tom Turbo,JuOSu
60,5448,BAL,Pro Bowl,RB,Running Back,GM Mellott,GuitarMaster116
60,5604,SAR,Pro Bowl,RB,Running Back,Ganymede Moon,rrf_1
60,5762,YKW,Pro Bowl,FB,Running Back,Robert Krohn,DarkTaker
60,5493,BFB,Pro Bowl,WR,Wide Receiver,Videl Valor,ValorX77
60,5444,OSK,Pro Bowl,WR,Wide Receiver,Football Catcherman,manicmav36
60,5672,YKW,Pro Bowl,WR,Wide Receiver,Rok Košir,Daleks
60,5683,COL,Pro Bowl,WR,Wide Receiver,Corey Coleman,Allstar20890
60,5794,COL,Pro Bowl,TE,Offensive Lineman,Mickey Martino,Mikemart
60,5829,OSK,Pro Bowl,TE,Wide Receiver,Titus Tortuga,DigDoug11
60,5754,OSK,Pro Bowl,IOL,Offensive Lineman,King Ghidorah,firstfray
60,5338,BAL,Pro Bowl,IOL,Offensive Lineman,Justin Fern,dead_potato_
60,5678,OSK,Pro Bowl,T,Offensive Lineman,Steve's Lava Kaiju,captainsb
60,5551,BFB,Pro Bowl,T,Offensive Lineman,Wesley Orion,CLG Rampage
60,5395,SAR,Pro Bowl,T,Offensive Lineman,Jack White,Ostaf
60,5722,BFB,Pro Bowl,DE,Running Back,Vince Morrigan,Degradation
60,5359,BFB,Pro Bowl,DE,Defensive End,Brick Wall,IR15H0000000000
60,5512,OSK,Pro Bowl,DT,Defensive Tackle,Max Payne,Nol15736
60,5637,CTC,Pro Bowl,DT,Defensive Tackle,Felix Fortuna,Sizz
60,5496,BFB,Pro Bowl,OLB,Linebacker,Bryan Jones,itztimg
60,5661,OSK,Pro Bowl,OLB,Linebacker,Daenerys Targaryen,Im2Klutch
60,5819,YKW,Pro Bowl,ILB,Linebacker,Hugh Jassman,admiralballtr8s
60,5526,BAL,Pro Bowl,ILB,Linebacker,Charlie Kelly,Tylertokesome04
60,5524,OSK,Pro Bowl,CB,Cornerback,Reno Vega,Zag
60,5707,COL,Pro Bowl,CB,Cornerback,Drew Winemaker,Quitolis
60,5511,BFB,Pro Bowl,CB,Tight End,Ms. Frizzle,Jackienape
60,5402,BFB,Pro Bowl,S,Safety,Count Sevem,baz
60,5631,COL,Pro Bowl,S,Safety,Obi-Wan Picknobi,stixvim
60,5793,BAL,Pro Bowl,S,Safety,DJ Law II,Law
60,5498,YKW,Pro Bowl,K,Kicker,Adam Vittori,Hawkeye
60,5708,COL,Pro Bowl,P,Kicker,Sam Waymon,Amaziah
60,5672,YKW,Pro Bowl,ST,Wide Receiver,Rok Košir,Daleks
60,5442,BFB,Pro Bowl,ST,Running Back,Tom Turbo,JuOSu
60,5925,POR,Pro Bowl,QB,Quarterback,Master Shake,AustinP0027
60,6020,MIN,Pro Bowl,QB,Wide Receiver,Duquan Feldman,speculadora
60,5834,LON,Pro Bowl,RB,Running Back,Tame Brady,Garbear000
60,5813,POR,Pro Bowl,RB,Running Back,Marvin Bumgarner,BOS
60,5977,POR,Pro Bowl,RB,Defensive Tackle,Krokadilious Hut,krokshut
60,6024,LON,Pro Bowl,WR,Wide Receiver,Kendall Morgan,Cycro
60,5967,MIN,Pro Bowl,WR,Wide Receiver,Bubba Gump,PidgeyDestined
60,5928,POR,Pro Bowl,WR,Wide Receiver,Isaac TeSlooth,slothfacekilla
60,5932,LON,Pro Bowl,WR,Wide Receiver,Left Bench,bfan8475
60,5857,KCC,Pro Bowl,WR,Wide Receiver,Mons Morè,McLumberjack
60,5920,LON,Pro Bowl,TE,Tight End,Cutty Von Turbo,roquefort
60,6061,POR,Pro Bowl,TE,Tight End,Jack Wynn,buckleup
60,5947,LON,Pro Bowl,OL,Offensive Lineman,Richard Patterson,bjkman
60,5961,MIN,Pro Bowl,OL,Offensive Lineman,Turndown Service,Blckbbyjesus
60,5968,LON,Pro Bowl,OL,Offensive Lineman,Bill Sandwich,Dosman
60,6045,POR,Pro Bowl,DE,Defensive End,Sean Bobby,TigerishFiber
60,5868,MIN,Pro Bowl,DE,Defensive End,Saxon Thacubee,Immaculate
60,5918,KCC,Pro Bowl,DT,Defensive Tackle,Robot Sunfish II,yonggarius
60,6035,POR,Pro Bowl,DT,Defensive Tackle,Marvin  The Paranoid Android,RobJG2
60,6023,POR,Pro Bowl,LB,Linebacker,Da'Coldest Williams,Southie
60,6006,POR,Pro Bowl,DT,Defensive Tackle,Maxwell Silverhammer,Backer50
60,6112,KCC,Pro Bowl,LB,Linebacker,Samuel Frost,Vewdew
60,5950,POR,Pro Bowl,LB,Defensive End,Willie Hitt,TheSparkyDee
60,5927,MIN,Pro Bowl,CB,Cornerback,Boss Nassty,oknom
60,5889,POR,Pro Bowl,CB,Cornerback,Benny Sanderson,Egglton
60,5933,KCC,Pro Bowl,CB,Cornerback,Pickle Rick,KaleSalad
60,5865,LON,Pro Bowl,S,Safety,Alex Duquesne,Alex_Duquesne
60,6120,POR,Pro Bowl,S,Safety,Josh Harper,JCPro
60,6027,LMIN,Pro Bowl,S,Running Back,Mr. Snoops,Ghamss
60,6015,POR,Pro Bowl,K,Kicker,Timothy Lee,LimoTee
60,6025,LON,Pro Bowl,RB,Running Back,Grant Iridian III,.Laser
60,5927,MIN,Pro Bowl,CB,Cornerback,Boss Nassty,oknom
60,5928,POR,Pro Bowl,WR,Wide Receiver,Isaac TeSlooth,slothfacekilla
60,5921,TIJ,Pro Bowl,QB,Cornerback,Gold ship,LiathTheSquirrel
60,5952,DAL,Pro Bowl,QB,Quarterback,Sage Rosencopter,Lumosityfan
60,5990,TIJ,Pro Bowl,RB,Safety,Art Vandelay,Art Vandelay
60,5940,NOR,Pro Bowl,K,Kicker,Swimmy Neutron,Big Newff
60,6022,BBB,Pro Bowl,RB,Running Back,Michelan Shello,LtHudz
60,6117,TIJ,Pro Bowl,RB,Running Back,Desi Cotton,ThatMobi
60,5801,DAL,Pro Bowl,WR,Wide Receiver,Thomas Singletary,Dynamicmlb_42
60,6034,NOR,Pro Bowl,WR,Wide Receiver,Kawasaki Eagle,foshizzlemynizzle
60,6104,TIJ,Pro Bowl,WR,Wide Receiver,Dante Von Wolfe,Bloodless
60,5898,BBB,Pro Bowl,WR,Wide Receiver,Candice Flyn,BelieveAy
60,5966,TIJ,Pro Bowl,TE,Tight End,Eizo Xyan,xyan
60,5923,NOR,Pro Bowl,TE,Offensive Lineman,Babu Frik,babufrik
60,6032,BBB,Pro Bowl,OL,Offensive Lineman,Swantavius Steel,Swanty
60,6109,BBB,Pro Bowl,OL,Offensive Lineman,Deacon Graves,RecoilIt
60,5976,BBB,Pro Bowl,OL,Offensive Lineman,Atticus Furby,spartansqurl
60,6081,NOR,Pro Bowl,OL,Offensive Lineman,Meat Wad,Tubbles
60,6094,DAL,Pro Bowl,OL,Offensive Lineman,Scottie Barnes,OnlyOneOD
60,5830,TIJ,Pro Bowl,DE,Defensive End,Sir Sacksalot,rytin6543
60,5893,DAL,Pro Bowl,DE,Defensive End,Patrick Murphy,Dolphins
60,5906,NOR,Pro Bowl,DT,Defensive Tackle,Domo Arigato,Honoredmexican
60,5953,NOR,Pro Bowl,OL,Offensive Lineman,TheCFL IsBetter,TubbyTim69
60,5935,DAL,Pro Bowl,LB,Linebacker,Dee Flowers,SwankyPants31
60,6016,NOR,Pro Bowl,LB,Linebacker,King Von,saitoman
60,6004,BBB,Pro Bowl,LB,Offensive Lineman,Awesome McCool,alomo
60,5981,TIJ,Pro Bowl,S,Safety,Florian Bauer,Fire
60,5998,TIJ,Pro Bowl,CB,Cornerback,Fireball Jones,InspectorDabbit
60,6091,NOR,Pro Bowl,CB,Cornerback,Elias Chantrelle,NeonMage
60,5943,BBB,Pro Bowl,CB,Cornerback,Reggie Bau,GlimsTC
60,5880,TIJ,Pro Bowl,TE,Tight End,Hardbody Mayhem,MaxSuperset
60,5941,NOR,Pro Bowl,S,Safety,Bleebs Blunkinchuns,jacobcarson877
60,5894,DAL,Pro Bowl,S,Offensive Lineman,Ji Antpeen,fetty
60,5877,BBB,Pro Bowl,K,Kicker,Bo Tteur,ItsFrenchie
60,5960,DAL,Pro Bowl,K,Kicker,Johnny Zyns,bigbluex02
60,5946,NOR,Pro Bowl,WR,Wide Receiver,Matthew Mady,Buttersqauch101
60,6057,TIJ,Pro Bowl,WR,Wide Receiver,Agent Eight,WildfireMicro
60,5672,YKW,RetOTY,WR,Wide Receiver,Rok Košir,Daleks
60,5927,MINN,STOTY,RB,Cornerback,Boss Nassty,oknom
61,5510,SAR,1600 Club,CB,Cornerback,Zamir Kehla III,Thor
61,5515,HON,1600 Club,WR,Wide Receiver,Griffin Stone,Griff
61,5516,AZ,1600 Club,LB,Linebacker,Jay Cue IV,Opera_Phantom
61,5556,AZ,1600 Club,QB,Quarterback,Noa Yu II,CROney3
61,5574,BAL,1600 Club,DT,Running Back,Dino Nuggets Jr.,swoosh
61,5576,OSK,1600 Club,RB,Running Back,Kim Minjeong,lemonoppy
61,5582,NYS,1600 Club,WR,Wide Receiver,Dash Jackson,Dash
61,5604,SAR,1600 Club,RB,Running Back,Ganymede Moon,rrf_1
61,5925,NOLA,All Rookie,QB,Quarterback,Master Shake,AustinP0027
61,5895,CTC,All Rookie,RB,Running Back,Stankle McQuade,FL4K__
61,5880,COL,All Rookie,FB,Tight End,Hardbody Mayhem,MaxSuperset
61,5857,NOLA,All Rookie,WR,Wide Receiver,Mons Morè,McLumberjack
61,5920,OCO,All Rookie,TE,Tight End,Cutty Von Turbo,roquefort
61,5919,HON,All Rookie,TE,Tight End,Thomas The Tank,Rusfan
61,5991,NOLA,All Rookie,IOL,Offensive Lineman,Bigg Mannus,Wolfpaw
61,5931,NOLA,All Rookie,OT,Offensive Lineman,Monsieur Bonejangles,ACynicalGamer
61,5906,HON,All Rookie,DT,Defensive Tackle,Domo Arigato,Honoredmexican
61,5989,SJS,All Rookie,ILB,Linebacker,Ryan Wolf,wolfmn8989
61,5975,CTC,All Rookie,OLB,Linebacker,Squash Mitchell,Jm1tch11
61,5951,AUS,All Rookie,CB,Linebacker,Crusher Casket,wildcatbandit
61,5896,CTC,All Rookie,S,Safety,Yama End,Crog
61,5960,BFB,All Rookie,K/P,Kicker,Johnny Zyns,bigbluex02
61,5859,SAR,All Rookie,ILB,Linebacker,Pronking Chicken,FuriousChicken
61,5514,NYS,All-Pro First Team,QB,Quarterback,Trevor Simian,Daniel
61,5414,NYS,All-Pro First Team,RB,Running Back,Wilson Goatobert,Bayley
61,5576,OSK,All-Pro First Team,RB,Running Back,Kim Minjeong,lemonoppy
61,5762,YKW,All-Pro First Team,FB,Running Back,Robert Krohn,DarkTaker
61,5843,NOLA,All-Pro First Team,TE,Tight End,Jason Beaty,bechtudo
61,5493,BFB,All-Pro First Team,WR,Wide Receiver,Videl Valor,ValorX77
61,5523,AUS,All-Pro First Team,WR,Wide Receiver,Oh Haewon,Shiamus
61,5582,NYS,All-Pro First Team,WR,Wide Receiver,Dash Jackson,Dash
61,5678,OSK,All-Pro First Team,OT,Offensive Lineman,Steve's Lava Kaiju,captainsb
61,5682,AZ,All-Pro First Team,OT,Offensive Lineman,Shnitzel Radda,DivogoJota
61,5616,COL,All-Pro First Team,IOL,Offensive Lineman,Kylo When,IsaStarcrossed
61,5395,SAR,All-Pro First Team,IOL,Offensive Lineman,Jack White,Ostaf
61,5485,NOLA,All-Pro First Team,IOL,Offensive Lineman,Aaron Ford JR,Aford9910
61,5397,AZ,All-Pro First Team,DT,Defensive Tackle,Benji Raga,SabaDonutMan
61,5637,HON,All-Pro First Team,DT,Defensive Tackle,Felix Fortuna,Sizz
61,5572,SAR,All-Pro First Team,DE,Defensive End,Mobius Stripp,Michiganonymous
61,5512,OSK,All-Pro First Team,DL,Defensive Tackle,Max Payne,Nol15736
61,5516,AZ,All-Pro First Team,OLB,Linebacker,Jay Cue IV,Opera_Phantom
61,5735,AUS,All-Pro First Team,OLB,Linebacker,B.C. Snapple,Snapples
61,5537,AUS,All-Pro First Team,ILB,Linebacker,Joshua Hunchak,hillshavehats
61,5755,AZ,All-Pro First Team,CB,Cornerback,Gods Comma,Bamford13
61,5394,SAR,All-Pro First Team,CB,Cornerback,Brick Pudding,Fronk
61,5593,OSK,All-Pro First Team,S,Safety,Lars Oaktree,Oak
61,5725,HON,All-Pro First Team,S,Safety,Devon Lynch,Vumion
61,5524,OSK,All-Pro First Team,DB,Cornerback,Reno Vega,Zag
61,5751,SAR,All-Pro First Team,K,Kicker,John Borieo,johnlindbe11
61,5498,YKW,All-Pro First Team,P,Kicker,Adam Vittori,Hawkeye
61,5886,SJS,All-Pro First Team,RET,Wide Receiver,Thunder McQueen,ajj2410
61,5921,TIJ,All-Pro First Team,QB,Cornerback,Gold ship,LiathTheSquirrel
61,6124,LON,All-Pro First Team,RB,Linebacker,Bruiser Alstott,GoodhandswithAlstott
61,6055,MINN,All-Pro First Team,RB,Tight End,Jayne Cobb,gsharp
61,6130,POR,All-Pro First Team,FB,Running Back,Goon Summers,MrKrumz
61,6104,TIJ,All-Pro First Team,WR,Wide Receiver,Dante Von Wolfe,Bloodless
61,6034,NOR,All-Pro First Team,WR,Wide Receiver,Kawasaki Eagle,foshizzlemynizzle
61,5966,TIJ,All-Pro First Team,WR,Tight End,Eizo Xyan,xyan
61,6077,DAL,All-Pro First Team,TE,Tight End,Orion Flynn,Shiny Albatross
61,6133,DAL,All-Pro First Team,TE,Wide Receiver,Tight End Eighty-Two Jr,Kyamprac
61,6122,BBB,All-Pro First Team,IOL,Offensive Lineman,Lil Tommy Dollars,Tmoney6996
61,5961,MINN,All-Pro First Team,T,Offensive Lineman,Turndown Service,Blckbbyjesus
61,5968,LON,All-Pro First Team,T,Offensive Lineman,Bill Sandwich,Dosman
61,6118,BBB,All-Pro First Team,DL,Defensive Tackle,Will Vincefork,Rylakn
61,6029,DAL,All-Pro First Team,DL,Linebacker,B.D. Steiner,woelkers
61,6148,MINN,All-Pro First Team,DL,Defensive End,Mike Honcho,Frantik
61,6096,NOR,All-Pro First Team,OLB,Linebacker,Alejandro Rodriguez,JonWane12
61,6016,NOR,All-Pro First Team,OLB,Linebacker,King Von,saitoman
61,5936,DAL,All-Pro First Team,ILB,Linebacker,Thasma Dickson,Agent Chaos
61,5865,LON,All-Pro First Team,CB,Safety,Alex Duquesne,Alex_Duquesne
61,6031,DAL,All-Pro First Team,CB,Safety,Pokemon Gotothepolls,Aleris
61,5916,MINN,All-Pro First Team,S,Safety,Hester (pops) Mayes,Chris
61,6120,POR,All-Pro First Team,S,Safety,Josh Harper,JCPro
61,5940,NOR,All-Pro First Team,K,Kicker,Swimmy Neutron,Big Newff
61,6088,POR,All-Pro First Team,P,Kicker,Gumdrop Ballbuster,By-Tor
61,5898,BBB,All-Pro First Team,Ret,Wide Receiver,Candice Flyn,BelieveAy
61,5522,OSK,All-Pro Second Team,QB,Quarterback,Forcing ToOsaka,Muford
61,5448,BAL,All-Pro Second Team,RB,Running Back,GM Mellott,GuitarMaster116
61,5497,YKW,All-Pro Second Team,RB,Running Back,Hawk DeBeau,Casey
61,5568,BAL,All-Pro Second Team,FB,Running Back,Blocked On Discord,Charple
61,5920,OCO,All-Pro Second Team,TE,Tight End,Cutty Von Turbo,roquefort
61,5562,SAR,All-Pro Second Team,WR,Wide Receiver,Slater Williamson,ThreeToeSloth
61,5617,HON,All-Pro Second Team,WR,Wide Receiver,Oliver Clozeoff,Weaves
61,5681,BAL,All-Pro Second Team,WR,Wide Receiver,Alexandros Mograine,sliceruser
61,5718,NYS,All-Pro Second Team,OT,Offensive Lineman,Drake Rider,Water
61,5642,OCO,All-Pro Second Team,OT,Offensive Lineman,Tytus Gilley,Briedaqueduc
61,5679,BFB,All-Pro Second Team,IOL,Offensive Lineman,Brick Tupp,ForSucksFake
61,5758,OSK,All-Pro Second Team,IOL,Offensive Lineman,Amoeboid Changeling,ajtigger
61,5466,OCO,All-Pro Second Team,IOL,Offensive Lineman,Bear Witten,mithrandir
61,5721,NOLA,All-Pro Second Team,DT,Defensive Tackle,Turd Ferguson,Turd Ferguson
61,5409,NYS,All-Pro Second Team,DT,Defensive Tackle,Bjarni Hjalmarsson,Urq660
61,5740,AUS,All-Pro Second Team,DE,Defensive End,Trent Butterfingers,tnerT
61,5722,BFB,All-Pro Second Team,DL,Running Back,Vince Morrigan,Degradation
61,5630,HON,All-Pro Second Team,OLB,Linebacker,Steven Matthews,Ltblackgrizzly
61,5661,OSK,All-Pro Second Team,OLB,Linebacker,Daenerys Targaryen,Im2Klutch
61,5859,SAR,All-Pro Second Team,ILB,Linebacker,Pronking Chicken,FuriousChicken
61,5629,BAL,All-Pro Second Team,CB,Cornerback,Conner Beck,ColonelSaunders
61,5510,SAR,All-Pro Second Team,CB,Cornerback,Zamir Kehla III,Thor
61,5724,NYS,All-Pro Second Team,S,Safety,Theodore Espen,Bearen
61,5406,OCO,All-Pro Second Team,S,Safety,Jerald Chuprig,dannuic
61,5769,NOLA,All-Pro Second Team,DB,Cornerback,. Torchwood,thewhovian
61,5491,NOLA,All-Pro Second Team,K,Kicker,Athena Mackenzie,Raf_TML
61,5876,OSK,All-Pro Second Team,P,Kicker,Sexy Poodle,OrbitingDeath
61,5536,AUS,All-Pro Second Team,RET,Wide Receiver,Bean Beanman IV,Seymour
61,5254,BAL,championship,CB,Cornerback,No Pix,dude_man
61,5332,BAL,championship,LB,Kicker,Roy Rivers,RoyRivers
61,5338,BAL,championship,T,Offensive Lineman,Justin Fern,dead_potato_
61,5387,BAL,championship,CB,Cornerback,Hawk Too-Me,Aneeqs
61,5448,BAL,championship,RB,Running Back,GM Mellott,GuitarMaster116
61,5455,BAL,championship,LB,Linebacker,Tyron Brackenridge III,Lowlycrib
61,5480,BAL,championship,K,Kicker,Dawson Jackson,Kewl
61,5526,BAL,championship,LB,Linebacker,Charlie Kelly,Tylertokesome04
61,5539,BAL,championship,T,Offensive Lineman,Jauan Jennings,o1playz
61,5566,BAL,championship,WR,Wide Receiver,Wolfie McDummy III,infinitempg
61,5568,BAL,championship,FB,Running Back,Blocked On Discord,Charple
61,5574,BAL,championship,DT,Running Back,Dino Nuggets Jr.,swoosh
61,5581,BAL,championship,DE,Defensive End,Fuego Toro,DarthDaevin
61,5605,BAL,championship,CB,Cornerback,Alex Baudelaire,uhnp
61,5624,BAL,championship,T,Offensive Lineman,Gumbo Trashman,CR225
61,5629,BAL,championship,CB,Cornerback,Conner Beck,ColonelSaunders
61,5636,BAL,championship,LB,Linebacker,John Rex,BrettManJD
61,5681,BAL,championship,WR,Wide Receiver,Alexandros Mograine,sliceruser
61,5696,BAL,championship,T,Offensive Lineman,Canada Goose,r0tzbua
61,5757,BAL,championship,DT,Defensive Tackle,Ben Savea,Ben
61,5763,BAL,championship,QB,Quarterback,Purdy 'PP' Penix,Bazooka_Joe
61,5779,BAL,championship,WR,Wide Receiver,joeronnymo bueno,joeronnymo
61,5793,BAL,championship,FS,Safety,DJ Law II,Law
61,5813,BAL,championship,RB,Running Back,Marvin Bumgarner,BOS
61,5889,POR,DPerOTY,CB,Cornerback,Benny Sanderson,Egglton
61,5629,BAL,DPerOTY,CB,Cornerback,Conner Beck,ColonelSaunders
61,6096,NOR,DPOTY,LB,Linebacker,Alejandro Rodriguez,JonWane12
61,5516,AZ,DPOTY,LB,Linebacker,Jay Cue IV,Opera_Phantom
61,6139,LON,DROTY,LB,Linebacker,Buster Baxter,jayamshah99
61,5975,CTC,DROTY,LB,Linebacker,Squash Mitchell,Jm1tch11
61,4896,NOLA,HoF,S,Safety,Paul Edgecomb,TomHanks
61,4948,AZ,HoF,K,Kicker,Wynn Jenkins,Rydychyn
61,5100,YKW,HoF,RB,Running Back,Animal Blundetto,Jimi64
61,5751,SAR,KPOTY,K,Kicker,John Borieo,johnlindbe11
61,6104,TIJ,MVP,WR,Wide Receiver,Dante Von Wolfe,Bloodless
61,5576,OSK,MVP,RB,Running Back,Kim Minjeong,lemonoppy
61,6152,NOR,OPerOTY,RB,Running Back,Hrafn Óðinsson,Raven
61,5576,OSK,OPerOTY,RB,Running Back,Kim Minjeong,lemonoppy
61,6124,LON,OPOTY,RB,Linebacker,Bruiser Alstott,GoodhandswithAlstott
61,5514,NYS,OPOTY,QB,Quarterback,Trevor Simian,Daniel
61,6124,LON,OROTY,RB,Linebacker,Bruiser Alstott,GoodhandswithAlstott
61,5857,NOLA,OROTY,WR,Wide Receiver,Mons Morè,McLumberjack
61,5514,NYS,Pro Bowl,QB,Quarterback,Trevor Simian,Daniel
61,5773,HON,Pro Bowl,QB,Quarterback,Vlad Wolf,Brad Woof
61,5414,NYS,Pro Bowl,RB,Running Back,Wilson Goatobert,Bayley
61,5676,NOLA,Pro Bowl,RB,Running Back,Brick Grabowski,TheRake
61,5465,HON,Pro Bowl,RB,Running Back,Ban Hammer,bowl0
61,5523,AUS,Pro Bowl,WR,Wide Receiver,Oh Haewon,Shiamus
61,5582,NYS,Pro Bowl,WR,Wide Receiver,Dash Jackson,Dash
61,5857,NOLA,Pro Bowl,WR,Wide Receiver,Mons Morè,McLumberjack
61,5515,HON,Pro Bowl,WR,Wide Receiver,Griffin Stone,Griff
61,5920,OCO,Pro Bowl,TE,Tight End,Cutty Von Turbo,roquefort
61,5843,NOLA,Pro Bowl,TE,Tight End,Jason Beaty,bechtudo
61,5466,OCO,Pro Bowl,IOL,Offensive Lineman,Bear Witten,mithrandir
61,5485,NOLA,Pro Bowl,IOL,Offensive Lineman,Aaron Ford JR,Aford9910
61,5718,NYS,Pro Bowl,T,Offensive Lineman,Drake Rider,Water
61,5682,AZ,Pro Bowl,T,Offensive Lineman,Shnitzel Radda,DivogoJota
61,5545,HON,Pro Bowl,T,Offensive Lineman,Pegme Amadeus,scudmuffin19
61,5740,AUS,Pro Bowl,DE,Defensive End,Trent Butterfingers,tnerT
61,5778,NYS,Pro Bowl,DE,Defensive End,Joe Pigott,PurplePiratePoo
61,5637,HON,Pro Bowl,DT,Defensive Tackle,Felix Fortuna,Sizz
61,5397,AZ,Pro Bowl,DT,Defensive Tackle,Benji Raga,SabaDonutMan
61,5516,AZ,Pro Bowl,OLB,Linebacker,Jay Cue IV,Opera_Phantom
61,5735,AUS,Pro Bowl,OLB,Linebacker,B.C. Snapple,Snapples
61,5656,OCO,Pro Bowl,ILB,Defensive Tackle,Kilian Liam,ToastCharger
61,5989,SJS,Pro Bowl,ILB,Linebacker,Ryan Wolf,wolfmn8989
61,5755,AZ,Pro Bowl,CB,Cornerback,Gods Comma,Bamford13
61,5684,AUS,Pro Bowl,CB,Cornerback,Silas Santana,Frostbite
61,5675,HON,Pro Bowl,CB,Cornerback,Wyntir Creakis,soevil
61,5725,HON,Pro Bowl,S,Safety,Devon Lynch,Vumion
61,5623,NOLA,Pro Bowl,S,Safety,Worf Moghson,Mongoose87
61,5724,NYS,Pro Bowl,S,Safety,Theodore Espen,Bearen
61,5491,NOLA,Pro Bowl,K,Kicker,Athena Mackenzie,Raf_TML
61,5883,NYS,Pro Bowl,P,Kicker,The Labubu,kahri
61,5886,SJS,Pro Bowl,ST,Wide Receiver,Thunder McQueen,ajj2410
61,5463,OCO,Pro Bowl,ST,Wide Receiver,Ezra Torrent,Skindog44
61,5522,OSK,Pro Bowl,QB,Quarterback,Forcing ToOsaka,Muford
61,5555,COL,Pro Bowl,QB,Quarterback,Princess Leia Organa,Tesla
61,5576,OSK,Pro Bowl,RB,Running Back,Kim Minjeong,lemonoppy
61,5497,YKW,Pro Bowl,RB,Running Back,Hawk DeBeau,Casey
61,5448,BAL,Pro Bowl,RB,Running Back,GM Mellott,GuitarMaster116
61,5762,YKW,Pro Bowl,FB,Running Back,Robert Krohn,DarkTaker
61,5493,BFB,Pro Bowl,WR,Wide Receiver,Videl Valor,ValorX77
61,5562,SAR,Pro Bowl,WR,Wide Receiver,Slater Williamson,ThreeToeSloth
61,5620,OSK,Pro Bowl,WR,Wide Receiver,Calvin Calamari,Squid
61,5681,BAL,Pro Bowl,WR,Wide Receiver,Alexandros Mograine,sliceruser
61,5829,OSK,Pro Bowl,TE,Wide Receiver,Titus Tortuga,DigDoug11
61,5794,COL,Pro Bowl,TE,Offensive Lineman,Mickey Martino,Mikemart
61,5570,OSK,Pro Bowl,IOL,Offensive Lineman,Rusty Rags,ctots
61,5679,BFB,Pro Bowl,IOL,Offensive Lineman,Brick Tupp,ForSucksFake
61,5678,OSK,Pro Bowl,T,Offensive Lineman,Steve's Lava Kaiju,captainsb
61,5551,BFB,Pro Bowl,T,Offensive Lineman,Wesley Orion,CLG Rampage
61,5391,COL,Pro Bowl,T,Running Back,Baron von Froggington,iStegosauruz
61,5572,SAR,Pro Bowl,DE,Defensive End,Mobius Stripp,Michiganonymous
61,5722,BFB,Pro Bowl,DE,Running Back,Vince Morrigan,Degradation
61,5512,OSK,Pro Bowl,DT,Defensive Tackle,Max Payne,Nol15736
61,5574,BAL,Pro Bowl,DT,Running Back,Dino Nuggets Jr.,swoosh
61,5844,SAR,Pro Bowl,OLB,Cornerback,Harlan Andrews,abh89
61,5661,OSK,Pro Bowl,OLB,Linebacker,Daenerys Targaryen,Im2Klutch
61,5859,SAR,Pro Bowl,ILB,Linebacker,Pronking Chicken,FuriousChicken
61,5261,OSK,Pro Bowl,ILB,Linebacker,Sebastian Rosenthal,Symmetrik
61,5394,SAR,Pro Bowl,CB,Cornerback,Brick Pudding,Fronk
61,5629,BAL,Pro Bowl,CB,Cornerback,Conner Beck,ColonelSaunders
61,5524,OSK,Pro Bowl,CB,Cornerback,Reno Vega,Zag
61,5793,BAL,Pro Bowl,S,Safety,DJ Law II,Law
61,5667,SAR,Pro Bowl,S,Safety,Daud Ramza,Blasoon
61,5631,COL,Pro Bowl,S,Safety,Obi-Wan Picknobi,stixvim
61,5751,SAR,Pro Bowl,K,Kicker,John Borieo,johnlindbe11
61,5498,YKW,Pro Bowl,P,Kicker,Adam Vittori,Hawkeye
61,5620,OSK,Pro Bowl,ST,Wide Receiver,Calvin Calamari,Squid
61,5683,COL,Pro Bowl,ST,Wide Receiver,Corey Coleman,Allstar20890
61,6020,MIN,Pro Bowl,QB,Wide Receiver,Duquan Feldman,speculadora
61,6128,POR,Pro Bowl,QB,Quarterback,Cross Summers,lunaripcole
61,6055,MIN,Pro Bowl,RB,Tight End,Jayne Cobb,gsharp
61,6124,LON,Pro Bowl,RB,Linebacker,Bruiser Alstott,GoodhandswithAlstott
61,6092,KCC,Pro Bowl,RB,Running Back,Pretty Mofo,slumped64
61,5967,MIN,Pro Bowl,WR,Wide Receiver,Bubba Gump,PidgeyDestined
61,6132,POR,Pro Bowl,WR,Wide Receiver,Willeh Handsy,wetwilleh
61,6129,LON,Pro Bowl,WR,Running Back,Harold Carmichael,kdr
61,5924,MIN,Pro Bowl,WR,Defensive Tackle,Fletcher Claflin,Greenbaynathan
61,6044,KCC,Pro Bowl,TE,Tight End,Ugarth son of Ugarth,frithjofr
61,6159,POR,Pro Bowl,TE,Tight End,King Gonçalves,silpheed
61,5961,MIN,Pro Bowl,T,Offensive Lineman,Turndown Service,Blckbbyjesus
61,5968,LON,Pro Bowl,T,Offensive Lineman,Bill Sandwich,Dosman
61,5947,LON,Pro Bowl,T,Offensive Lineman,Richard Patterson,bjkman
61,6148,MIN,Pro Bowl,DE,Defensive End,Mike Honcho,Frantik
61,5868,MIN,Pro Bowl,DE,Defensive End,Saxon Thacubee,Immaculate
61,5996,MIN,Pro Bowl,DT,Defensive Tackle,Peter Griffin,ocho
61,6107,POR,Pro Bowl,DT,Defensive Tackle,Ardy Sexton,Cstewart
61,6139,LON,Pro Bowl,OLB,Linebacker,Buster Baxter,jayamshah99
61,6112,KCC,Pro Bowl,OLB,Linebacker,Samuel Frost,Vewdew
61,5950,POR,Pro Bowl,ILB,Defensive End,Willie Hitt,TheSparkyDee
61,6157,MIN,Pro Bowl,ILB,Linebacker,Jimmy Voorhees,Jabacon420
61,6177,MIN,Pro Bowl,CB,Cornerback,Sullivan Gauthier,BlueWater278
61,5889,POR,Pro Bowl,CB,Cornerback,Benny Sanderson,Egglton
61,6087,KCC,Pro Bowl,CB,Cornerback,Billy Dimeballz,Mr. Soup
61,6027,KCC,Pro Bowl,S,Running Back,Mr. Snoops,Ghamss
61,6106,KCC,Pro Bowl,S,Safety,Jeremiah James,dbdahmir
61,6176,KCC,Pro Bowl,S,Safety,Jay Deen,BarebackAlpaca
61,6088,POR,Pro Bowl,K,Kicker,Gumdrop Ballbuster,By-Tor
61,6088,POR,Pro Bowl,P,Kicker,Gumdrop Ballbuster,By-Tor
61,6131,KCC,Pro Bowl,ST,Wide Receiver,Jalen Odunze,Rindiee
61,6047,POR,Pro Bowl,ST,Safety,Rico Carbonara,lonestarr
61,5921,TIJ,Pro Bowl,QB,Cornerback,Gold ship,LiathTheSquirrel
61,6038,NOR,Pro Bowl,QB,Wide Receiver,Tyler Oles 4,Oles
61,6152,NOR,Pro Bowl,RB,Running Back,Hrafn Óðinsson,Raven
61,6022,BBB,Pro Bowl,RB,Running Back,Michelan Shello,LtHudz
61,6039,DAL,Pro Bowl,RB,Wide Receiver,Nightmare Polimilk,UberBJ
61,6117,TIJ,Pro Bowl,FB,Running Back,Desi Cotton,ThatMobi
61,6104,TIJ,Pro Bowl,WR,Wide Receiver,Dante Von Wolfe,Bloodless
61,6034,NOR,Pro Bowl,WR,Wide Receiver,Kawasaki Eagle,foshizzlemynizzle
61,5946,NOR,Pro Bowl,WR,Wide Receiver,Matthew Mady,Buttersqauch101
61,6057,TIJ,Pro Bowl,WR,Wide Receiver,Agent Eight,WildfireMicro
61,5966,TIJ,Pro Bowl,TE,Tight End,Eizo Xyan,xyan
61,6077,DAL,Pro Bowl,TE,Tight End,Orion Flynn,Shiny Albatross
61,6115,TIJ,Pro Bowl,T,Offensive Lineman,MayBe In-Active,Beck
61,6032,BBB,Pro Bowl,T,Offensive Lineman,Swantavius Steel,Swanty
61,6081,NOR,Pro Bowl,T,Offensive Lineman,Meat Wad,Tubbles
61,6029,DAL,Pro Bowl,DE,Linebacker,B.D. Steiner,woelkers
61,6076,BBB,Pro Bowl,DE,Linebacker,Demo L'ition,lordvita
61,6118,BBB,Pro Bowl,DT,Defensive Tackle,Will Vincefork,Rylakn
61,6080,TIJ,Pro Bowl,DT,Defensive Tackle,Discord Polls,Gadget
61,6096,NOR,Pro Bowl,OLB,Linebacker,Alejandro Rodriguez,JonWane12
61,6016,NOR,Pro Bowl,OLB,Linebacker,King Von,saitoman
61,5936,DAL,Pro Bowl,ILB,Linebacker,Thasma Dickson,Agent Chaos
61,6004,BBB,Pro Bowl,ILB,Offensive Lineman,Awesome McCool,alomo
61,6067,TIJ,Pro Bowl,CB,Linebacker,Shembo Hawthorn,stankpicklez
61,5942,BBB,Pro Bowl,CB,Cornerback,Izaak Athens,STZ
61,6091,NOR,Pro Bowl,CB,Cornerback,Elias Chantrelle,NeonMage
61,6031,DAL,Pro Bowl,S,Safety,Pokemon Gotothepolls,Aleris
61,6180,DAL,Pro Bowl,S,Safety,David Corrigan JR,Deecee98
61,5941,NOR,Pro Bowl,S,Safety,Bleebs Blunkinchuns,jacobcarson877
61,5940,NOR,Pro Bowl,K,Kicker,Swimmy Neutron,Big Newff
61,5940,NOR,Pro Bowl,P,Kicker,Swimmy Neutron,Big Newff
61,5946,NOR,Pro Bowl,ST,Wide Receiver,Matthew Mady,Buttersqauch101
61,5935,DAL,Pro Bowl,ST,Linebacker,Dee Flowers,SwankyPants31
61,5886,SJS,RetOTY,WR,Wide Receiver,Thunder McQueen,ajj2410
61,6088,POR,STOTY,K,Kicker,Gumdrop Ballbuster,By-Tor
62,5773,HON,Pro Bowl,QB,Quarterback,Vlad Wolf,Brad Woof
62,5952,AUS,Pro Bowl,QB,Quarterback,Sage Rosencopter,Lumosityfan
62,5465,HON,Pro Bowl,RB,Running Back,Ban Hammer,bowl0
62,5743,AZ,Pro Bowl,RB,Running Back,Jonathon Jameston,Joriel
62,5676,NOLA,Pro Bowl,RB,Running Back,Brick Grabowski,TheRake
62,6041,SJS,Pro Bowl,FB,Running Back,DROP TABLE PLAYERS,infern8
62,5582,NYS,Pro Bowl,WR,Wide Receiver,Dash Jackson,Dash
62,5523,AUS,Pro Bowl,WR,Wide Receiver,Oh Haewon,Shiamus
62,5515,HON,Pro Bowl,WR,Wide Receiver,Griffin Stone,Griff
62,5617,HON,Pro Bowl,WR,Wide Receiver,Oliver Clozeoff,Weaves
62,5843,NOLA,Pro Bowl,TE,Tight End,Jason Beaty,bechtudo
62,5932,AUS,Pro Bowl,TE,Wide Receiver,Left Bench,bfan8475
62,5991,NOLA,Pro Bowl,IOL,Offensive Lineman,Bigg Mannus,Wolfpaw
62,5780,NYS,Pro Bowl,IOL,Offensive Lineman,Flick Davis,Flick Davis
62,5642,HON,Pro Bowl,T,Offensive Lineman,Tytus Gilley,Briedaqueduc
62,5682,AZ,Pro Bowl,T,Offensive Lineman,Shnitzel Radda,DivogoJota
62,5718,NYS,Pro Bowl,T,Offensive Lineman,Drake Rider,Water
62,5778,NYS,Pro Bowl,DE,Defensive End,Joe Pigott,PurplePiratePoo
62,5740,AUS,Pro Bowl,DE,Defensive End,Trent Butterfingers,tnerT
62,5637,HON,Pro Bowl,DT,Defensive Tackle,Felix Fortuna,Sizz
62,5397,AZ,Pro Bowl,DT,Defensive Tackle,Benji Raga,SabaDonutMan
62,5799,SJS,Pro Bowl,OLB,Linebacker,Brock Lesnar,JakeTE10
62,5742,NOLA,Pro Bowl,OLB,Linebacker,Adam Plays,AdamEPlays
62,5811,NYS,Pro Bowl,ILB,Linebacker,Cleon Riley,Gage2
62,5860,NOLA,Pro Bowl,ILB,Linebacker,Buster Forceps,Lpapi
62,5684,AUS,Pro Bowl,CB,Cornerback,Silas Santana,Frostbite
62,5755,AZ,Pro Bowl,CB,Cornerback,Gods Comma,Bamford13
62,5406,OCO,Pro Bowl,CB,Safety,Jerald Chuprig,dannuic
62,5926,SJS,Pro Bowl,S,Safety,Darian Blackfyre,ThunderTitan82
62,5725,HON,Pro Bowl,S,Safety,Devon Lynch,Vumion
62,5411,NYS,Pro Bowl,S,Safety,Tackle Merchant™,ckroyal92
62,5883,NYS,Pro Bowl,K,Kicker,The Labubu,kahri
62,5446,HON,Pro Bowl,P,Kicker,Kicky Martin,rickymartin_irl
62,5852,SJS,Pro Bowl,ST,Wide Receiver,K. Yobagoya MacArthur,BRNXB0MBERS
62,6025,NOLA,Pro Bowl,ST,Running Back,Grant Iridian III,.Laser
62,5555,COL,Pro Bowl,QB,Quarterback,Princess Leia Organa,Tesla
62,5702,SAR,Pro Bowl,QB,Quarterback,Alejandro Alonso,jaypc8237
62,5795,SAR,Pro Bowl,RB,Running Back,Dan Smith,DApolloS
62,5574,BAL,Pro Bowl,RB,Running Back,Dino Nuggets Jr.,swoosh
62,5604,SAR,Pro Bowl,RB,Running Back,Ganymede Moon,rrf_1
62,5762,YKW,Pro Bowl,FB,Running Back,Robert Krohn,DarkTaker
62,5606,COL,Pro Bowl,WR,Wide Receiver,Rod Kimble,gucci
62,5967,CTC,Pro Bowl,WR,Wide Receiver,Bubba Gump,PidgeyDestined
62,5562,SAR,Pro Bowl,WR,Wide Receiver,Slater Williamson,ThreeToeSloth
62,5909,BFB,Pro Bowl,WR,Wide Receiver,Dale Cooper,Jetsqb101
62,5511,BFB,Pro Bowl,TE,Tight End,Ms. Frizzle,Jackienape
62,5966,YKW,Pro Bowl,TE,Tight End,Eizo Xyan,xyan
62,5698,BFB,Pro Bowl,IOL,Offensive Lineman,Marquees Acho III,Nathan
62,5679,BFB,Pro Bowl,IOL,Offensive Lineman,Brick Tupp,ForSucksFake
62,5678,OSK,Pro Bowl,T,Offensive Lineman,Steve's Lava Kaiju,captainsb
62,5696,BAL,Pro Bowl,T,Offensive Lineman,Canada Goose,r0tzbua
62,5842,CTC,Pro Bowl,T,Offensive Lineman,Big Bis,negs
62,5572,SAR,Pro Bowl,DE,Defensive End,Mobius Stripp,Michiganonymous
62,5914,YKW,Pro Bowl,DE,Defensive End,Wyatt Syksy,Dire12
62,5727,OSK,Pro Bowl,DT,Defensive Tackle,Bajin Inui,Bajin
62,5841,SAR,Pro Bowl,DT,Defensive Tackle,Richard Dixon,CheeseConeys
62,5661,OSK,Pro Bowl,OLB,Linebacker,Daenerys Targaryen,Im2Klutch
62,5496,BFB,Pro Bowl,OLB,Linebacker,Bryan Jones,itztimg
62,5819,YKW,Pro Bowl,ILB,Linebacker,Hugh Jassman,admiralballtr8s
62,5455,BAL,Pro Bowl,ILB,Linebacker,Tyron Brackenridge III,Lowlycrib
62,5400,CTC,Pro Bowl,CB,Cornerback,Dixon Yamada,Dmac1200
62,5394,SAR,Pro Bowl,CB,Cornerback,Brick Pudding,Fronk
62,5694,YKW,Pro Bowl,CB,Offensive Lineman,1234567890 Creakis,homercrates
62,5793,BAL,Pro Bowl,S,Safety,DJ Law II,Law
62,5631,COL,Pro Bowl,S,Safety,Obi-Wan Picknobi,stixvim
62,5805,CTC,Pro Bowl,S,Cornerback,Earl Grey,lordcoolcats
62,5498,YKW,Pro Bowl,K,Kicker,Adam Vittori,Hawkeye
62,5960,BFB,Pro Bowl,P,Kicker,Johnny Zyns,bigbluex02
62,5606,COL,Pro Bowl,ST,Wide Receiver,Rod Kimble,gucci
62,5566,BAL,Pro Bowl,ST,Wide Receiver,Wolfie McDummy III,infinitempg
62,6020,MIN,Pro Bowl,QB,Wide Receiver,Duquan Feldman,speculadora
62,6128,POR,Pro Bowl,QB,Quarterback,Cross Summers,lunaripcole
62,6055,MIN,Pro Bowl,RB,Tight End,Jayne Cobb,gsharp
62,6195,LON,Pro Bowl,RB,Running Back,Rand McNally,UptownCord
62,6130,POR,Pro Bowl,RB,Running Back,Goon Summers,MrKrumz
62,6132,POR,Pro Bowl,WR,Wide Receiver,Willeh Handsy,wetwilleh
62,6131,KCC,Pro Bowl,WR,Wide Receiver,Jalen Odunze,Rindiee
62,5959,MIN,Pro Bowl,WR,Wide Receiver,Greg Buse,GBuse24
62,6221,MIN,Pro Bowl,WR,Wide Receiver,Tanji Katsumi,Windzer
62,6044,KCC,Pro Bowl,TE,Tight End,Ugarth son of Ugarth,frithjofr
62,6030,MIN,Pro Bowl,T,Offensive Lineman,Colby Lopez,TheNC206
62,5947,LON,Pro Bowl,T,Offensive Lineman,Richard Patterson,bjkman
62,6208,POR,Pro Bowl,T,Offensive Lineman,Christopher Biscuits,nckkss
62,6148,MIN,Pro Bowl,DE,Defensive End,Mike Honcho,Frantik
62,5977,POR,Pro Bowl,DT,Defensive Tackle,Krokadilious Hut,krokshut
62,5954,KCC,Pro Bowl,DT,Defensive Tackle,Mr. Frog,SonOfCar
62,6050,MIN,Pro Bowl,OLB,Linebacker,Bubba Flex,nathanielbuce
62,6124,LON,Pro Bowl,OLB,Linebacker,Bruiser Alstott,GoodhandswithAlstott
62,6157,MIN,Pro Bowl,ILB,Linebacker,Jimmy Voorhees,Jabacon420
62,6178,LON,Pro Bowl,ILB,Linebacker,Big Bertha,SG_Vesuvius
62,6229,LON,Pro Bowl,CB,Cornerback,Xavier Alabart,Alquemar
62,6230,MIN,Pro Bowl,CB,Cornerback,Retiring ThisSeason,Degradation
62,6177,MIN,Pro Bowl,CB,Cornerback,Sullivan Gauthier,BlueWater278
62,6120,POR,Pro Bowl,S,Safety,Josh Harper,JCPro
62,6176,KCC,Pro Bowl,S,Safety,Jay Deen,BarebackAlpaca
62,6181,MIN,Pro Bowl,S,Safety,Anthony Johnson,Anthony8139
62,6212,MIN,Pro Bowl,K,Kicker,Ethereal Platinum,PlatinumsGalaxy
62,6150,KCC,Pro Bowl,P,Kicker,Who’s on First,McGriddy10
62,6131,KCC,Pro Bowl,ST,Wide Receiver,Jalen Odunze,Rindiee
62,6195,LON,Pro Bowl,ST,Running Back,Rand McNally,UptownCord
62,6142,DAL,Pro Bowl,QB,Quarterback,Payaton Manning,ManningTypeAim
62,6199,TIJ,Pro Bowl,QB,Quarterback,How Ma,Jaywe88
62,6103,TIJ,Pro Bowl,RB,Running Back,Treyvon Reddick,JET12TEX
62,6137,BBB,Pro Bowl,RB,Running Back,Wendy Corduroy,Ultimatedestroye
62,6039,DAL,Pro Bowl,RB,Wide Receiver,Nightmare Polimilk,UberBJ
62,6117,TIJ,Pro Bowl,WR,Running Back,Desi Cotton,ThatMobi
62,6060,BBB,Pro Bowl,WR,Wide Receiver,Joby Mattheux,MellahYellah
62,6038,NOR,Pro Bowl,WR,Wide Receiver,Tyler Oles 4,Oles
62,6034,DAL,Pro Bowl,WR,Wide Receiver,Kawasaki Eagle,foshizzlemynizzle
62,6211,TIJ,Pro Bowl,TE,Wide Receiver,Chico Churro,JKortesi81
62,6133,DAL,Pro Bowl,T,Wide Receiver,Tight End Eighty-Two Jr,Kyamprac
62,6077,DAL,Pro Bowl,T,Tight End,Orion Flynn,Shiny Albatross
62,6081,NOR,Pro Bowl,T,Offensive Lineman,Meat Wad,Tubbles
62,6109,BBB,Pro Bowl,DE,Offensive Lineman,Deacon Graves,RecoilIt
62,6191,NOR,Pro Bowl,DT,Offensive Lineman,Bjørn Tooblock,CamGoldenGun
62,6147,BBB,Pro Bowl,DT,Defensive End,Jake Whelan,YetiTaz
62,6179,NOR,Pro Bowl,OLB,Linebacker,Maziar Sardar,MazTheWall
62,6016,NOR,Pro Bowl,OLB,Linebacker,King Von,saitoman
62,5973,BBB,Pro Bowl,ILB,Tight End,Slider Glovington III,chicey
62,6215,BBB,Pro Bowl,ILB,Linebacker,Colt Louis,baz
62,6200,NOR,Pro Bowl,CB,Linebacker,Roy L'douk,Cymraeg_atodeg
62,6182,TIJ,Pro Bowl,CB,Cornerback,Tank Commander,Pifferfish
62,6213,NOR,Pro Bowl,CB,Cornerback,Barry Allen,Light
62,6180,TIJ,Pro Bowl,S,Safety,David Corrigan JR,Deecee98
62,6205,DAL,Pro Bowl,S,Safety,Father Dawkins,six_
62,5944,BBB,Pro Bowl,S,Safety,Elijah Knock,nasbase
62,6001,TIJ,Pro Bowl,K,Offensive Lineman,Kickolas Cage,TenpointBuc
62,6001,TIJ,Pro Bowl,P,Offensive Lineman,Kickolas Cage,TenpointBuc
62,6213,NOR,Pro Bowl,ST,Cornerback,Barry Allen,Light
62,6152,NOR,Pro Bowl,ST,Running Back,Hrafn Óðinsson,Raven
