season,round,pick,overall,pid,original_team,owning_team,name,position,username
1,1,1,1,632,OCO,OCO,J.J. Reigns,Wide Receiver,Shaka
1,1,2,2,200,YKW,YKW,Josh Garden,Wide Receiver,Ballerstorm
1,1,3,3,548,COL,COL,Philippe Carter,Cornerback,enigmatic
1,1,4,4,641,SJS,SJS,Alexander Selich,Linebacker,Tomen
1,1,5,5,619,BAL,BAL,Damian West,Wide Receiver,GoodLeftUndone
1,1,6,6,624,AZ,AZ,Mayran Jackson,Wide Receiver,Kendrick
1,2,7,7,201,AZ,AZ,Reg Mackworthy,Running Back,Esa77
1,2,8,8,612,BAL,BAL,Gabriel Tenzini,Tight End,princekyle
1,2,9,9,605,SJS,SJS,Bailey Cook,Wide Receiver,RainDelay
1,2,10,10,555,COL,COL,D.J. Law,Wide Receiver,Law
1,2,11,11,542,YKW,YKW,Lindarius Shelton,Linebacker,EvanR123
1,2,12,12,656,OCO,OCO,Adamle Tomlinson,Defensive End,Jbearly
1,3,13,13,564,OCO,OCO,Stanislaw Maddox,Cornerback,Nick
1,3,14,14,602,YKW,YKW,Mark Ramrio,Defensive Tackle,Anti-Hype
1,3,15,15,611,COL,COL,Vinny Cox,Defensive Tackle,Gooney
1,3,16,16,596,SJS,SJS,Ben Longshaw,Offensive Lineman,dropbear
1,3,17,17,534,BAL,BAL,Franklin Harris,Linebacker,Apache_Chief
1,3,18,18,550,AZ,AZ,Jayce Tuck,Defensive End,ErMurazor
1,4,19,19,582,AZ,AZ,Lincoln Jefferson,Safety,adam2552
1,4,20,20,655,BAL,BAL,Khalifa Al Mahrouqi,Linebacker,Bafetimbi Gomis
1,4,21,21,537,SJS,SJS,Greg Taylor,Defensive End,ztevans
1,4,22,22,658,COL,COL,Luke Tiernan,Linebacker,Ltsmashie
1,4,23,23,631,YKW,YKW,Dirk Cutter,Cornerback,CaptainCats
1,4,24,24,202,OCO,OCO,Gosh Jarden,Wide Receiver,daBenchwarmer
1,5,26,26,633,YKW,YKW,Jogn Floggity,Safety,Jogn
1,5,27,27,522,COL,COL,Alex Hayden,Cornerback,Rich
1,5,28,28,579,SJS,SJS,Vick Bowers Jr.,Running Back,Bengals1Fan
1,5,29,29,585,BAL,BAL,Scrub Kyubee,Safety,DollarAndADream
1,5,30,30,553,AZ,AZ,Alex Thomas,Offensive Lineman,Pandar
1,6,31,31,547,AZ,AZ,Ryan Flock,Safety,theFlock
1,6,32,32,616,BAL,BAL,Matthew Peterson,Cornerback,Peterson
1,6,33,33,531,SJS,SJS,Timote Shoate,Cornerback,LT21
1,6,34,34,657,COL,COL,Bender Rodriguez,Offensive Lineman,BenderRodriguez
1,6,35,35,576,YKW,YKW,Mat Akselsen,Quarterback,Bzerkap
1,6,36,36,635,OCO,OCO,Arby Krimlaw,Linebacker,WisconsinBadgers
1,7,37,37,205,OCO,OCO,Ian Bavitz,Linebacker,Molarpistols
1,7,38,38,538,YKW,YKW,Jason Spearhead,Defensive End,BasedPooter
1,7,39,39,206,COL,COL,Fuego Wozy,Defensive End,TheWoZy
1,7,40,40,543,SJS,SJS,Daniel Robicheaux,Offensive Lineman,Electraspace
1,7,41,41,659,BAL,BAL,Cooper Christmas,Wide Receiver,Ghostspeed
1,7,42,42,207,AZ,AZ,Jaylon Lee,Linebacker,youngcricket
1,8,43,43,603,AZ,AZ,Vincent Draxel,Quarterback,701
1,8,44,44,520,BAL,BAL,Jordan Weal,Offensive Lineman,samee
1,8,45,45,629,SJS,SJS,Josh Cameron,Defensive Tackle,CamBrady
1,8,46,46,559,COL,COL,Kendrick Hendrix,Wide Receiver,deadendpath27
1,8,47,47,574,YKW,YKW,Sinjin Flimjollywop,Linebacker,Dinklburger01
1,8,48,48,208,OCO,OCO,Mike Boss,Quarterback,JBLAZE_THE_BOSS
1,9,49,49,570,OCO,OCO,Omar Wright,Running Back,dave
1,9,50,50,575,YKW,YKW,Ricky Maddox,Defensive End,SimmerDownBruhh
1,9,51,51,524,COL,COL,Mike McNoodle,Safety,TheLoopster
1,9,52,52,577,SJS,SJS,Sensabaughdy Leafer,Defensive End,Leafer
1,9,53,53,567,BAL,BAL,Sunday Showcase,Safety,SundayShowcase
1,9,54,54,209,AZ,AZ,- Stormblessed,Wide Receiver,Stormblessed
1,10,55,55,617,AZ,AZ,Samuel Watson,Safety,Evolution
1,10,56,56,210,BAL,BAL,Kurt Hendrix,Defensive End,HENDRIX
1,10,57,57,568,SJS,SJS,John Canton,Cornerback,Sweetwater
1,10,58,58,211,COL,COL,Johnathon Saint,Linebacker,jparks98
1,10,59,59,627,YKW,YKW,Chris Orosz,Quarterback,Aenir
1,10,60,60,634,OCO,OCO,Leroy Jenkins,Running Back,Jiggly_333
1,11,61,61,557,OCO,OCO,Marcus Boyd,Offensive Lineman,Professorpayne69
1,11,62,62,212,YKW,YKW,Alexandre LeClair,Wide Receiver,Zoone16
1,11,63,63,529,COL,COL,Bill Weller,Tight End,Billieck
1,11,64,64,615,SJS,SJS,AC Hackett,Linebacker,Deusolis
1,11,65,65,213,BAL,BAL,Antoine Delacour,Cornerback,37thchamber
1,11,66,66,214,AZ,AZ,Arbin Asipi,Defensive Tackle,DeathOnReddit
1,12,67,67,651,AZ,AZ,Saggitariutt Jefferspin,Offensive Lineman,BasedGase
1,12,68,68,539,BAL,BAL,Devin Speed,Safety,King
1,12,69,69,650,SJS,SJS,Shane Weston,Wide Receiver,Symmetrik
1,12,70,70,521,COL,COL,Bojo Kicksit,Kicker,Bojo
1,12,71,71,563,YKW,YKW,Alex Hansen,Safety,acki
1,12,72,72,215,OCO,OCO,Bradley Westfield,Wide Receiver,Bwestfield
1,13,73,73,643,OCO,OCO,Robert Phelps,Wide Receiver,DrunkenTeddy
1,13,74,74,610,YKW,YKW,Adam Bennett,Offensive Lineman,CosmicAtom
1,13,75,75,618,COL,COL,Kieran O’Connell,Running Back,Lainncli
1,13,76,76,626,SJS,SJS,Clee Hardrool,Safety,Saliva^
1,13,77,77,216,BAL,BAL,Turk Turkleton,Kicker,Raven
1,13,78,78,593,AZ,AZ,Jack Durden,Running Back,Durden
1,14,79,79,217,AZ,AZ,Harrif Ernston,Linebacker,Valtookan
1,14,80,80,583,BAL,BAL,Bisquiteen Crocker,Defensive End,KalaVouna
1,14,81,81,645,SJS,SJS,Break Bottles,Tight End,Blake Bortles
1,14,82,82,565,COL,COL,Jimmy Darkapple,Kicker,TheAliensAreCumming
1,14,83,83,623,YKW,YKW,Reginald Hampshireton,Linebacker,Zdot
1,14,84,84,580,OCO,OCO,Brandon Walsh,Kicker,Copenhagen
1,15,85,85,600,OCO,OCO,Romeo Devitt,Defensive Tackle,Evans
1,15,86,86,530,YKW,YKW,D’Brickashaw Ferguson,Offensive Lineman,mjdharder
1,15,87,87,218,COL,COL,Vikian Marmeladov,Safety,Vikain
1,15,88,88,219,SJS,SJS,Dan Miller,Defensive Tackle,7hawk77
1,15,89,89,601,BAL,BAL,Levon Novel,Safety,andybj
1,15,90,90,630,AZ,AZ,Adrienne Nugent,Kicker,galatix
1,16,91,91,533,AZ,AZ,Dental Dam,Defensive End,Foompin
1,16,92,92,528,BAL,BAL,Stephen Harris,Kicker,WinstonKodogo
1,16,93,93,220,SJS,SJS,Kentillan Laces,Kicker,tootboots12
1,16,94,94,621,COL,COL,Everest Teagarden,Defensive End,xfactorx121
1,16,95,95,546,YKW,YKW,Rolf Larsendorf,Tight End,HazardouSpork
1,16,96,96,608,OCO,OCO,Josh Bercovici,Quarterback,Merica
1,17,97,97,519,OCO,OCO,King Arthur,Cornerback,jeter137
1,17,98,98,573,YKW,YKW,Jack Stats,Running Back,Desu
1,17,99,99,222,COL,COL,Boss Tweed,Running Back,PigSnout
1,17,100,100,535,SJS,SJS,Demetrius Wiley,Running Back,:.Elite.:
1,17,101,101,581,BAL,BAL,Stephen Harrison,Linebacker,Noppadet
1,17,102,102,561,AZ,AZ,Luke Pierce,Defensive Tackle,Ramadeus
1,18,103,103,536,AZ,AZ,Isaiah Rashad,Safety,Destroyer
1,18,104,104,646,BAL,BAL,Gilfred Harrison,Defensive Tackle,GilfredTheGreat
1,18,105,105,648,SJS,SJS,RFFO Mademe,Wide Receiver,Storm
1,18,106,106,541,COL,COL,Mark Hargrove,Tight End,Viktor1980
1,18,107,107,613,YKW,YKW,Henri Rivere,Cornerback,mosacra
1,18,108,108,527,OCO,OCO,George Wright Jr.,Defensive End,Player1
1,19,109,109,640,OCO,OCO,Cliff Hamilton,Offensive Lineman,breakingthe4THWALL
1,19,110,110,221,YKW,YKW,Wizard Stephen,Wide Receiver,WizardStephen
1,19,111,111,223,COL,COL,William Nasher,Defensive Tackle,redguy22
1,19,112,112,540,SJS,SJS,Bert Metas,Defensive Tackle,Bertiswho
1,19,113,113,544,BAL,BAL,Wren Piper,Tight End,Bingbongday
1,19,114,114,556,AZ,AZ,Joseph Tkachuk,Tight End,Theo667
1,20,115,115,607,AZ,AZ,Jason Williams,Cornerback,RayCobaine
1,20,116,116,649,BAL,BAL,"Ezekiel ""Easy"" Bishop",Cornerback,WiSeIVIaN
1,20,117,117,636,SJS,SJS,Tim Tebow,Offensive Lineman,.wahala.
1,20,118,118,554,COL,COL,Granit Lewis,Wide Receiver,OwenJH
1,20,119,119,609,YKW,YKW,Logan Ryder,Quarterback,papap0st
1,20,120,120,525,OCO,OCO,Lightskin Thor,Defensive End,DefensiveJesus
1,21,121,121,599,OCO,OCO,Dominic Verns,Safety,Roshambo
1,21,122,122,614,YKW,YKW,Archibald Booter,,PoloPro
1,21,123,123,594,COL,COL,Jonathan Shaloiko,Wide Receiver,J.shaloiko
1,21,124,124,590,SJS,SJS,Zed Richter,Safety,Plastic Bowl
1,21,125,125,224,BAL,BAL,Alistair Amir,Defensive End,ChicagoKid4Life
1,21,126,126,586,AZ,AZ,Michael Newman,Running Back,mnewman19
1,22,127,127,639,AZ,AZ,Fernando Bessel,Running Back,WillW
1,22,128,128,569,BAL,BAL,Matt Smith,Safety,MattSmith518
1,22,129,129,523,SJS,SJS,Eric Hansen,Cornerback,ESH
1,22,130,130,560,COL,COL,Rickey Mills,Linebacker,Bronson
1,22,131,131,545,YKW,YKW,Pablo Sanchez,Safety,baltimoreravens
1,22,132,132,591,OCO,OCO,Glennie Retro,Linebacker,Glennie_p
1,23,133,133,572,OCO,OCO,Josh Davidson,Tight End,zerxiez
1,23,134,134,598,YKW,YKW,Trent Bender,Defensive Tackle,GengarGoat
1,23,135,135,588,COL,COL,Atahualpa Romero,Running Back,Atahualpa
1,23,137,136,637,BAL,SJS,Emerald Wednesday,Tight End,RealShimSlady
1,23,138,137,642,AZ,BAL,Wes Washington,Wide Receiver,scmsf49
2,1,1,1,227,LVL,YKW,Dermot Lavelle,Cornerback,White Cornerback
2,1,2,2,687,SJS,COL,Blaster Blade,Defensive End,Blaster
2,1,3,3,228,PHI,AZ,Tim Pest,Offensive Lineman,Admin
2,1,4,4,726,COL,SJS,Vincent Sharpei,Linebacker,Muford
2,1,5,5,670,YKW,YKW,Bork Björnsson,Defensive End,bovovovo
2,1,6,6,702,OCO,OCO,Greg Clegane,Defensive Tackle,automatic
2,1,7,7,704,BAL,PHI,Fox North,Wide Receiver,Silver Fox
2,1,8,8,684,AZ,PHI,Micah Hendrix,Linebacker,HalfEatenOnionBagel
2,2,9,9,667,AZ,BAL,Darnell Turner,Cornerback,Darnellthebeast
2,2,10,10,229,BAL,BAL,Brokk Lee,Offensive Lineman,BrokkLee
2,2,11,11,695,OCO,SJS,Jordan Yates,Running Back,jordan327
2,2,12,12,672,YKW,PHI,Tyler Oles,Quarterback,Oles
2,2,13,13,710,COL,YKW,Kevin Cushing,Cornerback,kckolbe
2,2,14,14,678,PHI,OCO,Ardie Savea,Tight End,Ben
2,2,15,15,664,SJS,COL,Roman Thomas,Safety,TheDangaZone
2,2,16,16,671,LVL,AZ,Dustin Evans,Wide Receiver,AsylumParty
2,3,17,17,666,LVL,PHI,Drew Davidson,Defensive End,sabills
2,3,18,18,230,SJS,BAL,Owen Taylor,Running Back,manicmav36
2,3,19,19,688,PHI,SJS,Enchilada Charlton,Defensive End,mpclardy
2,3,20,20,231,COL,BAL,Jorge Masvidal,Safety,GSD
2,3,21,21,717,YKW,PHI,Perry Tucker,Linebacker,Perry87
2,3,22,22,743,OCO,OCO,Ragnar Kronen,Safety,Kronen
2,3,23,23,232,BAL,PHI,Paul DiMirio,Tight End,124715
2,3,24,24,685,AZ,AZ,Scott Timlin,Offensive Lineman,scottyt
2,4,25,25,701,AZ,YKW,Marcus Kane,Safety,Dangles13
2,4,26,26,693,BAL,BAL,Alonzo Charles,Offensive Lineman,Big Baller Brand
2,4,27,27,708,OCO,BAL,Dieter Koch,Running Back,Sleepy
2,4,28,28,233,YKW,BAL,Avon Blocksdale,Cornerback,iamslm22
2,4,29,29,700,COL,YKW,Tyron Smith,Offensive Lineman,TyronSmith
2,4,30,30,234,PHI,OCO,Marc Spector,Cornerback,RedCydranth
2,4,31,31,692,SJS,PHI,Kristoffer O’Sullivan,Cornerback,Kristy95
2,4,32,32,669,LVL,AZ,C.A Chess,Wide Receiver,4D Chess
2,5,33,33,681,LVL,PHI,Ottokar Von Gerhardt,Defensive End,fish
2,5,34,34,689,SJS,PHI,Luke Washington,Linebacker,Den_Tex_Mix2
2,5,35,35,720,PHI,AZ,Allen Davis,Safety,XxpurplepurpsxX
2,5,36,36,733,COL,BAL,Darlane Farlane,Running Back,Gwdaja
2,5,37,37,698,YKW,SJS,Xavier Newman,Cornerback,CubsFan19
2,5,38,38,662,OCO,OCO,Ben Green,Defensive Tackle,Bgreene21
2,5,39,39,235,BAL,COL,Big Bot,Defensive End,loco
2,5,40,40,236,AZ,AZ,Luke Luechly,Linebacker,Admin
2,6,41,41,721,AZ,LVL,Kyle Cobb,Running Back,Kcobb9
2,6,42,42,682,BAL,PHI,Matt James,Offensive Lineman,MattJames
2,6,43,43,705,OCO,SJS,Chidubem Okonkwo,Defensive End,okonkwoco
2,6,44,44,730,YKW,PHI,Brett Dodggy,Offensive Lineman,JasonMars
2,6,45,45,707,COL,BAL,James Wright,Linebacker,PlotzkeA
2,6,46,46,740,PHI,OCO,Isaiah McGinn,Safety,Jepox
2,6,47,47,665,SJS,COL,Jon Ross,Wide Receiver,JR95
2,6,48,48,237,LVL,AZ,Christiano Ronaldo,Kicker,Admin
2,7,49,49,725,LVL,PHI,Shawn Brady,Quarterback,TheLastOlympian07
2,7,50,50,742,SJS,SJS,Christian Adams,Quarterback,TheRealBK
2,7,51,51,738,PHI,PHI,Damien Kroetch,Running Back,Damienj10
2,7,52,52,736,COL,BAL,Matthew Vincent,Wide Receiver,sapp2013
2,7,53,53,238,YKW,YKW,Darren Smallwood,Wide Receiver,tlk742
2,7,54,54,699,OCO,OCO,Joey Langdon,Kicker,Joester09
2,7,55,55,734,BAL,COL,Rich Gucci,Tight End,MixAndMatch
2,7,56,56,728,AZ,LVL,Johnny Rocket,Wide Receiver,:.Elite.:
2,8,57,57,680,AZ,SJS,Denzel Diaz,Running Back,ElMachoNacho
2,8,58,58,675,BAL,BAL,Carmel Gibson,Tight End,SexualEarwax
2,8,59,59,744,OCO,SJS,Noah Parker,Linebacker,njparker
2,8,60,60,706,YKW,BAL,John Baker,Wide Receiver,Bakepiece
2,8,61,61,694,COL,YKW,Luke Chunk,Linebacker,Chunk
2,8,62,62,691,PHI,OCO,Shjom Finkenlarkin,Offensive Lineman,Big Country
2,8,63,63,668,SJS,COL,Gadget Tech,Offensive Lineman,Tech
2,8,64,64,712,LVL,AZ,Connor MacManus,Offensive Lineman,veritas
2,9,65,65,713,LVL,PHI,Donovan Maric,Linebacker,CommunistSweden
2,9,66,66,683,SJS,LVL,Wayne Gooney,Kicker,Bafetimbi Gomis
2,9,67,67,735,PHI,SJS,Braden Sharp,Offensive Lineman,adamantium
2,9,68,68,239,COL,BAL,Pat Pancake,Offensive Lineman,Admin
2,9,69,69,660,YKW,YKW,Jazzy J,Offensive Lineman,JasieJ
2,9,71,70,677,OCO,COL,Steve Austin,Linebacker,CampinKiller
2,9,72,71,739,BAL,AZ,Busters Brownce,Offensive Lineman,RandomDays
2,9,73,72,718,AZ,LVL,Leon Morgan,Cornerback,Esarhaddon
2,10,74,73,673,AZ,PHI,Bradley T Madlad,Kicker,BradtheMadLad
2,10,75,74,716,BAL,SJS,Manny Paz,Linebacker,protooman
2,10,76,75,732,OCO,BAL,James Lillico,Safety,Lillico24
2,10,77,76,674,YKW,YKW,Domantas Sabonis,Running Back,Etolduso
2,10,79,77,731,COL,COL,Bernard Forthward,Offensive Lineman,ImCokeZero
2,10,80,78,714,PHI,AZ,Hingle Mcringleberry,Linebacker,Colombiano
2,10,81,79,711,SJS,PHI,Hunter Mason,Wide Receiver,hmason91
2,10,82,80,715,LVL,LVL,Ryan Lecavalier,Safety,Ephemeris
2,11,83,81,686,LVL,SJS,John Goose,Running Back,DRUNKmeerkat
2,11,84,82,696,SJS,BAL,Jesse Sanderson,Tight End,Jharter94
2,11,85,83,709,PHI,YKW,Rafael Reyes,Cornerback,Julio
2,11,87,84,703,COL,COL,Torque Lewith,Safety,Hypodynamic
2,11,88,85,719,YKW,AZ,Gui Worthy,Offensive Lineman,Guy worthy
2,11,89,86,737,OCO,LVL,Typical Newenglander,Defensive Tackle,Red_Staar
2,11,91,87,724,BAL,SJS,Mac Donald,Defensive End,Honolulublue
2,11,92,88,722,AZ,BAL,Frederick Smith,Defensive Tackle,The Wall
2,12,93,89,729,AZ,YKW,Eric Kennedy,Wide Receiver,SwagSloth
2,12,95,90,679,BAL,COL,Santana Moss,Wide Receiver,Tyfeld93
2,12,96,91,723,OCO,AZ,Teez Tobin,Running Back,Geh
2,12,101,92,663,YKW,YKW,Jason Jerek,Kicker,Baby_Reggie
2,12,104,93,240,COL,AZ,Jack Vanderjagt,Kicker,Jack
3,1,1,1,797,LVL,COL,Antonio Sandoval,Defensive End,TheMemeMaestro
3,1,2,2,771,SJS,AZ,Godfrey King,Defensive Tackle,Shadowz
3,1,3,3,789,PHI,YKW,Brice Boggs,Cornerback,Daybe
3,1,4,4,241,COL,SJS,Benson Bayley,Cornerback,Bayley
3,1,5,5,759,YKW,SJS,Iyah Blewitt,Kicker,Rabidsponge21
3,1,6,6,242,OCO,OCO,Julian O'Sullivan,Linebacker,JuOSu
3,1,7,7,806,BAL,BAL,Ricardo Sandoval,Defensive Tackle,cosbornballboy
3,1,8,8,769,AZ,AZ,Franklin Harris Jr.,Tight End,Apache_Chief
3,2,9,9,243,AZ,YKW,Francois Lamoreux,Offensive Lineman,Archon
3,2,10,10,750,BAL,BAL,Trey Willie,Wide Receiver,ItsJustBarry
3,2,11,11,778,OCO,PHI,Clifford Rove,Cornerback,Yurt6
3,2,12,12,756,YKW,AZ,Vash Erikson,Safety,Zeegee
3,2,13,13,749,COL,YKW,Eidur Gustavsson,Defensive End,Kris
3,2,14,14,754,PHI,OCO,Erlich Burnsman,Running Back,BoltyMcSpeedy
3,2,15,15,776,SJS,AZ,Charlie Law,Wide Receiver,AdamS
3,2,16,16,765,LVL,AZ,Archetype Schmarchetype,Offensive Lineman,Schmarchee
3,3,17,17,794,LVL,PHI,Cesar Millan,Running Back,Meowls
3,3,18,18,775,SJS,LVL,Wallace Stone,Linebacker,Evok
3,3,19,19,793,PHI,YKW,William Ridley,Linebacker,MacTonight
3,3,20,20,791,COL,COL,Rico Rodriquez,Offensive Lineman,Elhomi
3,3,21,21,767,YKW,SJS,Calkewlated Chambers III,Defensive Tackle,Lendoris
3,3,22,22,779,OCO,OCO,Jimmy Cox,Defensive End,Waters
3,3,23,23,755,BAL,AZ,Samuel Zhang,Cornerback,kcheng686
3,3,24,24,768,AZ,YKW,James Warner,Linebacker,MixAndMatch
3,4,25,25,803,AZ,OCO,J.D. Boom,Defensive End,BOOM™
3,4,26,26,764,BAL,AZ,Mark Strike,Quarterback,OwlStrike13
3,4,27,27,751,OCO,YKW,Ryan Fitzfatrick,Defensive Tackle,runrunpasspunt
3,4,28,28,807,YKW,COL,Jaquan Young,Wide Receiver,jpd
3,4,29,29,785,COL,PHI,Sammy Walters,Offensive Lineman,PointGod
3,4,30,30,766,PHI,YKW,Joseph Askins,Defensive Tackle,jaskins811
3,4,31,31,796,SJS,BAL,Vincent Valentine,Safety,Unicorn
3,4,32,32,772,LVL,BAL,Juan Andres,Defensive End,luchalibre
3,5,33,33,795,LVL,PHI,Eli Kamaka,Defensive Tackle,PDXBaller
3,5,34,34,747,SJS,SJS,Arjen de Ligt,Defensive End,Ducks
3,5,35,35,780,PHI,OCO,Jonathan King,Cornerback,ralams123
3,5,36,36,752,COL,COL,Jughead Jones,Offensive Lineman,GilfredTheGreat
3,5,37,37,777,YKW,YKW,Kiko Bakari,Cornerback,luckymumbo
3,5,38,38,798,OCO,OCO,Al Sims,Kicker,Askin
3,5,39,39,801,BAL,BAL,Mitch Maslin,Safety,ElMazgic
3,5,40,40,244,AZ,AZ,Jaxon Tuck,Running Back,Admin
3,6,41,41,774,AZ,LVL,Connor Tanner,Tight End,Keyg_an
3,6,42,42,763,BAL,LVL,Tyler Grant,Cornerback,gth66897
3,6,43,43,770,OCO,PHI,Budda Browning,Wide Receiver,Rindiee
3,6,44,44,800,YKW,COL,Shi’terrick Marks,Defensive Tackle,Armagetiton
3,6,45,45,802,COL,YKW,Nicholas Pierno,Defensive Tackle,ralz9
3,6,46,46,748,PHI,OCO,Nate Atasuke,Wide Receiver,Yurio
3,6,47,47,792,SJS,BAL,Brian Wheat,Wide Receiver,Wheaties
3,6,48,48,799,LVL,AZ,Tony Flygare,Quarterback,Swegkingu
3,7,49,49,787,LVL,LVL,Crith Coalrange,Offensive Lineman,Howley
3,7,50,50,761,SJS,SJS,Matt Edilio,Linebacker,nijomemo
3,7,51,51,784,PHI,PHI,Joseph Lombardi,Kicker,bluesfan55
3,7,52,52,758,COL,COL,Sebastian Joyce,Running Back,Jepox
3,7,53,53,810,YKW,YKW,Dion Jacobs,Linebacker,Yung CJ
3,7,54,54,745,OCO,OCO,Rick Sanchez,Linebacker,picklerick#33;#33;
3,7,55,55,782,BAL,BAL,Aaron Rasheed,Quarterback,MinusXP
3,7,56,56,783,AZ,AZ,Artist Boogie,Cornerback,A Boogie Wit Da Hoodie
3,8,57,57,760,AZ,SJS,Ben Hartsock,Tight End,BucksDude1
3,8,58,58,805,BAL,SJS,Sal Ifedemi,Defensive End,BypassedSal
3,8,59,59,746,OCO,PHI,Gavin Graham,Safety,Creyes971
3,8,60,60,788,YKW,BAL,Jordan Danvers,Offensive Lineman,NITROONE
3,8,61,61,753,COL,YKW,Eddy Kim,Safety,flight
3,8,62,62,786,PHI,OCO,Stephon Simpson,Kicker,Ganjaroller
3,8,63,63,808,SJS,BAL,James Baker,Quarterback,JamesBaker
3,8,64,64,762,LVL,AZ,Jovan Grujicic,Running Back,Jakob
3,9,65,65,790,LVL,LVL,Ash Saginaw,Defensive Tackle,Cocoa
3,9,66,66,757,SJS,SJS,Victor DeMar,Wide Receiver,Skatestorm
4,1,1,1,820,LVL,AZ,Noah Goodson,Linebacker,toivo
4,1,2,2,816,COL,LVL,Blackford Oakes,Safety,Beaver
4,1,3,3,823,SJS,COL,Haruki Ishigawa,Defensive End,ExemplaryChad
4,1,4,4,826,YKW,LVL,Steven O’Sullivan,Tight End,StevenOSullivan
4,1,5,5,814,OCO,OCO,William Sean,Wide Receiver,EastBeast
4,1,6,6,245,PHI,LVL,Trey Lonzac,Cornerback,Nonsense
4,1,7,7,825,BAL,LVL,Andreas Waiters,Defensive End,Chukka
4,1,8,8,811,AZ,LVL,Shawn Ariel,Running Back,Luminous
4,2,10,9,824,COL,COL,Tommy Brown,Wide Receiver,tbrown0307
4,2,11,10,819,SJS,SJS,JR Vance,Tight End,YoloSwaggins
4,2,12,11,821,YKW,LVL,Den Bavis,Linebacker,BaveDenvis
4,2,13,12,817,OCO,OCO,Zach Muntez,Running Back,liam2105
4,2,14,13,813,PHI,PHI,Rakim Uchiha,Wide Receiver,laflamestr8up
4,2,16,14,822,AZ,YKW,Mitchell Stars,Quarterback,Peterson
4,3,17,15,815,LVL,SJS,Callum Grey,Quarterback,greygoosevodka
4,3,18,16,818,COL,LVL,Brent Lane,Kicker,Brent
5,1,1,1,860,COL,COL,Carlito Crush,Wide Receiver,JKortesi81
5,1,2,2,828,LVL,COL,Andre Bly Jr.,Cornerback,sapp2013
5,1,3,3,842,BAL,BAL,John Wachter,Wide Receiver,JohnWachter
5,1,4,4,845,SJS,YKW,Cameron Taylor,Safety,CDub2
5,1,5,5,856,PHI,AZ,Dean Jackson,Kicker,run_CMC
5,1,6,6,864,AZ,BAL,Gregory Fletcher,Cornerback,The_Hero
5,1,7,7,865,YKW,OCO,Ryan Sierra,Defensive Tackle,Battleborn
5,1,8,8,827,OCO,OCO,Tegan Atwell,Wide Receiver,Jiggly_333
5,2,9,9,863,COL,COL,Michael Tillman,Safety,mmfootball
5,2,10,10,841,LVL,LVL,Terrell Brister,Cornerback,tbone415
5,2,11,11,847,BAL,LVL,Fresh Booter,Wide Receiver,PoloPro
5,2,12,12,858,SJS,AZ,Darren Morris,Safety,Roly
5,2,13,13,861,PHI,YKW,Egor Medved,Defensive Tackle,Walder Frey
5,2,14,14,854,AZ,LVL,Conall O’Sullivan,Running Back,Kristy95
5,2,15,15,246,YKW,AZ,Jacob Lattimore,Safety,Teriyaki God
5,2,16,16,859,OCO,AZ,Bastion Barnhardt,Defensive End,pulsedk
5,3,17,17,846,COL,COL,Isaac Brown,Defensive End,datboi
5,3,18,18,851,LVL,LVL,Kenny Omega,Wide Receiver,CFJ
5,3,19,19,857,BAL,BAL,Brandon Carter,Tight End,Dahorner
5,3,20,20,831,SJS,AZ,Ben Urlacher,Linebacker,Trey331x
5,3,21,21,839,PHI,LVL,Peg Leg,Kicker,hockeyis66
5,3,22,22,862,AZ,PHI,Sydney Spinelli,Running Back,Squeeze
5,3,23,23,834,YKW,PHI,Luis Elmarez,Linebacker,cwillis
5,3,24,24,866,OCO,AZ,Eric Forman,Cornerback,mking22
5,4,25,25,829,COL,COL,Luke Kraken,Linebacker,Bgreene21
5,4,26,26,848,LVL,AZ,Ray Riemann,Offensive Lineman,ray35
5,4,27,27,835,BAL,LVL,Jett Winter,Offensive Lineman,Official DT
5,4,28,28,832,SJS,LVL,Victor Ball,Wide Receiver,jcfbey01
5,4,29,29,836,PHI,PHI,Wolverine Justice,Quarterback,RavensFanFromOntario
5,5,33,30,833,COL,COL,Thomas Mango,Running Back,x 23 o
5,5,36,31,853,SJS,COL,LaMarcus Mills,Cornerback,ajyoungmark
5,5,38,32,852,AZ,SJS,Nathan Clearwater,Safety,Corco
5,5,39,33,838,YKW,COL,John Mueller,Kicker,Hamesthegreat
6,1,1,1,888,NOLA,NOLA,Brian Mills,Linebacker,PaytonM34
6,1,2,2,886,SJS,SJS,Cordell Joshua,Defensive End,Drizzy
6,1,3,3,893,COL,COL,Dwayne Aaron,Wide Receiver,Supersquare04
6,1,4,4,877,PHI,PHI,Norman Bagwell,Defensive End,bagwell
6,1,5,5,247,AZ,NOLA,Jaylon Broxton,Safety,speculadora
6,1,6,6,898,BAL,BAL,Austin Roenick,Linebacker,Leafer
6,1,7,7,879,YKW,YKW,Borro Gore,Running Back,Goretron
6,1,8,8,881,OCO,OCO,Elvin Enchant,Linebacker,ElvinEnchant
6,2,9,9,882,NOLA,YKW,Glenn McPoyal,Tight End,Alfredo_Pasta
6,2,10,10,885,SJS,COL,Bobby Ruckus,Safety,ghostfacethrilla
6,2,11,11,883,COL,AZ,Arbin Asipi JR,Defensive End,DeathOnReddit
6,2,12,12,891,PHI,OCO,Bogdan Wojcik,Defensive Tackle,Squamish
6,2,13,13,894,AZ,AZ,Jack Dwyer,Linebacker,Neckbishop
6,2,14,14,880,BAL,YKW,Robby Rainey,Linebacker,AzhekAhriman
6,2,15,15,868,YKW,NOLA,Borkus Maximus III,Quarterback,bovovovo
6,2,16,16,899,OCO,PHI,Blessed Storm,Wide Receiver,RavensFanFromOntario
6,3,17,17,887,NOLA,AZ,Rob Anderson,Linebacker,Robigo_
6,3,18,18,895,SJS,COL,Micycle McCormick,Quarterback,infinitempg
6,3,19,19,889,COL,YKW,- Forfeit,Kicker,KimJungBigDong
6,3,20,20,873,PHI,YKW,Willy Nyquist -,Running Back,Sleepy
6,3,21,21,878,AZ,COL,Storm Woods,Cornerback,Sopath
6,3,22,22,892,BAL,BAL,Mike Vick,Quarterback,MVick
6,3,23,23,896,YKW,YKW,Gustav Rodriguez,Defensive Tackle,samee
6,3,24,24,248,OCO,NOLA,Antonio Legion,Wide Receiver,Keyg_an
6,4,25,25,884,NOLA,NOLA,Egan Winter,Cornerback,Egan Winter
6,4,26,26,249,SJS,COL,Grey Slax,Wide Receiver,Jonstradamus
6,4,27,27,872,COL,AZ,Vernon Collins,,LDarke
6,4,28,28,869,PHI,NOLA,Jerry Ricecake,Wide Receiver,M4TTSA
6,4,29,29,250,AZ,NOLA,Lil Bot,Running Back,loco
6,4,30,30,900,BAL,BAL,Carter Bush,Wide Receiver,adam2552
6,5,35,31,876,COL,SJS,Tor Tuck,,Ace
6,5,36,32,874,PHI,PHI,Max Dalton,,Gator
6,5,39,33,251,YKW,YKW,Deez Nutts,Defensive Tackle,AFierceSpoon
7,1,1,1,932,COL,COL,Howard Miller,Wide Receiver,dropbear
7,1,2,2,931,NOLA,BAL,Verso L’Alto,Tight End,nunccoepi
7,1,3,3,927,BAL,OCO,Vladimir Fyodorovich,Wide Receiver,majesiu
7,1,4,4,926,AZ,COL,Mark Grau,Running Back,keanex
7,1,5,5,902,YKW,COL,Ryan LeFevre,Linebacker,feve10
7,1,6,6,924,SJS,COL,Desta Danger,Cornerback,DestaDanger
7,1,7,7,928,PHI,COL,Ryan Applehort,Cornerback,Daybe
7,1,8,8,923,OCO,OCO,Mason Brown,Safety,Toasty
7,2,9,9,908,COL,PHI,Mike Miles,Cornerback,AwkwardCowboy
7,2,10,10,909,NOLA,YKW,Footballer Catcherman,Wide Receiver,cpetrella
7,2,11,11,914,BAL,OCO,Cole McCoy,Quarterback,TrueTexican
7,2,12,12,904,AZ,NOLA,Stone Hans,Wide Receiver,Official DT
7,2,13,13,910,YKW,COL,Alvin Chipmunk,Tight End,andybj
7,2,14,14,925,SJS,SJS,Thomas Kane III,Linebacker,greygoosevodka
7,2,15,15,919,PHI,YKW,Zach Skinner,Defensive End,Titan127
7,2,16,16,929,OCO,OCO,Danny Vranos,Cornerback,Dannyxv17
7,3,17,17,252,COL,COL,Bubba Beau-Boucher,Safety,Angels_Otani
7,3,18,18,920,NOLA,NOLA,Joel Shroeder,Cornerback,Shrodawg
7,3,19,19,903,BAL,AZ,Dustin DeMarco,Wide Receiver,Ramrod18
7,3,20,20,905,AZ,AZ,Niraj Garrett,Linebacker,Burd
7,3,21,21,906,YKW,COL,DeAndre Green,Wide Receiver,GridironGang
7,3,22,22,911,SJS,NOLA,Ugandan Knuckles,Defensive End,bennyboy_456
7,3,23,23,907,PHI,PHI,Sam Penner,Quarterback,Pens
7,3,24,24,913,OCO,PHI,Nash Teller,Wide Receiver,Nash
7,4,25,25,915,COL,NOLA,Jake Gore,Wide Receiver,Super50
7,4,27,26,930,BAL,BAL,Lucas Hendricks,Wide Receiver,Tlindstrom15
8,1,1,1,940,COL,COL,Rickey Ramero,Defensive End,Ramero
8,1,2,2,947,NOLA,NOLA,William H. Harrison,Safety,Mongoose87
8,1,3,3,944,SJS,SJS,Brad Pennington,Wide Receiver,Dawegg
8,1,4,4,948,BAL,BAL,Childish Gambino,Quarterback,Renrut
8,1,5,5,955,YKW,YKW,Chad Pennington,Linebacker,caltroit_red_flames
8,1,6,6,943,SJS,SJS,Ben Horne,Linebacker,iseedoug
8,1,7,7,939,OCO,NOLA,Omar Wrong,Defensive Tackle,dave
8,1,8,8,936,PHI,PHI,Brock Weathers III,Defensive End,BWIII
8,2,9,9,937,COL,AZ,Viggo Squanch,Wide Receiver,Durden
8,2,10,10,951,NOLA,YKW,Thad Pennington,Safety,Blastmeaway
8,2,11,11,949,SJS,YKW,Ramadan Steve,Defensive Tackle,Kmarko
8,2,12,12,942,BAL,AZ,Balthazar Crindy,Tight End,dub
8,2,13,13,946,YKW,PHI,Beat Meoff,,Loganjj21
8,2,14,14,945,SJS,YKW,James Brown,Defensive Tackle,Scootalicious
8,2,15,15,934,OCO,NOLA,Vance Sachs,Defensive End,Penguin
8,2,16,16,933,PHI,SJS,D.J. Riddick,Running Back,OptiimusPR1ME
8,3,17,17,941,COL,COL,Nick Sharper,Safety,JaPetFlo
8,3,19,18,954,SJS,SJS,Mark David,Defensive Tackle,Mark D
8,3,20,19,935,BAL,AZ,Fonz Nuno,Defensive End,Fonz nuno
8,3,21,20,957,YKW,AZ,Hammer Jack,Cornerback,TRAININDAY
8,3,22,21,956,SJS,SJS,Justin Davis,Kicker,aceaviator
8,3,23,22,950,OCO,OCO,Maxwell Macbeth,Tight End,LattimoreIsland
8,3,24,23,938,PHI,BAL,Seth Wallace,Running Back,ISiegel
8,4,25,24,953,COL,COL,Harry Balzac,Safety,Blazer
8,4,29,25,253,YKW,AZ,Alexander Overholt,Quarterback,DELIRIVM
8,4,31,26,952,OCO,OCO,Klaus DerFisch,Kicker,CompleteBelter
9,1,1,1,966,SJS,SJS,Xavier Flash,Wide Receiver,Leafs4ever
9,1,2,2,969,AZ,AZ,Bucky Barnes,Safety,Moosecop
9,1,3,3,987,COL,PHI,Marquise Brown,Running Back,YoungTB
9,1,4,4,973,PHI,SJS,Kolby Deringer,Linebacker,GoonerBear
9,1,5,5,960,BAL,BAL,Declan Harp,Tight End,OBESE
9,1,6,6,978,OCO,COL,Oskar Ludvig,Cornerback,RealWackolyte
9,1,7,7,974,NOLA,COL,Alexandre Thibault,Safety,Jepox
9,1,8,8,979,YKW,OCO,Ricky Adams,Running Back,TheDangaZone
9,2,9,9,962,SJS,SJS,Elijah Lagerfield,Running Back,JSS
9,2,10,10,982,AZ,AZ,Kevin Fitzpatrick,Quarterback,kckolbe
9,2,11,11,970,COL,SJS,Zapp Brannigan,Tight End,pazuzu
9,2,12,12,983,PHI,BAL,Vinny Valentine,Wide Receiver,Unicorn
9,2,13,13,976,BAL,PHI,Jesse Marchand,Linebacker,fusion247
9,2,14,14,965,OCO,OCO,Gus T.T. Showbiz,Cornerback,Molarpistols
9,2,15,15,975,NOLA,SJS,Barnaby Earl,Linebacker,twiggin56
9,2,16,16,988,YKW,AZ,LaMarcus Strike,Running Back,OwlStrike13
9,3,17,17,985,SJS,SJS,Kyle Corbett,Kicker,kylecorbett42
9,3,18,18,968,AZ,YKW,Andreas Metaxas,Quarterback,daBenchwarmer
9,3,19,19,984,COL,OCO,Young Spaghetti,Defensive End,Vulgar
9,3,20,20,972,PHI,PHI,Tyler Griffin,Linebacker,Youchmeister71
9,3,21,21,963,BAL,SJS,Daquan Richardson,Cornerback,Dmann49
9,3,22,22,961,OCO,PHI,Robert Jordan,Linebacker,jlyman
9,3,23,23,977,NOLA,SJS,Alsan Arshad,Wide Receiver,CptSquall
9,3,24,24,958,YKW,PHI,Jai Turner,Wide Receiver,IsaacJWeitkuhn
9,4,26,25,967,AZ,AZ,Emilio Ramero,Kicker,sicksnipes
9,4,28,26,990,PHI,NOLA,ShaDarrien LaMelllana,Wide Receiver,cosbornballboy
9,4,29,27,971,BAL,PHI,Blake Marchand,Wide Receiver,RYLAND
9,4,30,28,989,OCO,OCO,Ricardo Jones,Wide Receiver,ruvimk98
9,4,31,29,981,NOLA,YKW,Deion Jackson,Wide Receiver,Sorceryy
9,4,32,30,986,YKW,YKW,Fin Jameson,Linebacker,MegaSharkAttack411
9,5,34,31,959,AZ,AZ,John Springfield,Safety,BPP96
9,5,36,32,980,PHI,PHI,Deangelo Warren,Wide Receiver,cdog0803
10,1,1,1,995,SJS,SJS,D’Pez Poopsie,Defensive End,Muford
10,1,2,2,1014,AZ,SJS,Kazimir Oles,Wide Receiver,Oles
10,1,3,3,1019,PHI,PHI,Lucari Felix,Cornerback,Official DT
10,1,4,4,1023,YKW,SJS,Joliet L. Christ,Quarterback,AW13
10,1,5,5,1003,COL,PHI,Adriana Falconi,Quarterback,enigmatic
10,1,6,6,1017,OCO,OCO,Danny Grithead,Safety,Trautner
10,1,7,7,1007,BAL,PHI,Achilles Hondo,Cornerback,HalfEatenOnionBagel
10,1,8,8,1008,NOLA,NOLA,Lo Rax,Defensive End,Phobospwns
10,2,9,9,996,SJS,SJS,Xandra Troyski,Cornerback,mabb
10,2,10,10,1012,AZ,AZ,Shannon Hobbs,Safety,evryday
10,2,11,11,1020,PHI,PHI,Felix Hasselhoff,Wide Receiver,DELIRIVM
10,2,12,12,1001,YKW,PHI,Jordan von Matt,Wide Receiver,JVMjrDOT
10,2,13,13,1006,COL,PHI,A.J. Robertson,Linebacker,Nathan_Hall
10,2,14,14,1005,OCO,OCO,Seer Zephyrous,Running Back,7hawk77
10,2,15,15,1028,BAL,BAL,Steven Oats,Defensive End,TheActualSlowpoke
10,2,16,16,991,NOLA,BAL,Damien Arnold,Safety,Grapehead
10,3,17,17,1009,SJS,SJS,Nate Piazza,Safety,NamelessNate
10,3,18,18,1015,AZ,NOLA,Chinwemma Yobanna-Kanayochukwu,Tight End,okonkwoco
10,3,19,19,999,PHI,COL,Devo Cansino,Running Back,DonnoMania
10,3,20,20,992,YKW,YKW,Zenyou Wozy,Quarterback,TheWoZy
10,3,21,21,1032,COL,YKW,Jake Verden,Cornerback,Prepare2pie
10,3,22,22,1021,OCO,PHI,Avery Woodham,Defensive End,Wally
10,3,23,23,993,BAL,PHI,Ricky Flores,Running Back,RicoTheRB
10,3,24,24,1027,NOLA,SJS,Tanner Hendrix,Wide Receiver,TannerH
10,4,25,25,1000,SJS,SJS,Chris Orosz,Running Back,Aenir
10,4,26,26,1030,AZ,AZ,True Pierce,Linebacker,True Pierce
10,4,27,27,1018,PHI,PHI,Emilia Rudd,Tight End,Preza
10,4,28,28,1016,YKW,YKW,Ray Slick,Linebacker,trslick
10,4,29,29,1022,COL,SJS,Taylor Peterson,Wide Receiver,datboi
10,4,30,30,1013,OCO,OCO,Adam Anderson,Kicker,Nobody
10,4,31,31,1002,BAL,PHI,Juan Atatyme,Running Back,Keyg_an
10,4,32,32,998,NOLA,NOLA,Ryland Morley,Defensive End,RYLAND
10,5,33,33,1004,SJS,SJS,Odell Marrett,Defensive End,slowpoke
10,5,34,34,994,AZ,AZ,Lanoi Arnold,Defensive Tackle,honeyrobot
10,5,35,35,997,PHI,PHI,Adam Krossman,Running Back,Adam Krossman
10,5,37,36,1025,COL,COL,Chris Bennett,Quarterback,Doctor Topher
10,5,39,37,1010,BAL,BAL,Con Nair,Cornerback,Connair
11,1,1,1,1055,PHI,PHI,Lennox Garnett,Safety,37thchamber
11,1,2,2,1045,SJS,AZ,Alex Selich,Linebacker,Tomen
11,1,3,3,1034,AZ,AZ,Andrew Reese,Quarterback,SwagSloth
11,1,4,4,254,YKW,YKW,Antonio Summer,Running Back,mckee29
11,1,5,5,1044,OCO,OCO,Sunnycursed -,Wide Receiver,ADwyer87
11,1,6,6,1065,COL,NOLA,Tana Keïta,Linebacker,Ben
11,1,7,7,1056,NOLA,BAL,Kwame Abayomi Mbanefo,Defensive End,Rabidsponge21
11,1,8,8,1067,BAL,BAL,Dan Schneider,Safety,LGMForever
11,2,9,9,255,PHI,PHI,Ryan Cobalt,Safety,Tinkler
11,2,10,10,1059,SJS,AZ,Footballer Sackerman,Defensive Tackle,cpetrella
11,2,11,11,1039,AZ,NOLA,Thjalfi Halvorsen,Wide Receiver,tez
11,2,12,12,1071,YKW,YKW,Bobson Dugnutt,Cornerback,Bzerkap
11,2,13,13,1053,OCO,AZ,Steven Moore,Defensive End,maxcrazy
11,2,14,14,1033,COL,YKW,Josh Parker,Wide Receiver,goilers
11,2,15,15,1061,NOLA,OCO,Marc Spector,Defensive End,RedCydranth
11,2,16,16,1038,BAL,BAL,Yulic Nagasawa,Wide Receiver,Vikain
11,3,17,17,1064,PHI,PHI,K.J. Becker,Linebacker,Kendrick
11,3,18,18,1062,SJS,SJS,Jerrod Canton,Running Back,Sweetwater
11,3,19,19,1047,AZ,AZ,Harvey Kindle,Wide Receiver,Radsin
11,3,20,20,1041,YKW,YKW,Will Foster,Defensive Tackle,ztevans
11,3,21,21,1049,OCO,OCO,Jonathan Rice,Cornerback,ml002
11,3,22,22,1063,COL,PHI,Curtis Saul,Defensive Tackle,Evok
11,3,23,23,1037,NOLA,AZ,Slim Shady,Running Back,J.G.10
11,3,24,24,1036,BAL,PHI,Kulture Fulture,Kicker,Saliva^
11,4,25,25,1068,PHI,PHI,Roger Batoff,Wide Receiver,yoye
11,4,26,26,1040,SJS,SJS,Ty Justice,Wide Receiver,Justice
11,4,27,27,1060,AZ,NOLA,Gordon Ramsey Jr.,Cornerback,LattimoreIsland
11,4,28,28,1052,YKW,YKW,Thomas Carrasco,Running Back,samee
11,4,29,29,1057,OCO,PHI,Jaylin Hobbs,Defensive Tackle,Jayhawk
11,4,30,30,1069,COL,SJS,Danny Methane,Defensive End,DannyMethane
11,4,31,31,1043,NOLA,BAL,Zoro Roronoa,Running Back,Swegkingu
11,4,32,32,1051,BAL,BAL,Spencer Lawes,Kicker,HollowHead
11,5,33,33,1048,PHI,PHI,Johnson Cox III,Cornerback,Waters
11,5,34,34,1035,SJS,SJS,Adrian Pitcher,Tight End,AngelTwelve
11,5,35,35,1066,AZ,NOLA,Franklin Townsend,Defensive Tackle,MarneMauler99
11,5,36,36,1058,YKW,YKW,Clark Kent,Linebacker,NextGen85
11,5,37,37,1070,OCO,OCO,Kick Puncher,Kicker,BoltyMcSpeedy
11,5,39,38,1046,NOLA,OCO,Ace Boogie Jr.,Cornerback,AceBoogiieJr
11,5,40,39,1050,BAL,BAL,Jamal Slick,Quarterback,JBLAZE_THE_BOSS
11,6,44,40,1042,YKW,YKW,Berrell Trister,Wide Receiver,tbone415
12,1,1,1,1100,SJS,SJS,Freezer Riposte,Defensive Tackle,Mavfatha
12,1,2,2,1122,YKW,BAL,Errol Maddox,Wide Receiver,PigSnout
12,1,3,3,1121,AZ,AZ,Hike Mughes,Cornerback,jaskins811
12,1,4,4,1114,PHI,PHI,Luke Smyles,Defensive End,Symmetrik
12,1,5,5,1107,COL,COL,James Bishop,Wide Receiver,Bwestfield
12,1,6,6,1087,OCO,OCO,Thorian Skarsgard,Defensive Tackle,MrStennett
12,1,7,7,1112,BAL,BAL,Grayson Kuusela,Defensive End,WannabeFinn
12,1,8,8,1089,NOLA,NOLA,Axel Hornbacher,Cornerback,PDXBaller
12,2,9,9,1118,SJS,SJS,Trey Staley,Safety,ckroyal92
12,2,10,10,1088,YKW,YKW,Dick Wizardry,Defensive Tackle,AdamS
12,2,11,11,1123,AZ,AZ,Arbin Asipi III,Cornerback,DeathOnReddit
12,2,12,12,1083,PHI,COL,Logan Lejune,Safety,PSanchez55
12,2,13,13,1075,COL,COL,Beau Montgomery,Cornerback,Dangles13
12,2,14,14,1109,OCO,COL,Rylant Wright,Wide Receiver,RainDelay
12,2,15,15,1110,BAL,BAL,Charlie Trout,Linebacker,iamslm22
12,2,16,16,1117,NOLA,OCO,Tommy Helanen,Wide Receiver,StamkosFan
12,3,17,17,1085,SJS,SJS,Jorel Tuck,Safety,ErMurazor
12,3,18,18,1115,YKW,YKW,Jeff Jefferson IV,Safety,Whatistheinternet
12,3,19,19,1097,AZ,AZ,Raymond Vans,Linebacker,karl
12,3,20,20,1102,PHI,PHI,Ikaika Kalilimoku,Defensive End,Wasty
12,3,21,21,1120,COL,COL,Luke Boechler,Quarterback,YoungGreekBoy
12,3,22,22,1105,OCO,OCO,Jon Gott,Linebacker,JR95
12,3,23,23,1108,BAL,BAL,Aksel Danielsson,Running Back,JSS
12,3,24,24,1078,NOLA,PHI,Jonathan Towers,Safety,Supersquare04
12,4,25,25,1092,SJS,SJS,Neo Donaldson,Kicker,Mack
12,4,26,26,1116,YKW,YKW,Beauregard Smallwood-Chess,Running Back,4D Chess
12,4,27,27,1082,AZ,AZ,Roman Stakowski,Tight End,Shrodawg
12,4,28,28,1106,PHI,BAL,Derek Bohne,Safety,wuma
12,4,29,29,1094,COL,COL,Sam Garrad,Defensive Tackle,SammyG
12,4,30,30,1095,OCO,OCO,Tommy Salami,Defensive End,TommySalami
12,4,31,31,1103,BAL,PHI,Sam Hardwick,Wide Receiver,ralams123
12,4,32,32,1096,NOLA,YKW,Pecker Cox,Defensive Tackle,duckberg
12,5,33,33,1076,SJS,SJS,Ja’brill Tuck,Defensive End,Keyg_an
12,5,34,34,1073,YKW,AZ,Cole Walker,Defensive End,CaptainCup
12,5,35,35,1111,AZ,NOLA,Stayve Jerome Thomas,Defensive End,slimthugga
12,5,36,36,1101,PHI,PHI,Fast Boija,Running Back,Snussu
12,5,37,37,1077,COL,COL,Soupy McBrain,Linebacker,mcgriddleluver
12,5,38,38,1081,OCO,OCO,Django Anoa’i,Wide Receiver,tlk742
12,5,39,39,1104,BAL,BAL,Thomas Clark,Defensive Tackle,CoachEaux
12,5,40,40,1093,NOLA,NOLA,Devon Baxter,Wide Receiver,NCISagent1
12,6,41,41,1119,SJS,SJS,Ronnie Williams,Tight End,KingRonald
12,6,42,42,1084,YKW,AZ,Jeffery Murphy,Running Back,WALDO
12,6,43,43,1080,AZ,YKW,Grayson Wayne,Safety,Doctor Topher
12,6,44,44,1090,PHI,PHI,Krispy Kreme,Wide Receiver,Hoeforest
12,6,45,45,1091,COL,COL,Joey Sachs,Defensive End,jsachs
12,6,46,46,1079,OCO,OCO,Daniel Amon,Quarterback,TheMemeMaestro
12,6,47,47,1113,BAL,BAL,CJ Henderson,Cornerback,Shaggy28
12,6,48,48,1098,NOLA,NOLA,James Wade,Running Back,hyreektill
12,7,49,49,1074,SJS,SJS,Roderick Castleberry,Kicker,Avakael
12,7,50,50,1086,YKW,AZ,Thomas Nova,Wide Receiver,AtomikaNova
13,1,1,1,1145,YKW,YKW,Johnny Snuggles,Cornerback,manicmav36
13,1,2,2,1142,NOLA,NOLA,Benson Harris,Defensive Tackle,Rich
13,1,3,3,1133,COL,NOLA,Spencer Castle,Cornerback,AsylumParty
13,1,4,4,1146,AZ,AZ,Lucius Kaine,Wide Receiver,Noble
13,1,5,5,1147,PHI,PHI,Blake McCargue,Offensive Lineman,Alkaiid
13,1,6,6,1143,SJS,OCO,David Ginsberg,Linebacker,DavidCorperial
13,1,7,7,1139,BAL,BAL,Alex Frost,Kicker,39alaska39
13,1,8,8,1148,OCO,OCO,Johnny Blaze,Tight End,JBLAZE_THE_BOSS
13,2,9,9,1131,YKW,YKW,Nate Swift,Wide Receiver,Bigred1580
13,2,10,10,1141,NOLA,NOLA,Tyler Swift,Safety,Bayley
13,2,11,11,1132,COL,BAL,Corey Trevor,Running Back,StickyRicky
13,2,12,12,1125,AZ,AZ,Corwin Davenport,Running Back,Jepox
13,2,13,13,1140,PHI,PHI,Chris Steele,Cornerback,AzhekAhriman
13,2,14,14,1135,SJS,YKW,Knute Knurtsson,Safety,Ason94
13,2,15,15,1144,BAL,BAL,J.N. Nova,Wide Receiver,sarmo
13,2,16,16,1137,OCO,OCO,Vander Jones,Running Back,Rise of Smitty
13,3,17,17,1138,YKW,YKW,Jaren Haden,Linebacker,JayWhy
13,3,18,18,1136,NOLA,NOLA,Bona’beri Jones,Wide Receiver,toivo
13,3,19,19,1127,COL,COL,Caleb McCoy,Safety,TrueTexican
13,3,20,20,1130,AZ,AZ,Kyle Frost,Kicker,Esso2264
13,3,21,21,1126,PHI,PHI,Dick Cheese Jr.,Linebacker,BaseScoutX1
13,3,22,22,1134,SJS,NOLA,Harvey Danger,Tight End,harvey
13,3,23,23,1149,BAL,BAL,Rembrandt Khalil-Bugatti,Defensive Tackle,ghostfacethrilla
13,3,24,24,1124,OCO,OCO,Jordan McCann,Defensive Tackle,JM62
13,4,26,25,1129,NOLA,NOLA,Eric McStrong,Defensive End,Ricecake
14,1,1,1,1158,YKW,YKW,Cooter Bigsby,Quarterback,timeconsumer
14,1,2,2,1166,BAL,BAL,Corvo Havran,Quarterback,Raven
14,1,3,3,1169,AZ,AZ,Gekyume Stokeley,Linebacker,soryantyler
14,1,4,4,1153,NOLA,NOLA,Stan Francisco,Quarterback,JuOSu
14,1,5,5,1165,PHI,PHI,Maxwell Beard,Defensive Tackle,Jonstradamus
14,1,6,6,1156,SJS,SJS,"Sandip ""Sandy"" Bakshi",Linebacker,Player1
14,1,7,7,1150,COL,BAL,Joseph Henry,Defensive End,uncleleo#39;skomrade
14,1,8,8,1157,OCO,YKW,Stephen Harris Jr,Kicker,WinstonKodogo
14,2,9,9,1160,YKW,AZ,Leighton Lee,Linebacker,youngcricket
14,2,10,10,1170,BAL,AZ,Dingus Hunk,Defensive Tackle,BeyondBeyonder
14,2,11,11,1159,AZ,AZ,Drew Maddox,Wide Receiver,atcovin
14,2,12,12,1154,NOLA,NOLA,"Alfredo ""Thighmaster"" Crisco",Kicker,Ryan0413
14,2,13,13,1173,PHI,PHI,Brett Tacony,Wide Receiver,Nickm0595
14,2,14,14,1163,SJS,SJS,Rose Jenkins,Quarterback,Jiggly_333
14,2,15,15,1155,COL,BAL,Ricky Enbalse,Linebacker,BaronvonJobi
14,2,16,16,1152,OCO,OCO,Buchanan Simons,Wide Receiver,maskermind414
14,3,17,17,1167,YKW,YKW,Thad Castle,Linebacker,awurm
14,3,18,18,1162,BAL,BAL,Cody Kupp,Safety,threemanweave
14,3,19,19,1172,AZ,AZ,Ma Goomba,Offensive Lineman,Ape
14,3,20,20,1164,NOLA,BAL,Cam Poole,Safety,cb9
14,3,21,21,1151,PHI,PHI,Žak Korošec,Kicker,princekyle
14,3,23,22,1171,COL,YKW,Stanley Marshall,Cornerback,sableye
14,4,25,23,1161,YKW,YKW,Adam Hardin,Quarterback,reddude99
14,4,26,24,1168,BAL,BAL,James Andrews,Defensive End,PopesDontRun
15,1,1,1,1269,AZ,AZ,Brock Landers,Wide Receiver,gucci
15,1,2,2,1201,NOLA,NOLA,Quenton Bode,Linebacker,terriblehippo
15,1,3,3,1189,COL,NOLA,Johnny Slothface,Linebacker,slothfacekilla
15,1,4,4,1175,YKW,YKW,Nero Alexander,Defensive Tackle,shadyshoelace
15,1,5,5,1199,OCO,AUS,Chase Jensen,Safety,dizzyDC
15,1,6,6,1186,BAL,CHI,Lightsout Lewis,Safety,flyeaglesfly29
15,1,7,7,1280,PHI,AZ,Ricardo Morris,Defensive Tackle,Roly
15,1,8,8,1276,SJS,OCO,AJ Lattimer,Cornerback,TeyonSchavari
15,2,9,9,1218,AZ,PHI,Richard D’Attoria V,Safety,124715
15,2,10,10,1180,NOLA,SJS,Ahri Espeeyeeseetee,Wide Receiver,br0_0ker
15,2,11,11,1260,COL,COL,Mo Berry,Linebacker,Frick_Nasty
15,2,12,12,1233,YKW,BAL,Fatih Terim,Safety,Eco
15,2,13,13,1206,OCO,NOLA,Forrest Gump,Running Back,TomHanks
15,2,14,14,1246,BAL,YKW,Morgan Marshall,Running Back,Baron1898
15,2,15,15,1211,PHI,AUS,Rod Tidwell,Wide Receiver,SDCore
15,2,16,16,1256,SJS,CHI,Xerxes Ridley,Cornerback,plantane
15,3,17,17,1273,AZ,BAL,Walt Green,Safety,Duilio05
15,3,18,18,1258,NOLA,OCO,Lanzer Grievous,Linebacker,Rising Equinox
15,3,19,19,1232,COL,PHI,Emondov Emoji,Cornerback,BWIII
15,3,20,20,1290,YKW,SJS,Cameron Olsen,Tight End,Rradum
15,3,21,21,1264,OCO,AZ,Lucas Knight,Cornerback,ven_knight
15,3,22,22,1237,BAL,COL,Tony Gabagool,Linebacker,shipwreckrising
15,3,23,23,1190,PHI,BAL,Dorfus Jimbo,Safety,ScorpXCracker
15,3,24,24,1286,SJS,YKW,Logan Uchiha,Safety,CalvinP
15,4,25,25,1238,AZ,AZ,Lamont McKinnie,Safety,SouljaBoy2007
15,4,26,26,1216,NOLA,CHI,Guy Nikko,Linebacker,Duress
15,4,27,27,1279,COL,NOLA,Deon Taylor,Cornerback,BrewCrew
15,4,28,28,1210,YKW,OCO,Franklin Armstrong,Quarterback,moonlight
15,4,29,29,1224,OCO,PHI,Nacho Varga,Wide Receiver,Fordhammer
15,4,30,30,1284,BAL,SJS,Dan Wright,Quarterback,nickyvmlp
15,4,31,31,1203,PHI,COL,Terry Taffy,Defensive End,KingCollins
15,4,32,32,1231,SJS,AUS,Edmond Beaver-Dantes,Offensive Lineman,Beaver
15,5,33,33,1255,AZ,NOLA,Marquees Acho,Cornerback,Huskies311
15,5,34,34,1251,NOLA,YKW,Giannis Kroustis,Defensive Tackle,Air Crou
15,5,35,35,1223,COL,AUS,Troy Humuhumunukunukuāpuaʻa,Safety,Sir Earl
15,5,36,36,1291,YKW,CHI,Jack Rambo,Safety,oz3700
15,5,37,37,1282,OCO,COL,Quentin Sinclair,Cornerback,MaxGnarland
15,5,38,38,1244,BAL,NOLA,Brave Ulysses,Defensive End,PaytonM34
15,5,39,39,1267,PHI,PHI,Rock Hardshaft,Linebacker,Rouchicus
15,5,40,40,1272,SJS,AUS,Martavius Mack,Safety,Pizza-faith
15,6,41,41,1200,AZ,AZ,Jammerson Irving,Tight End,contacts
15,6,42,42,1184,NOLA,OCO,Alex Dasistwirklichseinnachname,Kicker,BigKicks
15,6,43,43,1281,COL,COL,Jay Longshaw,Quarterback,dropbear
15,6,44,44,1254,YKW,OCO,Apollo Reed,Running Back,NylarthePhoenix
15,6,46,45,1188,BAL,CHI,Timmy Hoss,Tight End,smaxx77
15,6,47,46,1207,PHI,BAL,Ludicolo Bigby,Running Back,TheWoZy
15,6,48,47,1274,SJS,AZ,Allen Josh,Linebacker,NamelessNate
15,7,49,48,1239,AZ,PHI,Farley Hank,Running Back,Beebob
15,7,50,49,1228,NOLA,SJS,JoJo Burr-Kirven,Linebacker,Rindiee
15,7,51,50,1225,COL,OCO,Cale Clay,Defensive Tackle,Claymore
15,7,52,51,1270,YKW,COL,Frasier Crane,Defensive End,TheFlash
15,7,53,52,1185,OCO,BAL,Jacob Rowan,Defensive Tackle,Vedin
15,7,54,53,1209,BAL,YKW,Ryan Leaf Jr,Running Back,ValorX77
15,7,55,54,1208,PHI,AUS,Michael Rood,Tight End,DCross
15,7,56,55,1242,SJS,CHI,Ben Bortboy,Running Back,spinarnie
15,8,57,56,1257,AZ,NOLA,Tobias Chase,Cornerback,Qux
15,8,58,57,1293,NOLA,OCO,RKANSAW N/A,Running Back,PratJ
15,8,59,58,1230,COL,PHI,Momodou Jallow,Safety,usarice
15,8,60,59,1196,YKW,SJS,Tyler Janes,Running Back,Newbie
15,8,61,60,1268,OCO,AZ,Kermit Stronglegs,Running Back,TheChroniclesOfFrog
15,8,62,61,1229,BAL,COL,Mister Big Chest,Wide Receiver,feral squirrel
15,8,63,62,1283,PHI,NOLA,Donte Shields,Defensive Tackle,Shrodawg
15,8,64,63,1248,SJS,YKW,Franklin Cooper,Safety,killerking
15,9,65,64,1271,AZ,AUS,Rahm Kota,Offensive Lineman,Furrand
15,9,66,65,1266,NOLA,CHI,Trevon Simmons,Defensive End,Tyreke
15,9,67,66,1178,COL,COL,Apollo Lange,Quarterback,RohnJobert
15,9,68,67,1182,YKW,AZ,Cameron Clutch,Kicker,TheKicker
15,9,69,68,1204,OCO,PHI,Justin Tyme,Linebacker,NuK3
15,9,70,69,1277,BAL,AZ,Dashwan Jackson,Wide Receiver,yoyo13
15,9,71,70,1292,PHI,AZ,Troy Bryant,Cornerback,sharksisback
15,9,72,71,1234,SJS,AZ,Lo Mein,Defensive End,MiniMan561
15,10,73,72,1278,AZ,NOLA,Max Vaz,Running Back,Skyandbray
15,10,74,73,1265,NOLA,YKW,Cedric Parker,Wide Receiver,rohanm
15,10,75,74,1213,COL,AUS,Bruce Waynner,Defensive Tackle,BruceWaynner
15,10,76,75,1177,YKW,CHI,Avery Thomas,Safety,Tesoroano7
15,10,78,76,1193,BAL,NOLA,"Shaquill ""The Thrill"" Williams VII",Safety,Shaquill
15,10,79,77,1253,PHI,PHI,Tigole Bitties,Safety,Tydy22
15,10,80,78,1240,SJS,SJS,Kenny Jammer,Safety,Jsag25
15,11,81,79,1198,AZ,NOLA,Jay Quick,Running Back,Ramrod18
15,11,82,80,1247,NOLA,PHI,Lenard Marx,Wide Receiver,Official DT
15,11,83,81,1187,COL,NOLA,Charles Mudley,Wide Receiver,clt2s2
15,11,84,82,1181,YKW,YKW,Bill Inohi,Defensive Tackle,Sunshine
15,11,85,83,1245,OCO,AUS,Khalil Sack,Defensive End,D4isyy
15,11,86,84,1194,BAL,CHI,André Thornton,Wide Receiver,Drizzy
15,11,87,85,1212,PHI,BAL,Luca Ramero,Wide Receiver,Ramero
15,11,88,86,1222,SJS,OCO,Proy Tolamalu,Safety,Adrian1878
15,12,89,87,1176,AZ,PHI,Trey Aguilar,Cornerback,jms199456
15,12,90,88,1263,NOLA,SJS,Robert Kleven,Wide Receiver,RobKlev
15,12,92,89,1226,YKW,PHI,Gregor Clegaine,Offensive Lineman,VossSauce14
15,12,93,90,1249,OCO,NOLA,Groovy Johnson,Cornerback,VikingGT
15,12,94,91,1219,BAL,YKW,Eric Lorentz,Linebacker,PapaPlatzack
15,12,96,92,1192,SJS,CHI,Paul DiMirio III,Kicker,Nykonax
15,13,97,93,1221,AZ,BAL,TJ Hendrix,Quarterback,TJH
15,13,98,94,1285,NOLA,OCO,Pablo Sanchez,Linebacker,OldJerseyDog
15,13,99,95,1227,COL,PHI,Carlomagno Rey,Wide Receiver,Crey23
15,13,100,96,1236,YKW,SJS,CrayCray Lewis,Linebacker,ChuckDiesel86
15,13,101,97,1289,OCO,AZ,D’Angelo Thompson,Safety,Noahbrown
15,13,102,98,1235,BAL,PHI,David Le Kre,Cornerback,Krelotelli
15,13,104,99,1262,SJS,YKW,Mick Moekr,Defensive End,nEEEEkolas
15,14,106,100,1197,NOLA,CHI,Neon Demon,Cornerback,kissthe6rings
15,14,107,101,1174,COL,BAL,Memphis Wilkerson,Defensive End,ShackDad
15,14,108,102,1215,YKW,OCO,Lawalin Tae’orr,Linebacker,Thotiana
15,14,109,103,1241,OCO,PHI,Michael Beckham,Linebacker,MB06
15,14,110,104,1202,BAL,SJS,Matteo Maximin,Cornerback,TF0017
15,14,111,105,1259,PHI,AZ,Ronald St. James III,Running Back,coffeebeard
15,15,114,106,1261,NOLA,YKW,Andrew Solomon,Cornerback,ZoomerMcGee
15,15,116,107,1179,YKW,CHI,Poster Nutbag,Defensive Tackle,Thee_Autumn_Wind
15,15,117,108,1214,OCO,BAL,Jameis Harrison,Linebacker,NextJamesHarrison
15,15,119,109,1243,PHI,PHI,Trey Moffat,Running Back,Inbob27
15,15,120,110,1217,SJS,SJS,Brayden Larosee,Safety,Braydenthegoat
15,16,121,111,1288,AZ,AZ,Luke South,Tight End,UnluckyBandit
15,16,124,112,1275,YKW,YKW,Thad Castle,Linebacker,Brookroyal
15,16,126,113,1250,BAL,CHI,Buddha Lebowski,Linebacker,BuddhaLebowski
15,16,127,114,1252,PHI,BAL,Christopher Loren,Cornerback,hazi_snazzy
15,17,129,115,1205,AZ,PHI,John Tebow,Quarterback,TebowFam15
15,17,130,116,1183,NOLA,SJS,Gimmy Jaroppolo,Quarterback,jimmyGOAT10
15,17,131,117,1195,COL,AZ,Taters Johnson,Cornerback,speedwolf27
16,1,1,1,1322,COL,CHI,Sam Torenson,Running Back,Jonny2x
16,1,2,2,1305,NOLA,CHI,Blake Faux,Defensive Tackle,AlexF
16,1,3,3,1298,AZ,COL,Laszlo Forty-Two,Offensive Lineman,C9Van
16,1,4,4,1302,YKW,AUS,Dermot Lavelle Jr.,Cornerback,White Cornerback
16,1,5,5,1294,PHI,AUS,Peter Larson,Tight End,Tomasnz
16,1,6,6,1299,OCO,YKW,Chad Maulolo,Defensive End,Graciejj2000
16,1,7,7,1310,SJS,PHI,Alberto McGwire,Defensive Tackle,kentuckycolonel
16,1,8,8,1303,BAL,AUS,Mako Mendonca,Running Back,Mooty99
16,2,9,9,1318,COL,SJS,William Tell,Cornerback,scharlachrot
16,2,10,10,1307,NOLA,COL,Armor King,Tight End,Starboy
16,2,11,11,1297,AZ,CHI,Ben Tu’inukuafe,Defensive End,Ben
16,2,12,12,1324,YKW,SJS,Anthony Rowland,Cornerback,ARJ04
16,2,13,13,1295,PHI,BAL,ForThe Brand,Kicker,Renrut
16,2,14,14,1313,OCO,COL,Wolfie McDummy,Quarterback,infinitempg
16,2,15,15,1321,SJS,COL,Antonio Sandoval Jr.,Defensive End,TheMemeMaestro
16,2,16,16,1311,BAL,NOLA,Chance Matthews,Safety,DaftRaincloud
16,3,17,17,1323,COL,PHI,DeMarcus Strike,Tight End,OwlStrike13
16,3,19,19,1308,AZ,AUS,Easton Cole,Quarterback,JKortesi81
16,3,20,20,1315,YKW,YKW,Jaylen Storm,Linebacker,Daybe
16,3,23,21,1300,SJS,COL,Judas Iscariot,Tight End,Judas_Iscariot
16,3,24,22,1306,BAL,COL,Maxim Booth,Safety,DrCiber
16,4,25,23,1314,COL,AZ,Bobby Melvin,Offensive Lineman,Big Mac
16,4,26,24,1312,NOLA,YKW,Bo Hall,Defensive End,Jobu22
16,4,27,25,1319,AZ,AZ,Hakuna Matata,Defensive End,superwoman0688
16,4,28,26,1304,YKW,OCO,Evan Trigg,Defensive End,greygoosevodka
16,4,29,27,1316,PHI,PHI,Jeremy Stovall,Cornerback,Stovy4x4ing
16,4,30,28,1325,OCO,BAL,Lars Fredricksen,Safety,Upton0goode13
16,5,33,29,1301,COL,COL,Blaster Blade Jr,Linebacker,Blaster
17,1,1,1,1357,AUS,AUS,Ashley Owens,Running Back,run_CMC
17,1,2,2,1339,COL,COL,Bubba Thumper,Defensive Tackle,woelkers
17,1,3,3,1350,SJS,NOLA,Jordan Andrews,Cornerback,RaiderNation
17,1,4,4,1341,NOLA,BAL,Brayden Ennis,Defensive Tackle,Buttersqauch101
17,1,5,5,1335,BAL,SJS,Tyron Brackenridge,Linebacker,Lowlycrib
17,1,7,7,1368,CHI,OCO,Honda Edmond,Linebacker,KillKillKill
17,1,8,8,1375,OCO,OCO,Dexter Banks II,Quarterback,TropicaliaCC
17,1,9,9,1347,PHI,AZ,Saba Donut,Wide Receiver,SabaDonutMan
17,1,10,10,1346,AZ,PHI,Julian McMorris,Cornerback,TubbyTim69
17,2,11,11,1332,AUS,AUS,Takeda Okura,Safety,Jaspers
17,2,12,12,1340,COL,AZ,Shane Masters,Defensive Tackle,ShaneM86
17,2,13,13,1352,SJS,NOLA,Action Jackson,Wide Receiver,KillaScrilla
17,2,14,14,1365,NOLA,NOLA,Willie Woodson,Cornerback,royalc90
17,2,15,15,1327,BAL,SJS,A.C. Payton,Safety,Hydracronis
17,2,16,16,1372,YKW,YKW,Kicky Bobby,Kicker,TickleTim
17,2,17,17,1356,CHI,OCO,Max Lovote,Defensive End,mcgriddleluver
17,2,18,18,1373,OCO,AZ,Ducky Donut,Running Back,idkman
17,2,19,19,1328,PHI,PHI,Jim McMahon,Wide Receiver,Bauer
17,2,20,20,1371,AZ,COL,Jordan McCann III,Wide Receiver,JM62
17,3,21,21,1369,AUS,AUS,Jackson Valadez,Wide Receiver,Yungbans23
17,3,22,22,1366,COL,COL,Joshua Jones II,Kicker,Gambit
17,3,23,23,1342,SJS,NOLA,Ronald “The Watt” Watkins,Linebacker,BenDover
17,3,24,24,1338,NOLA,NOLA,Octavius Godspeed,Running Back,GodSpeed11
17,3,25,25,1349,BAL,AUS,Chase Osborn,Running Back,cosbornballboy
17,3,26,26,1360,YKW,YKW,Dominick Schultz,Cornerback,Nash_Nash
17,3,27,27,1374,CHI,OCO,Joe Bobgarter,Running Back,CFLSchooners
17,3,28,28,1330,OCO,CHI,LilCringer Kendrick,Offensive Lineman,nairbretsamdaerb
17,3,29,29,1326,PHI,PHI,Michael Locatelli,Kicker,BionicGiraffe94
17,3,30,30,1351,AZ,AZ,Tyrone Baker,Linebacker,SouljaLad
17,4,32,31,1359,COL,COL,Bryce Molnar,Wide Receiver,BryceMolnar
17,4,33,32,1362,SJS,NOLA,Koda Adok,Cornerback,trevmi99
17,4,34,33,1329,NOLA,SJS,Kyle Grimly,Wide Receiver,Lazerus
17,4,35,34,1355,BAL,SJS,DeeJay Dallas,Running Back,12bradys
17,4,36,35,1353,YKW,YKW,Brennen Biletnikoff,Tight End,maxlane
17,4,39,36,1354,PHI,PHI,Balec Taylor,Defensive Tackle,Miamifan2000
17,4,40,37,1343,AZ,AZ,Albert Garrett,Defensive End,Thebrain515
17,5,42,38,1370,COL,COL,Jason Carver,Linebacker,Dancrave
17,5,43,39,1345,SJS,NOLA,Michael Brown,Defensive End,Frugger
17,5,44,40,1348,NOLA,BAL,Michael Doud,Tight End,mdoud10
17,5,45,41,1364,BAL,SJS,Francis ’Franky LaFleur,Quarterback,HueJacksonSucks
17,5,46,42,1337,YKW,YKW,Nate Oliver,Linebacker,BurritoHombre
17,5,49,43,1333,PHI,PHI,Daniel Glisack,Linebacker,Danglisack
17,5,50,44,1361,AZ,AZ,Dallas Decker,Defensive End,Frost
17,6,52,45,1334,COL,COL,Bishop Berrian,Cornerback,pb486
17,6,53,46,1363,SJS,NOLA,Landebert Stauss,Kicker,Marquette_Patterson
17,6,55,47,1331,BAL,SJS,Daniel Woodenhead,Running Back,DanielWoodenhead
17,6,56,48,1367,YKW,YKW,Darius Ruckerberg,Kicker,grok
18,1,1,1,1412,NOLA,NOLA,Bjørn Ironside,Defensive Tackle,IsaStarcrossed
18,1,2,2,1415,PHI,PHI,ILove Gimmy,Defensive End,Hallmonitor_20
18,1,3,3,1430,COL,OCO,Tyrone Biggums,Safety,Revolution5
18,1,4,4,1376,AUS,COL,Louisiana Purchase,Cornerback,Modern_Duke
18,1,5,5,1402,SJS,SJS,Marcella Tōriki,Running Back,bex
18,1,6,6,1462,CHI,NOLA,Thudd Kassel,Linebacker,Dylandeluxe
18,1,7,7,1454,BAL,YKW,Maurice Virtanen,Offensive Lineman,Murtsi
18,1,8,8,1478,AZ,COL,Pete Parker,Safety,jsteele14
18,1,9,9,1439,YKW,OCO,Korrin Abernathy,Cornerback,.Laser
18,1,10,10,1418,OCO,AUS,Net Gaines,Wide Receiver,UpperNet
18,2,11,11,1457,NOLA,NOLA,Bender B. Rodriguez,Wide Receiver,pazuzu
18,2,12,12,1419,PHI,PHI,Jake Dropson,Wide Receiver,goodvsevil1275
18,2,13,13,1440,COL,AUS,Xavien Adams,Cornerback,TheDangaZone
18,2,14,14,1483,AUS,AZ,Ruff Ruff,Running Back,Shadowz
18,2,15,15,1451,SJS,CHI,Mike Hockhertz,Linebacker,CDub2
18,2,16,16,1477,CHI,OCO,Marlo Smart,Linebacker,BroicSilence
18,2,17,17,1386,BAL,YKW,Mathias Hanyadi,Running Back,CLG Rampage
18,2,18,18,1433,AZ,AZ,Jay Cue,Offensive Lineman,Opera_Phantom
18,2,19,19,1469,YKW,SJS,Joseph Wozniak,Safety,illegaloctopus
18,2,20,20,1429,OCO,COL,Steco Ocewilder,Defensive End,soppychico
18,3,21,21,1448,NOLA,NOLA,David Rector,Cornerback,ddrector
18,3,22,22,1470,PHI,PHI,Fuzzy Dotson,Running Back,goodfortunecoffee
18,3,23,23,1456,COL,NOLA,Junior Lopez,Linebacker,BeneZero
18,3,24,24,1437,AUS,OCO,Howard Ryan,Safety,RacgiMan
18,3,25,25,1468,SJS,BAL,Fabricio Baldari,Defensive End,Sermokala
18,3,26,26,1391,CHI,AUS,John-Caleb Bradberton,Defensive Tackle,thunderbug
18,3,27,27,1383,BAL,PHI,Mike Franchet,Defensive End,DeadlyPlayer
18,3,28,28,1482,AZ,AZ,Samuel Bakhtiari,Offensive Lineman,lamp_wizard
18,3,29,29,1405,YKW,BAL,Earl Sauce,Tight End,FleshBagSoup
18,3,30,30,1401,OCO,BAL,Juan Marston,Cornerback,Jepox
18,4,31,31,1432,NOLA,PHI,Stuart Little IV,Cornerback,dieselj123
18,4,32,32,1399,PHI,PHI,Baxter Frost,Kicker,Frostbite
18,4,33,33,1410,COL,AUS,Wayne Howyanow,Linebacker,JSteel
18,4,34,34,1455,AUS,NOLA,Givussafare Rubbe,Offensive Lineman,caltroit_red_flames
18,4,35,35,1442,SJS,SJS,Oswald Grimnir,Safety,Zeegee
18,4,36,36,1417,CHI,CHI,Footballer Blockerman,Wide Receiver,cpetrella
18,4,37,37,1453,BAL,YKW,Orien Drake,Running Back,Rublic
18,4,38,38,1396,AZ,COL,Michael Vincent,Running Back,sapp2013
18,4,39,39,1485,YKW,PHI,Johnson Harding,Defensive Tackle,adam2552
18,4,40,40,1394,OCO,OCO,Charles Allan,Running Back,Wally
18,5,41,41,1388,NOLA,NOLA,Paco McTaco,Running Back,iWarAngel
18,5,42,42,1471,PHI,CHI,Jake Utler,Running Back,PersonMann
18,5,43,43,1435,COL,CHI,Scott Brewer,Tight End,Gibby
18,5,44,44,1395,AUS,COL,Trae Bacon,Defensive Tackle,RobCubed
18,5,45,45,1428,SJS,SJS,Caleb Beck,Cornerback,Blaze
18,5,46,46,1403,CHI,CHI,Caden Bright,Offensive Lineman,Nykonax
18,5,47,47,1392,BAL,AZ,Diego Espinosa,Kicker,Reon
18,5,48,48,1487,AZ,AZ,Maximus Chungus,Offensive Lineman,Quigonginger
18,5,49,49,1467,YKW,BAL,Asher Quinn,Cornerback,Dewalt27
18,5,50,50,1409,OCO,CHI,Benjamin Gordon,Offensive Lineman,efiug
18,6,51,51,1424,NOLA,NOLA,Kreboktaflons Kwemen,Tight End,Conrose
18,6,52,52,1414,PHI,PHI,JimJam FlimFlam,Safety,sefthegoat
18,6,53,53,1488,COL,OCO,Eeeee Silvveremm,Offensive Lineman,esilverm
18,6,54,54,1465,AUS,YKW,Jesse Jackson,Wide Receiver,calvins48
18,6,55,55,1413,SJS,SJS,Matt Ammons,Linebacker,Wizedex
18,6,56,56,1420,CHI,AZ,Chas Thadsson,Offensive Lineman,Blastmeaway
18,6,57,57,1387,BAL,YKW,Phillip Helmet,Quarterback,AbstractArtist3781
18,6,58,58,1407,AZ,CHI,Zach Bailey,Cornerback,Ocelot
18,6,59,59,1446,YKW,CHI,Connor Johnston,Defensive Tackle,cwjohnston
18,6,60,60,1438,OCO,OCO,Hank McCoy,Running Back,TheFlash
18,7,61,61,1441,NOLA,NOLA,Ron Mexico,Wide Receiver,tommygun631
18,7,62,62,1464,PHI,PHI,Jah Harris,Linebacker,IWatchBrazzers69
18,7,64,63,1397,AUS,COL,Ram Bunchess,Defensive End,DesireeLove97
18,7,65,64,1404,SJS,SJS,Tyler Genis,Cornerback,tylergenis
18,7,66,65,1481,CHI,CHI,Otto VanJensen,Linebacker,Otto
18,7,67,66,1480,BAL,YKW,Alexander Ryan,Wide Receiver,kobegriffeysanders
18,7,68,67,1380,AZ,CHI,Will Smith,Wide Receiver,Pio15
18,7,69,68,1486,YKW,BAL,Jack Mahoff,Cornerback,SeanMcGinger
18,7,70,69,1398,OCO,OCO,Justin Kehoe,Cornerback,Awesomejmk
18,8,71,70,1475,NOLA,NOLA,Tony Tonogai,Offensive Lineman,Quixote
18,8,72,71,1426,PHI,PHI,Rolo Tomassi,Cornerback,WrongSandwich
18,8,73,72,1406,COL,CHI,William Mitchell,Safety,ConMan_NH
18,8,74,73,1423,AUS,COL,Big Mac,Defensive Tackle,tweety_bird
18,8,75,74,1390,SJS,SJS,Clelin Ferrell,Defensive End,khabib
18,8,76,75,1422,CHI,CHI,Tore Andre Flø,Offensive Lineman,bluesfan55
18,8,77,76,1411,BAL,YKW,Chuck Bartowski,Defensive End,Draconiannuke
18,8,78,77,1443,AZ,AZ,Charlie Day,Kicker,aaronito
18,8,79,78,1379,YKW,BAL,Sean Frost,Running Back,combatcoldcuts
18,8,80,79,1476,OCO,OCO,Ricky Boomer,Tight End,Albob
18,9,81,80,1461,NOLA,NOLA,Dorian Cope,Wide Receiver,DDC#2888
18,9,82,81,256,PHI,PHI,Clove Rhook,Running Back,Admin
18,9,83,82,1463,COL,CHI,James Lux,Defensive End,Yoyo8484
18,9,84,83,1385,AUS,COL,Lucky Dickerson,Kicker,Alienf00d
18,9,85,84,1450,SJS,SJS,Buck Buckington,Defensive Tackle,Fakefootballer27
18,9,86,85,1459,CHI,AZ,Jim Bob Cooter,Wide Receiver,JCUNLIFFE
18,9,87,86,1400,BAL,YKW,Garfield Despacito,Offensive Lineman,Gwdjohnson
18,9,88,87,1472,AZ,AZ,Deacon Koehler,Safety,Conman
18,9,89,88,1452,YKW,BAL,Jake Howe,Defensive Tackle,HoweManDo
18,9,90,89,1444,OCO,OCO,Bug Daldwin,Wide Receiver,Pavlovs_Dog_Of_War
18,10,91,90,1474,NOLA,NOLA,Baxter Chance,Defensive End,isenru
18,10,92,91,1449,PHI,PHI,Ivan Abramovich,Tight End,jaminup
18,10,93,92,1408,COL,CHI,Max Power,Kicker,waywardson
18,10,94,93,1382,AUS,COL,Joseph Tom,Offensive Lineman,Pooplouge
18,10,95,94,1425,SJS,SJS,Harrison Sherman,Tight End,TheByzantineOttoman
18,10,96,95,1378,CHI,CHI,Victor Bravo,Quarterback,captaincrunch00
18,10,97,96,1377,BAL,YKW,Bill Bono,Tight End,Scampoli
18,10,98,97,1473,AZ,AZ,Dudley Moore,Offensive Lineman,Inf1d3l
18,10,99,98,1484,YKW,BAL,Ransom Stoddard,Linebacker,Tubbville
18,10,100,99,1389,OCO,OCO,Chico De La Agua,Linebacker,jordanjgonzalez922
18,11,101,100,1416,NOLA,NOLA,Achilles Babcock,Safety,HypnauticPegasus
18,11,102,101,1434,PHI,PHI,Noah Grimmer,Cornerback,noahgrimmer
18,11,103,102,1381,COL,CHI,Nicholas Grimmer,Safety,Ngrimmer21
18,11,104,103,1431,AUS,COL,Abashai Williams,Defensive Tackle,himynameisroy
18,11,105,104,1479,SJS,SJS,Richard Dangle,Wide Receiver,AustinUSC
18,11,106,105,1447,CHI,CHI,Big Jim Slade,Tight End,Jspivey01
18,11,107,106,1436,BAL,YKW,Chigg Bungus,Tight End,Sereber
18,11,108,107,1458,AZ,AZ,Robert Dade,Tight End,Msdade
18,11,109,108,1393,YKW,BAL,DaQuarrion M’Wehwordson,Cornerback,woj34
18,11,110,109,1460,OCO,OCO,Heinrich Meyer,Defensive End,Kaimer
18,12,111,110,1421,NOLA,NOLA,Dave Anima,Kicker,Bigburgers
19,1,1,1,1507,SJS,NOLA,Mack Arianlacher,Linebacker,LordMacharius
19,1,2,2,1515,PHI,SJS,Deondre Thomas-Fox,Wide Receiver,AW13
19,1,3,3,1499,CHI,NOLA,Austin McCormick,Tight End,Nokazoa
19,1,4,4,1512,COL,CHI,Sean O’Leary,Wide Receiver,Blueline
19,1,5,5,1497,NOLA,OCO,Lord Beerus,Offensive Lineman,scorycory
19,1,6,6,1501,AUS,CHI,Sweet James-Jones,Wide Receiver,SweetJamesJones
19,1,7,7,1490,BAL,YKW,Rayne Gordon,Wide Receiver,RainDelay
19,1,8,8,1514,AZ,NOLA,Mason Blaylock,Safety,Jay_Doctor
19,1,9,9,1504,YKW,YKW,Jayson Kearse,Defensive End,JaytheGreat
19,1,10,10,1495,OCO,OCO,Gary Lazer-Eyes,Defensive End,Sweetwater
19,2,11,11,1506,SJS,BAL,Stevie Vassallo,Defensive End,Libertines
19,2,12,12,1518,PHI,SJS,Quindarius Tyerucker,Running Back,Zeddez
19,2,13,13,1498,CHI,NOLA,Jed Podolak,Wide Receiver,KC15
19,2,14,14,1508,COL,YKW,Tormund Bjornsson,Defensive Tackle,RavensFanFromOntario
19,2,15,15,1521,NOLA,COL,Herbert Prohaska,Kicker,StevenOSullivan
19,2,16,16,1496,AUS,COL,Jordan Jackson,Kicker,LiathTheSquirrel
19,2,17,17,1503,BAL,PHI,Avon Blocksdale Jr.,Tight End,iamslm22
19,2,18,18,1502,AZ,AZ,Beat -,Defensive Tackle,DonnoMania
19,2,19,19,1489,YKW,CHI,Willie B. Hardagain,Wide Receiver,Toasty
19,2,20,20,1494,OCO,OCO,Brock Phoenix,Quarterback,Leafs4ever
19,3,21,21,1520,SJS,PHI,Tiny Tim,Tight End,Bzerkap
19,3,22,22,1493,PHI,SJS,Jacob Andrews Jr,Wide Receiver,Jacob
19,3,23,23,1505,CHI,CHI,Jeremiah Legend,Linebacker,azimuthal-swift
19,3,24,24,1519,COL,CHI,OJ Littlewood,Running Back,EarlEarl
19,3,25,25,1522,NOLA,AZ,Zack Vega,Quarterback,WALDO
19,3,26,26,1509,AUS,COL,Slim Dusty,Cornerback,dropbear
19,3,27,27,1491,BAL,AZ,hunter Scott,Kicker,I'll change this later
19,3,28,28,1513,AZ,AZ,Bryant Alexander,Offensive Lineman,cbw99
19,3,29,29,1510,YKW,YKW,Jean-Baptist Boivin,Tight End,SecondSucks22
19,4,31,31,1516,SJS,PHI,Terrance Smith,Safety,SmittyKkk
19,4,33,32,1511,CHI,NOLA,Left Toenail,Kicker,oz3700
20,1,1,1,257,CHI,AUS,Kyle Idlewyld,Defensive End,Kyle
20,1,2,2,1553,SJS,SJS,Desmond Scarlett,Cornerback,Unicorn
20,1,3,3,1531,AZ,AZ,Reggie Culbertson,Defensive Tackle,evryday
20,1,4,4,1542,AUS,PHI,Randy Vuxta,Cornerback,roastfuego
20,1,5,5,1561,PHI,AUS,Jacoby Clay,Wide Receiver,Vexatious
20,1,6,6,1554,COL,COL,Thor Kirkby,Safety,Acsolap
20,1,7,7,1551,NOLA,BAL,Darrel Williams,Running Back,Ry_
20,1,8,8,1541,BAL,AUS,Hal Fassingit,Offensive Lineman,tlk742
20,1,9,9,1532,YKW,YKW,Blake Gragg,Tight End,Hydracronis
20,1,10,10,1543,OCO,AUS,Victor Moreno,Cornerback,GreenArmy
20,2,11,11,1560,CHI,OCO,Bobby Boucher,Defensive End,BigUnitBabs
20,2,12,12,1528,SJS,SJS,Inspectah Deck,Linebacker,W.Sconnie
20,2,13,13,1547,AZ,PHI,Warren Stephens,Linebacker,Ephenssta
20,2,14,14,1550,AUS,PHI,Venus Powers,Kicker,Baron1898
20,2,15,15,1534,PHI,OCO,Siddhu Sarvepally,Running Back,siddhus
20,2,16,16,1540,COL,COL,Silver Banana,Kicker,golden_apricot
20,2,17,17,1546,NOLA,AZ,Galf Wilf,Linebacker,Moosecop
20,2,18,18,1524,BAL,COL,Ben Kenobi,Tight End,DeathOnReddit
20,2,19,19,1529,YKW,SJS,Ricardo Rose,Running Back,riddlingminion
20,2,20,20,1552,OCO,AUS,Awkward Sexjoke,Safety,AdamS
20,3,21,21,1558,CHI,AZ,Jah Bur’Berry,Wide Receiver,soryantyler
20,3,22,22,1527,SJS,CHI,Kemorian Moore,Wide Receiver,Rowdyyy
20,3,23,23,1525,AZ,CHI,Vince Hammerson,Kicker,Channel88
20,3,24,24,1535,AUS,PHI,Tash Thompson,Wide Receiver,casserole
20,3,25,25,1536,PHI,AUS,Colonel Tushfinger,Running Back,bovovovo
20,3,26,26,1537,COL,AUS,Oliver McWigglebutts,Defensive Tackle,MaxTheDog
20,3,27,27,1539,NOLA,AZ,Barnabas Cole,Defensive End,ITBret42
20,3,28,28,1559,BAL,NOLA,David Donaldson,Tight End,Kcobb9
20,3,29,29,1533,YKW,YKW,Randall Jimmerson,Defensive End,JumboBumbo
20,3,30,30,1549,OCO,OCO,Dave Casper jr,Tight End,Sanchez801
20,4,32,31,1545,SJS,SJS,Darnell Johnson,Wide Receiver,dylanjj37
20,4,33,32,1548,AZ,AZ,Jamie Nkiah,Safety,Drizzy
20,4,34,33,1544,AUS,PHI,George Bjornsson,Defensive Tackle,Tolan33
20,4,36,34,1523,COL,COL,Pancake Maker,Offensive Lineman,Shaquill
20,4,37,35,1556,NOLA,BAL,Hingle McCringleberry,Defensive Tackle,Quesadillananda
20,4,38,36,1555,BAL,NOLA,Bismo Funyuns,Wide Receiver,Penrod11
20,4,39,37,1538,YKW,YKW,Miles Royal,Wide Receiver,07ToyotaCamry
20,4,40,38,1557,OCO,OCO,Emilio Cortez,Wide Receiver,BruhMaple
21,1,1,1,1675,CHI,OCO,Prince Vegeta,Safety,jeffie43
21,1,2,2,1638,SJS,SJS,Otis Allen,Defensive Tackle,KoltClassic
21,1,3,3,1624,PHI,PHI,Flash Panda,Wide Receiver,juniped
21,1,4,4,1670,BAL,SJS,HeHateMe PickSix,Cornerback,Vorshayla
21,1,5,5,1669,AZ,BAL,Chris Kross,Wide Receiver,Voltaqe
21,1,6,6,1635,OCO,CHI,Osiris Firestorm-Fjord,Cornerback,HalfEatenOnionBagel
21,1,7,7,1592,COL,COL,Immanuel Blackstone,Defensive End,nunccoepi
21,1,8,8,1665,NOLA,NOLA,Dorfus Jimbo Jr,Offensive Lineman,ScorpXCracker
21,1,9,9,1571,YKW,YKW,Douglas Quaid,Linebacker,HENDRIX 2.0
21,1,10,10,1577,AUS,AUS,Riles McTackle,Defensive Tackle,RilesMcGiles
21,2,11,11,1576,CHI,AUS,Holden Summers,Linebacker,SemiCharmedMike
21,2,12,12,1622,SJS,SJS,Leon McDavid,Defensive Tackle,MN_Moosey
21,2,13,13,1627,PHI,OCO,Rapid Eagle,Defensive End,rapideagle
21,2,14,14,1629,BAL,AZ,"Pete ""Plop"" Miller",Defensive Tackle,BRNXB0MBERS
21,2,15,15,1674,AZ,BAL,Sardine Bean,Defensive Tackle,josh30601
21,2,16,16,1666,OCO,AZ,Trevor Mouseman,Linebacker,mrmouseman
21,2,17,17,1630,COL,COL,Rotticus Scott,Defensive Tackle,RotticusScott
21,2,18,18,1603,NOLA,NOLA,Ed Barker,Wide Receiver,Wombat
21,2,19,19,1582,YKW,YKW,Dougie Smalls,Kicker,iseedoug
21,2,20,20,1575,AUS,CHI,Jerome Davis,Wide Receiver,Get_Right
21,3,21,21,1661,CHI,PHI,Jeff Personsacker,Defensive End,jeffpersonsacker
21,3,22,22,1639,SJS,SJS,Chip Otle,Defensive End,mcast55
21,3,23,23,1583,PHI,OCO,Future Trunks,Offensive Lineman,Lemon
21,3,24,24,1637,BAL,AZ,Baby Yoda,Running Back,SwagSloth
21,3,25,25,1619,AZ,PHI,Simon Tremblay,Offensive Lineman,Briedaqueduc
21,3,27,27,1641,COL,COL,Red Arrow,Wide Receiver,RedArrow12c
21,3,28,28,1616,NOLA,NOLA,Rainier Wolfcastle,Tight End,thefrowntownclown
21,3,29,29,1620,YKW,YKW,Chizuru Ichinose,Running Back,Frostbite
21,3,30,30,1602,AUS,CHI,Perry Tucker Jr.,Offensive Lineman,Perry87
21,4,31,31,1605,CHI,COL,"John ""Tripod"" Smirh",Defensive Tackle,Muford
21,4,32,32,1640,SJS,SJS,Rando Cardrissian,Running Back,GoonerBear
21,4,33,33,1563,PHI,PHI,Lefty Louis,Kicker,lewislewes
21,4,34,34,1568,BAL,AZ,Jaune Arc,Defensive Tackle,Ultimacomanda47
21,4,35,35,1657,AZ,OCO,Ryan Scott,Linebacker,MasterCashier
21,4,36,36,1660,OCO,BAL,Gregor Macgregor,Safety,LiathTheSquirrel
21,4,37,37,1562,COL,COL,Alyx Sabor,Wide Receiver,SaborTheWaverunner
21,4,38,38,1652,NOLA,NOLA,Ugarth the Dissector,Linebacker,frithjofr
21,4,39,39,1633,YKW,YKW,Jon Bois,Safety,RamboHampster
21,4,40,40,1664,AUS,AUS,Jeremy Quellers,Cornerback,ap8333
21,5,41,41,1611,CHI,BAL,Chika Fujiwara,Quarterback,Starboy
21,5,42,42,1642,SJS,SJS,Reynaud Haugland,Tight End,Boomcheck
21,5,43,43,1596,PHI,AZ,Atlas Quin,Cornerback,Pieanator
21,5,44,44,1644,BAL,AZ,Jackmerius Tacktheritrix,Defensive End,matt2930
21,5,45,45,1591,AZ,BAL,Matt Hole,Defensive End,Hi_mynameis_Matt
21,5,46,46,1597,OCO,OCO,Douglas Quail,Offensive Lineman,DynamicDoug
21,5,47,47,1671,COL,AZ,George O’Donnell,Quarterback,Leafer
21,5,48,48,1573,NOLA,NOLA,Tequila Sunrise,Running Back,Tequila
21,5,49,49,1626,YKW,BAL,Rick Skuff,Running Back,fballturkey
21,5,50,50,1623,AUS,AUS,Tree Gelbman,Tight End,Reno
21,6,51,51,1590,CHI,CHI,Bubba Twatford,Linebacker,Bubba Twatford
21,6,52,52,1588,SJS,SJS,Logan Noble Jr,Defensive End,ItsJustBarry
21,6,53,53,1566,PHI,PHI,Cal Lidous,Quarterback,Cal Lidous
21,6,54,54,1580,BAL,COL,Gronk Robertoswki,Tight End,Iamdumberdore
21,6,55,55,1578,AZ,BAL,Shepherd Marshall,Linebacker,CowboyOnPatrol
21,6,56,56,1618,OCO,OCO,Shakir Ahmed,Tight End,Shak24
21,6,57,57,1574,COL,COL,Andrew Nova,Running Back,schauer
21,6,58,58,1604,NOLA,NOLA,Smolder Bravestone,Wide Receiver,Big Trusss
21,6,59,59,1595,YKW,YKW,Chris Ramos,Quarterback,PointGod
21,7,61,60,1565,CHI,CHI,Raheem Okusi,Wide Receiver,Raheem James
21,7,62,61,1631,SJS,SJS,Grand Salami,Wide Receiver,Grand Salami
21,7,63,62,1655,PHI,PHI,Dillon Cheer,Defensive Tackle,Dillon Cheer
21,7,64,63,1634,BAL,AZ,J.J. “Jay” Jay-Jaymison,Kicker,hannahg32
21,7,65,64,1587,AZ,BAL,James Lewandowski,Tight End,3lewsers
21,7,66,65,1567,OCO,OCO,Hunter Young,Defensive End,Confusion
21,7,67,66,1606,COL,YKW,Robin Reynolds,Running Back,Kekar
21,7,68,67,1613,NOLA,NOLA,Herb Altee,Safety,Vulfzilla
21,7,69,68,1612,YKW,COL,Dixon Uraz,Linebacker,club_toasty
21,8,71,69,1600,CHI,CHI,Emmett Higgins,Offensive Lineman,H0PPY75
21,8,72,70,1628,SJS,SJS,Ty Palmatier,Linebacker,Jagsfootball51
21,8,73,71,1617,PHI,PHI,Rub A. Chikin,Safety,rubachikin
21,8,74,72,1649,BAL,AZ,Justice Green,Wide Receiver,YoungTB
21,8,75,73,1572,AZ,BAL,Dillard Holcombe,Safety,MisObvious
21,8,76,74,1584,OCO,OCO,Cam’ron West,Defensive Tackle,dpz1156
21,8,77,75,1658,COL,COL,Horacio Espinoza,Running Back,EpicMowse
21,8,78,76,1668,NOLA,NOLA,Bobby “Freakin” Portis,Cornerback,Bobby “Freakin” Portis
21,8,79,77,1653,YKW,YKW,The Xekutioner,Quarterback,The Xekutioner
21,9,81,78,1579,CHI,CHI,Thelonius Junk,Kicker,TheloniusJunk
21,9,82,79,1645,SJS,SJS,Micheal Henson,Tight End,Henson7247
21,9,83,80,1614,PHI,PHI,Vance Amado-Hackett,Safety,Deusolis
21,9,85,81,1593,AZ,BAL,Jack Marnette,Cornerback,jmarnette
21,9,86,82,1589,OCO,OCO,Churro Chest,Cornerback,ChocolateNipples
21,9,87,83,1656,COL,COL,Dylan Green,Offensive Lineman,DylanG5
21,9,88,84,1648,NOLA,NOLA,Kubee Krusher,Defensive End,wildcard09
21,9,89,85,1659,YKW,YKW,Jay Palmer,Defensive End,TankAlpha
21,10,92,86,1569,SJS,SJS,Richard “Dick” Gardner,Offensive Lineman,GoldenFoot9
21,10,95,87,1585,AZ,BAL,Jade Bridges,Wide Receiver,ziekthemanupnext25
21,10,96,88,1598,OCO,OCO,Matt Meagher,Running Back,scissorstree
21,10,97,89,1646,COL,COL,Speedo Meter,Cornerback,Speedo Meter
21,10,98,90,1672,NOLA,NOLA,Christopher Prince,Offensive Lineman,Naki
21,10,99,91,1601,YKW,YKW,Hank Crowell,Tight End,c272
21,11,102,92,1673,SJS,SJS,Everett Woodward,Wide Receiver,CoolEverett
21,11,105,93,1636,AZ,BAL,"Joe ""CRACK"" Torres",Tight End,Joecrack0321
21,11,106,94,1621,OCO,OCO,JZ -,Safety,JZKITTY21
21,11,107,95,1564,COL,COL,Rico Suave,Safety,the_suave1
21,11,108,96,1643,NOLA,NOLA,Rusty Nails,Wide Receiver,howiejriii
21,11,109,97,1654,YKW,YKW,Daniel Winkler,Defensive End,munkysnuflz
21,12,112,98,1667,SJS,SJS,Colbourne Frost,Kicker,msnmllr
21,12,115,99,1615,AZ,BAL,Bruno Young,Wide Receiver,Zyrok
21,12,116,100,1581,OCO,OCO,Austin Brehio,Running Back,brehio
21,12,117,101,1607,COL,COL,Rusty Shackleford,Safety,Drunkinthunder
21,12,118,102,1662,NOLA,NOLA,Keval Shah,Wide Receiver,CosmosAblaze
21,12,119,103,1586,YKW,YKW,Scotty McGuy,Wide Receiver,nfspeedypur
21,13,122,104,1651,SJS,SJS,Luke McMaster,Running Back,lukejm37
21,13,125,105,1570,AZ,BAL,Nick Nation,Running Back,NickNation
21,13,126,106,1610,OCO,OCO,Nick Domenichini,Running Back,PapaKhan
21,13,127,107,1594,COL,COL,Leonard Jacobs,Quarterback,Crkluck
21,13,128,108,1609,NOLA,NOLA,Buster Hyman,Quarterback,sael
22,1,1,1,1764,PHI,AUS,Colt Mendoza,Defensive Tackle,iStegosauruz
22,1,2,2,1871,AZ,NOLA,Magnus Rikiya,Defensive Tackle,Tesla
22,1,3,3,1782,SJS,PHI,"Matt ""Son of Havoc"" Cross",Running Back,J0EB
22,1,4,4,1909,CHI,PHI,Brandon Booker,Cornerback,Memento Mori
22,1,5,5,1863,AUS,SJS,Chester Sweets,Cornerback,revuhlution
22,1,6,6,1728,COL,AZ,Stanislaw Koniecpolski,Linebacker,majesiu
22,1,7,7,1927,BAL,HON,Momona Keiki-Kāne,Defensive Tackle,BadLck
22,1,8,8,1782,OCO,COL,"Matt ""Son of Havoc"" Cross",Running Back,J0EB
22,1,9,9,1856,YKW,BAL,Derred de Ville,Linebacker,Exilizer
22,1,10,10,1690,NOLA,OCO,Jeffrey Phillips,Running Back,DrunkenTeddy
22,2,11,11,1772,PHI,YKW,Johnny Hellzapoppin,Safety,Colabear
22,2,12,12,1868,AZ,NOLA,Andrew Witten,Cornerback,mithrandir
22,2,13,13,1791,SJS,HON,Keʻokeʻo Kāne-Maikaʻi,Defensive End,gucci
22,2,14,14,1924,CHI,COL,Thubba Bumper,Running Back,Bauer
22,2,15,15,1946,AUS,AZ,Heath Evans,Tight End,Thor
22,2,16,16,1731,COL,AZ,Tyler Oles JR,Cornerback,Oles
22,2,17,17,1852,BAL,NOLA,Ben Slothlisberger,Offensive Lineman,slothfacekilla
22,2,18,18,1967,OCO,PHI,Wesley Eriksen,Safety,Lightnoir
22,2,19,19,1916,YKW,AUS,Troen Egghands,Defensive End,Troen
22,2,20,20,1970,NOLA,SAR,Cuco Clemente,Safety,Billybolo53
22,3,21,21,1936,PHI,CHI,Benson Bayley Jr.,Offensive Lineman,Bayley
22,3,22,22,1817,AZ,OCO,BigEddi ForeverYeti,Defensive Tackle,Big Edd
22,3,23,23,1683,SJS,YKW,Colby Jack,Quarterback,flyeaglesfly29
22,3,24,24,1760,CHI,SJS,"Monterey ""Monty"" Jack",Offensive Lineman,Rradum
22,3,25,25,1875,AUS,HON,Buck Thornton,Safety,FurFurFurson
22,3,26,26,1684,COL,SAR,Haha Mango-Panda,Linebacker,furiousPanda
22,3,27,27,1851,BAL,BAL,Eldrick Avery,Safety,RansackTheUniverse
22,3,28,28,1799,OCO,AZ,Sandro Ryeu,Defensive End,s4ndr0p
22,3,29,29,1955,YKW,SJS,Lawrence Bass,Linebacker,RussDrivesTheBus
22,3,30,30,1721,NOLA,AZ,Quinn Hughes,Safety,Isidore94
22,4,31,31,1872,PHI,AUS,Eddie Jeeta,Wide Receiver,QuirkyTurtle
22,4,32,32,1776,AZ,COL,William Lim,Wide Receiver,yonggarius
22,4,33,33,1701,SJS,BAL,Byron Dolls,Offensive Lineman,Symmetrik
22,4,34,34,1706,CHI,OCO,Deshun Jones,Linebacker,Forty Jordy
22,4,35,35,1744,AUS,YKW,James Cho,Defensive End,cho1325
22,4,36,36,1975,COL,SAR,Michael Witheblock,Linebacker,sakrosankt
22,4,37,37,1934,BAL,HON,Shawn Dawkins,Safety,Number 82
22,4,38,38,1947,OCO,SAR,Fawn Dillmiballs,Defensive Tackle,Booger
22,4,39,39,1836,YKW,AZ,Bruce Buckley,Offensive Lineman,NicholasTheGreat
22,4,40,40,1761,NOLA,AZ,Calvin Golladay,Offensive Lineman,CalvinGolladay
22,5,41,41,1775,PHI,SJS,Cadillac Harris,Cornerback,Warner
22,5,42,42,1867,AZ,AUS,Kichwa Jones,Running Back,howsour
22,5,43,43,1931,SJS,AUS,Tommy Sacamano,Offensive Lineman,TommyThaMan
22,5,44,44,1753,CHI,AZ,Thomas Passmann,Offensive Lineman,StamkosFan
22,5,45,45,1902,AUS,BAL,Ben Stackinpaper,Cornerback,benstackinpaper
22,5,46,46,1903,COL,OCO,Tatsu Nakamura,Running Back,qWest
22,5,47,47,1738,BAL,YKW,Acura Skyline,Running Back,Skyline
22,5,48,48,1777,OCO,NOLA,LiterallyJust A. Hexagon,Safety,JPach
22,5,49,49,1762,YKW,HON,William Alexander,Wide Receiver,morsy
22,5,50,50,1895,NOLA,SAR,James Angler,Tight End,tMuse
22,6,51,51,1896,PHI,COL,Ismael Sanchez,Defensive End,Ismael8907
22,6,52,52,1699,AZ,AZ,Claude Miller II,Defensive Tackle,Bruins10
22,6,53,53,1722,SJS,SJS,Matthew McDairmid,Kicker,Matty7478
22,6,54,54,1756,CHI,AZ,Zamir Kehla,Cornerback,retrospace111
22,6,55,55,1843,AUS,HON,Jack Banks,Linebacker,TheRocheLimit
22,6,56,56,1827,COL,PHI,Tom Sofa,Quarterback,NamelessNate
22,6,57,57,1714,BAL,BAL,Nick Kaepercolin,Quarterback,Highhaschdi
22,6,58,58,1803,OCO,OCO,Daniel George,Tight End,dk87gaming
22,6,59,59,1771,YKW,YKW,Patrik Money,Defensive Tackle,PMoney
22,6,60,60,1912,NOLA,PHI,Jonathan Altidor,Cornerback,ralams123
22,7,61,61,1940,PHI,HON,Luke Skywalker,Quarterback,muse316
22,7,62,62,1811,AZ,SAR,Ragnar Rok,Safety,Thiath
22,7,63,63,1704,SJS,PHI,Spike Suzuki,Linebacker,xbijin
22,7,64,64,1694,CHI,AZ,Slinky Claxton,Defensive End,Shiznit19
22,7,65,65,1724,AUS,SJS,George ’Corpse Grinder’ Fisher,Linebacker,AL_GRINGO
22,7,66,66,1819,COL,CHI,Julio Tirtawidjaja,Running Back,indonesianhusker
22,7,67,67,1854,BAL,BAL,Nuniq Annastesia,Defensive Tackle,Brucehum
22,7,68,68,1876,OCO,SAR,Joey McCabe,Offensive Lineman,Benthicc_Biomancer
22,7,69,69,1935,YKW,BAL,Dex Kennedy,Linebacker,Dagumpa
22,7,70,70,1918,NOLA,OCO,Garfield Despacito Jr.,Wide Receiver,Gwdjohnson
22,8,71,71,1855,PHI,YKW,Susan Cash.Jr,Wide Receiver,2Burkeulosis
22,8,72,72,1682,AZ,NOLA,Hank Steel,Defensive Tackle,DrChops
22,8,73,73,1774,SJS,HON,Bayden Brosley,Cornerback,sensual-snickers-bar
22,8,74,74,1809,CHI,SJS,Jamar Lackson,Running Back,BenDover
22,8,75,75,1754,AUS,PHI,Mario VonPebbles,Defensive End,Jangorhino
22,8,76,76,1948,COL,COL,Richard Gilbert,Running Back,SwankyPants31
22,8,77,77,1839,BAL,SJS,Brendan Lanier,Safety,jdourtled
22,8,78,78,1951,OCO,CHI,Hamish MacAndrew,Safety,IthicaHawk
22,8,79,79,1962,YKW,COL,Leeroy Jenkins,Offensive Lineman,dahayn
22,8,80,80,1734,NOLA,PHI,Donatello Arrabiata,Tight End,lamboalfredo
22,9,81,81,1840,PHI,CHI,Simeon Works,Defensive End,juicychase
22,9,82,82,1719,AZ,OCO,Kevin Koh,Wide Receiver,Coterminity
22,9,83,83,1801,SJS,YKW,Magnus Valdyr,Safety,KamiCommie
22,9,84,84,1825,CHI,SJS,Matt Krause,Offensive Lineman,SomeSay...
22,9,85,85,1720,AUS,HON,Kal Solarin,Kicker,Kalakar
22,9,86,86,1969,COL,SAR,Sebastian Vettel,Safety,Phalanx32
22,9,87,87,1808,BAL,AZ,Jacoby Batista,Running Back,Tigerfan895
22,9,88,88,1972,OCO,AZ,Taylor Cooper,Offensive Lineman,gargaroff
22,9,89,89,1847,YKW,SJS,Jamie Watson,Wide Receiver,DigitalMole
22,9,90,90,1781,NOLA,CHI,Sam Sidekick,Kicker,Evok
22,10,91,91,1857,PHI,HON,Daymond Brooks,Defensive Tackle,ForSucksFake
22,10,92,92,1898,AZ,COL,Sim SnowBow,Quarterback,SnowyWolfz
22,10,93,93,1974,SJS,NOLA,Samuel L Sackson Sr.,Linebacker,Ortecam
22,10,94,94,1749,CHI,PHI,Suleiman Ramza,Quarterback,Blasoon
22,10,95,95,1768,AUS,YKW,Mike Lee,Wide Receiver,youngcricket
22,10,96,96,1837,COL,NOLA,Blake Alexander,Wide Receiver,AlexF
22,10,97,97,1941,BAL,HON,Ozamataz Buckshank,Cornerback,Ozamataz
22,10,98,98,1901,OCO,SAR,Aaron Feels,Running Back,Soup_man89
22,10,99,99,1922,YKW,PHI,J.B. Apollo,Running Back,Apollo
22,10,100,100,1746,NOLA,AZ,Friedrich Vequain,Tight End,Sutj
22,11,101,101,1829,PHI,SJS,Nick Marksman,Tight End,nick900
22,11,102,102,1780,AZ,COL,Nat Wright,Linebacker,nated4444
22,11,103,103,1861,SJS,CHI,Abbas Muhammad,Safety,stupiduglyidiot
22,11,104,104,1960,CHI,HON,Mark Radson,Linebacker,Ayyylmao
22,11,105,105,1835,AUS,BAL,Tan Johnson,Wide Receiver,tan5o4
22,11,106,106,1892,COL,OCO,Jimmy Frackerson,Defensive End,popop143
22,11,107,107,1758,BAL,YKW,Zee Rechs,Tight End,ZootTX
22,11,108,108,1870,OCO,NOLA,Sean Snyder,Wide Receiver,DatSmolBoi
22,11,109,109,1845,YKW,HON,Jim Waters,Cornerback,siddhus
22,11,110,110,1710,NOLA,SAR,Jacob Small,Kicker,bjkman
22,12,111,111,1688,PHI,PHI,Tristan Gronlie,Defensive Tackle,WateringCan
22,12,112,112,1717,AZ,AZ,Zed Keppler,Running Back,sayitundefined
22,12,113,113,1778,SJS,SJS,Buster Brownce,Defensive End,Jacob.bilyeu18
22,12,114,114,1928,CHI,CHI,Von Hayes,Defensive End,LimJahey
22,12,116,116,1937,COL,PHI,Alexander Hamilton II,Cornerback,Alexander Hamilton II
22,12,117,117,1942,BAL,BAL,Godrick Fallstrum,Defensive Tackle,infyy
22,12,118,118,1885,OCO,OCO,Jorcher Minor,Offensive Lineman,ACEPATS
22,12,119,119,1877,YKW,YKW,Ed Ball,Safety,Qball710
22,12,120,120,1879,NOLA,NOLA,Beef Buckets,Defensive End,Dropology
22,13,121,121,1743,PHI,HON,Tristian Hex,Running Back,hexify
22,13,122,122,1894,AZ,SAR,Clark Boyd,Offensive Lineman,Cheech65
22,13,123,123,1919,SJS,CHI,Shawn Ansari,Tight End,sreddy969
22,13,124,124,1685,CHI,AZ,Danielle Hunter,Defensive End,jaskins811
22,13,125,125,1713,AUS,SJS,Silas Meissner,Safety,Superpig
22,13,126,126,1824,COL,CHI,Tyron Shields,Cornerback,TheCC
22,13,127,127,1890,BAL,SAR,Cody Martin,Cornerback,ThiccestBaboon
22,13,128,128,1785,OCO,COL,Devaunte Sackpieder,Linebacker,devaunte
22,13,129,129,1953,YKW,BAL,Michael Lee,Safety,Sorrel
22,13,130,130,1914,NOLA,OCO,Rondo Jones,Tight End,IronWall
22,14,131,131,1735,PHI,YKW,Cadillac Mitchell,Linebacker,otto74
22,14,132,132,1730,AZ,NOLA,Streetlamp LeMoose,Running Back,Moooooose
22,14,133,133,1961,SJS,HON,Le Kick,Kicker,Birb
22,14,134,134,1893,CHI,SAR,Bo Jangles,Cornerback,Gazoid
22,14,135,135,1765,AUS,CHI,D’Brickashaw Cannon,Defensive End,sebsal
22,14,136,136,1933,COL,HON,James Carson,Offensive Lineman,gold2855
22,14,137,137,1733,BAL,SJS,Douglas MacArthur,Tight End,KingAmazing
22,14,138,138,1950,OCO,CHI,Ronan Briscoe,Wide Receiver,ronanb23
22,14,139,139,1874,YKW,SAR,Sean O’Donohue,Linebacker,seanod123
22,14,140,140,1773,NOLA,COL,Sylvester Berlin,Offensive Lineman,Epitaxi
22,15,141,141,1679,PHI,BAL,A-Aron Balakae,Safety,blakae8
22,15,142,142,1878,AZ,OCO,Pseudo QB,Kicker,xxxbruhxxx
22,15,143,143,1889,SJS,YKW,Clayton Jones,Defensive Tackle,SweetPot8erFrys
22,15,144,144,1858,CHI,NOLA,Slim Pickens,Defensive End,slim-pickens
22,15,145,145,1832,AUS,HON,Landon Moore,Defensive End,Saturnation
22,15,146,146,1929,COL,SAR,Anthony Brewer,Defensive End,NoahFinn
22,15,147,147,1838,BAL,CHI,Joe Montania,Defensive Tackle,Ramiochoa730
22,15,148,148,1750,OCO,HON,Xaq Schiaparelli,Cornerback,Lockeddown217
22,15,149,149,1795,YKW,SJS,Ricky Boomhauer,Cornerback,Ktown93
22,15,150,150,1859,NOLA,CHI,Nathan Bourne,Defensive End,PaoPao02
22,16,151,151,1813,PHI,SAR,Alex Ingram,Cornerback,ThisAlexIngram
22,16,152,152,1736,AZ,COL,Thunder Cat,Cornerback,mmfootball
22,16,153,153,1790,SJS,BAL,Winston Bragg,Running Back,Mons00n
22,16,154,154,1899,CHI,OCO,Loin Stake,Defensive End,Chunk
22,16,155,155,1759,AUS,YKW,Lucas Faucher,Defensive Tackle,Darklux
22,16,156,156,1904,COL,NOLA,Da Owl,Running Back,dmr1011
22,16,157,157,1686,BAL,HON,Rico Martinez,Cornerback,Embrace_Fitz_Magic_39
22,16,158,158,1952,OCO,SAR,Hengwei Luo,Safety,Cdoubleu
22,16,159,159,1864,YKW,CHI,Justice Wolfe,Defensive End,that_guy_you_kno
22,17,161,161,1741,PHI,SJS,Dick Daniels,Linebacker,Bommer238
22,17,162,162,1888,AZ,CHI,Xavier O’Doyle,Cornerback,rawdawg30
22,17,163,163,1739,SJS,SAR,Will-Barry Underground,Defensive End,wuhkuhh
22,17,164,164,1869,CHI,COL,Meep Meep,Defensive End,MongrelQuill5
22,17,165,165,1681,AUS,BAL,Frank Ngyuen,Defensive End,enchurito
22,17,166,166,1711,COL,OCO,Jimmy Cooks,Safety,slacjr
22,17,167,167,1677,BAL,YKW,Valor Gilmore,Cornerback,Soleom
22,17,168,168,1939,OCO,NOLA,Sulu Candles,Running Back,william90
22,17,169,169,1910,YKW,HON,Swift Willy,Quarterback,Rise of Smitty
22,17,170,170,1932,NOLA,SAR,Fernando Cruz,Offensive Lineman,fcruz
22,18,171,171,1833,PHI,CHI,Cavalier Craighorn,Quarterback,Dean
22,18,172,172,1818,AZ,HON,Pierre Voodoo,Safety,Slizzard16
22,18,174,174,1697,CHI,CHI,Adrian Hamsh,Linebacker,Reverb
22,18,175,175,1789,AUS,SAR,Hiram Abiff,Linebacker,HiramAbiff
22,18,176,176,1949,COL,COL,Fatso Wombat,Linebacker,Rusty
22,18,177,177,1821,BAL,BAL,Calvin McMann,Linebacker,hyphenjack
22,18,178,178,1715,OCO,OCO,Ayden Bayden,Defensive End,sweeticlayd
22,18,179,179,1881,YKW,YKW,Kennedy Cannon,Cornerback,Astonic
22,18,180,180,1880,NOLA,NOLA,Anthony De Luca,Running Back,foolybooly
22,19,181,181,1810,PHI,HON,Chauncey Morrison,Defensive End,brojam
22,19,182,182,1748,AZ,SAR,Patrick Holding,Running Back,Benster713
22,19,183,183,1915,SJS,CHI,Gabriel Graves,Defensive End,BDKIAFau
22,19,184,184,1763,CHI,HON,Nick Jones,Cornerback,xBradyy
22,19,185,185,1757,AUS,SJS,Jordan Davis,Safety,Chihawks
22,19,186,186,1966,COL,CHI,John Doe,Tight End,ArtichokeDip
22,19,187,187,1698,BAL,SAR,Lance Bangs,Cornerback,LanceBangs
22,19,188,188,1802,OCO,COL,Colin Vance,Quarterback,MehoyMinoy7
22,19,189,189,1804,YKW,BAL,Henry Saxe-Coburg-Gotha,Wide Receiver,His Dark Materials
22,19,190,190,1740,NOLA,OCO,C.D. Waldo,Safety,CDWaldo
22,20,191,191,1783,PHI,YKW,Moe Willis,Safety,Griff001
22,20,192,192,1707,AZ,NOLA,Vince Waterhouse,Running Back,mcloud313
22,20,193,193,1882,SJS,HON,John Nesbitt,Defensive Tackle,Nezzi
22,20,194,194,1787,CHI,SAR,Allen Spooner,Quarterback,aspooner5
22,20,195,195,1718,AUS,CHI,Malcom Jenkins,Cornerback,TheGrapist
22,20,196,196,1794,COL,HON,Montgomery Mantooth,Tight End,Hater
22,20,197,197,1959,BAL,SJS,Danshawn Jenkins,Defensive End,MadCashFlow
22,20,198,198,1816,OCO,CHI,Kade Hines,Defensive Tackle,Tesoroano7
22,20,199,199,1796,YKW,SAR,Chudds Whittaker,Linebacker,LegBeg
22,20,200,200,1964,NOLA,COL,Swlane Train,Defensive Tackle,swlane
22,21,201,201,1943,PHI,BAL,Seth Lindsey,Kicker,SethLindsey
22,21,202,202,1830,AZ,OCO,Gabe Nickson,Offensive Lineman,GabeNickson63
22,21,203,203,1826,SJS,YKW,Logan Marshall,Wide Receiver,Raistlin
22,21,204,204,1865,CHI,NOLA,Troy Pressing,Running Back,Tp3480
22,21,205,205,1755,AUS,HON,Cal Cutta,Wide Receiver,CJPJD
22,21,206,206,1680,COL,SAR,Titus Lincoln,Tight End,trav56
22,21,207,207,1841,BAL,CHI,Terrell Brister Jr.,Wide Receiver,tbone415
22,21,208,208,1712,OCO,HON,David Banner,Defensive Tackle,Born_to_die
22,21,209,209,1930,YKW,SJS,Craig Royal,Tight End,Guess911
22,21,210,210,1925,NOLA,CHI,Steve Alvarado,Wide Receiver,SwishaSteve
22,22,211,211,1834,PHI,SAR,Bobby Boomski,Kicker,harreth
22,22,212,212,1923,AZ,COL,Tony Baloney,Defensive Tackle,STarantelli
22,22,213,213,1703,SJS,BAL,Chad Zhao,Defensive Tackle,icebananas
22,22,214,214,1873,CHI,OCO,Julius Andersson,Linebacker,Julius1304
22,22,215,215,1884,AUS,YKW,"Ronnie ""The Bone Crusher"" Schultz",Linebacker,apocalypsedenim
22,22,216,216,1732,COL,PHI,Cashrinski blödenheimer,Kicker,bob
22,22,217,217,1906,BAL,HON,Scott Scott,Wide Receiver,MushroomMan89
22,22,218,218,1705,OCO,SAR,Sawyer Brutalitops,Linebacker,crazyandwavy
22,22,219,219,1693,YKW,CHI,Jay Signs,Cornerback,boshjailey
22,22,220,220,1709,NOLA,HON,Rickety Cricket,Cornerback,Falcondancer
22,23,221,221,1886,PHI,SJS,Amadeus Green,Safety,Armadillq
22,23,222,222,1770,AZ,CHI,Daniel Ross,Linebacker,FootballGuru
22,23,223,223,1883,SJS,SAR,Nathan Bigelow,Wide Receiver,Obscure
22,23,224,224,1971,CHI,COL,Leland Breeland,Defensive Tackle,Honeybaby
22,23,225,225,1769,AUS,BAL,Cameron Tova,Tight End,TheSnorkel
22,23,226,226,1853,COL,OCO,Eugene McEvan,Linebacker,jsho574
22,23,227,227,1806,BAL,YKW,"Cam ""Burrito"" Burto",Defensive Tackle,Sloppyjoe83
22,23,228,228,1800,OCO,NOLA,Toshihide Matsumoto,Offensive Lineman,Ted
22,23,229,229,1725,YKW,HON,BooBoo Rodgers,Cornerback,zoferrari14
22,23,230,230,1891,NOLA,SAR,Dean Winchester,Safety,DWinchester
22,24,231,231,1700,PHI,CHI,Zakary Duke,Safety,Sunshine32
22,24,232,232,1689,AZ,HON,Dude Doggo,Quarterback,Matrix
22,24,233,233,1908,SJS,SJS,Rainman Legends,Defensive End,RainmanL
22,24,234,234,1784,CHI,CHI,Evan Riley,Quarterback,Bullmastiff
22,24,235,235,1729,AUS,SAR,Raiden Briggs,Linebacker,Dat_Puff
22,24,236,236,1792,COL,COL,Bobby Black,Wide Receiver,penbleezus
22,24,237,237,1692,BAL,BAL,Bryant Moreland,Wide Receiver,senseichen
22,24,238,238,1957,OCO,OCO,Archideld Bonzales,Defensive Tackle,birdleaf
22,24,239,239,1913,YKW,YKW,Montgomery Burns,Safety,oceanisadesert
22,24,240,240,1812,NOLA,NOLA,Julius Augustus,Offensive Lineman,New2this69
22,25,241,241,1842,PHI,HON,Farrior Deschain,Defensive End,braddletoad
22,25,242,242,1708,AZ,SAR,Carlos Woods,Cornerback,eao134
22,25,243,243,1828,SJS,CHI,JR Maverick,Cornerback,JR_Maverick
22,25,244,244,1742,CHI,HON,Max McClure,Tight End,GreenBayWatty
22,25,245,245,1862,AUS,SJS,Elias Ziegler,Safety,NaTek27
22,25,246,246,1676,COL,CHI,Curious George,Wide Receiver,EliteFlame7
22,25,247,247,1907,BAL,SAR,Colin Miller,Tight End,MillerTime1803
22,25,248,248,1911,OCO,COL,Matt Elam,Safety,Brody
22,25,249,249,1956,YKW,BAL,Seth Goepferich,Tight End,SG2Tall4You
22,25,250,250,1944,NOLA,OCO,Joshua Vanger,Safety,JVanger
22,26,251,251,1727,PHI,YKW,Regan Meynell,Tight End,RMEYNELL
22,26,253,253,1752,SJS,HON,Buster Nelson,Linebacker,NickyWhit
22,26,254,254,1938,CHI,SAR,Anthony DiNapoli,Defensive Tackle,acoccia
22,26,255,255,1921,AUS,CHI,A.J. Warren,Defensive End,Leoben
22,26,256,256,1860,COL,HON,Johnnie McCartney,Linebacker,Dustao
22,26,257,257,1747,BAL,SJS,Thom Shaylor,Safety,Semi-CharmedKindaGuy
22,26,258,258,1798,OCO,CHI,Tom Thorne,Linebacker,Tugles
22,26,259,259,1822,YKW,SAR,Perry King,Tight End,joe
22,26,260,260,1814,NOLA,COL,Willis Cannon,Kicker,bigDUB
22,27,261,261,1920,PHI,BAL,Samuel Miller,Linebacker,isteelers11
22,27,262,262,1965,AZ,OCO,Jacob Caine,Cornerback,JacobPCGaming
22,27,263,263,1900,SJS,YKW,Paul Novotny,Defensive Tackle,Earf
22,27,264,264,1823,CHI,NOLA,Denarius Krackle,Defensive Tackle,EarsoftheWolf
22,27,265,265,1716,AUS,HON,Buster Holiday,Linebacker,StormFlow
22,27,266,266,1945,COL,SAR,Caloe Peara,Linebacker,FryO
22,27,267,267,1963,BAL,CHI,Bucky Laurence,Defensive Tackle,GoochThunder
22,27,268,268,1737,OCO,HON,Nicolas Stone,Linebacker,daguerro
22,27,269,269,1788,YKW,SJS,Ronan McDonagh,Kicker,ronan
22,27,270,270,1844,NOLA,CHI,Calum Auron,Safety,Polygeekism
22,28,271,271,1687,PHI,SAR,Donovan Smith,Wide Receiver,TheLordPred
22,28,272,272,1815,AZ,COL,Ike Oscar,Tight End,Btultz06
22,28,273,273,1723,SJS,BAL,Banjo May,Kicker,.simo
22,28,274,274,1848,CHI,OCO,Tyler Curtis,Wide Receiver,TMoney
22,28,275,275,1954,AUS,YKW,Bartholomew Castor,Safety,MysteriousStranger
22,28,276,276,1691,COL,NOLA,Raheem Bird,Linebacker,Redbird
22,28,277,277,1678,BAL,HON,DeSean Hill,Wide Receiver,NoobPanda
22,28,278,278,1786,OCO,SAR,Lee Jordan,Defensive Tackle,TheBeast95
22,28,279,279,1805,YKW,CHI,Matthew Curran,Defensive Tackle,Dilios
22,28,280,280,1973,NOLA,HON,DeShawn Jones,Defensive End,RyanTrax
22,29,281,281,1917,PHI,SJS,Leo Browning,Linebacker,leman363
22,29,282,282,1726,AZ,CHI,Patrick Hardy,Safety,YVNGREED
22,29,283,283,1797,SJS,SAR,Brent Blackmon,Tight End,William89
22,29,284,284,1887,CHI,HON,Dan Jackson,Safety,AverageHero
23,1,1,1,2048,CHI,COL,Greedy Sly,Offensive Lineman,Sylphreni
23,1,2,2,1979,BAL,BAL,Tyler Montain,Linebacker,Amidships
23,1,3,3,1983,HON,HON,Heinrich Kackpoo,Defensive Tackle,gbfn
23,1,4,4,1990,AZ,AZ,DB Jadakiss,Safety,hotdog
23,1,5,5,1980,PHI,PHI,Tycker Om,Defensive End,Mysa
23,1,6,6,2040,SAR,SJS,Tychondrius Hood,Wide Receiver,Tylus
23,1,7,7,1977,SJS,SAR,Son Goku,Defensive End,Naosu
23,1,8,8,2017,NOLA,SAR,Raphael d’Alcott,Safety,KenitohMenara
23,1,9,9,2071,AUS,HON,Ray-Ray Jackson,Cornerback,Jason
23,1,10,10,2065,YKW,YKW,L’Carpetron Dookmarriot,Safety,notorioustig
23,1,11,11,1978,OCO,OCO,Bob Bob,Offensive Lineman,nickyvmlp
23,1,12,12,2027,COL,COL,Dick Thruster,Offensive Lineman,PersonMann
23,2,13,13,2021,CHI,CHI,Hingle McCringleberry,Linebacker,Jmac NCheese
23,2,14,14,2068,BAL,PHI,Eugene Smoothie,Safety,Nhamlet
23,2,15,15,2060,HON,AZ,Julio Jones,Offensive Lineman,24redcrayons
23,2,16,16,2032,AZ,AUS,Griffin Porter,Linebacker,AsylumParty
23,2,17,17,2050,PHI,BAL,IHeart Syracuse,Safety,Huskies311
23,2,18,18,2009,SAR,SJS,Water Chestnut III,Defensive End,ckroyal92
23,2,19,19,2034,SJS,AZ,Danny King Jr.,,Jo3fish5
23,2,20,20,2047,NOLA,BAL,Lesean Paris Crooks,Cornerback,The_Kidd
23,2,21,21,1981,AUS,HON,Bane Kaʻanāʻanā,Defensive Tackle,ADwyer87
23,2,22,22,2030,YKW,YKW,Kai Sakura,Wide Receiver,DarknessRising
23,2,23,23,2024,OCO,OCO,Carl Wheezer,Offensive Lineman,LGMForever
23,2,24,24,2028,COL,NOLA,Adélie de Pengu,Linebacker,IsaStarcrossed
23,3,25,25,2007,CHI,CHI,Luca Scabbia,Wide Receiver,enigmatic
23,3,26,26,2059,BAL,COL,Jackson Kingston,Wide Receiver,Daybe
23,3,27,27,2042,HON,HON,Nicholas Ayers,Running Back,Faded
23,3,28,28,1998,AZ,AZ,Benoit Blanco,Safety,xQCFamous
23,3,29,29,1984,PHI,PHI,Dre Matthews,Wide Receiver,Confictional
23,3,30,30,2063,SAR,SAR,Mike Karpaasi,Defensive End,puolivalmiste
23,3,31,31,2055,SJS,SAR,Mikel van Perkins,Cornerback,Pavel Pipowitsch
23,3,32,32,2044,NOLA,BAL,Doug Howlett,Wide Receiver,Rufio_NZ
23,3,33,33,2062,AUS,AZ,Rigby Raccoon,Offensive Lineman,dieselj123
23,3,34,34,1987,YKW,SAR,Running Back,Offensive Lineman,Nykonax
23,3,35,35,2016,OCO,AZ,Reginald Covington III,Quarterback,PDXBaller
23,3,36,36,2067,COL,AUS,Videl-San -,Wide Receiver,ValorX77
23,4,37,37,1985,CHI,AUS,Tomage McGullager,Cornerback,Philliesphan96
23,4,38,38,2066,BAL,BAL,Datsum PhastBawls,Kicker,Rabidsponge21
23,4,39,39,1994,HON,HON,Tyrone Woods,Linebacker,Rindiee
23,4,40,40,2019,AZ,CHI,Griff Oberwald,Wide Receiver,Aenir
23,4,41,41,1989,PHI,PHI,Achtfünf -,Wide Receiver,.simo
23,4,42,42,2012,SAR,SJS,Philip Stein,Safety,IHateBobNutting
23,4,43,43,1999,SJS,CHI,Eric Richards,Safety,WildfireMicro
23,4,44,44,1988,NOLA,NOLA,Brock Bodenhamer,Wide Receiver,toivo
23,4,45,45,2010,AUS,CHI,Quanter Skrills,Running Back,Saliva^
23,4,46,46,1982,YKW,YKW,Braxton Sinclair,Defensive Tackle,Lost_Kelu
23,4,47,47,2014,OCO,OCO,Keynel McZeal,Running Back,PSanchez55
23,4,48,48,2000,COL,COL,Yuuto Kira Cloudera,Defensive Tackle,kentakira
23,5,49,49,2033,CHI,CHI,Brennan Kennedy,Cornerback,bk1689
23,5,50,50,1992,BAL,BAL,Dick Thunder,Offensive Lineman,dylanjj37
23,5,51,51,2020,HON,HON,Blade McCoy,Linebacker,Blaster
23,5,52,52,2051,AZ,CHI,Arik Eller,Defensive End,Ace
23,5,53,53,2058,PHI,HON,3’ Jeffrey,Defensive End,JSS
23,5,54,54,2038,SAR,SJS,Mac Griddle,Safety,mcgriddleluver
23,5,55,55,2064,SJS,SAR,Deonte Washington,Wide Receiver,SouljaBoy2007
23,5,56,56,2018,NOLA,NOLA,Judas The White,Defensive Tackle,Judas_Iscariot
23,5,57,57,2029,AUS,AUS,Mordecai Morrisey,Defensive End,MCP_
23,5,59,59,2069,OCO,OCO,Danny King,Kicker,DanE got dis
23,5,60,60,2031,COL,COL,Omar Wright Jr.,Linebacker,dave
23,6,61,61,1993,CHI,CHI,Bradley Owens,Linebacker,Keyg_an
23,6,62,62,2046,BAL,BAL,Ethan Smith,Tight End,Esmith4358
23,6,63,63,2045,HON,HON,Mike Afton,Wide Receiver,tree
23,6,64,64,2008,AZ,AZ,Byron Blackwell,Cornerback,thecanadiancanuck
23,6,65,65,2070,PHI,HON,Jason Young,Cornerback,A Duck On Quack
23,6,66,66,2036,SAR,SJS,CJ Hopkins,Tight End,noahjohng51
23,6,67,67,2049,SJS,SAR,Bob Murphy,Running Back,Dizzman
23,6,68,68,2039,NOLA,NOLA,Broken Bot2draftfinalasdasd,Defensive Tackle,loco
23,6,69,69,2022,AUS,OCO,Mr. Large Sternum,Defensive End,ml002
23,6,70,70,1991,YKW,YKW,Brian Earlbacher,Linebacker,earlbacher
23,6,71,71,1995,OCO,OCO,Charmin Glassley,Linebacker,nairbretsamdaerb
23,6,72,72,2052,COL,COL,Brady Matthis,Tight End,Preston_99
23,7,73,73,2011,CHI,CHI,Kayleb Dotson,Safety,K Dot
23,7,74,74,1976,BAL,BAL,Harrison Leavers,Wide Receiver,Harrison.Leavers
23,7,75,75,2003,HON,HON,Jahlani Kelekolio,Defensive End,FlyinHawaiian
23,7,76,76,2043,AZ,AZ,Diego Hernandez,Defensive Tackle,bertogarce
23,7,77,77,2056,PHI,HON,Atossa Atlas,Safety,Uprisingslash
23,7,78,78,2015,SAR,SJS,Unoriginal Name,Cornerback,I'll change this later
23,7,79,79,2061,SJS,SAR,Sean Reynolds,Safety,SeanReynolds
23,7,80,80,1997,NOLA,PHI,"Dick ""Dickie"" Cheese III",Safety,BaseScoutX1
23,7,81,81,2041,AUS,OCO,Killian Carnahan,Cornerback,Carnie #3
23,7,82,82,2026,YKW,YKW,Joseph May,Safety,EvrybdyzRussian
23,7,83,83,2013,OCO,OCO,Rice Ahoc-Machine,Running Back,ycstefano
23,7,84,84,2005,COL,COL,Made Cays,Offensive Lineman,PancakesAllDay
23,8,85,85,2057,CHI,CHI,Jim Namen Jr,Defensive End,Trickiefella1
23,8,86,86,2037,BAL,BAL,Moe Johnston,Defensive Tackle,Jagajaga222
23,8,87,87,2023,HON,HON,I Hop,Offensive Lineman,cpetrella
23,8,88,88,2054,AZ,OCO,Rick Casey,Tight End,AzxCards
23,8,89,89,2025,PHI,HON,Mac Mobley,Safety,M.Dawg3.0
23,8,90,90,2006,SAR,SJS,Damien Hands,Wide Receiver,youngkingabdul
23,8,91,91,1996,SJS,SAR,Benji Raji,Defensive Tackle,Rocketman
23,8,92,92,2002,NOLA,NOLA,Geykume Onfroy,Running Back,yhaiat
23,8,93,93,2001,AUS,HON,Chaz Michaels,Safety,ChazMichaels
24,1,1,1,2080,CHI,CHI,Juan Domine,Linebacker,Yeenoghu
24,1,2,2,2144,SJS,SJS,Joshua Campbell,Wide Receiver,Buttersqauch101
24,1,3,3,2142,HON,HON,Asher Montain,Defensive End,Attopax
24,1,4,4,2094,SAR,SAR,Harrison Andrews,Cornerback,abh89
24,1,5,5,2135,BAL,BAL,Maverick Bowie,Cornerback,Tonzy
24,1,6,6,2078,AZ,AZ,Deadly Memes,Running Back,Z-Whiz
24,1,7,7,2133,NOLA,NOLA,Quentin Button,Offensive Lineman,pppaul317
24,1,8,8,2146,PHI,AUS,Zoe Watts,Running Back,Kyamprac
24,1,9,9,2112,COL,COL,Melvin Murder-Moose,Linebacker,SchwarzNarr
24,1,10,10,2134,OCO,OCO,Joseph Joestar,Linebacker,Lime
24,1,11,11,2147,AUS,PHI,Dorothy Zbornak,Cornerback,Slothman07
24,1,12,12,2105,YKW,YKW,Brach Thomaslacher,Linebacker,RDBSouthPaw
24,2,13,13,2091,CHI,CHI,Icebox Riposte,Offensive Lineman,Mavfatha
24,2,14,14,2114,SJS,COL,Joel Drake,Safety,Rusfan
24,2,15,15,2126,HON,HON,Sigismund Sternenstaub,Running Back,Mongoose87
24,2,16,16,2130,SAR,BAL,Captain Rogers,Running Back,TeyonSchavari
24,2,17,17,2140,BAL,NOLA,Busch Light,Linebacker,crow19
24,2,18,18,2111,AZ,AZ,Adam Schell,Linebacker,Cincyfan96
24,2,19,19,2119,NOLA,NOLA,Azarius Ranger,Defensive End,MobiausGrander
24,2,20,20,2088,PHI,AZ,Taro Raimon,Wide Receiver,xTri
24,2,21,21,2137,COL,COL,Mattathias Caliban,Quarterback,PigSnout
24,2,22,22,2115,OCO,OCO,Ne Mo,Offensive Lineman,Sushi
24,2,23,23,2100,AUS,PHI,Jeremiah Zelos,Safety,Hallmonitor_20
24,2,24,24,2104,YKW,YKW,Sam Howitzer,Quarterback,Trautner
24,3,25,25,2074,CHI,AZ,Charlemagne Cortez,Quarterback,MrStennett
24,3,26,26,2116,SJS,SJS,Rickie Vaughne,Cornerback,supertardis101
24,3,27,27,2125,HON,HON,Ragnar Krashwagen,Tight End,CementHands
24,3,28,28,2141,SAR,SAR,Mike Boss Jr,Linebacker,JBLAZE_THE_BOSS
24,3,29,29,2131,BAL,SAR,Zack Mouse,Safety,Haseo
24,3,30,30,2095,AZ,AZ,Sergio Kitchens,Linebacker,WannabeFinn
24,3,31,31,2093,NOLA,NOLA,LeBong Simwell,Defensive Tackle,Birdman
24,3,32,32,2077,PHI,PHI,Macaroni “Mac” Elephant,Offensive Lineman,Nictox
24,3,33,33,2083,COL,COL,Nerdy Name,Safety,Skyfish
24,3,34,34,2150,OCO,PHI,Thomas Rose,Kicker,bigbluex02
24,3,35,35,2089,AUS,AUS,Korbin Brown,Wide Receiver,YoungTB
24,3,36,36,2148,YKW,YKW,Alejandro Chainbreaker,Linebacker,Sermokala
24,4,37,37,2082,CHI,CHI,Oliver Sloan,Defensive End,Net
24,4,38,38,2086,SJS,SJS,Rashad Hilliard,Safety,GotDatWeeFee
24,4,39,39,2096,HON,HON,Ajay Krishna,Offensive Lineman,Hooperorama
24,4,40,40,2079,SAR,SAR,Arlington Heights,Defensive End,MisObvious
24,4,41,41,2129,BAL,SAR,"Thad Pennington, Jr.",Offensive Lineman,Blastmeaway
24,4,42,42,2084,AZ,AZ,Mattress Cadaire,Offensive Lineman,MattressCadaire
24,4,43,43,2113,NOLA,NOLA,Woodrow Brooks,Defensive End,Garnuk
24,4,44,44,2108,PHI,BAL,Myles Smith,Linebacker,TheManWhoSoldTheWorld
24,4,45,45,2143,COL,BAL,Mai Fukushū,Running Back,Jiggly_333
24,4,46,46,2127,OCO,OCO,"Chad ""The Rig"" Simpson",Defensive Tackle,Jepox
24,4,47,47,2109,AUS,BAL,Sasha Medved,Defensive End,Walder Frey
24,4,48,48,2075,YKW,YKW,Frank Michell,Tight End,DeadlyPlayer
24,5,49,49,2123,CHI,CHI,Crowbar Theeks,Running Back,BWIII
24,5,50,50,2139,SJS,SJS,Petra Sabor,Linebacker,SaborTheWaverunner
24,5,51,51,2076,HON,HON,Tre’Darius J’Vathon,Running Back,Rise of Smitty
24,5,52,52,2124,SAR,SAR,Blago Kokot,Kicker,Goat_Whisperer
24,5,53,53,2121,BAL,BAL,"Thomas ""The Tank"" Engine",Tight End,DeanoBamBeano
24,5,54,54,2097,AZ,AZ,James Pazos,Cornerback,Snussu
24,5,55,55,2132,NOLA,NOLA,Juke Thomason,Kicker,Luke
24,5,56,56,2073,PHI,BAL,Bob Smith,Defensive End,Cristóbal
24,5,57,57,2118,COL,BAL,Logan Hex,Wide Receiver,Apple Bee#39;s Manager
24,5,58,58,2149,OCO,OCO,Grummy Bear,Safety,Grum
24,5,59,59,2136,AUS,AUS,John Price,Cornerback,Blue
24,5,60,60,2120,YKW,YKW,Delta Airlines,Linebacker,delta
24,6,61,61,2098,CHI,CHI,Eliajah Williams,Running Back,Eliajah
24,6,62,62,2101,SJS,SJS,Michael Cera,Defensive Tackle,JoshMcNabb
24,6,63,63,2110,HON,HON,Greg Young,Tight End,100stars
24,6,65,65,2106,BAL,BAL,Axel E. Ratione,Safety,Ode2U
24,6,66,66,2138,AZ,AZ,Alpha Centauri,Defensive Tackle,Piggboye
24,6,67,67,2092,NOLA,NOLA,Sebastian Low,Defensive End,BigDongFunkyKong
24,6,68,68,2103,PHI,BAL,Ruhu Rush,Safety,Ruhu
24,6,69,69,2117,COL,BAL,Jordan Waffle,Cornerback,TheGodfather
24,6,70,70,2102,OCO,OCO,Garry Winthorpe,Safety,Garry Winthorpe
24,6,71,71,2099,AUS,AUS,Nessie Joans,Cornerback,envie808
24,7,73,73,2085,CHI,CHI,Jason Polinger,Safety,RattyBal21
24,7,74,74,2107,SJS,SJS,Ashweather Cett,Offensive Lineman,Kelsier
24,7,75,75,2145,HON,HON,Jay McCowski,Defensive End,j_birdie
25,1,1,1,2253,PHI,BER,Swantavius Jones,Cornerback,Swanty
25,1,2,2,2194,BAL,YKW,Daniel Foster,Cornerback,Arkz
25,1,3,3,2218,AUS,PHI,Tex Wrecks,Defensive End,209tacos
25,1,4,4,2163,HON,SJS,Raylan Crowder,Defensive End,Asked Madden
25,1,5,5,2209,YKW,COL,Albert Ruschmann,Cornerback,katarn22
25,1,6,6,2225,CHI,BAL,Felix Archstone,Offensive Lineman,GlimsTC
25,1,7,7,2220,NOLA,HON,Guy Fields,Offensive Lineman,r0tzbua
25,1,8,8,2195,AZ,AZ,Tayshawn Crunk,Cornerback,Crunk
25,1,9,9,2153,OCO,CHI,James Gath,Offensive Lineman,Beefstu409
25,1,10,10,2293,SAR,NOLA,Medicinal Toblerone,Defensive End,JuOSu
25,1,11,11,2257,SJS,OCO,Goat Tank,Running Back,Eldorian
25,1,12,12,2184,COL,SAR,Peter Patterson,Safety,slate
25,2,13,13,2264,PHI,NYS,Hank Winchester,Linebacker,timeconsumer
25,2,14,14,2202,BAL,SJS,Rich Triplet,Cornerback,Kotasa
25,2,15,15,2152,AUS,YKW,Sulaiman Kazi,Cornerback,UberBJ
25,2,16,16,2156,HON,AZ,Chuck Roth,Defensive Tackle,zeagle1
25,2,17,17,2230,YKW,PHI,Killian Chambers,Wide Receiver,charlit
25,2,18,18,2255,CHI,BAL,Annie May,Cornerback,frazzle14
25,2,19,19,2158,NOLA,NOLA,Adam Mellott,Offensive Lineman,GuitarMaster116
25,2,20,20,2268,AZ,OCO,Richard Leaking,Cornerback,ReverendOReily
25,2,21,21,2175,OCO,HON,Davriel Lavigne,Cornerback,Raven
25,2,22,22,2159,SAR,AZ,Doy Fieri,Cornerback,Pat
25,2,23,23,2236,SJS,HON,Rusty Rucker,Linebacker,LancedJack
25,2,24,24,2285,COL,NYS,Dukburg QuakStak,Cornerback,Bwestfield
25,3,25,25,2269,PHI,AUS,Jackie Daytona,Quarterback,Mooty99
25,3,26,26,2167,BAL,SAR,Clay Stallworth,Offensive Lineman,Gravtx
25,3,27,27,2294,AUS,COL,Dave Batista,Tight End,Frick_Nasty
25,3,28,28,2289,HON,SJS,Xmus Flaxon Jaxon-Waxon,Defensive End,ConnorM123
25,3,29,29,2171,YKW,COL,NationalSimulation FootballLeague,Cornerback,SDCore
25,3,30,30,2243,CHI,YKW,Jameson Vermillion,Running Back,Vainknight13
25,3,31,31,2234,NOLA,PHI,Jimi DeSoto,Linebacker,Jimi64
25,3,32,32,2179,AZ,CHI,Damian Blackfyre,Safety,ThunderTitan82
25,3,33,33,2301,OCO,YKW,Donald McBobby,Offensive Lineman,bjbren17
25,3,34,34,2249,SAR,PHI,Honky-Tonk Haywood,Defensive Tackle,jzajenius36
25,3,35,35,2241,SJS,CHI,Wasrabi Gleel,Defensive End,Crodyman
25,3,36,36,2267,COL,AZ,L’Gazzy Burfict,Linebacker,y2bobman
25,4,37,37,2296,PHI,BER,Ananda Adyan,Offensive Lineman,TMosura
25,4,38,38,2266,BAL,HON,Lionel Rumper,Safety,Oneski
25,4,39,39,2275,AUS,OCO,Owen Holloway,Wide Receiver,speculadora
25,4,40,40,2226,HON,OCO,Bronko Mills,Running Back,PaytonM34
25,4,41,41,2231,YKW,NYS,Bob Roberts,Offensive Lineman,zaynzk
25,4,42,42,2190,CHI,SJS,Zach Crossley,Wide Receiver,ajtigger
25,4,43,43,2240,NOLA,YKW,Mark Walker,Wide Receiver,deadlunatic
25,4,44,44,2261,AZ,AZ,Darren Pama,Wide Receiver,ztarwarz
25,4,45,45,2280,OCO,PHI,Sam Roes,Defensive End,Roezam
25,4,46,46,2288,SAR,BAL,Gary Goodman,Linebacker,Cody
25,4,48,48,2206,COL,AUS,Ben Alexander-Arnold,Running Back,Ben
25,5,49,49,2258,PHI,HON,Alex Reed,Wide Receiver,NylarthePhoenix
25,5,50,50,2276,BAL,AZ,James Hoffman,Offensive Lineman,kingsleigher
25,5,51,51,2254,AUS,SAR,Cleg Manclaw,Offensive Lineman,Cynoblaze
25,5,52,52,2232,HON,NOLA,Mike Rotchburns,Running Back,SchoolboyShue
25,5,53,53,2177,YKW,NYS,Harley Fank,Offensive Lineman,Beebob
25,5,54,54,2178,CHI,CHI,Timmy Dimbi,Offensive Lineman,Tylar
25,5,55,55,2286,NOLA,COL,Angelo Cerilli,Defensive Tackle,angeloc
25,5,56,56,2281,AZ,NYS,Brick Van Sanzo,Defensive End,snazzlepuss22
25,5,57,57,2259,OCO,BER,Jeeeeroy Lenkins,Cornerback,LewisMelville
25,5,58,58,2224,SAR,NYS,Marc Hamel,Offensive Lineman,lespoils
25,5,59,59,2246,SJS,PHI,Jake Fencik,Wide Receiver,xenosthelegend
25,5,60,60,2260,COL,AUS,Connor Quigley,Offensive Lineman,WhatAmUs
25,6,61,61,2229,PHI,YKW,Milk Mann,Safety,Bkfootball
25,6,62,62,2247,BAL,AZ,Mason Gillion,Cornerback,EMPER0R
25,6,63,63,2284,AUS,NOLA,Adam C. Spencer,Tight End,AdamS
25,6,64,64,2162,HON,AZ,Terry Yaki,Running Back,Doomraider
25,6,65,65,2297,YKW,CHI,Mark Callous,Wide Receiver,McCransky
25,6,66,66,2300,CHI,SAR,Dexter Jackson,Running Back,KillaScrilla
25,6,67,67,2214,NOLA,SAR,Teddy Utterstruzen,Safety,teddyoojo
25,6,68,68,2282,AZ,SAR,Steven Wadham,Safety,Arvot
25,6,69,69,2205,OCO,BER,Cmon Skiuuup,Wide Receiver,Air Crou
25,6,70,70,2185,SAR,CHI,Etrigan T. Slayer,Defensive End,Thiath
25,6,71,71,2298,SJS,NYS,Buster Bawlls,Running Back,ryd029aird13
25,6,72,72,2154,COL,BER,Gavin Leclerc,Cornerback,gav
25,7,73,73,2248,PHI,PHI,Brent Silva,Offensive Lineman,Brentmeister69
25,7,74,74,2160,BAL,COL,Anders Christiansen,Running Back,bluesfan55
25,7,75,75,2223,AUS,CHI,Duncan Donuts,Offensive Lineman,DunkinDuncan
25,7,76,76,2196,HON,AUS,Owen Isaac,Defensive Tackle,oji3001
25,7,77,77,2207,YKW,HON,Matt Peterson,Quarterback,Peterson
25,7,78,78,2192,CHI,BER,Lebby Newton,Wide Receiver,Newty
25,7,79,79,2210,NOLA,CHI,Clay Clark,Cornerback,Richard_Hooklip
25,7,80,80,2176,AZ,NYS,Marlon Alexander,Offensive Lineman,platanocat
25,7,81,81,2219,OCO,AUS,Leo Bloomfield,Kicker,BloomeyGB
25,7,82,82,2211,SAR,SAR,Elijah Torres,Running Back,Toasty
25,7,83,83,2203,SJS,COL,Jake Sackson,Defensive End,goodvsevil1275
25,7,84,84,2204,COL,SJS,Matty Martinsson,Linebacker,Sl1nny92
25,8,85,85,2273,PHI,BER,Caleb Judge,Linebacker,TheBlanken
25,8,86,86,2245,BAL,NYS,Joe Show,Tight End,Jguy
25,8,87,87,2169,AUS,PHI,Brian Nelson,Safety,BenGroseclose
25,8,88,88,2221,HON,BAL,Noah Akerele,Wide Receiver,DELIRIVM
25,8,89,89,2213,YKW,YKW,Alexander Johnson,Wide Receiver,itztimg
25,8,90,90,2197,CHI,AUS,Smitty McGhee,Offensive Lineman,Nowordofalie
25,8,91,91,2283,NOLA,HON,Curtis Blackshear,Cornerback,sovietseph
25,8,92,92,2173,AZ,AZ,Ben Anabender,Cornerback,DNeon
25,8,93,93,2274,OCO,CHI,Crayne Whebet,Wide Receiver,Montegue
25,8,94,94,2151,SAR,NOLA,Henry Grant,Defensive End,Egglton
25,8,95,95,2263,SJS,OCO,Bulldog Willard,Wide Receiver,bj_owns
25,8,96,96,2242,COL,SAR,Willy Weasel,Wide Receiver,Weasel07
25,9,97,97,2199,PHI,COL,Lukas Hinsetzen,Cornerback,SPK
25,9,98,98,2292,BAL,SJS,T.J Evans,Wide Receiver,Southie
25,9,99,99,2304,AUS,NYS,Sory An'Tyler,Wide Receiver,soryantyler
25,9,100,100,2262,HON,BER,Bobby Hoffman,Defensive End,mpressive23
25,9,101,101,2265,YKW,PHI,Flap N’Chick,Tight End,Flapinchick
25,9,102,102,2186,CHI,BAL,Tyrone Biggums,Cornerback,Rehnx
25,9,103,103,2172,NOLA,YKW,Sterling Moss,Offensive Lineman,SportingMoose
25,9,104,104,2256,AZ,AZ,Dean McBean,Linebacker,rsquared
25,9,105,105,2235,OCO,HON,Hugh McGree,Offensive Lineman,chronoshot
25,9,106,106,2164,SAR,AZ,Dakota Grossman,Wide Receiver,dakotag108
25,9,107,107,2165,SJS,CHI,D’Brickashaw Minshew Sr.,Safety,Kai
25,9,108,108,2168,COL,NOLA,Stephon Trummer,Tight End,Ubergestern
25,10,109,109,2166,PHI,OCO,King Tutankhamun,Running Back,WALDO
25,10,110,110,2250,BAL,SAR,Naman Fletcher,Cornerback,quavonermonics
25,10,111,111,2238,AUS,COL,Jack Burton,Kicker,JoeCrool
25,10,112,112,2161,HON,SJS,Bill Brasky,Kicker,billbrasky
25,10,113,113,2279,YKW,BER,Hank Antilles,Offensive Lineman,Turpentine
25,10,114,114,2290,CHI,NYS,Hank Sakner,Defensive End,DirtyBirdD
25,10,115,115,2270,NOLA,PHI,Trent Blackburn,Quarterback,trentblackburn
26,1,1,1,2306,BER,BER,BamBam McMullet,Linebacker,manicmav36
26,1,2,2,2315,NYS,NYS,Dogwood Maple,Safety,dogwoodmaple
26,1,3,3,2326,NOLA,BAL,Ernest Lover,Linebacker,Mojojojo
26,1,4,4,2368,PHI,YKW,Arthur Naught,Wide Receiver,wonderful_art
26,1,5,5,2376,YKW,NOLA,Vincent Jones,Linebacker,huck24
26,1,6,6,2360,AUS,PHI,Ryan Negs,Quarterback,negs
26,1,7,7,2317,BAL,HON,Cobra Kai,Running Back,OrbitingDeath
26,1,8,8,2344,HON,CHI,Alexander Franklin,Offensive Lineman,Hordle
26,1,9,9,2343,AZ,AZ,Moe Skeeter,Offensive Lineman,TheDude83
26,1,10,10,2314,SAR,SAR,David Moyes,Defensive End,LB3737
26,1,11,11,2337,CHI,BER,Derek Wildstar,Safety,Legally_Blind_Gamer
26,1,12,12,2334,OCO,YKW,Leonard Taylor,Defensive End,Tayjay
26,1,13,13,2348,COL,COL,Redbeard McFredbeard,Cornerback,Ephenssta
26,1,14,14,2321,SJS,SJS,Tugg Speedman,Wide Receiver,ComebackZak
26,2,15,15,2367,BER,CHI,Raphael Delacour,Wide Receiver,37thchamber
26,2,16,16,2323,NYS,BAL,A.J Lucas,Linebacker,Alucas
26,2,17,17,2327,NOLA,AUS,Slurms Mckenzie,Offensive Lineman,SlurmsMckenzie
26,2,18,18,2357,PHI,AZ,Tom Teboat,Tight End,pauadrian
26,2,19,19,2340,YKW,NOLA,Botty -,Running Back,C9Van
26,2,20,20,2305,AUS,BAL,Mario Messi,Tight End,KingSean
26,2,21,21,2309,BAL,HON,Lalo Salamanca,Wide Receiver,Fordhammer
26,2,22,22,2342,HON,BAL,Caven McRae,Safety,MacDaddy
26,2,23,23,2307,AZ,AZ,Logan Sarrasin,Linebacker,DApolloS
26,2,24,24,2313,SAR,SAR,LeBron James III,Offensive Lineman,Orhanello
26,2,25,25,2371,CHI,CHI,Evan Jones,Safety,Faelax
26,2,26,26,2355,OCO,NYS,Makoto Otawara,Linebacker,TubbyTim69
26,2,27,27,2331,COL,BER,"""Captain"" John Price",Safety,SnowyWolfz
26,2,28,28,2375,SJS,SJS,Jaja Ding Dong,Offensive Lineman,ckroyal92
26,3,29,29,2320,BER,YKW,Big Slammu,Linebacker,moonlight
26,3,30,30,2312,NYS,OCO,Maiteers Rico-Shea,Offensive Lineman,Beaver
26,3,31,31,2352,NOLA,BAL,Chet Larson,Linebacker,Tomasnz
26,3,32,32,2353,PHI,BER,Schumi Hulkenvettel,Wide Receiver,Bauer
26,3,33,33,2339,YKW,NOLA,Jonathan Shuffleboard,Safety,mee
26,3,34,34,2374,AUS,PHI,Laxus Dreyar,Defensive End,AJay887
26,3,35,35,2338,BAL,HON,Richard Littlewood,Offensive Lineman,LatinViking
26,3,36,36,2350,HON,SAR,Quavious McGrady,Wide Receiver,DoIHaveTheSause
26,3,37,37,2362,AZ,AZ,Akil Ozymandias,Running Back,Count chocula
26,3,38,38,2351,SAR,SAR,Big Chungus,Running Back,The_Mediocre_Pigeon
26,3,39,39,2324,CHI,BAL,Sirdsvaldis Miglasķēms,Offensive Lineman,FrostBeard
26,3,40,40,2322,OCO,NYS,Primo Berto,Defensive Tackle,Primo Berto
26,3,41,41,2370,COL,HON,Pope Francis,Offensive Lineman,ThePope
26,3,42,42,2329,SJS,SJS,Byakuya Togami,Defensive End,ToastCharger
26,4,43,43,2316,BER,BER,Erik Kirkland,Linebacker,Pythonic
26,4,44,44,2336,NYS,AUS,Gluteus Maximus,Offensive Lineman,UpperNet
26,4,45,45,2333,NOLA,NYS,Jalen Washington,Wide Receiver,gls
26,4,46,46,2319,PHI,BER,Rocky Jackman,Wide Receiver,RockyBaljoa0804
26,4,47,47,2310,YKW,NOLA,Julian Jurevicius,Wide Receiver,cstarr2245
26,4,48,48,2369,AUS,PHI,Emi Rune,Quarterback,Emi
26,4,49,49,2330,BAL,HON,John Johnson,Tight End,DaDillPickle
26,4,50,50,2347,HON,BAL,Something McDerpants,Kicker,nexus1353
26,4,51,51,2366,AZ,AZ,Bismo Funyuns,Wide Receiver,The__Y-man__100
26,4,52,52,2335,SAR,SAR,Owmy Back,Tight End,I'll change this later
26,4,53,53,2361,CHI,CHI,H. H. Hopkins,Wide Receiver,Splatoon is not anime.
26,4,54,54,2358,OCO,OCO,Ty Tyson,Linebacker,Sticks
26,4,55,55,2325,COL,CHI,Ben Siegel,Defensive Tackle,bsiegel
26,4,56,56,2365,SJS,SJS,Dick Grayson,Wide Receiver,Wackeo
26,5,57,57,2356,BER,BER,Kemorian Moore,Wide Receiver,Glizzy
26,5,58,58,2308,NYS,NYS,Johnathan Smith,Kicker,cpetrella
26,5,59,59,2346,NOLA,AUS,Jackson Maine,Linebacker,SteelCurtain3324
26,5,60,60,2364,PHI,BER,Dimitrius Rogers,Defensive End,Bilar
26,5,61,61,2332,YKW,NOLA,Tater Tosser,Wide Receiver,PuttingMCBedsTogether
27,1,1,1,2434,HON,HON,Eleven Kendrick-Watts,Safety,124715
27,1,2,2,2394,PHI,BAL,Lawrence Miller,Safety,overdoo
27,1,3,3,2424,BAL,PHI,Xander Creed,Running Back,Bandit239
27,1,4,4,2426,BER,BER,Marlon Brando,Defensive End,Menace0528
27,1,5,5,2418,SJS,COL,SparkySparky Boom-man,Safety,FleshBagSoup
27,1,6,6,2383,AZ,SJS,Duke Cheeks,Linebacker,TropicaliaCC
27,1,7,7,2420,COL,OCO,Bean Beanman,Defensive End,Seymour
27,1,8,8,2407,OCO,YKW,Kita Chiasa,Cornerback,Sabremike
27,1,9,9,2441,AUS,OCO,Ace Savage,Running Back,Guunar
27,1,10,10,2393,CHI,CHI,Madison Hayes,Running Back,sve7en
27,1,11,11,2412,SAR,BAL,Maui Waialiki,Defensive End,excelsior
27,1,12,12,2428,NYS,NYS,James Wilkinson,Tight End,treant
27,1,13,13,2402,NOLA,AUS,Candice D. Fitinyomouf,Defensive Tackle,TheRealMazatt
27,1,14,14,2377,YKW,AZ,Fergus Callaghan Jr.,Defensive Tackle,H0PPY75
27,2,15,15,2416,HON,HON,Jason Bradshaw,Defensive Tackle,Gumbaman
27,2,16,16,2380,PHI,PHI,Borgo San Lorenzo,Tight End,AgentSmith
27,2,17,17,2403,BAL,BAL,Preston Parker,Wide Receiver,TheDangaZone
27,2,18,18,2419,BER,CHI,HeHateMe PickSix II,Cornerback,Vorshayla
27,2,19,19,2445,SJS,COL,Drip Dad,Running Back,Drip
27,2,20,20,2381,AZ,CHI,Mike Hunt,Wide Receiver,TheSparkyDee
27,2,21,21,2414,COL,AZ,Cade York,Kicker,LSUFAN101
27,2,22,22,2413,OCO,NOLA,Kevin Morrison,Defensive Tackle,thecanadiancanuck
27,2,23,23,2421,AUS,SAR,Giovanni Bianchi,Offensive Lineman,SamTwoSix
27,2,24,24,2438,CHI,SJS,Bobby Tarantino,Offensive Lineman,jsteele14
27,2,25,25,2409,SAR,SAR,Joseph Radetzky,Wide Receiver,StevenOSullivan
27,2,26,26,2399,NYS,NOLA,Buck Nekkid,Cornerback,Voltaqe
27,2,27,27,2442,NOLA,AUS,Jim The Vampire,Running Back,Kyle
27,2,28,28,2397,YKW,YKW,Tre Washington,Safety,Master_Chief_DB
27,3,29,29,2385,HON,HON,Joliet Christ Jr.,Quarterback,AW13
27,3,30,30,2431,PHI,PHI,Tsuyu Asui,Wide Receiver,WildfireMicro
27,3,31,31,2408,BAL,BAL,Armando Galarraga,Kicker,BigUnitBabs
27,3,32,32,2422,BER,BER,Cheese Farley,Offensive Lineman,Guriinwoodo
27,3,33,33,2440,SJS,COL,Benjamin Ankers,Linebacker,SirBongo
27,3,34,34,2429,AZ,SJS,Mills Wallace,Defensive End,Griff001
27,3,35,35,2386,COL,AZ,Daquan Madison,Defensive Tackle,kingjwm57
27,3,36,36,2427,OCO,AUS,Carter Fox,Defensive Tackle,FuzzISFL
27,3,37,37,2425,AUS,OCO,Thelonius Junk,Kicker,TheloniusJunk
27,3,38,38,2379,CHI,CHI,Devonte Crook,Linebacker,Southie
27,3,39,39,2423,SAR,SAR,Vilhjálmur Kueblerson,Tight End,benELF
27,3,40,40,2435,NYS,OCO,Cayson Nzeocha,Cornerback,RainDelay
27,3,41,41,2396,NOLA,SAR,Boo Tee,Linebacker,Boo_T
27,3,42,42,2389,YKW,BER,Shane Benjamin,Tight End,TheMemeMaestro
27,4,43,43,2405,HON,HON,Demetre Elliott,Linebacker,Retuperkele
27,4,44,44,2388,PHI,PHI,Exo Cortal,Quarterback,Exogorthian
27,4,45,45,2392,BAL,BAL,Massimo Rocco,Running Back,Dabbadad
27,4,46,46,2443,BER,BER,Zane Cruz,Defensive End,Zane Cruz
27,4,47,47,2404,SJS,COL,Henrik Von Pigeon,Defensive Tackle,Keckers
27,4,48,48,2444,AZ,SJS,Dash Smith,Cornerback,bruhbruhbruh
27,4,49,49,2382,COL,AZ,Pink Panther,Kicker,Eagle Eye
27,4,50,50,2432,OCO,NYS,Rotor Wash,Kicker,rotorwash
27,4,51,51,2439,AUS,OCO,Joe Bay,Wide Receiver,kmatt
28,1,1,1,2477,BAL,BAL,Luke Quick,Wide Receiver,Bigred1580
28,1,2,2,2512,AUS,BAL,Busch Goose,Running Back,infinitempg
28,1,3,3,2474,PHI,OCO,Anton Bruckner,Cornerback,Gragg9
28,1,4,4,2461,BER,PHI,Xavier Walls,Linebacker,xtitanxmvpx
28,1,5,5,2510,OCO,AZ,Glenn Smart,Linebacker,Pib
28,1,6,6,2456,NYS,NYS,Mongo -,Defensive End,MachineEarnedRuns
28,1,7,7,2462,SJS,SJS,Juno Hu,Cornerback,j00
28,1,8,8,2498,YKW,YKW,Andrew Warthol,Defensive End,Skorch
28,1,9,9,2467,AZ,BER,Troy Abed,Wide Receiver,noanic
28,1,10,10,2513,CHI,CHI,Dexter Hall,Linebacker,firstfray
28,1,11,11,2459,COL,COL,Manhattan Project,Offensive Lineman,Modern_Duke
28,1,12,12,2455,HON,HON,Prof. Godfrey Gravity,Defensive Tackle,z0rem
28,1,13,13,2500,NOLA,NOLA,Cade Williams,Defensive Tackle,dude_man
28,1,14,14,2468,SAR,BAL,Chunt The Badger,Cornerback,UltimateYeehaw
28,2,15,15,2469,BAL,PHI,Romulus Roman,Safety,Amulos
28,2,16,16,2482,AUS,AUS,Bayley Cowabunga,Wide Receiver,JKortesi81
28,2,17,17,2475,PHI,OCO,Bender Rodriguez,Linebacker,shrub02
28,2,18,18,2525,BER,SAR,Stumpy Jones,Offensive Lineman,FootballIsCool
28,2,19,19,2472,OCO,BER,Dexter Zaylren,Quarterback,.Laser
28,2,20,20,2453,NYS,NOLA,Remus Roman,Safety,Vaelynn
28,2,21,21,2447,SJS,BAL,Makoa Mahiʻai,Cornerback,King Jellyfish
28,2,22,22,2457,YKW,YKW,Erik Gaare,Running Back,maupassant
28,2,23,23,2526,AZ,OCO,Sam the Onion Man,Wide Receiver,Duilio05
28,2,24,24,2454,CHI,CHI,Tim Soulja,Cornerback,Painted
28,2,25,25,2523,COL,COL,Cole Maxwell,Wide Receiver,Alcott
28,2,26,26,2503,HON,HON,Raeni Clarke,Cornerback,bex
28,2,27,27,2490,NOLA,NOLA,IsHe... ReallyInvisible,Offensive Lineman,JPach
28,2,28,28,2491,SAR,SAR,Kelvin Harris,Safety,Astrophy058
28,3,29,29,2496,BAL,PHI,C.J. Sonjack,Cornerback,Ace
28,3,30,30,2492,AUS,AUS,Daniel O’Leary,Linebacker,mango8154
28,3,31,31,2520,PHI,SAR,Saleem Spence,Wide Receiver,StadiumGambler
28,3,32,32,2504,BER,PHI,Lonnie Jackson,Running Back,Exilate
28,3,33,33,2489,OCO,BER,Logan Anderson,Defensive End,Cklues
28,3,34,34,2507,NYS,NYS,DeAndre Chuggs,Linebacker,xQCFamous
28,3,35,35,2465,SJS,SJS,Willie Miller,Cornerback,Sebster
28,3,36,36,2481,YKW,BAL,David Ramczyk,Defensive Tackle,Shiny
28,3,37,37,2516,AZ,BER,Jacob Raske,Safety,CLG Rampage
28,3,38,38,2483,CHI,SJS,Red Arrow Jr.,Defensive End,RedArrow12c
28,3,39,39,2479,COL,COL,Amy Wong,Cornerback,pazuzu
28,3,40,40,2476,HON,AUS,Siege Cameron,Cornerback,cjmccarley
28,3,41,41,2480,NOLA,NOLA,Taipan Pete,Kicker,Thatguy91
28,3,42,42,2517,SAR,OCO,Dallas Dole,Kicker,Dallypole
28,4,43,43,2460,BAL,YKW,Luke Watterson,Linebacker,EzraYeet
28,4,44,44,2463,AUS,AUS,Chathack’rius Smith IV,Safety,Rockiesfan4ever
28,4,45,45,2501,PHI,OCO,Toy Robot,Kicker,grok
28,4,46,46,2508,BER,PHI,Rudy Gray,Offensive Lineman,Magnet
28,4,47,47,2527,OCO,BER,Henny Tingzpahcbol,Cornerback,soryantyler
28,4,48,48,2487,NYS,COL,Lux Opal,Kicker,Quail
28,4,49,49,2524,SJS,SJS,Lebron Brady Jr.,Defensive End,Jackers41
28,4,50,50,2470,YKW,AZ,Brooks Bane,Linebacker,jhatty8
28,4,51,51,2458,AZ,AZ,Rainbow Dash,Kicker,Peterson
28,4,52,52,2452,CHI,BAL,Kacper Puntky,Cornerback,jackkmart
28,4,53,53,2509,COL,NYS,Tay Heenie,Offensive Lineman,Hummus God
28,4,54,54,2515,HON,BAL,Beefcake Johnson,Defensive Tackle,ilmari07
28,4,55,55,2499,NOLA,NOLA,Gyles Marrett,Defensive End,FunnyManLuke
28,4,56,56,2502,SAR,BAL,Gritt Gurdur,Defensive End,Miller
28,5,57,57,2449,BAL,BAL,Kenzie Cupz,Offensive Lineman,SippyCupz
28,5,58,58,2488,AUS,AUS,Aleksandr Vasiliev,Wide Receiver,aimbotalex
28,5,59,59,2478,PHI,OCO,Lawrence McCoy,Running Back,Forthefight
28,5,60,60,2518,BER,NYS,Brandon Prince,Running Back,Void_DCXI
28,5,61,61,2506,OCO,BER,Bjørn Borg,Offensive Lineman,Ayso24
28,5,62,62,2485,NYS,NYS,Mark Higgins,Linebacker,marklol
28,5,63,63,2471,SJS,SJS,Don Bradman,Linebacker,Hurles02
28,5,64,64,2495,YKW,YKW,Archie Griffin,Running Back,Archinity
29,1,1,1,2579,BAL,BAL,Dante King,Running Back,shadyshoelace
29,1,2,2,2538,NOLA,NOLA,Quinton Crash,Wide Receiver,hihihi_62
29,1,3,3,2532,SJS,BAL,Lip Gallagher,Cornerback,fever95
29,1,4,4,2570,PHI,PHI,Lucid Dreams,Defensive End,Luciddreams702
29,1,5,5,2577,CHI,PHI,Chevvy Bronko,Offensive Lineman,musha6570
29,1,6,6,2541,OCO,OCO,Suggs Upshar,Safety,Suggs
29,1,7,7,2572,COL,COL,Sam Squanch,Running Back,EricNCSU
29,1,8,8,2563,HON,HON,David Frank,Defensive End,IceBear32
29,1,9,9,2584,NYS,SJS,Panda McKyle,Offensive Lineman,furiousPanda
29,1,10,10,2529,SAR,BAL,"Will ""Brick Wall"" Smyth",Defensive Tackle,itztimg
29,1,11,11,2536,AZ,YKW,Jay Cue Jr.,Running Back,Opera_Phantom
29,1,12,12,2562,BER,AZ,Marcus Jones,Linebacker,Drizzy
29,1,13,13,2560,AUS,BAL,Tre’ Mendus Johnson,Safety,allbetsonjames
29,1,14,14,2585,YKW,BER,Gronku Muerto,Tight End,KezKincaid
29,2,15,15,2576,BAL,SJS,Buffalo Hunter,Running Back,BOOM™
29,2,16,16,2561,NOLA,NYS,Joey Marston,Offensive Lineman,Capt_Blitzkrieg
29,2,17,17,2569,SJS,SAR,John Huntsman,Running Back,Fronk
29,2,18,18,2550,PHI,CHI,Rejoignez LOrdreSombre,Wide Receiver,Bayley
29,2,19,19,2556,CHI,CHI,Kazimir Oles JR,Quarterback,Oles
29,2,20,20,2528,OCO,OCO,Goat Tank Jr.,Running Back,Haseo
29,2,21,21,2540,COL,COL,Emperor de Pengu,Defensive Tackle,Sylphreni
29,2,22,22,2539,HON,HON,Teddy Murphy,Linebacker,Trashae
29,2,23,23,2551,NYS,NOLA,Sir Peter Jackson,Linebacker,ddrector
29,2,24,24,2535,SAR,SAR,Keane Lover,Offensive Lineman,Moodles
29,2,25,25,2566,AZ,YKW,Amadeus Redding,Defensive Tackle,CmdrWalrus
29,2,26,26,2534,BER,BAL,Gimmy Jaroppolo Jr.,Quarterback,Frick_Nasty
29,2,27,27,2575,AUS,AUS,Ivan Toastovich,Running Back,ToastCharger
29,2,28,28,2537,YKW,BER,ILove HotSalads,Defensive End,Dewalt27
29,3,29,29,2559,BAL,OCO,Rean Schwarzer,Safety,bowl0
29,3,30,30,2547,NOLA,NOLA,Elliot Hord,Linebacker,Hord300
29,3,31,31,2587,SJS,SJS,Guy Gibson,Cornerback,Urq660
29,3,32,32,2586,PHI,PHI,In Active,Linebacker,wuma
29,3,33,33,2542,CHI,CHI,Amabacus Fitted,Defensive End,Fitted2106
29,3,34,34,2574,OCO,OCO,Will Stern,Defensive End,legion of slugs
29,3,35,35,2546,COL,NYS,Janis Lux,Wide Receiver,Lukstins88
29,3,36,36,2589,HON,HON,Freddy Bly,Kicker,sapp2013
29,3,37,37,2568,NYS,CHI,Dick Thickum,Offensive Lineman,Cnelly
29,3,38,38,2564,SAR,OCO,Yetiman Beardstien,Offensive Lineman,Yetiman
29,3,39,39,2582,AZ,BER,Izuku Campbell,Kicker,Gtpk4
29,3,40,40,2544,BER,AZ,Fitted Cuddles,Safety,cpetrella
29,3,41,41,2533,AUS,AUS,Jean-Jacques Leroy,Kicker,LiathTheSquirrel
29,3,42,42,2549,YKW,YKW,Charity Beaver,Cornerback,numberonedork
29,4,43,43,2552,BAL,BAL,Darius Severance,Safety,shanghai_kid
29,4,44,44,2573,NOLA,NOLA,Noah Johns,Running Back,nlj04
29,4,45,45,2567,SJS,SJS,Duck Awntop,Defensive End,.duckszy
29,4,46,46,2558,PHI,PHI,Tomme Salami,Defensive End,Tomme100
29,4,47,47,2578,CHI,CHI,Hououin Kyouma,Cornerback,Zephyrus1128
29,4,48,48,2543,OCO,OCO,Malik F. Doom,Defensive End,OrvalOverallOveralls
29,4,49,49,2531,COL,COL,Beau Novak,Tight End,Kevin5010
29,4,50,50,2580,HON,HON,Noel Akerele,Running Back,DELIRIVM
29,4,51,51,2583,NYS,NYS,Caitlyn Catowize,Wide Receiver,CrazyCaityCat
30,1,1,1,2634,BAL,BAL,Sheriff Woody,Linebacker,TomHanks
30,1,2,2,2633,SJS,HON,Miles Weperom,Defensive End,MMFLEX
30,1,3,3,2655,CHI,CHI,Jason Garciaparra,Defensive End,Starboy
30,1,4,4,2635,PHI,CHI,Vincent Sharpei Jr.,Wide Receiver,Muford
30,1,5,5,2612,NOLA,AUS,Ioe Torrent,Linebacker,Skindog44
30,1,6,6,2638,HON,SJS,Konstantin Selich,Linebacker,Tomen
30,1,7,7,2607,OCO,OCO,Dominos Pizzaman,Linebacker,MattBake12
30,1,8,8,2597,AUS,YKW,Dustin Parmelee,Quarterback,Dp-420
30,1,9,9,2594,YKW,NOLA,Squidward Tentacles,Wide Receiver,terriblehippo
30,1,10,10,2662,COL,COL,Jason Waterfalls,Linebacker,JayWhy75
30,1,11,11,2640,AZ,CHI,Nick L. Back,Tight End,Zoone16
30,1,12,12,2658,SAR,SAR,Calvin Hobbes,Cornerback,krazko
30,1,13,13,2650,BER,BER,Mason Malone,Running Back,KenitohMenara
30,1,14,14,2668,NYS,BAL,Pepelegs Johnson,Cornerback,golden_apricot
30,2,15,15,2595,BAL,BAL,Fuzzy George,Safety,goodfortunecoffee
30,2,16,16,2643,SJS,HON,Sal Ami,Wide Receiver,Beck
30,2,17,17,2609,CHI,AZ,Bernie Sanders,Offensive Lineman,caltroit_red_flames
30,2,18,18,2618,PHI,COL,LaCarpetron Dukemarriot,Linebacker,Dukemarriot
30,2,19,19,2626,NOLA,AUS,Cliff Burton,Wide Receiver,Thelastheraclid
30,2,20,20,2608,HON,SJS,The Laz,Safety,C9Van
30,2,21,21,2616,OCO,OCO,Tron Carter,Quarterback,Revolution5
30,2,22,22,2630,AUS,YKW,Stewart Hellraiser,Defensive End,oilmandan
30,2,23,23,2663,YKW,NOLA,Rex Crenshaw,Tight End,Tacoshoppe
30,2,24,24,2641,COL,NOLA,Rocco Blade,Defensive End,Accka
30,2,25,25,2651,AZ,AZ,Richard Mansher,Safety,PhreshPhil
30,2,26,26,2591,SAR,HON,Hex Aqua-Key’Kiann,Defensive End,hexify
30,2,27,27,2665,BER,BER,Bradley Welch,Running Back,Dolphins
30,2,28,28,2600,NYS,CHI,Dee Walt,Safety,TheCC
30,3,29,29,2610,BAL,SAR,Miracle Whip,Linebacker,Tbone54
30,3,30,30,2621,SJS,SAR,dont draft,Linebacker,Unicorn
30,3,31,31,2639,CHI,PHI,Jax Baker,Running Back,Pancakes
30,3,32,32,2659,PHI,PHI,Kiara Tenoh,Running Back,TakaMori152
30,3,33,33,2615,NOLA,AUS,Tight End Eighty-Two,Quarterback,unconfident
30,3,34,34,2664,HON,SJS,Andy Fantuz,Wide Receiver,Lowlycrib
30,3,35,35,2604,OCO,BAL,Madison Beer,Offensive Lineman,Bauer
30,3,36,36,2605,AUS,YKW,Owen Reed,Cornerback,NylarthePhoenix
30,3,37,37,2632,YKW,CHI,Yaji Robe,Running Back,jeffie43
30,3,38,38,2623,COL,COL,Clifford Wilson,Offensive Lineman,SirBongo
30,3,39,39,2667,AZ,CHI,Levy Tate,Kicker,Sloths1
30,3,40,40,2631,SAR,OCO,Senbyō Korin,Linebacker,scorycory
30,3,41,41,2666,BER,NOLA,CMC’s Burner,Cornerback,MrGoat1246
30,3,42,42,2661,NYS,SJS,Savior Hawkins,Cornerback,SaviorHawkins
30,4,43,43,2598,BAL,AUS,JJ Jay Jay-Jaymison Jr,Defensive Tackle,hannahg32
30,4,44,44,2648,SJS,HON,Ripoff CheeseBrand,Safety,TheCHEESE
30,4,45,45,2636,CHI,HON,Caleb Watt,Defensive End,Spartan
30,4,46,46,2614,PHI,CHI,Matthew Holford,Wide Receiver,mtholf14
30,4,47,47,2646,NOLA,AUS,Ricky Stanzi,Quarterback,Ry_
30,4,48,48,2606,HON,SJS,Sigo Hendricks,Linebacker,Kendowalski
30,4,49,49,2656,OCO,OCO,Bill de La T. Dauterive,Linebacker,Big_Papi
30,4,50,50,2628,AUS,HON,Deffo not Leroy Leroy,Tight End,Kobefromthefrobe
30,4,51,51,2617,YKW,BER,Brent Suzuki,Wide Receiver,nhlbeastmode_7777
30,4,52,52,2660,COL,COL,Brian Taylor,Offensive Lineman,Brian_Taylor
30,4,53,53,2644,AZ,AZ,Jeremy Crouse,Running Back,Twinsfan87
30,4,54,54,2602,SAR,SAR,Jimmy Nardello,Running Back,wearingabear
30,4,55,55,2627,BER,BER,Yondu Yorukan,Safety,Eagle Eye
30,4,56,56,2599,NYS,HON,Joseph Charles Raymond,Defensive Tackle,Adrest245
30,5,57,57,2624,BAL,BAL,Hercules Kamealoha,Defensive Tackle,PDXBaller
30,5,58,58,2654,SJS,HON,Dorfus Jimbo Jr Jr,Kicker,ScorpXCracker
30,5,59,59,2642,CHI,CHI,Tay Swizzle,Offensive Lineman,pauadrian
30,5,60,60,2647,PHI,CHI,"Blake ""BJ"" Faux Jr.",Linebacker,AlexF
30,5,61,61,2620,NOLA,AUS,Electric Squirrel,Running Back,Darnellthebeast
30,5,62,62,2596,HON,SJS,DeAndre Henry,Running Back,Slick
30,5,63,63,2592,OCO,OCO,Steve Atwater Jr.,Safety,Squeak
30,5,64,64,2619,AUS,YKW,Ringo Starr,Running Back,Rigno
30,5,65,65,2622,YKW,NOLA,JJ Slasher,Wide Receiver,Pooter
30,5,66,66,2657,COL,COL,Joey McCarty,Kicker,JoeyLegend
30,5,67,67,2649,AZ,AZ,Sal Shaw,Quarterback,suley12
31,1,1,1,2711,BAL,BAL,Morpheus Czargyros,Defensive End,captjanko
31,1,2,2,2716,PHI,SJS,Orpheus Czargyros,Safety,HalfEatenOnionBagel
31,1,3,3,2693,SJS,PHI,Cedric Wilkins II,Cornerback,woelkers
31,1,4,4,2710,NOLA,NOLA,Amari Springer,Safety,Dagumpa
31,1,5,5,2734,CHI,COL,Sconnie McHits,Linebacker,g2019
31,1,6,6,2702,HON,HON,Beniri T’Chawama,Offensive Lineman,Dextaria
31,1,7,7,2736,COL,CHI,Tessie Garciaparra,Safety,Reno
31,1,8,8,2740,OCO,OCO,Ken Oath,Wide Receiver,Thor
31,1,9,9,2729,YKW,YKW,Jay Spears,Safety,JaytheGreat
31,1,10,10,2681,AUS,AUS,Malcolm Savage,Quarterback,MN_Moosey
31,1,11,11,2741,BER,CHI,Omni Man,Linebacker,LimJahey
31,1,12,12,2683,NYS,NYS,French Fries,Wide Receiver,Sonaclov
31,1,13,13,2671,AZ,AZ,Wendell Sailor,Quarterback,.simo
31,1,14,14,2714,SAR,SAR,Spike Daniels,Safety,Michiganonymous
31,2,15,15,2688,BAL,NYS,Sakeem Webb,Linebacker,DELIRIVM
31,2,16,16,2689,PHI,SJS,Jaycee Higgins,Wide Receiver,Net
31,2,17,17,2691,SJS,PHI,Zoltan -,Offensive Lineman,Rangerjase
31,2,18,18,2686,NOLA,NOLA,Mark Goodhead,Cornerback,CptGoosar
31,2,19,19,2692,CHI,BER,Nick Kaepercolin Jr.,Wide Receiver,Highhaschdi
31,2,20,20,2684,HON,HON,Ray the Manta Ray,Cornerback,siddhus
31,2,21,21,2674,COL,BER,Siaosi Multiauaopele,Safety,TubaMasterFlex
31,2,22,22,2718,OCO,OCO,Doc Holliday,Cornerback,Jerms
31,2,23,23,2700,YKW,BER,Ben Delabaguette,Cornerback,Helcim
31,2,24,24,2701,AUS,CHI,Michael Carimi,Offensive Lineman,LeatherneckMike
31,2,25,25,2673,BER,BER,Tony Demonson,Cornerback,crazylemire
31,2,26,26,2731,NYS,BAL,Paul Monitor,Offensive Lineman,Hallmonitor_20
31,2,27,27,2687,AZ,AZ,Kotoni Staggs,Wide Receiver,.emfaith
31,2,28,28,2738,SAR,SAR,Carter Knight,Quarterback,Frostbite
31,3,29,29,2709,BAL,OCO,Rodka Raskolnikov,Wide Receiver,Vikain
31,3,30,30,2721,PHI,SJS,Lennay Kekua,Defensive Tackle,DeadlyPlayer
31,3,31,31,2697,SJS,PHI,"Malcador ""The Hero""",Wide Receiver,SnowyWolfz
31,3,32,32,2680,NOLA,NOLA,DeCarr Rek,Linebacker,Ismael8907
31,3,33,33,2733,CHI,BER,Anthony MacGuire,Defensive Tackle,Pythonic
31,3,34,34,2698,HON,SJS,Nep Neppy,Defensive Tackle,NepNeppy
31,3,35,35,2735,COL,BER,Marquees Acho Jr.,Offensive Lineman,Huskies311
31,3,36,36,2676,OCO,OCO,Dumais Wells,Wide Receiver,Sopath
31,3,37,37,2715,YKW,YKW,Lot Smith VIII,Running Back,Southie
31,3,38,38,2725,AUS,AUS,Johnny Patey,Wide Receiver,Patey
31,3,39,39,2704,BER,BER,Billy Doornob,Kicker,Doornob
31,3,40,40,2703,NYS,BAL,Rookie Sensation,Cornerback,tlk742
31,3,41,41,2670,AZ,PHI,Ikick Ballz,Kicker,Tp3480
31,3,42,42,2705,SAR,SJS,Erick Bolanos,Defensive End,shoxwon
31,4,43,43,2695,BAL,BAL,Doo Fus,Defensive End,MisObvious
31,4,44,44,2719,PHI,SJS,Donkey Johnson,Tight End,Donkey
31,4,45,45,2672,SJS,PHI,Nathan Claflin,Linebacker,Greenbaynathan
31,4,46,46,2685,NOLA,NOLA,Cal Stevenson,Safety,nealpt
31,4,47,47,2724,CHI,CHI,Warren Buffet,Tight End,kmatt
31,4,48,48,2722,HON,HON,Anya Mind,Linebacker,HuddleHussy
31,4,49,49,2678,COL,COL,James Sharkey,Cornerback,JamesGames23
31,4,50,50,2739,OCO,OCO,Johnny Bravo,Defensive Tackle,Cook765
31,4,51,51,2717,YKW,YKW,Thomas Hollands,Wide Receiver,danieldbook
31,4,52,52,2732,AUS,AUS,R.L. Stine,Defensive Tackle,Toasty
31,4,53,53,2696,BER,BER,Eric Hall,Cornerback,zayanm
31,4,54,54,2726,NYS,NYS,Kade Carlton,Cornerback,TheManWhoSoldTheWorld
31,4,55,55,2712,AZ,AZ,Lucas Arnold,Safety,Luke_Is_Rox
31,4,56,56,2679,SAR,SAR,Devin Boateng,Wide Receiver,dev
31,5,57,57,2720,BAL,BAL,Jalen Hopkins,Wide Receiver,Cool Kid
32,1,1,1,2810,OCO,BAL,Lenard Graf,Tight End,Trempale
32,1,2,2,2782,BAL,BAL,Pasta the Turtle,Safety,visceralpotamus
32,1,3,3,2811,NOLA,NOLA,Doc Fireball,Linebacker,2Lzy
32,1,4,4,2755,SJS,SJS,Deshawn Penne,Tight End,Pvtpenne
32,1,5,5,2791,PHI,NYS,Live Laughlove,Quarterback,SwankyPants31
32,1,6,6,2813,YKW,PHI,Escanor Sama,Wide Receiver,LordEscanor
32,1,7,7,2769,NYS,YKW,"Zephyr ""Tater"" GreyWolf",Linebacker,taterswc
32,1,8,8,2746,AZ,HON,Modern Nazgûl,Cornerback,Vulfzilla
32,1,9,9,2775,BER,NOLA,De’Aaron Harper II,Cornerback,SouljaBoy2007
32,1,10,10,2787,SAR,SAR,Rocky Rhoads,Safety,platanocat
32,1,11,11,2770,CHI,CHI,Lalu Muhammad Zohri,Running Back,kentakira
32,1,12,12,2788,AUS,AUS,Tobias Worthington III,Safety,KC15
32,1,13,13,2815,COL,AUS,Spicy Ron,Linebacker,PugWalrus
32,1,14,14,2763,HON,YKW,Bernd D. Brot,Wide Receiver,teddyoojo
32,2,15,15,2744,OCO,OCO,Garfield Despacito III,Defensive Tackle,Gwdjohnson
32,2,16,16,2774,BAL,OCO,Dallas Fort-Worth,Offensive Lineman,Minnesotafine
32,2,17,17,2817,NOLA,AZ,Lance Witt,Safety,solas
32,2,18,18,2806,SJS,SJS,Arnie Rufus,Defensive End,mcgriddleluver
32,2,19,19,2805,PHI,PHI,"Mrs. ""Stacks"" McHits",Defensive End,MamaB
32,2,20,20,2814,YKW,PHI,Mauler Panda,Offensive Lineman,juniped
32,2,21,21,2752,NYS,YKW,Kalam Mekhar,Cornerback,ZootTX
32,2,22,22,2786,AZ,SAR,Troy Barnes,Offensive Lineman,Jay_Doctor
32,2,23,23,2783,BER,AZ,John Riggins,Running Back,cole6249
32,2,24,24,2761,SAR,CHI,Franklin Turtle,Defensive Tackle,thevoicelesscreator
32,2,25,25,2753,CHI,BER,Jack Lewis,Kicker,jackalewis229
32,2,26,26,2747,AUS,AUS,Beeg Beeg Yoshi,Offensive Lineman,yosh
32,2,27,27,2798,COL,BAL,Theo AwardsSystemIsBad,Offensive Lineman,UberBJ
32,2,28,28,2795,HON,BER,Dakota Grossman,Cornerback,dtg108
32,3,29,29,2745,OCO,YKW,Dragazor Blaze,Cornerback,FireKing10789
32,3,30,30,2767,BAL,OCO,George Fantobens,Defensive End,Fantobens
32,3,31,31,2780,NOLA,AZ,Toucan Sam,Defensive Tackle,Big Newff
32,3,32,32,2759,SJS,SJS,Jon Montroy,Safety,turkay
32,3,33,33,2772,PHI,NYS,Owen Baker,Defensive Tackle,Pocketsand007
32,3,34,34,2773,YKW,PHI,A Kicker,Offensive Lineman,Jobin
32,3,35,35,2796,NYS,HON,Colin Kramer,Safety,CShockWave
32,3,36,36,2760,AZ,BER,LaDamien Beck,Linebacker,By-Tor
32,3,37,37,2771,BER,AZ,Herc Kirkby,Tight End,Acsolap
32,3,38,38,2789,SAR,SAR,Abed Nadir,Safety,W.Sconnie
32,3,39,39,2776,CHI,CHI,Marques Brown,Running Back,BeastTakeover
32,3,40,40,2748,AUS,AUS,Jake Endson,Tight End,goodvsevil1275
32,3,41,41,2778,COL,CHI,Booker Thomas,Linebacker,SwagSloth
32,3,42,42,2790,HON,OCO,Jessie Carson,Linebacker,YA_Tittle
32,4,43,43,2762,OCO,BAL,Fenrir Greyback,Defensive Tackle,SecondSucks22
32,4,44,44,2757,BAL,OCO,Wilson Twist,Defensive Tackle,Patty
32,4,45,45,2766,NOLA,NOLA,Ifa Balamwezi,Linebacker,Obese_taco
32,4,46,46,2793,SJS,SJS,Dominic Ricci,Cornerback,riccidominic22
32,4,47,47,2784,PHI,NYS,Jack Ryan,Cornerback,WALDO
32,4,48,48,2743,YKW,HON,Don Keedic,Wide Receiver,bry.dailey
32,4,49,49,2781,NYS,YKW,Eater Piefell,Defensive Tackle,dorkman
32,4,50,50,2818,AZ,BER,Jackson Walsh,Linebacker,SeattleSeahawksBest
32,4,51,51,2807,BER,AZ,Pablo Sanchez,Linebacker,Pablo Sanchez#5146
33,1,1,1,2820,OCO,OCO,Leonardo McTurtle,Linebacker,KaleSalad
33,1,2,2,2834,YKW,CHI,Greg Strongjaw,Defensive End,Amadan
33,1,3,3,2853,CHI,YKW,Daron Arnold,Defensive End,TubaDeus
33,1,4,4,2869,BAL,OCO,President Camacho,Wide Receiver,ThunderTitan82
33,1,5,5,2836,NOLA,NOLA,The Stig,Cornerback,SomeSay...
33,1,6,6,2857,SJS,OCO,Raphael McTurtle,Defensive Tackle,CementHands
33,1,7,7,2827,COL,SJS,Nick Flint,Linebacker,Talls
33,1,8,8,2840,HON,BER,Marvin Toledo,Running Back,mook
33,1,9,9,2858,SAR,SAR,King Zeus,Cornerback,sakrosankt
33,1,10,10,2846,AUS,AUS,Joe Smokes,Linebacker,Philliesphan96
33,1,11,11,2850,PHI,PHI,DeAndre King,Running Back,TubbyTim69
33,1,12,12,2828,AZ,AZ,D’Nickashaw Mangoldson,Offensive Lineman,Moosecop
33,1,13,13,2870,BER,OCO,Molki Koivu,Tight End,Briedaqueduc
33,1,14,14,2849,NYS,NYS,Videl Valor,Linebacker,ValorX77
33,2,15,15,2860,OCO,PHI,Christian Marciano,Defensive Tackle,Pat
33,2,16,16,2829,YKW,PHI,Kaguya Shinomiya,Safety,Matty7478
33,2,17,17,2868,CHI,YKW,Kahn Cussion,Linebacker,3lewsers
33,2,18,18,2852,BAL,COL,Bud R. Fingers,Wide Receiver,DrChops
33,2,19,19,2826,NOLA,AZ,Talen Farrens,Safety,Napalm
33,2,20,20,2839,SJS,PHI,Able Archer,Defensive End,Faded
33,2,21,21,2822,COL,BAL,Kellan Frost,Defensive End,takethehorizon
33,2,22,22,2821,HON,OCO,Zane Cold,Running Back,Bubba
33,2,23,23,2866,SAR,YKW,Double Doink,Kicker,sarah
33,2,24,24,2825,AUS,AUS,William Groves,Running Back,Will3
33,2,25,25,2847,PHI,OCO,Mason Jones,Linebacker,Masu Chan
33,2,26,26,2844,AZ,OCO,Sandwich Maker,Tight End,TheBigDee12
33,2,27,27,2861,BER,BAL,Daybe Downbad,Kicker,Wombat
33,2,28,28,2831,NYS,NYS,Dax Dangerfield,Cornerback,TheRocheLimit
33,3,29,29,2819,OCO,OCO,Fairy de Pengu,Cornerback,IsaStarcrossed
33,3,30,30,2859,YKW,CHI,Kawai Bartok,Running Back,Jiggly_333
33,3,31,31,2841,CHI,YKW,Lane Frost II,Offensive Lineman,LANEFROST
33,3,32,32,2837,BAL,BAL,Ted Stevens,Wide Receiver,egyeager
33,3,33,33,2843,NOLA,NOLA,Thokk The Scarred,Linebacker,Fatfish89
34,1,1,1,2892,NOLA,PHI,Theo Lariat,Cornerback,ctots
34,1,2,2,2915,YKW,YKW,Simon The Frog,Cornerback,yonggarius
34,1,3,3,2929,SJS,SJS,Louis Blondin,Wide Receiver,Gordon Bombay
34,1,4,4,2899,PHI,NOLA,Ganyu -,Offensive Lineman,GlimsTC
34,1,5,5,2883,NYS,NYS,Michaelangelo McTurtle,Running Back,slothfacekilla
34,1,6,6,2916,COL,BER,Zayne Dangle,Wide Receiver,Vaxlare
34,1,7,7,2872,HON,COL,Nathan Explosion,Defensive End,micool132
34,1,8,8,2906,AUS,BER,Bageshwari Singh,Cornerback,rapideagle
34,1,9,9,2940,BER,AUS,Joey Din,Defensive End,Dindog
34,1,10,10,2884,CHI,CHI,Rumble Ronson,Linebacker,MrStennett
34,1,11,11,2936,SAR,SAR,Lucius Salem,Tight End,ImSatanJunior
34,1,12,12,2902,AZ,AZ,"""Captain"" Billy Stinkwater",Wide Receiver,BRNXB0MBERS
34,1,13,13,2937,OCO,NOLA,Solace Avenger,Linebacker,MobiausGrander
34,1,14,14,2890,BAL,YKW,Darius Bailey,Wide Receiver,Drizzy
34,2,15,15,2924,NOLA,OCO,Alex Armstrong,Wide Receiver,Element
34,2,16,16,2910,YKW,BAL,Franz Udo Culman-Kaiser,Offensive Lineman,Evok
34,2,17,17,2882,SJS,YKW,Sam Sung,Safety,TheNC206
34,2,18,18,2939,PHI,PHI,Erwin Kemp,Wide Receiver,jdourtled
34,2,19,19,2932,NYS,OCO,Tom Taylor,Safety,tommeson
34,2,20,20,2897,COL,HON,Spot RoboDog,Linebacker,TMosura
34,2,21,21,2887,HON,AUS,Ozamataz Buckshank,Running Back,ConnorM123
34,2,22,22,2873,AUS,BAL,Boone McCoy,Defensive End,Nokazoa
34,2,23,23,2931,BER,COL,- Cross-Eriksen,Safety,Tesla
34,2,24,24,2941,CHI,CHI,Virginia Emmet,Tight End,BasserBurger
34,2,25,25,2919,SAR,SAR,Titus Samson,Safety,Slippy
34,2,26,26,2876,AZ,AZ,Spottie O’Dopaliscious,Cornerback,Z-Whiz
34,2,27,27,2874,OCO,NOLA,Elessar Jones,Quarterback,mithrandir
34,2,28,28,2893,BAL,SJS,Russet Buster,Safety,RussDrivesTheBus
34,3,29,29,2905,NOLA,NOLA,chim rickles,Safety,Jangorhino
34,3,30,30,2877,YKW,SJS,Dane Johnson Jr.,Offensive Lineman,RocketMan13
34,3,31,31,2935,SJS,SJS,Tyron Brackenridge Jr.,Linebacker,Lowlycrib
34,3,32,32,2900,PHI,NOLA,Michael Patrick Porkins,Running Back,speculadora
34,3,33,33,2917,NYS,NYS,Nacho Macho Man,Tight End,NotSoGood88
34,3,34,34,2912,COL,HON,Matthew Bee,Safety,fetchwell
34,3,35,35,2898,HON,COL,Benny Hana,Tight End,Doomraider
34,3,36,36,2914,AUS,NYS,Ian Cole III,Kicker,DatSmolBoi
34,3,37,37,2921,BER,AUS,Larry Jenkins,Offensive Lineman,PaytonM34
34,3,38,38,2895,CHI,CHI,Ains Ool Gown,Running Back,scorycory
34,3,39,39,2926,SAR,SAR,Moustache Santoso,Kicker,Saliva^
34,3,40,40,2909,AZ,AZ,Cuttino Mobley,Cornerback,stupiduglyidiot
34,3,41,41,2891,OCO,OCO,JJ Lopez-Daniels,Tight End,a_cupof_bread
34,3,42,42,2904,BAL,BAL,Orange Justice,Running Back,gatormatthew
35,1,1,1,2963,COL,COL,Anthony Stark,Cornerback,TeyonSchavari
35,1,2,2,3041,OCO,OCO,Ace McAlister,Cornerback,BenDover
35,1,3,3,2973,BAL,BAL,Cob Corning,Cornerback,stein
35,1,4,4,3030,YKW,YKW,Kumquat Archipelago,Running Back,ReverendOReily
35,1,5,5,2974,AUS,PHI,Swantavius Payne,Offensive Lineman,Swanty
35,1,6,6,2948,SJS,AUS,Draft Steal,Cornerback,Troen
35,1,7,7,2954,PHI,SJS,Owen Farrell,Offensive Lineman,Asked Madden
35,1,8,8,3025,NYS,NYS,Regina Ferraro,Safety,Baron1898
35,1,9,9,2943,NOLA,NOLA,Carissa van Campen,Linebacker,mer
35,1,10,10,3029,SAR,SAR,Swantavius King,Kicker,Yeenoghu
35,1,11,11,3032,AZ,AZ,Outlaw Mode Sicko,Cornerback,hotdog
35,1,12,12,3044,BER,BER,Johnny Delusional,Cornerback,bjkman
35,1,13,13,2988,HON,PHI,American Boot,Tight End,xenosthelegend
35,1,14,14,3045,CHI,BER,Rab Thecrab,Running Back,LancedJack
35,2,15,15,2994,COL,COL,Eeeeeeee phenssta,Wide Receiver,Ephenssta
35,2,16,16,2970,OCO,OCO,Donatello McTurtle,Offensive Lineman,Ben
35,2,17,17,3003,BAL,BAL,Titty Juana,Safety,AL_GRINGO
35,2,18,18,3035,YKW,YKW,Adebayo Akinfenwa,Running Back,PMoney
35,2,19,19,3014,AUS,HON,Leek Mai-Heinous,Offensive Lineman,br0_0ker
35,2,20,20,2978,SJS,AZ,Swantavius Torch,Wide Receiver,Hordle
35,2,21,21,3034,PHI,SJS,Pilot RedSun,Offensive Lineman,Jimi64
35,2,22,22,3017,NYS,YKW,Maximilian Hamilton,Tight End,Isidore94
35,2,23,23,2955,NOLA,NOLA,Ttollem Mada,Wide Receiver,GuitarMaster116
35,2,24,24,3010,SAR,SAR,Mistah Freddy,Defensive Tackle,seafreddy
35,2,25,25,2960,AZ,BER,Ollie O’Donnell,Wide Receiver,Faelax
35,2,26,26,2992,BER,AUS,Queen Elizabeth II,Quarterback,frazzle14
35,2,27,27,2985,HON,PHI,Barry Badman,Linebacker,Cody
35,2,28,28,2999,CHI,CHI,Art Deco,Cornerback,Crodyman
35,3,29,29,3019,COL,COL,Triple Option,Running Back,Aleris
35,3,30,30,3012,OCO,OCO,Trench Warfare,Offensive Lineman,H0PPY75
35,3,31,31,2989,BAL,BAL,Aikeek Dafootbawl,Linebacker,iamslm22
35,3,32,32,2986,YKW,YKW,Calvin Spiff,Wide Receiver,domffl
35,3,33,33,3006,AUS,NOLA,Alfonso Dos Santos,Kicker,toivo
35,3,34,34,2984,SJS,COL,Dorfus Jimbo Jr Jr Jr,Kicker,ScorpXCracker
35,3,35,35,3004,PHI,SJS,Jonathan Altidor,Cornerback,ralams123
35,3,36,36,2975,NYS,PHI,So-Much Jazz,Linebacker,somuchjazz
35,3,37,37,2997,NOLA,AUS,Ryland Bunnell,Linebacker,Rylandb
35,3,38,38,3007,SAR,BER,Adison Bond,Wide Receiver,adison
35,3,39,39,3042,AZ,AUS,The Incredible Bulk,Running Back,UpperNet
35,3,40,40,3024,BER,HON,Waluigi Gronkowski,Tight End,rickymartin_irl
35,3,41,41,3043,HON,NYS,Shinichi Kudo,Wide Receiver,SneakyShadow71
35,3,42,42,2983,CHI,PHI,Kyzir Washington,Safety,Kw1
35,4,43,43,2945,COL,COL,Sam Azjha,Linebacker,Azjha_59
35,4,44,44,3023,OCO,OCO,Phillip King,Safety,Phil
35,4,45,45,2976,BAL,BAL,Longrod Von Hugendong,Offensive Lineman,Dukemarriot
35,4,46,46,3031,YKW,YKW,Jack McPherson,Linebacker,WildfireMicro
35,4,47,47,2991,AUS,CHI,Glenn Stockton,Linebacker,DutchFF
35,4,48,48,2990,SJS,AUS,Timo Gamble,Safety,Timo
35,4,49,49,2996,PHI,SJS,Patty Pumpernickel,Defensive Tackle,KelsBells
35,4,50,50,2947,NYS,NYS,Daddy Edd,Defensive Tackle,Big Edd
35,4,51,51,2949,NOLA,NOLA,Richard Skinns,Cornerback,Dab.exe
35,4,52,52,3028,SAR,SAR,Daniel Sturgeon,Safety,Insurgent1315
35,4,53,53,3036,AZ,AZ,Jayce Higins,Cornerback,Sen
35,4,54,54,2956,BER,BER,Alexzander Moore,Offensive Lineman,crazykeyoung
35,4,55,55,2977,HON,HON,Spencer Rasmus,Running Back,jaypc8237
35,4,56,56,3038,CHI,CHI,Tampa Hawthorne,Linebacker,Mvmitemwall
35,5,57,57,3027,COL,COL,Inactive Player,Safety,NamelessNate
35,5,58,58,3018,OCO,OCO,Adam Graves,Safety,Ironshadow213
35,5,59,59,2993,BAL,BAL,Edward Coats,Running Back,Edward Coats
35,5,60,60,2962,YKW,YKW,Rocky Franklin Jr,Cornerback,Roconator
35,5,61,61,2995,AUS,CHI,Moussa Sy,Cornerback,Nobody69
36,1,1,1,3064,COL,COL,Graham Harper,Cornerback,PurpleReign
36,1,2,2,3065,AUS,AUS,Zaphod Beeblebrox,Wide Receiver,Mooty99
36,1,3,3,3088,NYS,NYS,Teemo Swift,Linebacker,Repgnar
36,1,4,4,3077,NOLA,NOLA,PeePee Poop-Eater Sr.,Wide Receiver,Jaywe88
36,1,5,5,3074,SAR,CHI,Xavier Valorian,Defensive End,XaveValor
36,1,6,6,3062,BER,BER,Kevin McThumper,Linebacker,Chucky
36,1,7,7,3082,PHI,SJS,Ja’uan Holland,Safety,Friesen1520
36,1,8,8,3175,YKW,PHI,Aleksandr Milescu,Safety,Alikh
36,1,9,9,3120,SJS,YKW,J.T. Kurbis,Offensive Lineman,JoshiePoo
36,1,10,10,3165,OCO,OCO,Thomas Robinson,Wide Receiver,infern8
36,1,11,11,3146,CHI,CHI,Quendyn Quarterstorm,Cornerback,Twenty6
36,1,12,12,3128,AZ,AZ,Ignatius Reilly,Linebacker,yesboom
36,1,13,13,3084,BAL,NOLA,JR Frankenstero,Defensive End,Punk42AE
36,1,14,14,3094,HON,BAL,Sconnie McSix,Wide Receiver,g2019
36,2,15,15,3183,COL,PHI,Jarvis Harbinger-Marjin,Running Back,DREAMSLOTH
36,2,16,16,3083,AUS,AUS,Zamir Kehla Jr.,Cornerback,TwoSocks
36,2,17,17,3121,NYS,PHI,Jasper Fontaine,Safety,lordcoolcats
36,2,18,18,3073,NOLA,HON,Octavio Pérez,Wide Receiver,Raven
36,2,19,19,3133,SAR,CHI,Austin Morley,Wide Receiver,soevil
36,2,20,20,3159,BER,BER,Tae Dawson,Cornerback,Gage2
36,2,21,21,3108,PHI,SJS,Mike Scott,Defensive End,Pizza-faith
36,2,22,22,3057,YKW,AZ,Savathûn T. Witchqueen,Defensive Tackle,sathona
36,2,23,23,3081,SJS,YKW,Absolute Unit,Quarterback,Arkz
36,2,24,24,3103,OCO,OCO,Leandre Diarra,Running Back,slate
36,2,25,25,3150,CHI,AUS,Jean-Ralphio Saperstein,Offensive Lineman,Fordhammer
36,2,26,26,3052,AZ,SAR,Harley Andrews,Cornerback,abh89
36,2,27,27,3104,BAL,BAL,Bruce Buckley Jr.,Linebacker,NicholasTheGreat
36,2,28,28,3078,HON,NYS,Bonzi Buddy,Cornerback,zaynzk
36,3,29,29,3125,COL,COL,Mister Hogmally,Tight End,iStegosauruz
36,3,30,30,3113,AUS,AUS,Raffaele Tommasi,Cornerback,enigmatic
36,3,31,31,3105,NYS,NYS,Mandrews McHollywood,Wide Receiver,Rusfan
36,3,32,32,3079,NOLA,NOLA,Charles Chapman,Cornerback,Charple
36,3,33,33,3163,SAR,SAR,Aqeel Steele,Linebacker,bold ni wally
36,3,34,34,3098,BER,BER,Fred Edison,Linebacker,Liter
36,3,35,35,3117,PHI,SJS,Fat Jack,Defensive Tackle,AW13
36,3,36,36,3167,YKW,COL,Ceti Pyxis,Tight End,Agent Chaos
36,3,37,37,3063,SJS,YKW,Reece Wells II,Tight End,josda_
36,3,38,38,3050,OCO,OCO,Suggs Upshar II,Cornerback,Suggs
36,3,39,39,3166,CHI,CHI,Joseph Reed,Defensive Tackle,Reedy0rNot
36,3,40,40,3091,AZ,AZ,Dennis Rodman,Offensive Lineman,PBS
36,3,41,41,3071,BAL,AZ,Akaki Akayre,Linebacker,Ulaire
36,3,42,42,3129,HON,AUS,Jimmy Holding,Offensive Lineman,TheDangaZone
36,4,43,43,3127,COL,COL,Effoff IamYeti,Defensive Tackle,SDCore
36,4,44,44,3178,AUS,AUS,Roma Amir-Kani,Safety,dallasrogue21
36,4,45,45,3162,NYS,NYS,Kaiden King,Safety,khkreator
36,4,46,46,3075,NOLA,HON,Bean Delphine Jr,Running Back,Seymour
36,4,47,47,3089,SAR,SAR,Justin Cloud,Linebacker,JustCloud
36,4,48,48,3160,BER,BER,Nathan Meagher,Offensive Lineman,Nathan
36,4,49,49,3149,PHI,SJS,Will Nightingale,Cornerback,PurplePiratePoo
36,4,50,50,3051,YKW,PHI,Derrick Prince,Wide Receiver,AnUnoriginalGuy
36,4,51,51,3137,SJS,BER,Laszlo Forty-Two,Safety,C9Van
36,4,52,52,3139,OCO,NYS,Pan Cakes,Offensive Lineman,lespoils
36,4,53,53,3095,CHI,SAR,Pete Zuh,Running Back,seal
36,4,54,54,3047,AZ,AZ,Emerson Quinn,Defensive Tackle,Chrundle
36,4,55,55,3049,BAL,NOLA,Rockbot Rockbo,Wide Receiver,RockbotRockbo
36,4,56,56,3153,HON,PHI,Udo E Beaty,Defensive End,bechtudo
36,5,57,57,3072,COL,COL,Orlando Doom,Kicker,Bunny
36,5,58,58,3132,AUS,AUS,Sexy Wilfork,Defensive Tackle,wuma
36,5,59,59,3061,NYS,CHI,Walter McKinley,Offensive Lineman,KingOfTheOzone
36,5,60,60,3058,NOLA,NOLA,Turt Golum,Tight End,patsfreak27
36,5,61,61,3126,SAR,SAR,Malcom Graves,Running Back,FL4K__
36,5,62,62,3059,BER,BER,Roque Santa Cruz,Quarterback,Air Crou
36,5,63,63,3109,PHI,SJS,C.G Breezy,Running Back,LIL MUNKEY
36,5,64,64,3158,YKW,PHI,Jair Pharaoh,Running Back,Jmsewa19
36,5,65,65,3115,SJS,YKW,Richard Harden,Tight End,Alphavictory
36,5,66,66,3180,OCO,OCO,Jeremy Crouse Jr.,Kicker,Twinsfan87
36,5,67,67,3169,CHI,OCO,Tyrod Iverson,Defensive Tackle,cluesman
36,5,68,68,3136,AZ,NYS,Amadan Fool,Defensive End,Jo3fish5
36,5,69,69,3070,BAL,BAL,Mabel Pines,Defensive End,dude_woman
36,5,70,70,3168,HON,HON,Drew Stowe,Wide Receiver,drewlikesthepanthers
36,6,71,71,3102,COL,COL,Rerry Jice,Wide Receiver,CJ_the_M16
36,6,72,72,3080,AUS,AUS,Trigger Robinson,Offensive Lineman,Thegreatbambino
36,6,73,73,3077,NYS,OCO,PeePee Poop-Eater Sr.,Wide Receiver,Jaywe88
36,6,74,74,3172,NOLA,NOLA,Nick Smith,Running Back,SmittyHextall
36,6,75,75,3147,SAR,SAR,Greg Givens,Cornerback,gtg1994
36,6,76,76,3144,BER,BER,Smitty Oom,Defensive Tackle,smitty_oom
36,6,77,77,3100,PHI,SJS,Payton Wilhelm,Wide Receiver,Saltystew32
36,6,78,78,3046,YKW,PHI,Patrick Cunningham,Kicker,Buttersqauch101
36,6,79,79,3140,SJS,YKW,Bunk McDunk,Defensive Tackle,deffmonk
37,1,1,1,3185,BER,BER,Charlie Thorsen,Cornerback,Amidships
37,1,2,2,3207,NYS,NYS,Matthew Mara,Wide Receiver,High Stick King
37,1,3,3,3256,COL,COL,Grayson Yates,Linebacker,Arctic
37,1,4,4,3238,NOLA,AUS,Delores Bickerman,Wide Receiver,Kyamprac
37,1,5,5,3184,AUS,BAL,Preston Beatz,Quarterback,DarknessRising
37,1,6,6,3201,BAL,NOLA,Jason Oexius,Cornerback,Moldycheez4
37,1,7,7,3221,OCO,NYS,Bay Webb,Linebacker,TheHammer43
37,1,8,8,3192,PHI,COL,Inspector Gadget,Safety,Gadget
37,1,9,9,3224,YKW,YKW,Dusty Wilson,Offensive Lineman,dustywilson22
37,1,10,10,3220,SJS,BER,Jordan Hartline,Linebacker,RDBSouthPaw
37,1,11,11,3196,AZ,HON,Nova Montagne,Quarterback,OrbitingDeath
37,1,12,12,3232,CHI,COL,Rocky Moreaux,Wide Receiver,qWest
37,1,13,13,3236,SAR,SAR,Dip Dhillon,Cornerback,Dip
37,1,14,14,3244,HON,NYS,Michael Touchback,Running Back,TacocaT
37,2,15,15,3186,BER,BER,Known Acquaintance,Offensive Lineman,r0tzbua
37,2,16,16,3247,NYS,HON,Monty Ward,Linebacker,xQCFamous
37,2,17,17,3193,COL,CHI,Stryker Brown,Defensive End,chxhawk
37,2,18,18,3243,NOLA,AUS,Brandon Mason,Offensive Lineman,Bmason0520
37,2,19,19,3202,AUS,CHI,Brock Landers Jr.,Cornerback,gucci
37,2,20,20,3190,BAL,NOLA,Adam Rage,Cornerback,MrMom
37,2,21,21,3218,OCO,PHI,Creg Jerrith IV,Quarterback,negs
37,2,22,22,3229,PHI,PHI,Gribbuh Fister,Linebacker,Hontier
37,2,23,23,3252,YKW,YKW,Ryan Murray,Safety,RyanM1414
37,2,24,24,3194,SJS,SJS,Luther Vox,Wide Receiver,LutherVox
37,2,25,25,3227,AZ,AZ,Danny Nedelko,Running Back,Crunk
37,2,26,26,3213,CHI,SAR,Yummy HotDogPie,Offensive Lineman,FleshBagSoup
37,2,27,27,3204,SAR,CHI,Blibby Shpoopy,Running Back,WhatAmUs
37,2,28,28,3231,HON,NOLA,Deckerd DeShaw,Safety,deckerd
37,3,29,29,3246,BER,BER,— Thwomp,Defensive End,WALDO
37,3,30,30,3222,NYS,HON,Adrian St. Christmas,Quarterback,nunccoepi
37,3,31,31,3239,COL,COL,JarDarius Jones,Linebacker,gotothegym18
37,3,32,32,3191,NOLA,AUS,Cade York Jr. Jr.,Kicker,LSUFAN101
37,3,33,33,3254,AUS,BAL,Wae Traynes,Cornerback,Jabs
37,3,34,34,3257,BAL,BAL,D’Sqarius Green V,Defensive End,Ren_Solo
37,3,35,35,3219,OCO,NYS,Paddy MacGuinness,Linebacker,ThePope
37,3,36,36,3203,PHI,BER,Aaron Ford,Running Back,Aford9910
37,3,37,37,3212,YKW,YKW,Vader Page,Cornerback,Vishy
37,3,38,38,3249,SJS,SJS,Cornelius King III,Wide Receiver,CeeKay
37,3,39,39,3187,AZ,AZ,Mickey Lauvin,Wide Receiver,McLovin
37,3,40,40,3253,CHI,OCO,Larry Fisherman,Defensive End,LarryFisherman
37,3,41,41,3211,SAR,SAR,Duke Smith,Wide Receiver,Draco Thompson
37,3,42,42,3214,HON,NOLA,Cardorino Tarotino,Tight End,lamp_wizard
37,4,43,43,3242,BER,BER,Bacarri Rambo,Cornerback,Bacarri_Rambo
37,4,44,44,3240,NYS,NYS,Orion Jasper,Wide Receiver,Zephyrus1128
37,4,45,45,3199,COL,COL,Dalibor Dvorsky,Safety,Lemorse7
37,4,46,46,3195,NOLA,HON,Dobromil Dvořák,Running Back,Southie
37,4,47,47,3215,AUS,BAL,Jackson Cannon,Kicker,JAC_
37,4,48,48,3208,BAL,NOLA,Damien Chambers,Wide Receiver,Damien823
37,4,49,49,3261,OCO,OCO,Tyler Orator,Running Back,chugganaut
37,4,50,50,3217,PHI,PHI,Toby Hays,Wide Receiver,JustPureLuck08
38,1,1,1,3293,AUS,AUS,Tank McGibbons,Linebacker,MikeWhiskey
38,1,2,2,3312,COL,COL,Aidan Hutchinson Jr.,Defensive End,SchwarzNarr
38,1,3,3,3328,SJS,HON,Caleb Hayden,Linebacker,Caleb_H
38,1,4,4,3283,NYS,SJS,Zavier Perkins,Linebacker,AK41
38,1,5,5,3326,BER,OCO,Walrus Jones,Offensive Lineman,caravaggio
38,1,6,6,3271,BAL,BER,GOAT TANNK,Defensive End,Eldorian
38,1,7,7,3317,OCO,SJS,Cruella de Ville,Linebacker,Exilizer
38,1,8,8,3269,NOLA,NOLA,Armor Queen,Running Back,Starboy
38,1,9,9,3270,PHI,OCO,Teenie Hodges,Wide Receiver,Billybolo53
38,1,10,10,3265,CHI,CHI,Brian Duke,Linebacker,AlbanianValor
38,1,11,11,3323,HON,BAL,Sledge Hammer,Linebacker,H0PPY75
38,1,12,12,3325,YKW,AUS,Jeff Newman,Running Back,Lumosityfan
38,1,13,13,3311,SAR,BAL,Shane Turnbull,Wide Receiver,Symmetrik
38,1,14,14,3264,AZ,AZ,Fortified Fridge,Offensive Lineman,Murtsi
38,2,15,15,3282,AUS,YKW,Gore Done Ram Say,Safety,deadlunatic
38,2,16,16,3319,COL,COL,Remi Musgrave-Smythe,Offensive Lineman,37thchamber
38,2,17,17,3295,SJS,NYS,Siegmeyer OfCatarina,Tight End,drokeep
38,2,18,18,3279,NYS,BAL,Casino Robin,Defensive Tackle,Big Newff
38,2,19,19,3274,BER,PHI,Eric Belmont,Cornerback,Eric Belmont
38,2,20,20,3313,BAL,BER,Diggs Sideline-touchdown,Safety,Dewalt27
38,2,21,21,3315,OCO,BAL,Bridge Burner,Defensive Tackle,BOOM™
38,2,22,22,3331,NOLA,PHI,Haloick Oasis,Linebacker,Haloick
38,2,23,23,3321,PHI,BER,Really Creative-Name,Wide Receiver,Cincyfan96
38,2,24,24,3305,CHI,CHI,Painted Penguin,Quarterback,Painted
38,2,25,25,3300,HON,AUS,Carly Rae Jensen,Defensive Tackle,unconfident
38,2,26,26,3268,YKW,YKW,Teddy Rhinoback,Defensive Tackle,kaleb356
38,2,27,27,3309,SAR,SAR,Johnny Blaze Jr,Wide Receiver,JBLAZE_THE_BOSS
38,2,28,28,3296,AZ,AZ,Sherwin Blue Jr.,Linebacker,Kotasa
38,3,29,29,3273,AUS,YKW,Kadillac Kane,Tight End,Lord_Parquad
38,3,30,30,3276,COL,COL,Bong Stevens,Tight End,Lumpz
38,3,31,31,3324,SJS,OCO,Ben Goodwood,Running Back,LB3737
38,3,32,32,3288,NYS,SJS,Booter McGavin,Kicker,ajtigger
38,3,33,33,3314,BER,BAL,Jack Hammer,Defensive Tackle,NamelessNate
38,3,34,34,3287,BAL,OCO,Zero Gibson II,Tight End,sapp2013
38,3,35,35,3316,OCO,BAL,Mike Makmur,Kicker,Frick_Nasty
38,3,36,36,3267,NOLA,SJS,Jimmy Jeeta,Cornerback,QuirkyTurtle
38,3,37,37,3284,PHI,OCO,twerky dingleberry,Defensive Tackle,HenryBenry
38,3,38,38,3281,CHI,CHI,David Doug,Kicker,TheSparkyDee
38,3,39,39,3306,HON,HON,Henry Oswald-Newman,Running Back,Kobefromthefrobe
38,3,40,40,3330,YKW,YKW,Bastian Weichselbraun,Tight End,PDXBaller
38,3,41,41,3332,SAR,SAR,Julius McMiller,Safety,majesticwalrus8
38,3,42,42,3286,AZ,AZ,Reshad Morris,Cornerback,SwagSloth
38,4,43,43,3278,AUS,AUS,Alexander Lawrence,Linebacker,BloomeyGB
38,4,44,44,3277,COL,COL,Camron Washington,Linebacker,Cage
38,4,45,45,3280,SJS,NYS,Fat Boija,Offensive Lineman,Snussu
38,4,46,46,3308,NYS,PHI,Toby Knerr,Linebacker,Tak97
38,4,47,47,3318,BER,OCO,Aiden Frost,Running Back,LANEFROST
39,1,1,1,3373,HON,HON,Seth Leavitt,Cornerback,voxaroth
39,1,2,2,3338,COL,COL,Waylen Greene,Linebacker,fnordypsyduck
39,1,3,3,3356,PHI,OCO,Sim Sunigh,Linebacker,SimmiZ
39,1,4,4,3370,CHI,CHI,Frank Dux,Running Back,ComebackZak
39,1,5,5,3364,NOLA,SAR,Willier Miller,Quarterback,Sebster
39,1,6,6,3377,AUS,BAL,Jake Williams,Cornerback,dude_man
39,1,7,7,3347,SAR,AUS,Mario Moloka’i,Linebacker,124715
39,1,8,8,3361,BAL,OCO,Johnson Lovehammer,Offensive Lineman,Lowkey
39,1,9,9,3376,OCO,BAL,MC Hammer,Defensive Tackle,Aneeqs
39,1,10,10,3362,SJS,HON,Maxwell Jacob Friedman,Linebacker,JuOSu
39,1,11,11,3384,NYS,NYS,Donte Darius,Linebacker,Void_DCXI
39,1,12,12,3386,YKW,YKW,Mo Gago,Defensive Tackle,FTR
39,1,13,13,3382,BER,HON,Dick Grayson,Wide Receiver,Thiath
39,1,14,14,3350,AZ,AZ,Donovan Winters III,Offensive Lineman,zeagle1
39,2,15,15,3369,HON,AUS,Geralt -,Safety,.Laser
39,2,16,16,3355,COL,COL,NCADV RAINN,Wide Receiver,IsaStarcrossed
39,2,17,17,3357,PHI,NYS,Blaine Falco,Quarterback,Tayjay
39,2,18,18,3333,CHI,CHI,Plant Based,Wide Receiver,Thor
39,2,19,19,3374,NOLA,OCO,Smokin Jay,Safety,Beck
39,2,20,20,3390,AUS,OCO,Good Player,Defensive End,Lego
39,2,21,21,3343,SAR,AUS,Charlie Brown,Kicker,Kyle
39,2,22,22,3371,BAL,OCO,Hot Chocolate,Running Back,RavensFanFromOntario
39,2,23,23,3348,OCO,SAR,Apollo Program,Cornerback,Modern_Duke
39,2,24,24,3379,SJS,SJS,Brooks Piggott,Cornerback,ckroyal92
39,2,25,25,3346,NYS,PHI,Kenny McCormick,Linebacker,Luciddreams702
39,2,26,26,3336,YKW,HON,Luigi Lanikai,Cornerback,IceBear32
39,2,27,27,3359,BER,BAL,Antoine Winfield Jr.,Safety,Trempale
39,2,28,28,3365,AZ,AZ,Gucci Gurley,Running Back,MrGoat1246
39,3,29,29,3341,HON,YKW,Branden Rojas,Wide Receiver,rbro18
39,3,30,30,3367,COL,COL,DeAndre Crover,Cornerback,a_cupof_bread
39,3,31,31,3344,PHI,PHI,Malik Jordan,Running Back,hemhem
39,3,32,32,3381,CHI,CHI,Hex Amofah,Tight End,hexify
39,3,33,33,3340,NOLA,SAR,Demarius Cook,Safety,Cook
39,3,34,34,3385,AUS,NOLA,Lenny Lyons Jr.,Defensive End,lennylyons
39,3,35,35,3342,SAR,AUS,Saul McGill,Wide Receiver,Donkey
39,3,36,36,3375,BAL,OCO,Anthony Simmons,Cornerback,Starchychaff
39,3,37,37,3351,OCO,BAL,Jay Money,Wide Receiver,JMoney762
39,3,38,38,3389,SJS,HON,Chris Halla,Wide Receiver,ChrisHalla0
40,1,1,1,3409,HON,HON,Liv Elsathelookout,Defensive End,Bayley
40,1,2,2,3433,BER,BAL,Money Tolliver,Running Back,jeffie43
40,1,3,3,3450,OCO,OCO,Jamdrian LeBayers,Cornerback,kenvald
40,1,4,4,3452,BAL,BER,Clint Mustache,Defensive End,manicmav36
40,1,5,5,3432,NYS,NYS,Lionel Scrimmage,Defensive Tackle,Mojojojo
40,1,6,6,3449,CTC,SJS,Alex Armstrong,Defensive End,Duilio05
40,1,7,7,3439,SJS,CTC,Kairo Knight,Wide Receiver,Akoustique
40,1,8,8,3413,COL,OCO,Big McLarge Huge,Wide Receiver,Hydrium
40,1,9,9,3425,SAR,BAL,Wälter Gunther,Linebacker,KenitohMenara
40,1,10,10,3399,AUS,AUS,Howard Coward,Running Back,JKortesi81
40,1,11,11,3393,NOLA,SAR,Ginand Toxic,Defensive End,CLG Rampage
40,1,12,12,3396,CHI,CHI,Jimmy Ryder,Wide Receiver,AJW
40,1,13,13,3435,AZ,AZ,Notso Smart,Safety,Pib
40,1,14,14,3460,YKW,HON,Florida Man,Wide Receiver,nickyvmlp
40,2,15,15,3419,HON,YKW,Detective Crashmore,Tight End,speculadora
40,2,16,16,3437,BER,BER,KK Slider,Running Back,Vulfzilla
40,2,17,17,3461,OCO,OCO,Iosefa Fuamatu-Ma’afala,Defensive End,Beta
40,2,18,18,3394,BAL,BAL,Bourtol Halcomsby,Safety,ItsFrenchie
40,2,19,19,3406,NYS,NYS,James Batista,Defensive End,Dalphix
40,2,20,20,3397,CTC,BER,Melvin Harris,Offensive Lineman,Attopax
40,2,21,21,3415,SJS,CTC,Mike Ehrmantraut,Offensive Lineman,NYR73
40,2,22,22,3463,COL,BAL,Penger Tolliver,Tight End,Gwdjohnson
40,2,23,23,3423,SAR,SAR,Fronky Fresh,Cornerback,Fronk
40,2,24,24,3403,AUS,AUS,Pegme Amidala,Tight End,scudmuffin19
40,2,25,25,3429,NOLA,YKW,Toad Wananapaoa,Linebacker,siddhus
40,2,26,26,3421,CHI,SJS,Lord Farquaads,Offensive Lineman,Ace
40,2,27,27,3408,AZ,AZ,Sir Tywrell Xah’Aawrone,Defensive Tackle,Rabidsponge21
40,2,28,28,3444,YKW,HON,Raya Ho’opa’i,Offensive Lineman,MMFLEX
40,3,29,29,3401,HON,HON,Lenny ’Extra’ Longpipe,Defensive End,bigbluex02
40,3,30,30,3407,BER,HON,Alita Battle Angel,Safety,moonlight
40,3,31,31,3457,OCO,CHI,Bobby Steel,Cornerback,Sarox
40,3,32,32,3417,BAL,BAL,Bengal Tigerheart,Offensive Lineman,shanghai_kid
40,3,33,33,3398,NYS,CTC,Ryan Lawrence,Defensive End,ThreeToeSloth
40,3,34,34,3420,CTC,OCO,Tyler One,Safety,pauadrian
40,3,35,35,3451,SJS,CTC,Nakiri Ayame,Running Back,ValorX77
40,3,36,36,3424,COL,BAL,Quandale Dingle,Safety,McGriddy10
40,3,37,37,3428,SAR,CTC,Jake Basinger,Tight End,Drizzy
40,3,38,38,3400,AUS,AUS,Mike Holiday,Safety,Dallypole
40,3,39,39,3436,NOLA,NOLA,Eli Prince,Wide Receiver,Rufio_NZ
40,3,40,40,3456,CHI,CHI,Xavier Frost,Safety,LANEFROST
40,3,41,41,3410,AZ,AZ,Don Tollibeo,Offensive Lineman,Jepox
40,3,42,42,3411,YKW,AZ,Jayme Jayne Jay-Jaymison,Kicker,hannahg32
40,4,43,43,3447,HON,BER,The Heavy,Offensive Lineman,TMosura
40,4,44,44,3458,BER,BER,Cape The Party Rhino,Running Back,SnowyWolfz
40,4,45,45,3438,OCO,OCO,Mathias Mayhem,Linebacker,Matty86
40,4,46,46,3402,BAL,BAL,Rocky Franklin lll,Quarterback,Roconator
40,4,47,47,3446,NYS,NYS,Anthony Simmons II,Tight End,Starchychaff
40,4,48,48,3434,CTC,HON,Oliver O’Conner,Wide Receiver,SonicStarGaming
40,4,49,49,3441,SJS,CHI,Action Bronson,Defensive End,jackkmart
40,4,50,50,3443,COL,NYS,Keno Akara,Wide Receiver,Keno
40,4,51,51,3454,SAR,SAR,Luis Randall,Running Back,Cetreny
40,4,52,52,3448,AUS,AUS,Cole Mann,Kicker,EeSea
40,4,53,53,3445,NOLA,HON,Matthew Fryars,Safety,CyloSaynx
40,4,54,54,3430,CHI,CHI,Malcolm Grimes,Wide Receiver,Southie
40,4,55,55,3422,AZ,AZ,Jack Henderson,Cornerback,Solarslayer
40,4,56,56,3414,YKW,YKW,Colt Mackintosh,Defensive End,mackcoltond
40,5,57,57,3427,HON,HON,Cassius Holloway,Running Back,theone
41,1,1,1,3607,NYS,NYS,Dub Redd,Linebacker,wizard_literal
41,1,2,2,4547,BAL,COL,Mary Marie,Safety,aeonsjenni
41,1,3,3,3618,HON,HON,Billy Jor-El,Cornerback,LtHudz
41,1,4,4,3512,SJS,OCO,John Stark VIII,Linebacker,UptownCord
41,1,5,5,3526,BER,NOLA,Imma Sabercat,Wide Receiver,baz
41,1,6,6,3489,COL,NOLA,Bruce White,Defensive Tackle,toofpete
41,1,7,7,3548,NOLA,COL,Craig Brand,Linebacker,ElMerchanto
41,1,8,8,3581,SAR,SAR,Max Honestly,Linebacker,Sizz
41,1,9,9,3536,CTC,AUS,Oliver Tolliver,Wide Receiver,Memento Mori
41,1,10,10,3506,AUS,CTC,Legs McMillion,Cornerback,jollyjiggs
41,1,11,11,3543,OCO,COL,Wolfie McDummy Jr.,Quarterback,infinitempg
41,1,12,12,3555,CHI,CHI,Rico Savage,Safety,TheRake
41,1,13,13,3598,YKW,YKW,Kadarius Claypool II,Cornerback,Weaves
41,1,14,14,3580,AZ,AZ,Benji Aguilera,Wide Receiver,CROney3
41,2,15,15,3552,NYS,NYS,Loose Cannon,Safety,Jumbo
41,2,16,16,3514,BAL,SJS,Jumbo Edward,Defensive Tackle,furiousPanda
41,2,17,17,3528,HON,HON,Ray Baker,Kicker,jdc4654
41,2,18,18,3584,SJS,CTC,Rolud Onyxgut,Linebacker,crash1005
41,2,19,19,3493,BER,BER,Emile Charles,Wide Receiver,Number 82
41,2,20,20,3515,COL,NOLA,Kyle Crane,Running Back,Ultimatedestroye
41,2,21,21,3568,NOLA,SAR,Artemis Entreri,Offensive Lineman,entreri
41,2,22,22,3527,SAR,AZ,Logjammed McBobface,Linebacker,Raccoon177
41,2,23,23,3492,CTC,CTC,Justin Willis,Linebacker,Cycro
41,2,24,24,3490,AUS,CTC,Jason Steele,Defensive Tackle,FireworkFuse
41,2,25,25,3505,OCO,SJS,DJ Maclean,Linebacker,Urq660
41,2,26,26,3519,CHI,CHI,Bill Cravy,Cornerback,KlausGoatCasinos
41,2,27,27,3589,YKW,YKW,Terry Johnson,Linebacker,Gumbaman
41,2,28,28,3563,AZ,AZ,Benjamin Duvernay,Cornerback,Purpl3Spartan
41,3,29,29,3603,NYS,BER,Burnt Toast,Offensive Lineman,ToastCharger
41,3,30,30,3560,BAL,COL,Synystyr Gates,Cornerback,Dustillation
41,3,32,32,3539,SJS,SJS,Diego López Alonso,Wide Receiver,DL14
41,3,33,33,3530,BER,BER,Lukas Van Ness,Linebacker,Jacky
41,3,34,34,3501,COL,NYS,Sean Robinson,Wide Receiver,18situaseans
41,3,35,35,3596,NOLA,AZ,Brian Vincent-Vega,Safety,WrittinDirectino
41,3,36,36,3491,SAR,HON,Liath Squirrel,Linebacker,LiathTheSquirrel
41,3,37,37,3525,CTC,SJS,Modest Mussorgsky,Offensive Lineman,Gragg9
41,3,38,38,3566,AUS,NYS,. The Riddler,Cornerback,MattBake12
41,3,39,39,3620,OCO,OCO,Lloyd Bannings,Wide Receiver,bowl0
41,3,40,40,3600,CHI,CHI,Jake Jefferson,Running Back,thecanadiancanuck
41,3,41,41,3577,YKW,YKW,Orga Panda,Cornerback,juniped
41,3,42,42,3494,AZ,AZ,"Beeg Beeg Yoshi, Jr.",Offensive Lineman,yosh
41,4,43,43,3545,NYS,SJS,Otto The Orange,Wide Receiver,Greenbaynathan
41,4,44,44,3604,BAL,SAR,Damarcus Cole,Defensive Tackle,Hordle
41,4,45,45,3587,HON,HON,Trent Silverback,Offensive Lineman,Kunra99
41,4,46,46,3498,SJS,CHI,Faust Leercor,Defensive End,Kaliodyme
41,4,47,47,3534,BER,AUS,Ryan Knock,Offensive Lineman,nasbase
41,4,48,48,3579,COL,NOLA,Malik Brooks,Wide Receiver,AK41
41,4,49,49,3617,NOLA,OCO,Leo Stud,Safety,Matlestud
41,4,50,50,3557,SAR,AZ,Scruffy The Janitor,Defensive Tackle,pazuzu
41,4,51,51,3571,CTC,AUS,LeAnthony LeDavis,Wide Receiver,subby500
41,4,52,52,3567,AUS,BER,Forozka Duanei,Wide Receiver,BWIII
41,4,53,53,3547,OCO,CTC,Bob Kickerson,Kicker,Tiktaalik
41,4,54,54,3615,CHI,CHI,Amanda HugAndKiss,Safety,Quisvilius
41,4,55,55,3576,YKW,YKW,Andrija Divac,Tight End,beardedserb
41,4,56,56,3556,AZ,CTC,Sticky Hands,Cornerback,Quasi
41,5,57,57,3606,NYS,NOLA,Rodney Rosadino,Linebacker,jross
41,5,58,58,3601,BAL,BAL,Frederick Carlson,Defensive End,Pfluginator5
41,5,59,59,3578,HON,SAR,Eilliot Berry,Running Back,titanfan34
41,5,60,60,3507,SJS,SJS,Kenny Szymborski,Tight End,Hallmonitor_20
41,5,61,61,3513,BER,BER,Ivan Baldwin,Cornerback,MrNoPass
41,5,62,62,3541,COL,OCO,Joshua Mabry,Offensive Lineman,Lohnranger
41,5,63,63,3549,NOLA,COL,Banjo O’Kudah,Cornerback,Magnet
41,5,64,64,3537,SAR,SAR,King Dedede,Linebacker,ScrambledEggs
41,5,65,65,3595,CTC,AUS,Great Khali,Offensive Lineman,crazylemire
41,5,66,66,3524,AUS,BAL,Bubba Chubb,Offensive Lineman,packplaya
41,5,67,67,3540,OCO,BAL,Myrtle Beach Tolliver,Linebacker,scorycory
41,5,68,68,3588,CHI,BER,Pierce Hawthorne,Tight End,ianthebalance
41,5,69,69,3503,YKW,YKW,Garth Silver,Safety,MCHers
41,5,70,70,3544,AZ,CTC,Bigton Hammer,Linebacker,BrontBront
41,6,71,71,3529,NYS,NYS,Bradley Welch Jr.,Cornerback,Dolphins
41,6,72,72,3531,BAL,BAL,Garrett Cheetahman,Wide Receiver,Porkypig78
41,6,73,73,3619,HON,HON,Øffé Pànic,Defensive Tackle,InternationalHouse
41,6,74,74,3594,SJS,NYS,Saveour Piethons,Offensive Lineman,LeatherneckMike
41,6,75,75,3561,BER,BER,Atlas Kirkby,Defensive Tackle,Acsolap
41,6,76,76,3574,COL,NOLA,William Barkley,Tight End,kinglord29
41,6,77,77,3582,NOLA,COL,Spooky Diddler III,Linebacker,tuddus
41,6,78,78,3611,SAR,SAR,Mr Robb,Safety,Robb
41,6,79,79,3500,CTC,AUS,Albert Einstein,Linebacker,StormClark
41,6,80,80,3612,AUS,CTC,Donny Doofenshmirtz,Tight End,Krombopulos_Bill
41,6,81,81,3497,OCO,OCO,Akele Kekela,Running Back,YoungBuck
41,6,82,82,3559,CHI,CHI,Icepick O’Hullihan,Safety,Joe Shabado
41,6,83,83,3570,YKW,YKW,Wade Right,Kicker,Rojefmo
41,6,84,84,3533,AZ,AZ,Cheeky Lad,Offensive Lineman,4D Chess
41,7,85,85,3522,NYS,NYS,Slim Reaper,Wide Receiver,Blacchollywoodd
41,7,86,86,3532,BAL,BAL,Luca Rossi,Defensive Tackle,cove
41,7,87,87,3521,HON,HON,John Smith,Defensive End,JSmithFallen
41,7,88,88,3597,SJS,SJS,Samuel Nelson,Defensive End,DeathBed11
41,7,89,89,3575,BER,BER,Aleksander Reznikov,Linebacker,Hemmlock
41,7,90,90,3586,COL,NOLA,Nwoye Musa,Defensive Tackle,PonchoC
41,7,91,91,3542,NOLA,COL,Quarl Walkins III,Running Back,LilOslicki
42,1,1,1,4621,NOLA,NOLA,Dino Nuggets,Offensive Lineman,swoosh
42,1,2,2,4682,BER,CHI,Heiiajs D. Owidhuse,Cornerback,firstfray
42,1,3,3,4603,COL,NOLA,Hank Mardukas,Wide Receiver,Chicken Lips
42,1,4,4,4623,BAL,COL,Federico Americano,Linebacker,MN_Moosey
42,1,5,5,4661,NYS,NYS,Martin Bachman,Running Back,Martin.Bachman
42,1,6,6,4664,SJS,SJS,Blacksmith Andre,Cornerback,Muford
42,1,7,7,4643,AUS,COL,RE #38,Linebacker,Aleris
42,1,8,8,4669,CHI,SJS,Josh Patterson,Quarterback,Tylertokesome04
42,1,9,9,4656,YKW,OCO,Reginald Shrubbery,Running Back,shrub02
42,1,10,10,4613,OCO,YKW,Dan Dandrews,Defensive End,sburbine
42,1,11,11,4683,SAR,SAR,Ace Anderson,Running Back,DangWookie
42,1,12,12,4674,HON,BAL,Luigi Numberone,Cornerback,ztarwarz
42,1,13,13,4657,AZ,NOLA,Octavion Speedings,Quarterback,CeeKay
42,1,14,14,4679,CTC,NOLA,Honey Humphries,Safety,Komobro
42,2,15,15,4685,NOLA,NOLA,Keanu Calhoun,Wide Receiver,Frostbite
42,2,16,16,4648,BER,AUS,Brock Lesnar,Offensive Lineman,tstols
42,2,17,17,4671,COL,HON,Stetson David,Running Back,oilmandan
42,2,18,18,4609,BAL,COL,Aleksandar Ković,Linebacker,Reno
42,2,19,19,4605,NYS,BER,Chaos Vert,Cornerback,Bubba
42,2,20,20,4626,SJS,OCO,Aaron Jäger,Offensive Lineman,MouseMazing
42,2,21,21,4684,AUS,NYS,Wing Wang,Kicker,platanocat
42,2,22,22,4665,CHI,CHI,LeHarm James,Linebacker,LHarm
42,2,23,23,4668,YKW,OCO,King Leonidas I,Kicker,LordEscanor
42,2,24,24,4678,OCO,YKW,Robert Rossi,Cornerback,Retuperkele
42,2,25,25,4625,SAR,COL,Marco Steele,Defensive End,TubbyTim69
42,2,26,26,4629,HON,COL,National Treasure,Wide Receiver,electrictree
42,2,27,27,4687,AZ,NOLA,Sonny Johnson,Defensive Tackle,Sonny
42,2,28,28,4630,CTC,OCO,Eliot Bukowski,Kicker,Jimi64
42,3,29,29,4607,NOLA,NOLA,Eldroh Kove,Offensive Lineman,Matteo
42,3,30,30,4686,BER,SJS,Bruce Talis,Offensive Lineman,Brucitalis
42,3,31,31,4688,COL,BAL,Narl Hecklenburg,Linebacker,Exilate
42,3,32,32,4676,BAL,COL,Turd Burglar,Cornerback,PoopNukem
42,3,33,33,4619,NYS,NYS,Justa Ol ’Shoe,Defensive End,CheekiBreekiDamkie
42,3,34,34,4659,SJS,SJS,The Red Panda,Safety,Lemorse7
42,3,35,35,4628,AUS,COL,Trevor Prowler,Cornerback,ATribeCalledSteph
42,3,36,36,4663,CHI,CHI,Zisia Ojeisndiwoseodj,Offensive Lineman,UpperNet
42,3,37,37,4617,YKW,OCO,Bread Bowl,Tight End,WALDO
42,3,38,38,4675,OCO,YKW,Jason West,Running Back,Jason Kranz
42,3,39,39,4634,SAR,SAR,Lucas Stevenson,Wide Receiver,srotpars
42,3,40,40,4642,HON,HON,Speedy Gizmo,Wide Receiver,WildfireMicro
42,3,41,41,4616,AZ,AZ,Suave Cruz,Tight End,somecoach
42,3,42,42,4638,CTC,HON,Alex Rosen,Safety,Tacoville
42,4,43,43,4627,NOLA,NOLA,Shucks McShuckle,Offensive Lineman,Dukemarriot
42,4,44,44,4633,BER,BER,Mike Gesicki,Linebacker,Mossed26
42,4,45,45,4652,COL,NOLA,Thomas Ferguson,Cornerback,ADMsmith
42,4,46,46,4639,BAL,COL,Kraig Johntholomew,Linebacker,DillyDillyJose
42,4,47,47,4637,NYS,NYS,Chris Jakki,Tight End,MoonMan13
42,4,48,48,4666,SJS,SJS,Abraham Madden,Linebacker,sandwichtheog
42,4,49,49,4632,AUS,AUS,Otto Hall,Kicker,Berjasta
42,4,50,50,4610,CHI,CHI,Not Edd,Offensive Lineman,Big Edd
42,4,51,51,4651,YKW,OCO,Mergatroid Skittle,Tight End,nigsch01
42,4,52,52,4644,OCO,YKW,Tyrone Huckleberry,Linebacker,DukeAK717
42,4,53,53,4646,SAR,COL,John Roney,Offensive Lineman,Roney027
43,1,1,1,4742,NOLA,AZ,Thomas Sutha,Linebacker,lemonoppy
43,1,2,2,4709,CHI,AUS,Jay Cue III,Quarterback,Opera_Phantom
43,1,3,3,4722,OCO,SAR,Gil Fischer,Defensive End,ctots
43,1,4,4,4748,COL,BER,Sack Sparrow,Offensive Lineman,Water
43,1,5,5,4753,SJS,BER,Gaius Gleel,Linebacker,Crodyman
43,1,6,6,4740,SAR,SAR,Ignatious Cleetington,Linebacker,110radio
43,1,7,7,4751,YKW,COL,Swamp Maiden,Running Back,honey
43,1,8,8,4720,AUS,BER,Kyle Bessey,Running Back,Pokecraft
43,1,9,9,4739,CTC,SAR,Spruce Willis,Cornerback,FootballIsCool
43,1,10,10,4745,NYS,AUS,Crasher Wake,Linebacker,AriaEXE
43,1,11,11,4747,HON,YKW,Cheecago Boucher,Linebacker,UberBJ
43,1,12,12,4729,BAL,NOLA,Josh Gibson,Linebacker,DoubleDub
43,1,13,13,4738,BER,NOLA,Bubba Hog,Linebacker,IHateBobNutting
43,1,14,14,4737,AZ,AZ,Iman Outlaw,Linebacker,allbetsonjames
43,2,15,15,4736,NOLA,BAL,Anakin Skywalker,Running Back,ForSucksFake
43,2,16,16,4712,CHI,CHI,Sem’ga Nah’sim,Wide Receiver,TheCC
43,2,17,17,4749,OCO,CHI,Norman Smiley,Linebacker,SmittyHextall
43,2,18,18,4750,COL,SJS,Tha Thu Craicte,Offensive Lineman,DeadlyPlayer
43,2,19,19,4728,SJS,CHI,Oskar Clark,Running Back,goblin jr.
43,2,20,20,4714,SAR,BAL,Tunkha Danstrol,Offensive Lineman,TDenstroyer
43,2,21,21,4744,YKW,BAL,Bertie Mannering-Phipps,Safety,bernardhibou
43,2,22,22,4692,AUS,AUS,Robert Green,Safety,RobJG2
43,2,23,23,4705,CTC,NOLA,Allister Adebam,Linebacker,MobiausGrander
43,2,24,24,4695,NYS,COL,Bell Peepo,Cornerback,Ephenssta
43,2,25,25,4741,HON,YKW,Maximus Boudreaux,Offensive Lineman,ZootTX
43,2,26,26,4733,BAL,COL,Giles Marrett,Defensive End,Allstar20890
43,2,27,27,4746,BER,NOLA,Kelijah Verwae,Offensive Lineman,Moosecop
43,2,28,28,4743,AZ,AZ,Paul Dosza,Cornerback,.simo
43,3,29,29,4730,NOLA,BAL,Sam Mercury,Wide Receiver,Rise of Smitty
43,3,30,30,4711,CHI,YKW,Tyler Hunt,Wide Receiver,Tyrathiel
43,3,31,31,4690,OCO,OCO,Alex Sanchez,Wide Receiver,Kazi420
43,3,32,32,4713,COL,SJS,Mega Tron,Safety,McGriddy10
43,3,33,33,4754,SJS,COL,La’Fluke Paris-Johnson,Tight End,hemhem
43,3,34,34,4691,SAR,SAR,Reginald Arceneaux,Running Back,PSanchez55
43,3,35,35,4708,YKW,CHI,Lieks Acksalot,Defensive End,thevoicelesscreator
43,3,36,36,4702,AUS,AUS,Sean Aldrich,Running Back,slumped64
43,3,37,37,4689,CTC,COL,Meowchael Cleocatchra,Cornerback,andybj
43,3,38,38,4724,NYS,NYS,Huck Indarts,Wide Receiver,overdoo
43,3,39,39,4719,HON,HON,Logan Runswell,Wide Receiver,ChickenLeg
43,3,40,40,4699,BAL,NOLA,Tatum Washington III,Running Back,Kw1
43,3,41,41,4726,BER,NOLA,Midwest Emo,Defensive End,Jiggly_333
43,3,42,42,4752,AZ,AZ,C.G Breezy Jr.,Cornerback,LIL MUNKEY
43,4,43,43,4716,NOLA,NOLA,Kane Erikkson,Defensive End,WhatInTheCTF
43,4,44,44,4704,CHI,CHI,Griffin Crunk,Safety,Griffcrunk
43,4,45,45,4698,OCO,OCO,Dan Hall,Safety,fart_simpson_
44,1,1,1,4779,NOLA,NOLA,Thomas Passarelli,Wide Receiver,Tmoney6996
44,1,2,2,4853,CHI,CHI,A Waffle,Wide Receiver,HalfEatenOnionBagel
44,1,3,3,4848,SJS,SJS,Orange Julius,Wide Receiver,OrangeJulius
44,1,4,4,4847,OCO,AUS,Trent Thigpen,Cornerback,GrimmCrackers
44,1,5,5,4852,YKW,OCO,Ryan McBean,Defensive Tackle,katarn22
44,1,6,6,4844,SAR,YKW,Thor Dangerson,Linebacker,homercrates
44,1,7,7,4842,AUS,SAR,Jamie Orion,Safety,Piercewise1
44,1,8,8,4854,HON,BER,Tuna TurnDaBallOva,Quarterback,SomeSay...
44,1,9,9,4760,BER,COL,Pete Moss,Kicker,Menace0528
44,1,10,10,4841,COL,CHI,Joey Battle,Linebacker,captainsb
44,1,11,11,4845,AZ,AZ,Jordan Bamford,Offensive Lineman,Bamford13
44,1,12,12,4836,CTC,BAL,Carter Goad,Defensive Tackle,caleb.grim
44,1,13,13,4795,NYS,CHI,Triceracop -,Running Back,Triceracop
44,1,14,14,4837,BAL,BAL,Joe Bazooka,Linebacker,Bazooka_Joe
44,2,15,15,4828,NOLA,NOLA,Scott Junior,Safety,JoeSteel
44,2,16,16,4849,CHI,SJS,Maple Dogwood,Offensive Lineman,dogwoodmaple
44,2,17,17,4850,SJS,SJS,Ronald McDonald,Defensive Tackle,okestboomer
44,2,18,18,4840,OCO,CHI,Marty Crane,Safety,Marty the Monster
44,2,19,19,4839,YKW,OCO,Wayne Miller,Cornerback,Datboi69
44,2,20,20,4846,SAR,AUS,Gajeel Redfox,Cornerback,AJay887
44,2,21,21,4831,AUS,OCO,Billy Ennair,Offensive Lineman,Jaywe88
44,2,22,22,4801,HON,BER,Golden Foote,Kicker,musha6570
44,2,23,23,4843,BER,YKW,Space Dino,Kicker,lock180
44,2,24,24,4838,COL,HON,Lenard McRobinson,Quarterback,shadyshoelace
44,2,25,25,4824,AZ,AZ,Dormo Bloodhand,Defensive Tackle,thecrimsonking99
44,2,26,26,4768,CTC,COL,Mattrim Cauthon,Wide Receiver,RavensFanFromOntario
44,2,27,27,4818,NYS,NYS,Xavier Moreno,Cornerback,LurchingCard
44,2,28,28,4829,BAL,CTC,Thor Bǫllrsveifla,Quarterback,Thor
44,3,29,29,4851,NOLA,NOLA,Biggie Fast,Offensive Lineman,jj2416
44,3,30,30,4791,CHI,YKW,Pat Uncertain,Cornerback,Scrizz
44,3,31,31,4757,SJS,SJS,Matthew Bolt,Safety,Bolt
44,3,32,32,4855,OCO,BAL,Diego López de Castilla,Wide Receiver,DL14
44,3,33,33,4784,YKW,BAL,. Gougar,Linebacker,PHB11677
44,3,34,34,4827,SAR,YKW,Redd Mistt,Defensive Tackle,Trennik
44,3,35,35,4774,AUS,NOLA,Dan Sevin,Running Back,Buttersqauch101
44,3,36,36,4792,HON,SAR,Geo Roberts,Cornerback,sound5th
44,3,37,37,4788,BER,CHI,Dewey Greenbeans,Safety,dcphil
44,3,38,38,4807,COL,HON,Wario Saturday,Offensive Lineman,rickymartin_irl
44,3,39,39,4833,AZ,AZ,Jelani Avant,Tight End,Chrundle
44,3,40,40,4856,CTC,COL,Felix Waterman,Safety,Will3
44,3,41,41,4817,NYS,NYS,Tyrell Ramsey,Cornerback,Slick
44,3,42,42,4776,BAL,AZ,Kirby Bernard,Tight End,kirbyberns
44,4,43,43,4773,NOLA,CTC,Leonard McCoy,Wide Receiver,Dynamicmlb_42
44,4,44,44,4777,CHI,SAR,LeBlockus BrickWall,Offensive Lineman,Csbbk4
44,4,45,45,4808,SJS,OCO,Crazy Tomato,Linebacker,Crazytomato
44,4,46,46,4857,OCO,YKW,Lane Frost III,Wide Receiver,LANEFROST
44,4,47,47,4797,YKW,CHI,Ivan Ivanov,Offensive Lineman,kmatt
44,4,48,48,4775,SAR,BAL,Lod Vilkshelm,Defensive Tackle,likealikeasexyorange
44,4,49,49,4810,AUS,SAR,Jarad Marshall,Wide Receiver,venomous_wario
44,4,50,50,4764,HON,BER,Nicholas Gilbert,Linebacker,nickgilbert17
44,4,51,51,4771,BER,COL,Kieran Kovalev,Tight End,JustHereToLeave
44,4,52,52,4790,COL,SAR,Theo Blake,Tight End,Charlie C
44,4,53,53,4812,AZ,NOLA,Justin Time,Tight End,bananaman
44,4,54,54,4821,CTC,NOLA,Logan Johnson,Kicker,Panthersnation12
44,4,55,55,4832,NYS,CHI,Big Birtha,Cornerback,Moe
44,4,56,56,4758,BAL,BAL,HK 19,Defensive Tackle,Doppelganger_
44,5,57,57,4826,NOLA,NOLA,Conway Spittey,Defensive End,2frames
45,1,1,1,4895,CHI,CHI,Doctor Who,Defensive Tackle,thewhovian
45,1,2,2,4896,NOLA,NOLA,Paul Edgecomb,Safety,TomHanks
45,1,3,3,4893,SJS,SJS,Kit Fisto,Wide Receiver,Pvtpenne
45,1,4,4,4884,COL,COL,Hercules Henry,Running Back,woelkers
45,1,5,5,4885,OCO,OCO,Siri Kjellström,Linebacker,bex
45,1,6,6,4901,YKW,YKW,Emerson Bigguns,Defensive Tackle,CaptainDMG
45,1,7,7,4882,BER,BER,Willie Swaggert,Running Back,GlimsTC
45,1,8,8,4863,AZ,AZ,Xavier Buckley,Linebacker,CptGoosar
45,1,9,9,4886,SAR,SAR,Ali Star,Linebacker,ProdigalSon
45,1,10,10,4892,AUS,AUS,Oops All-Pro,Defensive Tackle,PugWalrus
45,1,11,11,4897,NYS,NYS,Perry Passiveman,Defensive End,Cody
45,1,12,12,4883,BAL,CTC,Sebastian Lovecraft,Safety,Dagon
45,1,13,13,4902,CTC,CTC,Juran Riley,Linebacker,Huskies311
45,1,14,14,4889,HON,COL,Klaus von Reinherz,Offensive Lineman,J0EB
45,2,15,15,4904,CHI,CTC,Simon Winston,Safety,Sizzzle
45,2,16,16,4887,NOLA,NOLA,Dawelle Wevis,Cornerback,AW13
45,2,17,17,4879,SJS,SJS,Micah Dixon,Cornerback,Shylo_Moxii
45,2,18,18,4868,COL,HON,Worsethan Blaze,Running Back,g2019
45,2,19,19,4865,OCO,OCO,Frumious Bandersnatch,Defensive Tackle,Michiganonymous
45,2,20,20,4894,YKW,NOLA,André Benn,Wide Receiver,Ben
45,2,21,21,4900,BER,OCO,Fin-Jeremy Har-Dur,Offensive Lineman,Philliesphan96
45,2,22,22,4890,AZ,AZ,Garlic Jr.,Offensive Lineman,soup
45,2,23,23,4871,SAR,SAR,Raw Cheese McPickle,Offensive Lineman,Eric Belmont
45,2,24,24,4881,AUS,BAL,Chappy McChapperson,Safety,Charple
45,2,25,25,4898,NYS,NYS,Scudl McDiddl,Wide Receiver,scudmuffin19
45,2,26,26,4880,BAL,BAL,Master Chief,Kicker,SnowyWolfz
45,2,27,27,4888,CTC,YKW,Luke Hunter,Cornerback,TubaDeus
45,2,28,28,4891,HON,BER,Pitter Patter,Wide Receiver,r0tzbua
45,3,29,29,4899,CHI,CHI,Neil Bonnet,Tight End,MMAJAKE710
45,3,30,30,4861,NOLA,BAL,Isabella García-Shapiro,Offensive Lineman,dude_woman
45,3,31,31,4903,SJS,SJS,Local Cryptid,Tight End,shiki
45,3,32,32,4870,COL,COL,Mike Hawk,Linebacker,poopooinp
45,3,33,33,4869,OCO,OCO,Asher Daniels,Tight End,YoungBuck
45,3,34,34,4874,YKW,YKW,Cush Jones,Running Back,Coachsj35
45,3,35,35,4862,BER,BER,Eye-Hardly Knower,Kicker,Bauer
45,3,36,36,4859,AZ,AZ,La’Travious Ward,Safety,SG_Vesuvius
45,3,37,37,4872,SAR,SAR,Benny Hanna,Wide Receiver,itztimg
45,3,38,38,4875,AUS,AUS,Barret Garrett,Offensive Lineman,SirBongo
45,3,39,39,4860,NYS,NYS,Hingle McCringleberry,Wide Receiver,ScenicVoyage
46,1,1,1,4942,YKW,YKW,Silence Suzuka,Wide Receiver,xenosthelegend
46,1,2,2,4952,NOLA,NOLA,Oxford Comma,Linebacker,domffl
46,1,3,3,4958,SJS,SJS,KrustyKrab Pizza,Linebacker,Dindog
46,1,4,4,4943,CTC,CHI,Corey Trevor,Linebacker,DigDoug11
46,1,5,5,4935,OSK,BER,Devin Jones,Cornerback,Drizzy
46,1,6,6,4954,NYS,NYS,Drake Wane,Cornerback,Amkamkamk
46,1,7,7,4920,OCO,OCO,Chopper Donquixote,Wide Receiver,amjohnson636
46,1,8,8,4941,AZ,SAR,Léopold Roy,Wide Receiver,Gordon Bombay
46,1,9,9,4946,BER,NOLA,Octavio Volarus,Offensive Lineman,CementHands
46,1,10,10,4947,BAL,AZ,Purdy mediocre,Running Back,KaleSalad
46,1,11,11,4959,COL,HON,Hearty Harry,Cornerback,frazzle14
46,1,12,12,4949,HON,HON,Leo Simon Schwartz,Defensive Tackle,griis
46,1,13,13,4951,SAR,BER,PeePee Poop-Eater Jr.,Linebacker,Nathan
46,1,14,14,4960,AUS,AUS,Seventh Rounder,Wide Receiver,ElMerchanto
46,2,15,15,4944,YKW,YKW,Sergei Nunkanblok,Cornerback,theskinnyman
46,2,16,16,4953,NOLA,NOLA,Jack Sloth,Offensive Lineman,slothfacekilla
46,2,17,17,4936,SJS,SAR,Miller Light,Defensive Tackle,crow19
46,2,18,18,4939,CTC,CTC,Scorch von Turbo,Linebacker,lordcoolcats
46,2,19,19,4940,OSK,CTC,Dru Freduci,Wide Receiver,Keyg_an
46,2,20,20,4955,NYS,NYS,Lyle Taylor,Safety,PurplePiratePoo
46,2,21,21,4934,OCO,BER,D’Jasper Probincrux IV,Linebacker,jreed12
46,2,22,22,4950,AZ,OCO,Lasse Zeigler,Safety,jaypc8237
46,2,23,23,4945,BER,YKW,Billy Van Goff,Running Back,bjkman
46,2,24,24,4948,BAL,AZ,Wynn Jenkins,Kicker,Rydychyn
46,2,25,25,4937,COL,COL,Terry Keller,Cornerback,DatSmolBoi
46,2,26,26,4956,HON,HON,Fig Newton,Wide Receiver,MMFLEX
46,2,27,27,4957,SAR,SJS,Duilio's Beard,Linebacker,RussDrivesTheBus
46,2,28,28,4930,AUS,AUS,Matthew McDairmid Jr.,Kicker,Matty7478
46,3,29,29,4938,YKW,YKW,Taylor Swift,Offensive Lineman,smolkrnboi
46,3,30,30,4924,NOLA,NOLA,Aaron Ford,Running Back,Aford9910
46,3,31,31,4914,SJS,SJS,Maeve Mascarpone,Running Back,ihatereyson
46,3,32,32,4923,CTC,CTC,Squints Jr,Wide Receiver,Jbrid416
46,3,33,33,4907,OSK,CHI,Cassius Ketch,Safety,yrhryan
46,3,34,34,4910,NYS,NYS,John le Ston,Tight End,frozencreek
46,3,35,35,4913,OCO,OCO,Daddy Dimes,Linebacker,Insurgent1315
46,3,36,36,4909,AZ,BER,Stephen Murphy,Tight End,MisterBasketball
46,3,37,37,4917,BER,BAL,Cody Shredder,Running Back,zefuses
46,3,38,38,4908,BAL,AZ,T.J Enterfeltd,Defensive Tackle,bigdolla
46,3,39,39,4929,COL,COL,Kolen Henderson,Safety,Solarslayer
46,3,40,40,4919,HON,HON,Earnest Splash,Cornerback,Scooter
47,1,1,1,5028,HON,HON,Brad Woof,Wide Receiver,Brad Woof
47,1,2,2,5029,NOLA,HON,Roquefort Cotswold,Cornerback,roquefort
47,1,3,3,5040,BER,BER,Walter Yensid,Cornerback,WalterYensid
47,1,4,4,5007,COL,COL,Tim Riggins,Wide Receiver,shahdude
47,1,5,5,5035,CTC,NYS,Wake Drane Jr.,Running Back,Daniel
47,1,6,6,5009,NYS,CTC,Dunkler Sowerwine,Defensive Tackle,oknom
47,1,7,7,5030,CHI,CHI,JJ What,Linebacker,JJ5
47,1,8,8,5038,SJS,SJS,Mooty Poop-Eater,Cornerback,Asked Madden
47,1,9,9,5014,SAR,SJS,Swantavius Stack,Offensive Lineman,Swanty
47,1,10,10,5033,OCO,OCO,Reginald Hammerfall,Running Back,Fangorn
47,1,11,11,5024,AUS,AUS,Soul King Brook,Wide Receiver,TwoSocks
47,1,12,12,4997,BAL,BAL,María Teresa de la Rosa,Wide Receiver,Baron1898
47,1,13,13,5017,YKW,YKW,Lane Wilson,Running Back,dustywilson22
47,1,14,14,5021,AZ,AZ,Sewage Joe Fantringham,Defensive Tackle,BRNXB0MBERS
47,2,15,15,5026,HON,HON,Ranch-Pizza Pizza-Man,Defensive Tackle,TheNC206
47,2,16,16,5031,NOLA,NOLA,McDripsen McDropsen,Offensive Lineman,Drip
47,2,17,17,4971,BER,BER,Raphael Mephistopholes,Cornerback,Jackienape
47,2,18,18,5008,COL,COL,SkibidiGyat OhioRizzler,Cornerback,bold ni wally
47,2,19,19,5034,CTC,NYS,Speed Hawk,Running Back,PMoney
47,2,20,20,4983,NYS,CTC,D’Glester Hardunkichud,Linebacker,ConnorM123
47,2,21,21,5004,CHI,CHI,Russell Jimmies,Quarterback,soevil
47,2,22,22,5012,SJS,SAR,Toller Retriever,Safety,mer
47,2,23,23,5022,SAR,BER,Maurice Gunner,Linebacker,Soviet Sexpot
47,2,24,24,5011,OCO,CTC,Luke Laraque,Defensive End,Blix900
47,2,25,25,4976,AUS,BAL,Bean Beanman III,Linebacker,Seymour
47,2,26,26,4998,BAL,BAL,Lyle Robideaux,Safety,Figgy
47,2,27,27,5018,YKW,YKW,Tony Scaletta,Safety,Starboy
47,2,28,28,5006,AZ,COL,Eric Beaty jr.,Safety,bechtudo
47,3,29,29,5027,HON,HON,Tyler Higbee II,Offensive Lineman,SensibleDictator
47,3,30,30,5032,NOLA,NOLA,Will Nuck,Running Back,NUCK
47,3,31,31,5039,BER,SJS,Huge Yakman,Linebacker,Vulfzilla
47,3,32,32,5020,COL,AZ,Grzegorz Winnicki,Linebacker,araa
47,3,33,33,5036,CTC,NYS,Elijah Dyson,Quarterback,Pat
47,3,34,34,5010,NYS,CTC,Julian Rose,Wide Receiver,Gage2
47,3,35,35,4965,CHI,CHI,Brandon Johnson,Running Back,roastfuego
47,3,36,36,5000,SJS,BAL,Upceti Spaghetti,Defensive End,Agent Chaos
47,3,37,37,5013,SAR,SAR,- Bugs,Quarterback,ImSatanJunior
47,3,38,38,5037,OCO,OCO,South West,Cornerback,Honoredmexican
47,3,39,39,5015,AUS,AUS,Bull Dozier,Linebacker,modpro
47,3,40,40,5025,BAL,HON,Rush Hardman,Offensive Lineman,ThunderTitan82
47,3,41,41,5016,YKW,YKW,Bob Kronkowski,Tight End,papalinator
47,3,42,42,5019,AZ,AZ,Puddles O'Duck,Quarterback,Z-Whiz
47,4,43,43,4999,HON,BAL,Edith Nickelback,Offensive Lineman,kahri
47,4,44,44,4992,NOLA,NOLA,Matt Wilkins,Cornerback,irthen
47,4,45,45,5003,BER,BER,Meo Stickyhands-McGee,Wide Receiver,dhoop
47,4,46,46,5001,COL,COL,- Bunny,Defensive Tackle,Bunny
47,4,47,47,4970,CTC,NYS,Anthony Simmons III,Defensive Tackle,Starchychaff
47,4,48,48,4961,NYS,OCO,Hollywood Tez,Wide Receiver,HollywoodTruzz
47,4,49,49,5005,CHI,CHI,Dee Fernandez,Kicker,fetty
47,4,50,50,5023,SJS,AUS,Ryan Joseph,Linebacker,Rydel439
47,4,51,51,5041,SAR,SAR,Hex Waters II,Tight End,hexify
47,4,52,52,5042,OCO,BER,Honorius Salvator,Safety,Schwarzy
47,4,53,53,4982,AUS,SJS,Roman Alexander,Defensive End,crazykeyoung
47,4,54,54,4995,BAL,CHI,Jack Destroyer,Linebacker,Sparrow86
47,4,55,55,5043,YKW,NOLA,Lloyd Boernsteen,Cornerback,Dr.Lloyd
47,4,56,56,4987,AZ,HON,Johnathan ByWater,Linebacker,Canadian_Goose25
47,5,57,57,5002,HON,HON,Gucci Gurley,Running Back,MrGoat1246
47,5,58,58,4985,NOLA,NOLA,Kiwi Flapjacks,Defensive End,kiki
47,5,59,59,4990,BER,BER,Derek Becker,Defensive End,DerekBecker
47,5,60,60,4996,COL,COL,Hamm Hargreaves,Kicker,Hamm Hargreaves
47,5,61,61,4963,CTC,NYS,Demarcus Brothers,Safety,cousinhuey
47,5,62,62,4986,NYS,CTC,Treyverion Bernardrick,Wide Receiver,wingedbard
48,1,1,1,5089,COL,COL,Willeh Strong,Linebacker,wetwilleh
48,1,2,2,5109,HON,HON,Robot Sunfish,Running Back,yonggarius
48,1,3,3,5097,NYS,SAR,Zigzag Zipstep,Running Back,Twenty6
48,1,4,4,5111,AUS,BER,Mac Mannheim,Linebacker,ACynicalGamer
48,1,5,5,5113,BER,NYS,Zayn Feet-Lover Sr.,Wide Receiver,zaynzk
48,1,6,6,5103,SAR,AUS,Seer Ial,Wide Receiver,omg
48,1,7,7,5088,YKW,BER,GCBWRNW Princess Donut,Defensive Tackle,OrbitingDeath
48,1,8,8,5110,OCO,HON,Rex Havoc,Defensive End,Muddym13
48,1,9,9,5087,BAL,COL,Jet Larsen,Cornerback,DocLars
48,1,10,10,5107,NOLA,HON,Caleb TheGEICOCamel,Safety,Rusfan
48,1,11,11,5085,CHI,CHI,Tyler Oles III,Cornerback,Oles
48,1,12,12,5117,SJS,SJS,Lheorvine Adebisi,Defensive Tackle,Alikh
48,1,13,13,5071,CTC,BER,Big Tractor,Wide Receiver,Nectorist
48,1,14,14,5114,AZ,NYS,Draven Chanos,Defensive Tackle,.Laser
48,2,15,15,5090,COL,COL,Dazen Guile,Offensive Lineman,Punk42AE
48,2,16,16,5116,HON,CHI,Juan Carrasco,Defensive Tackle,Wiggli
48,2,17,17,5102,NYS,AUS,Mako Mendonca Jr,Running Back,Mooty99
48,2,18,18,5093,AUS,COL,Adolin Collins,Linebacker,infern8
48,2,19,19,5100,BER,OCO,Animal Blundetto,Running Back,Jimi64
48,2,20,20,5104,SAR,AUS,Rocket Ride,Safety,Ulaire
48,2,21,21,5094,YKW,BER,Acutiramus Bohemicus,Offensive Lineman,Gadget
48,2,22,22,5108,OCO,HON,Leonardo Da Pinchi,Offensive Lineman,LtHudz
48,2,23,23,5078,BAL,BAL,Lawrence Crawford,Cornerback,SwankyPants31
48,2,24,24,5112,NOLA,NOLA,Stone Wall,Cornerback,bfry
48,2,25,25,5074,CHI,CHI,Derrick Prince Jr.,Wide Receiver,AnUnoriginalGuy
48,2,26,26,5098,SJS,SAR,Harrison Andrews Jr.,Cornerback,abh89
48,2,27,27,5095,CTC,CTC,GoTo imnegs.net,Cornerback,negs
48,2,28,28,5115,AZ,NYS,Widdle Warrick,Cornerback,Repgnar
48,3,29,29,5070,COL,AZ,Alexandros Sotiris,Safety,Fno
48,3,30,30,5119,HON,HON,Reggie Battle,Wide Receiver,Supersquare04
48,3,31,31,5076,NYS,SJS,Carlos Marx,Defensive End,trident13
48,3,32,32,5079,AUS,BER,American Dream,Running Back,KC15
48,3,33,33,5080,BER,OCO,Sam Coverdale,Cornerback,Civvy
48,3,34,34,5106,SAR,SAR,Adam Journey,Cornerback,WildfireMicro
48,3,35,35,5086,YKW,CHI,Old Man Walker,Wide Receiver,deadlunatic
48,3,36,36,5081,OCO,HON,Cleetus Beauregard,Cornerback,NylarthePhoenix
48,3,37,37,5101,BAL,AZ,smooth green girnch,Offensive Lineman,hotdog
48,3,38,38,5099,NOLA,YKW,Nathan Claflin Jr.,Linebacker,Greenbaynathan
48,3,39,39,5096,CHI,HON,Greg Hirsch,Cornerback,Fordhammer
48,3,40,40,5060,SJS,SAR,Rusty Shackleferd,Linebacker,shackleferd
48,3,41,41,5084,CTC,OCO,Finn Murphy,Linebacker,Dolphins
48,3,42,42,5092,AZ,COL,Cameron Oswald-Newton,Linebacker,Kobefromthefrobe
48,4,43,43,5052,COL,COL,Jag McQueen,Running Back,SPatt59
48,4,44,44,5118,HON,OCO,Rick Van Vale,Defensive End,RTX_Matrix
48,4,45,45,5105,NYS,AUS,Garfield Despacito IV,Defensive End,Gwdjohnson
48,4,46,46,5082,AUS,BER,Kurt Wagner,Tight End,Argonisi
48,4,47,47,5083,BER,NYS,Leroy Jenkins,Safety,SirKitchel
48,4,48,48,5120,SAR,AUS,Daniel Kenny,Kicker,Firefly
48,4,49,49,5058,YKW,YKW,Jamarcus Qiller,Quarterback,YoungBuck
48,4,50,50,5073,OCO,HON,Johnny Bird,Safety,Southie
48,4,51,51,5072,BAL,BAL,Steve Austin,Tight End,jft1768
48,4,52,52,5123,NOLA,NOLA,Moses DeWitt,Wide Receiver,sneakyalien
48,4,53,53,5091,CHI,CHI,Gusztáv Farkas,Offensive Lineman,Raven
49,1,1,1,5173,COL,COL,Alexander Rockstone,Wide Receiver,AustinP0027
49,1,2,2,5197,NYS,NYS,Kevin Finnerty,Wide Receiver,ReverendOReily
49,1,3,3,5186,AUS,AUS,Billdozer Dauterive,Linebacker,Kyamprac
49,1,4,4,5181,HON,BER,Super Sonic,Wide Receiver,sonicxdoom
49,1,5,5,5169,BER,BER,FTBLLCMR4D RUS-KCKR-001,Linebacker,8bitd1ck
49,1,6,6,5178,SAR,SAR,Slam Dunkinson,Linebacker,bfan8475
49,1,7,7,5194,OCO,CHI,Joe Blaze,Linebacker,jlyles7
49,1,8,8,5180,YKW,YKW,Devin Mace,Offensive Lineman,Dev0
49,1,9,9,5188,SJS,AUS,William Eaton,Running Back,Amidships
49,1,10,10,5187,CHI,CHI,WW Jatt,Linebacker,Lumosityfan
49,1,11,11,5185,AZ,AZ,Kim Yeon-Seok,Cornerback,Crunk
49,1,12,12,5199,CTC,COL,Tua Domine,Linebacker,Yeenoghu
49,1,13,13,5184,BAL,AZ,Harvin Marrison,Wide Receiver,Chucky
49,1,14,14,5172,NOLA,COL,Julian McMorris II,Running Back,TubbyTim69
49,2,15,15,5193,COL,NOLA,Frosty Steele,Linebacker,jsteele14
49,2,16,16,5183,NYS,AZ,Lakin Makin,Offensive Lineman,MikeWhiskey
49,2,17,17,5203,AUS,SJS,Lucas Graves,Cornerback,Bwestfield
49,2,18,18,5189,HON,HON,- Baymax,Offensive Lineman,IceBear32
49,2,19,19,5190,BER,HON,Sweet Sweet Ganjasmoke,Wide Receiver,BOOM™
49,2,20,20,5177,SAR,SAR,Marshall von Hildebrand,Kicker,nunccoepi
49,2,21,21,5174,OCO,CTC,Martavius Spencer,Safety,hihihi_62
49,2,22,22,5209,YKW,YKW,Dexter Morgan,Quarterback,goodvsevil1275
49,2,23,23,5205,SJS,SJS,Richard Johnson,Offensive Lineman,Reedy0rNot
49,2,24,24,5204,CHI,CHI,Hot Dam,Defensive Tackle,Painted
49,2,25,25,5195,AZ,NYS,Duke Silverback,Safety,wizard_literal
49,2,26,26,5175,CTC,BER,Connor Craig Jr. Jr.,Running Back,Dewalt27
49,2,27,27,5146,BAL,COL,Secret Squirrel,Tight End,iStegosauruz
49,2,28,28,5200,NOLA,OCO,Deacon Blues,Tight End,UptownCord
49,3,29,29,5171,COL,COL,Katya Zamolodchikova,Offensive Lineman,fnordypsyduck
49,3,30,30,5167,NYS,AZ,Liggy Jiggy,Cornerback,Raccoon177
49,3,31,31,5191,AUS,NOLA,Auto Matic,Tight End,AJW
49,3,32,32,5170,HON,COL,Thaal Sinestro,Defensive Tackle,Arctic
49,3,33,33,5176,BER,CTC,Cedric Theriault,Offensive Lineman,tcookie
49,3,34,34,5179,SAR,SAR,Klaus Reinhardt,Offensive Lineman,Middy
49,3,35,35,5192,OCO,CHI,Daniel Janser,Offensive Lineman,Daniel Janser
49,3,36,36,5182,YKW,YKW,Benny The Jet,Wide Receiver,wildcatbandit
49,3,37,37,5202,SJS,SJS,Tim Robinson,Kicker,Yahtzee
49,3,38,38,5165,CHI,CHI,Serhii Strynadka,Safety,REAL rory
49,3,39,39,5196,AZ,NYS,Oandon Lolanin,Offensive Lineman,jacobcarson877
49,3,40,40,5201,CTC,CTC,Ajax Sakarias,Running Back,elixir
49,3,41,41,5168,BAL,BAL,Taylor's BF's Brother,Offensive Lineman,STZ
49,3,42,42,5152,NOLA,BER,Bazooka Nuttingham,Running Back,Gopher a beer
49,4,43,43,5159,COL,OCO,Tony Chazz,Defensive Tackle,Benson
49,4,44,44,5207,NYS,NYS,Kool Kyle,Running Back,Jaywe88
49,4,45,45,5145,AUS,AUS,Jonah Wallis,Cornerback,QuirkyTurtle
49,4,46,46,5198,HON,OCO,Zack Vega Jr.,Quarterback,WALDO
49,4,47,47,5210,BER,OCO,Nathan Abel,Offensive Lineman,DeThePyro
49,4,48,48,5163,SAR,SAR,Darius Fasttrack,Wide Receiver,Dynamicmlb_42
49,4,49,49,5208,OCO,BER,William Metzler,Kicker,dylanjj37
49,4,50,50,5144,YKW,YKW,Zimm Triumph,Safety,bytes
49,4,51,51,5141,SJS,SJS,Jacques Hammer,Running Back,TheHammer43
49,4,52,52,5137,CHI,BAL,Douglas Capybara,Cornerback,SelfAware
49,4,53,53,5206,AZ,BER,Leandro Goncalves,Linebacker,leandrofg
49,4,54,54,5150,CTC,BER,Nathan Bodie,Defensive End,wallfly84
49,4,55,55,5206,BAL,BAL,Leandro Goncalves,Linebacker,leandrofg
49,4,56,56,5138,NOLA,NOLA,Stacey Dewayne,Wide Receiver,Coachsj35
49,5,57,57,5133,COL,COL,Chris Receiverston,Wide Receiver,avocago_65
49,5,58,58,5153,NYS,NYS,Ben Hafkey,Cornerback,ItsMcLovin
49,5,59,59,5148,AUS,AUS,David VanHousen,Wide Receiver,David VanHousen
49,5,60,60,5147,HON,BER,Bauce McSauce,Wide Receiver,ssovm
49,5,61,61,5155,BER,HON,Joe Brewer,Wide Receiver,EBOT0907
49,5,62,62,5160,SAR,SAR,Ralph Johnson XXVI,Running Back,chefkiger
49,5,63,63,5124,OCO,OCO,David Carson,Kicker,Maniac1218
50,1,1,1,5263,COL,COL,Taonga Kofi,Safety,midknight
50,1,2,2,5303,OCO,OCO,William Strong,Running Back,Bigred1580
50,1,3,3,5290,BER,HON,Federico Cinco,Running Back,cinco de la tarde
50,1,4,4,5291,HON,HON,Tee Bone,Linebacker,Beck
50,1,5,5,5286,NYS,AUS,Honda Civic,Offensive Lineman,unconfident
50,1,6,6,5297,CTC,NYS,Sevrin Quinn,Linebacker,Sevrin
50,1,7,7,5268,AUS,CTC,Kipp Summers,Cornerback,Bradkipp
50,1,8,8,5260,OSK,OSK,Kal Summers Jr,Wide Receiver,MrKrumz
50,1,9,9,5274,SAR,SAR,Jonathan Dailey,Defensive Tackle,Daileyj6
50,1,10,10,5306,SJS,SJS,Golden Ericksen,Wide Receiver,Seven Arrows
50,1,11,11,5282,AZ,AZ,Dalinar Summers,Running Back,lunaripcole
50,1,12,12,5277,YKW,YKW,David Corrigan,Cornerback,Deecee98
50,1,13,13,5239,BAL,OCO,Meguru Bachira,Safety,bachirafan
50,1,14,14,5296,NOLA,NOLA,I.Q. Bowman,Cornerback,qWest
50,2,15,15,5267,COL,COL,Swantavius Feet-Lover,Linebacker,DarknessRising
50,2,16,16,5298,OCO,OCO,Victoire Absolue,Safety,parky
50,2,17,17,5300,BER,BER,Linz O'Fare,Safety,Alf
50,2,18,18,5278,HON,BER,Jack Cannon,Safety,BlitzAce71
50,2,19,19,5307,NYS,SJS,Akane Saruta,Safety,Megsychan
50,2,20,20,5301,CTC,OCO,Traffic Cone,Offensive Lineman,SoySavant
50,2,21,21,5295,AUS,NOLA,Confurius DeThwilson,Offensive Lineman,Commaperiod
50,2,22,22,5262,OSK,OSK,Casper Constantine,Cornerback,rapideagle
50,2,23,23,5271,SAR,SAR,Challah Famer,Wide Receiver,DREAMSLOTH
50,2,24,24,5305,SJS,SJS,Pasta Rockmann,Quarterback,BenDover
50,2,25,25,5283,AZ,AZ,Prime Sanders,Cornerback,ManningTypeAim
50,2,26,26,5276,YKW,YKW,Pizza Monster,Defensive Tackle,br0_0ker
50,2,27,27,5254,BAL,BAL,No Pix,Cornerback,dude_man
50,2,28,28,5288,NOLA,AUS,Benjamin Abenduct,Defensive Tackle,Schnee
50,3,29,29,5266,COL,COL,Holden Affart,Defensive Tackle,YetiTaz
50,3,30,30,5302,OCO,OCO,Joe Cool,Wide Receiver,The.Pat
50,3,31,31,5293,BER,BER,Jurisprudence Jones,Offensive Lineman,124715
50,3,32,32,5285,HON,AZ,JC Tomlinson,Defensive Tackle,Knif3yMan87
50,3,33,33,5289,NYS,AUS,Larton Hilnka,Tight End,RDBSouthPaw
50,3,34,34,5256,CTC,BAL,Chunky Campbell Soup,Defensive Tackle,Tayjay
50,3,35,35,5273,AUS,CTC,Alexander Hordle Jr.,Linebacker,slate
50,3,36,36,5261,OSK,OSK,Sebastian Rosenthal,Linebacker,Symmetrik
50,3,37,37,5275,SAR,SAR,Thurman Waters,Defensive Tackle,HoodKirby
50,3,38,38,5258,SJS,BAL,Jordan Drapal,Offensive Lineman,TheDrapFather
50,3,39,39,5284,AZ,AZ,JamesIsRunning Wilder,Running Back,kdr
50,3,40,40,5281,YKW,YKW,Skee Yee,Defensive Tackle,Big Edd
50,3,41,41,5270,BAL,CTC,Jake Spears,Linebacker,JaytheGreat
50,3,42,42,5294,NOLA,NOLA,David Hudgens IV,Defensive Tackle,TheSparkyDee
50,4,43,43,5264,COL,COL,Scott Wickerd,Wide Receiver,scottyw13
50,4,44,44,5265,OCO,COL,Feka Ohi Kau,Tight End,Hacob
50,4,45,45,5255,BER,BAL,Travis Novak,Wide Receiver,jayamshah99
50,4,46,46,5292,HON,HON,Okuyasu Nijimura,Defensive Tackle,KnowledgeBoy
50,4,47,47,5228,NYS,AUS,"Otis Boudreaux, Jr",Wide Receiver,Otis B
50,4,48,48,5309,CTC,OCO,Eric Cartman,Offensive Lineman,Luciddreams702
50,4,49,49,5280,AUS,YKW,Luna Moon,Offensive Lineman,moonchildxox
50,4,50,50,5259,OSK,OSK,SuperNintendo Chalmers,Cornerback,Smurph
50,4,51,51,5287,SAR,AUS,America South America,Kicker,toivo
50,4,52,52,5308,SJS,SJS,Baldimir Fraudiola,Tight End,jdourtled
50,4,53,53,5269,AZ,BER,Jensen Wild,Kicker,WildBoyy
50,4,54,54,5257,YKW,BAL,Blo Cage,Kicker,ItsFrenchie
50,4,55,55,5219,BAL,CTC,Rush Templeton,Defensive End,cyberowl
50,4,56,56,5299,NOLA,OCO,Ethan Baker,Defensive Tackle,Pocketsand007
50,5,57,57,5272,COL,SAR,John Myers,Wide Receiver,Cuffy
50,5,58,58,5304,OCO,OCO,Juan Futman,Kicker,Existentialistic
50,5,59,59,5238,BER,BER,Sol Majestic,Wide Receiver,bigpeters
50,5,60,60,5232,HON,AZ,Hugh Eackman,Wide Receiver,foshizzlemynizzle
50,5,61,61,5223,NYS,AUS,Zach Ovtroy,Defensive Tackle,benrb97
50,5,62,62,5250,CTC,NYS,Carl Wheezer,Wide Receiver,GarySnailWilson
50,5,63,63,5218,AUS,BER,Ted Marshall,Linebacker,noanic
50,5,64,64,5213,OSK,OSK,Bryan Summers,Kicker,spicymilk
50,5,65,65,5244,SAR,SAR,Blitz McTackleton,Safety,DrChops
50,5,66,66,5252,SJS,SJS,Jack Wolf,Kicker,ClayAbby
50,5,67,67,5225,AZ,OCO,Joey Stalling,Wide Receiver,Stalling
50,5,68,68,5279,YKW,YKW,Guess Who,Linebacker,Air Crou
50,5,69,69,5248,BAL,OCO,Carmen Murphy,Offensive Lineman,CarmCarm
50,5,70,70,5235,NOLA,NOLA,Chris Garnica,Defensive End,PSanchez55
50,6,71,71,5234,COL,COL,David Moose,Linebacker,davidmoose
50,6,72,72,5251,OCO,BAL,James Richmay,Defensive End,schlonz75
50,6,73,73,5246,BER,BER,Tyler Duncan,Defensive Tackle,tdor1313
50,6,74,74,5245,HON,OCO,J.J. Enterfeltd,Linebacker,bigdolla
50,6,75,75,5221,NYS,AUS,Lucy Leitner,Kicker,lucyxpher
51,1,1,1,5354,OCO,OCO,Paulie Wag,Defensive Tackle,Pelochyta
51,1,2,2,5339,COL,COL,Miguel Caballero Rojo,Defensive Tackle,Akoustique
51,1,3,3,5359,BFB,BER,Brick Wall,Defensive End,IR15H0000000000
51,1,4,4,5358,SJS,SJS,Senior Seau,Defensive Tackle,ComebackZak
51,1,5,5,5355,NOLA,OCO,Kai Ware,Cornerback,Hepha
51,1,6,6,5349,CTC,AUS,Matt Turk,Safety,Matt Turk
51,1,7,7,5332,AUS,BAL,Roy Rivers,Kicker,RoyRivers
51,1,8,8,5342,YKW,CTC,Gavin Girard,Safety,Froste39
51,1,9,9,5335,OSK,OSK,Rocket Toss,Tight End,Aleris
51,1,10,10,5341,AZ,CTC,Jamal Slick Jr.,Wide Receiver,JBLAZE_THE_BOSS
51,1,11,11,5357,SAR,SJS,Ignacio de la Serna,Running Back,crash1005
51,1,12,12,5343,HON,CTC,Al Porpoise,Defensive Tackle,speculadora
51,1,13,13,5353,NYS,NYS,Abstract Geometry,Linebacker,Murtsi
51,1,14,14,5333,BAL,BAL,Quincy Robinson,Running Back,18situaseans
51,2,15,15,5347,OCO,OCO,john scamps,Linebacker,scamps
51,2,16,16,5337,COL,COL,John Kick,Kicker,pboomg
51,2,17,17,5350,BFB,HON,Cyrus MacDougall,Offensive Lineman,g2019
51,2,18,18,5348,SJS,AUS,Jack Crackerjack,Quarterback,JKortesi81
51,2,19,19,5352,NOLA,NOLA,Ben Yay,Wide Receiver,toofpete
51,2,20,20,5360,CTC,AUS,Karl Idlewyld,Wide Receiver,Kyle
51,2,21,21,5345,AUS,YKW,Ghost Panda,Linebacker,juniped
51,2,22,22,5356,YKW,SJS,Ethan Shadow Jr.,Linebacker,anuragb
51,2,23,23,5336,OSK,OSK,Mike Ross,Offensive Lineman,Jacky
51,2,24,24,5331,AZ,BAL,Jeff Land Shark,Running Back,LiathTheSquirrel
51,2,25,25,5344,SAR,SAR,Big Strong Red Panda,Tight End,Lemorse7
51,2,26,26,5340,HON,CTC,Peaquod Von Turbo,Quarterback,Cycro
51,2,27,27,5324,NYS,OCO,Bacon Morales,Defensive End,Rengoku
51,2,28,28,5346,BAL,AZ,Xander Le Roux,Wide Receiver,zeagle1
51,3,29,29,5319,OCO,NYS,Mikey Knuckelz,Defensive End,MikeyKnuckelz
51,3,30,30,5338,COL,COL,Justin Fern,Offensive Lineman,dead_potato_
51,3,31,31,5334,BFB,BER,Ford F150,Running Back,24redcrayons
51,3,32,32,5328,SJS,SJS,Clam Casino,Offensive Lineman,tellybear
51,3,33,33,5351,NOLA,NOLA,Bug Jones,Offensive Lineman,UpperNet
51,3,34,34,5321,CTC,AUS,Lasso Jones,Running Back,Kilowat
51,3,35,35,5323,AUS,YKW,Cornelius McManama,Defensive Tackle,oozeysludge
51,3,36,36,5361,YKW,OCO,DeAndre Reeler,Defensive Tackle,JoeHoe3121
51,3,37,37,5322,OSK,OSK,Chavo De La Crúz,Linebacker,LeAlvaroBoi
51,3,38,38,5312,AZ,COL,Jerome Bettis Jr.,Running Back,koty_k
52,1,1,1,5406,OCO,OCO,Jerald Chuprig,Safety,dannuic
52,1,2,2,5422,BFB,BFB,Isaac Fuse,Wide Receiver,mystictoejam
52,1,3,3,5400,SJS,HON,Dixon Yamada,Cornerback,Dmac1200
52,1,4,4,5410,CTC,SJS,Zen Olson,Cornerback,GUCCI_BO
52,1,5,5,5402,COL,NOLA,Count Sevem,Safety,baz
52,1,6,6,5414,HON,SJS,Wilson Goatobert,Running Back,Bayley
52,1,7,7,5417,OSK,OSK,Magical Liopleurodon,Safety,Hydrium
52,1,8,8,5401,NOLA,NOLA,Mako Shark,Defensive End,ztarwarz
52,1,9,9,5399,AUS,AUS,Scoober Bert,Cornerback,LGMForever
52,1,10,10,5396,YKW,YKW,Braxton East,Defensive End,SwagSloth
52,1,11,11,5388,AZ,BFB,Jimmy John Rushmore,Defensive Tackle,LGLAC613
52,1,12,12,5387,BAL,BAL,Hawk Too-Me,Cornerback,Aneeqs
52,1,13,13,5395,SAR,SAR,Jack White,Offensive Lineman,Ostaf
52,1,14,14,5404,NYS,NOLA,Crazy Tomato II,Wide Receiver,Crazytomato
52,2,15,15,5420,OCO,BAL,Da'Truest Rusha,Offensive Lineman,Trempale
52,2,16,16,5413,BFB,BFB,Mo Love,Wide Receiver,Lowkey
52,2,17,17,5392,SJS,CTC,Blueberry Muffin,Offensive Lineman,Ephenssta
52,2,18,18,5409,CTC,SJS,Bjarni Hjalmarsson,Defensive Tackle,Urq660
52,2,19,19,5391,COL,COL,Baron von Froggington,Running Back,iStegosauruz
52,2,20,20,5390,HON,OSK,Lee Rushmore,Running Back,Hordle
52,2,21,21,5411,OSK,SJS,Tackle Merchant™,Safety,ckroyal92
52,2,22,22,5397,NOLA,AZ,Benji Raga,Defensive Tackle,SabaDonutMan
52,2,23,23,5398,AUS,COL,Fairly Smart,Offensive Lineman,Pib
52,2,24,24,5408,YKW,OCO,Joseph Coolio,Running Back,amjohnson636
52,2,25,25,5416,AZ,AZ,Brady SonKisser,Cornerback,McGriddy10
52,2,26,26,5405,BAL,OCO,Demar Harris,Cornerback,Breeze837
52,2,27,27,5394,SAR,SAR,Brick Pudding,Cornerback,Fronk
52,2,28,28,5403,NYS,NOLA,Brian Schwabl,Running Back,cpetrella
52,3,29,29,5419,OCO,YKW,Shakir Hodges-Allen,Wide Receiver,SonOfCar
52,3,30,30,5412,BFB,BAL,George Mcmaster,Cornerback,Aze2sleepy
52,3,31,31,5393,SJS,CTC,Max Ralph,Tight End,mcgriddleluver
52,3,32,32,5389,CTC,CTC,Dante Escobar,Safety,TheElasticBandit
52,3,33,33,5421,COL,SJS,Shiyun Lin,Running Back,Butteryicarus
52,3,34,34,5415,HON,OSK,Bamba Jamin,Linebacker,Flamingmedal
52,3,35,35,5363,OSK,NOLA,David Kupp,Linebacker,djuunk
52,3,36,36,5418,NOLA,NOLA,Justin Time,Offensive Lineman,McScootie
52,3,37,37,5385,AUS,AUS,Grïm R3ÆPËR,Safety,GrïmR3æpêr
52,3,38,38,5407,YKW,OCO,Dan Bacle,Offensive Lineman,Starchychaff
52,3,39,39,5373,AZ,AZ,Teddy Bradshaw,Quarterback,Teddy_Bradshaw
52,3,40,40,5380,BAL,OCO,Kaleb Manning,Running Back,texas
53,1,1,1,5442,BFB,BFB,Tom Turbo,Running Back,JuOSu
53,1,2,2,5448,CTC,CTC,GM Mellott,Running Back,GuitarMaster116
53,1,3,3,5444,OCO,OSK,Football Catcherman,Wide Receiver,manicmav36
53,1,4,4,5463,SJS,SJS,Ezra Torrent,Wide Receiver,Skindog44
53,1,5,5,5459,OSK,SAR,Shrub Adub,Offensive Lineman,shrub02
53,1,6,6,5457,AUS,OCO,Aurelius Brooks,Wide Receiver,RainDelay
53,1,7,7,5450,SAR,OSK,Xantheliu Vornschpültz,Linebacker,Jason Kranz
53,1,8,8,5449,NOLA,BFB,Thorfinn Vinland,Offensive Lineman,Bubba
53,1,9,9,5465,HON,HON,Ban Hammer,Running Back,bowl0
53,1,10,10,5468,COL,COL,Adolin Suresan,Running Back,CptGoosar
53,1,11,11,5455,YKW,AUS,Tyron Brackenridge III,Linebacker,Lowlycrib
53,1,12,12,5467,AZ,AZ,Gerry Atrick,Offensive Lineman,Kotasa
53,1,13,13,5445,NYS,OSK,Zero Escape,Safety,MobiausGrander
53,1,14,14,5451,BAL,BFB,Chucky McDavid,Running Back,CodeK29
53,1,15,15,5454,COL,COL,Ryama D. Yugo,Linebacker,hhh81
53,2,16,16,5443,BFB,BFB,Line Man,Offensive Lineman,DoubleDub
53,2,17,17,5458,CTC,CTC,Kevin Kirkpatrick,Linebacker,Pyro182
53,2,18,18,5464,OCO,OSK,Riptide Hurricane,Linebacker,Ultimatedestroye
53,2,19,19,5466,SJS,SJS,Bear Witten,Offensive Lineman,mithrandir
53,2,20,20,5447,OSK,NOLA,Ivan Ivanov Jr,Offensive Lineman,kmatt
53,2,21,21,5446,AUS,HON,Kicky Martin,Kicker,rickymartin_irl
53,2,22,22,5460,SAR,BFB,Phantom Ghost,Linebacker,Coachsj35
53,2,23,23,5462,NOLA,SAR,Garcia Bear,Safety,SnowyWolfz
53,2,24,24,5456,HON,OCO,CJ Foley,Wide Receiver,DJ_Fire_Dragon
53,2,25,25,5469,COL,COL,Raw Cheese Mcpickle Jr.,Wide Receiver,Eric Belmont
53,2,26,26,5430,YKW,BFB,Vincent Martinez,Cornerback,bigdolla
53,2,27,27,5437,AZ,BFB,Trey Stover,Running Back,Anthony8139
53,2,28,28,5453,NYS,AUS,Dwayne Swanson,Cornerback,RobJG2
53,3,29,29,5423,BAL,OSK,Alex Bridges,Running Back,Oatex
53,3,30,30,5461,BFB,BFB,Stylon Grissom,Wide Receiver,Stylon
53,3,31,31,5433,CTC,CTC,Timmy Tingus,Linebacker,Krokaine
53,3,32,32,5452,OCO,OCO,Inigo Sudworth,Tight End,Will3
53,3,33,33,5429,SJS,SJS,Earl Pumpkins,Offensive Lineman,Firehavoc
54,1,1,1,5474,BFB,BFB,Rick Diggersbee,Offensive Lineman,CowboyBlender
54,1,2,2,5499,CTC,BFB,Francisco Villalona,Cornerback,TooSweet
54,1,3,3,5512,OSK,OSK,Max Payne,Defensive Tackle,Nol15736
54,1,4,4,5524,SJS,OSK,Reno Vega,Cornerback,Zag
54,1,5,5,5515,OCO,HON,Griffin Stone,Wide Receiver,Griff
54,1,6,6,5508,HON,HON,Laramie Rose,Linebacker,oilmandan
54,1,7,7,5510,SAR,SAR,Zamir Kehla III,Cornerback,Thor
54,1,8,8,5494,YKW,NYS,Artemis Claire Ozolina,Running Back,Seany148
54,1,9,9,5497,NYS,YKW,Hawk DeBeau,Running Back,Casey
54,1,10,10,5537,AUS,AUS,Joshua Hunchak,Linebacker,hillshavehats
54,1,11,11,5491,COL,BFB,Athena Mackenzie,Kicker,Raf_TML
54,1,12,12,5525,NOLA,NYS,Pizzly Husk,Cornerback,pizzly
54,1,13,13,5479,BAL,COL,Park Sujin,Cornerback,jeffie43
54,1,14,14,5522,AZ,OSK,Forcing ToOsaka,Quarterback,Muford
54,2,15,15,5477,BFB,BAL,Multiliki Waialiki,Linebacker,JoeSteel
54,2,16,16,5534,CTC,CTC,Max Ryder Colt,Running Back,PorgBoi
54,2,17,17,5516,OSK,AZ,Jay Cue IV,Linebacker,Opera_Phantom
54,2,18,18,5498,SJS,YKW,Adam Vittori,Kicker,Hawkeye
54,2,19,19,5533,OCO,OCO,Drew LaChance,Cornerback,jreed12
54,2,20,20,5526,HON,BAL,Charlie Kelly,Linebacker,Tylertokesome04
54,2,21,21,5540,SAR,OCO,Zephyr Williams,Linebacker,Zephyrus1128
54,2,22,22,5517,YKW,COL,Randy Beavers,Running Back,Chicken Lips
54,2,23,23,5492,NYS,YKW,Spice Gardner,Cornerback,somecoach
54,2,24,24,5523,AUS,AUS,Oh Haewon,Wide Receiver,Shiamus
54,2,25,25,5514,COL,NYS,Trevor Simian,Quarterback,Daniel
54,2,26,26,5513,NOLA,NOLA,LMoney Pickarelli,Safety,Tmoney6996
54,2,27,27,5511,BAL,BFB,Ms. Frizzle,Tight End,Jackienape
54,2,28,28,5552,AZ,OSK,Bigman Blastoise,Safety,Triceracop
54,2,29,29,5493,BFB,BFB,Videl Valor,Wide Receiver,ValorX77
54,3,30,30,5551,BFB,BFB,Wesley Orion,Offensive Lineman,CLG Rampage
54,3,31,31,5536,CTC,CTC,Bean Beanman IV,Wide Receiver,Seymour
54,3,32,32,5509,OSK,AZ,Vlad The Inhaler,Linebacker,bernardhibou
54,3,33,33,5547,SJS,SJS,Wallace Big,Offensive Lineman,Reno
54,3,34,34,5544,OCO,AZ,Minkah Polamalu,Safety,mirrorlake_cultivator
54,3,35,35,5535,HON,SAR,Cameron Frier,Defensive End,Zac2211
54,3,36,36,5476,SAR,OCO,Faramir Took,Safety,robstien
54,3,37,37,5546,YKW,BAL,Marc Southworth,Cornerback,Southworth
54,3,38,38,5475,NYS,YKW,La'induh Trenches,Safety,CeeKay
54,3,39,39,5480,AUS,OSK,Dawson Jackson,Kicker,Kewl
54,3,40,40,5538,COL,BFB,Captain Checkdown,Tight End,Exilate
54,3,41,41,5483,NOLA,OCO,Bonkers Disco,Defensive End,jollyjiggs
54,3,42,42,5545,BAL,HON,Pegme Amadeus,Offensive Lineman,scudmuffin19
54,3,43,43,5495,AZ,YKW,Honorary Uce,Linebacker,Hallmonitor_20
54,3,44,44,5496,CTC,BFB,Bryan Jones,Linebacker,itztimg
54,4,45,45,5539,BFB,BAL,Jauan Jennings,Offensive Lineman,o1playz
54,4,46,46,5485,CTC,NOLA,Aaron Ford JR,Offensive Lineman,Aford9910
54,4,47,47,5506,OSK,OSK,Axel Bradley,Wide Receiver,AW13
54,4,48,48,5505,SJS,SJS,Spock McEatMyDust,Running Back,Dynamicmlb_42
54,4,49,49,5478,OCO,OCO,Maxx Baker,Cornerback,Viking8712
54,4,50,50,5487,HON,HON,Dan Smith,Offensive Lineman,MichkovSzn
54,4,51,51,5486,SAR,SAR,Grog Strongjaw,Defensive Tackle,JECarp23
54,4,52,52,5472,YKW,NYS,Jeremy Harrison,Kicker,Twinsfan87
54,4,53,53,5530,NYS,HON,Derek Ward jr,Offensive Lineman,Derek knight
54,4,54,54,5500,AUS,AUS,Mike Honcho,Running Back,Dakota.B
54,4,55,55,5482,COL,COL,Javon Briskett,Running Back,Disdain4jerry
54,4,56,56,5507,NOLA,NOLA,Christian Johnson,Defensive Tackle,FatherOf4our
54,4,57,57,5521,BAL,BFB,William Cramer,Offensive Lineman,William2
54,4,58,58,5481,AZ,AZ,Willom hill,Offensive Lineman,princejeremiah
54,4,59,59,5532,OSK,BFB,Grant Wistrom,Defensive End,ScreenedFall59
54,5,60,60,5541,BFB,BFB,Jack Michaels,Defensive End,ADMsmith
54,5,61,61,5471,CTC,CTC,Brian Burton,Safety,Monkee9084
54,5,62,62,5548,OSK,OSK,Timmins Pennymile,Wide Receiver,trillium
54,5,63,63,5518,SJS,SJS,Daniel Martin,Offensive Lineman,dannythegoat
54,5,64,64,5473,OCO,OCO,Drake Maye,Wide Receiver,Drake_Maye
54,5,65,65,5488,HON,YKW,DJ Hayes,Safety,dj_doubledos_22
55,1,1,1,5576,OSK,OSK,Kim Minjeong,Running Back,lemonoppy
55,1,2,2,5566,BFB,BFB,Wolfie McDummy III,Wide Receiver,infinitempg
55,1,3,3,5635,OCO,OCO,Oopsie Wrongball,Linebacker,Summerstood
55,1,4,4,5569,SJS,SJS,Norlina Halfpillow,Linebacker,TheCC
55,1,5,5,5629,BAL,BAL,Conner Beck,Cornerback,ColonelSaunders
55,1,6,6,5582,NYS,NYS,Dash Jackson,Wide Receiver,Dash
55,1,7,7,5570,NOLA,OSK,Rusty Rags,Offensive Lineman,ctots
55,1,8,8,5637,YKW,CTC,Felix Fortuna,Defensive Tackle,Sizz
55,1,9,9,5628,CTC,BFB,Richard Shoes,Cornerback,JohnFranklinKennedy
55,1,10,10,5630,HON,HON,Steven Matthews,Linebacker,Ltblackgrizzly
55,1,11,11,5573,AUS,AUS,Sir Shrek,Defensive Tackle,jdc4654
55,1,12,12,5631,COL,COL,Obi-Wan Picknobi,Safety,stixvim
55,1,13,13,5579,SAR,AZ,Agnes McPiepe,Safety,micool132
55,1,14,14,5604,AZ,SAR,Ganymede Moon,Running Back,rrf_1
55,2,15,15,5664,OSK,OSK,Gyurn Vlommfeldt,Linebacker,SamEagle76
55,2,16,16,5588,BFB,HON,Scott Pilgrim,Running Back,lore
55,2,17,17,5661,OCO,OSK,Daenerys Targaryen,Linebacker,Im2Klutch
55,2,18,18,5620,SJS,OSK,Calvin Calamari,Wide Receiver,Squid
55,2,19,19,5646,BAL,OSK,John Chicken-Jockey,Offensive Lineman,Gwdjohnson
55,2,20,20,5617,NYS,HON,Oliver Clozeoff,Wide Receiver,Weaves
55,2,21,21,5583,NOLA,NOLA,Random Joe,Running Back,ismat
55,2,22,22,5555,YKW,COL,Princess Leia Organa,Quarterback,Tesla
55,2,23,23,5647,CTC,BFB,Smoke Moore,Linebacker,LordEscanor
55,2,24,24,5572,HON,SAR,Mobius Stripp,Defensive End,Michiganonymous
55,2,25,25,5606,AUS,COL,Rod Kimble,Wide Receiver,gucci
55,2,26,26,5556,COL,AZ,Noa Yu II,Quarterback,CROney3
55,2,27,27,5580,SAR,AZ,Corey Worthington,Kicker,.simo
55,2,28,28,5574,AZ,BAL,Dino Nuggets Jr.,Running Back,swoosh
55,3,29,29,5616,OSK,COL,Kylo When,Offensive Lineman,IsaStarcrossed
55,3,30,30,5593,BFB,AUS,Lars Oaktree,Safety,Oak
55,3,31,31,5581,OCO,OCO,Fuego Toro,Defensive End,DarthDaevin
55,3,32,32,5575,SJS,BFB,Cold Brewlius,Linebacker,OrangeJulius
55,3,33,33,5568,BAL,BAL,Blocked On Discord,Running Back,Charple
55,3,34,34,5623,NYS,NOLA,Worf Moghson,Safety,Mongoose87
55,3,35,35,5642,NOLA,OSK,Tytus Gilley,Offensive Lineman,Briedaqueduc
55,3,36,36,5605,YKW,NYS,Alex Baudelaire,Cornerback,uhnp
55,3,37,37,5648,CTC,OCO,Punto McKickerman VI,Kicker,bluesfan55
55,3,38,38,5651,HON,HON,Mr. Tickles,Offensive Lineman,notorioustig
55,3,39,39,5611,AUS,AUS,Trunk Gibbles,Tight End,SpartanGibbles
55,3,40,40,5656,COL,COL,Kilian Liam,Defensive Tackle,ToastCharger
55,3,41,41,5592,SAR,AZ,Dalton Gross,Wide Receiver,Dman9417
55,3,42,42,5624,AZ,BAL,Gumbo Trashman,Offensive Lineman,CR225
55,3,43,43,5643,OCO,OCO,Gunkst Shreeve,Running Back,RotticusScott
55,4,44,44,5562,OSK,SAR,Slater Williamson,Wide Receiver,ThreeToeSloth
55,4,45,45,5565,BFB,SJS,Flapjack McKringleShnoz,Wide Receiver,roastfuego
55,4,46,46,5612,OCO,OCO,Storm Trooper,Cornerback,SDCore
55,4,47,47,5638,SJS,BFB,Danish Jain,Wide Receiver,Dhaldar
55,4,48,48,5594,BAL,BAL,Raheem Rozier,Safety,GourdofDirectors
55,4,49,49,5609,NYS,NYS,Mo Ward,Defensive End,SG_Vesuvius
55,4,50,50,5614,NOLA,OSK,Vendetta -,Defensive Tackle,sathona
55,4,51,51,5587,YKW,YKW,Mega Man Battle Network,Offensive Lineman,aleks
55,4,52,52,5636,CTC,CTC,John Rex,Linebacker,BrettManJD
55,4,53,53,5650,HON,HON,Sharnaz Iqbal,Tight End,sytarah
55,4,54,54,5639,AUS,AUS,Boss Chud,Offensive Lineman,jackkmart
55,4,55,55,5645,COL,COL,Founding Father,Offensive Lineman,Master Chef
55,4,56,56,5632,SAR,AZ,Teddy Fantobens,Defensive Tackle,Fantobens
55,4,57,57,5665,AZ,SAR,Jeremiah Mission,Linebacker,stxllar1
55,4,58,58,5640,AZ,AZ,Connor Wojak,Offensive Lineman,good_ole_kimmy
55,5,59,59,5608,OSK,OSK,Scott Justice,Running Back,SMFJ
55,5,60,60,5601,BFB,BFB,Rachel Morimura,Running Back,Jiggly_333
55,5,61,61,5673,OCO,OCO,Jackson Waters,Wide Receiver,Dame
55,5,62,62,5649,SJS,SJS,Logan Renslow,Safety,SirBongo
55,5,63,63,5610,BAL,BAL,Nico Ramsey,Linebacker,rainzyyy
55,5,64,64,5627,NYS,NYS,Aaron Sterling,Kicker,USCDani
55,5,65,65,5602,NOLA,NOLA,Rúben Ira,Wide Receiver,Retuperkele
55,5,66,66,5615,YKW,YKW,Krish Gainz,Running Back,LilGainz901
55,5,67,67,5586,CTC,CTC,Ethan Cornish,Linebacker,Corncob_10
55,5,68,68,5666,HON,HON,Big Bot Mk2,Offensive Lineman,loco
55,5,69,69,5589,AUS,AUS,Speedy Blurr,Wide Receiver,speedy blurr
55,5,70,70,5607,COL,COL,Jay Dub,Tight End,JDub_55Real
55,5,71,71,5557,SAR,AZ,Financial Planning,Linebacker,Jaywe88
55,5,72,72,5634,AZ,SAR,Hefty Tank,Offensive Lineman,BigfootXVI
55,6,73,73,5584,OSK,OSK,Stelio Kontos,Safety,BoogShlazetti
55,6,74,74,5641,BFB,BFB,Buzz Lightjim,Offensive Lineman,Gooney
55,6,75,75,5577,OCO,OCO,Emil Skovgaard,Safety,Faelax
55,6,76,76,5600,SJS,SJS,Cornelius  Crosby,Linebacker,Roflstrike
55,6,77,77,5591,BAL,BAL,Jesus Correa,Defensive End,bursleyjustice
55,6,78,78,5653,NYS,NYS,Bingle Johnson,Wide Receiver,Waters
55,6,79,79,5644,NOLA,NOLA,Nick Richardson,Linebacker,Nick Richardson 721
55,6,80,80,5659,YKW,YKW,Alex Stain,Defensive Tackle,Daveyboy17
55,6,81,81,5625,CTC,CTC,Zander Hart,Wide Receiver,zanderhart21
55,6,82,82,5658,HON,HON,Reiner Braun,Defensive End,bigdolla
55,6,83,83,5621,AUS,AUS,Zander Hilty,Wide Receiver,merjanic
55,6,84,84,5595,COL,COL,Christopher Miller,Offensive Lineman,Bullthorn
55,6,85,85,5590,SAR,AZ,Pierogi Grubson,Defensive Tackle,Gazebo The 1st
55,6,86,86,5657,AZ,SAR,Jay Tee,Running Back,jayteee3
55,7,87,87,5662,OSK,OSK,Austen Clark,Wide Receiver,KingAC247
55,7,88,88,5596,BFB,BFB,Popeye Jones,Tight End,Popeye Jones
55,7,89,89,5655,OCO,OCO,JUST HOOFIT,Kicker,Suckiest Sucker
56,1,1,1,5727,OSK,OSK,Bajin Inui,Defensive Tackle,Bajin
56,1,2,2,5707,OCO,CTC,Drew Winemaker,Cornerback,Quitolis
56,1,3,3,5722,BFB,BFB,Vince Morrigan,Running Back,Degradation
56,1,4,4,5716,NOLA,COL,Steve Dave,Cornerback,bobtrek
56,1,5,5,5721,COL,NOLA,Turd Ferguson,Defensive Tackle,Turd Ferguson
56,1,6,6,5684,AUS,AUS,Silas Santana,Cornerback,Frostbite
56,1,7,7,5667,SAR,SAR,Daud Ramza,Safety,Blasoon
56,1,8,8,5699,SJS,COL,Mercedes Lambrogini,Defensive Tackle,gracieblais
56,1,9,9,5724,NYS,NYS,Theodore Espen,Safety,Bearen
56,1,10,10,5678,CTC,OSK,Steve's Lava Kaiju,Offensive Lineman,captainsb
56,1,11,11,5675,YKW,YKW,Wyntir Creakis,Cornerback,soevil
56,1,12,12,5725,HON,HON,Devon Lynch,Safety,Vumion
56,1,13,13,5692,AZ,OSK,Blimblob Smorgusborg,Cornerback,lock180
56,1,14,14,5739,BAL,NYS,Dirty Lyle,Cornerback,TheAmericanPineapple
56,2,15,15,5682,OSK,AZ,Shnitzel Radda,Offensive Lineman,DivogoJota
56,2,16,16,5743,OCO,AZ,Jonathon Jameston,Running Back,Joriel
56,2,17,17,5679,BFB,BFB,Brick Tupp,Offensive Lineman,ForSucksFake
56,2,18,18,5676,NOLA,NOLA,Brick Grabowski,Running Back,TheRake
56,2,19,19,5689,COL,COL,Alessandro Mutombo,Offensive Lineman,enigmatic
56,2,20,20,5740,AUS,AUS,Trent Butterfingers,Defensive End,tnerT
56,2,21,21,5685,SAR,AUS,Cynthia Clair,Offensive Lineman,AriaEXE
56,2,22,22,5702,SJS,COL,Alejandro Alonso,Quarterback,jaypc8237
56,2,23,23,5681,NYS,BAL,Alexandros Mograine,Wide Receiver,sliceruser
56,2,24,24,5672,CTC,CTC,Rok Košir,Wide Receiver,Daleks
56,2,25,25,5706,YKW,COL,Pete Keltrops,Cornerback,xrTForces
56,2,26,26,5697,HON,OCO,Drew McPewPewPew Jr,Quarterback,MMFLEX
56,2,27,27,5696,AZ,BAL,Canada Goose,Offensive Lineman,r0tzbua
56,2,28,28,5694,BAL,YKW,1234567890 Creakis,Offensive Lineman,homercrates
56,3,29,29,5668,OSK,OCO,Colonel Panic,Linebacker,Vulfzilla
56,3,30,30,5674,OCO,CTC,Big Strong,Defensive End,nickyvmlp
56,3,31,31,5677,BFB,YKW,Carlin Creakis,Safety,SmittyHextall
56,3,32,32,5683,NOLA,COL,Corey Coleman,Wide Receiver,Allstar20890
56,3,33,33,5742,COL,NOLA,Adam Plays,Linebacker,AdamEPlays
56,3,34,34,5735,AUS,AUS,B.C. Snapple,Linebacker,Snapples
56,3,35,35,5747,SAR,SAR,Roger Frontier,Defensive End,N0HBDY
56,3,36,36,5734,SJS,SJS,Student Loans,Offensive Lineman,qwerty13542
56,3,37,37,5718,NYS,NYS,Drake Rider,Offensive Lineman,Water
56,3,38,38,5720,CTC,CTC,Gingar Toaster,Tight End,Gingar77
56,3,39,39,5680,YKW,YKW,Archie Creakis,Offensive Lineman,Reedy0rNot
56,3,40,40,5693,HON,OCO,CJ Henderson,Tight End,Shaggy28
56,3,41,41,5709,AZ,AZ,Brock Rockwell,Linebacker,boycec55
56,3,42,42,5708,BAL,COL,Sam Waymon,Kicker,Amaziah
56,4,43,43,5671,OSK,OSK,Robert Bolig,Defensive Tackle,WhatAboutBigBob
56,4,44,44,5698,OCO,BFB,Marquees Acho III,Offensive Lineman,Nathan
56,4,45,45,5670,BFB,OCO,Tex Richards,Linebacker,ZootTX
56,4,46,46,5745,NOLA,COL,Krieg Lupercal,Defensive End,ThePope
56,4,47,47,5733,COL,NOLA,Niwde Sodanarg,Offensive Lineman,Hoops4days
56,4,48,48,5731,AUS,YKW,Alex Enyx,Safety,Enyx
56,4,49,49,5728,SAR,OCO,Manflatten Project,Defensive End,Tiger2112
56,4,50,50,5730,SJS,YKW,Jimothy Small,Offensive Lineman,idoesntexist
56,4,51,51,5703,NYS,NYS,Kenrith Kristalonso,Offensive Lineman,ChiefBast
56,4,52,52,5723,CTC,CTC,Orrin Rockwell,Safety,jthedominator
56,4,53,53,5736,YKW,YKW,Billy Monbro,Offensive Lineman,Rjm2492
56,4,54,54,5700,HON,HON,Joey Miller,Defensive Tackle,WildfireMicro
56,4,55,55,5710,AZ,AZ,Hunter Northwood,Linebacker,KickinBucket
56,4,56,56,5744,BAL,NYS,Ricardo Queso,Cornerback,BaseScoutX1
56,5,57,57,5717,OSK,OSK,Deleria Dillon,Defensive End,Monklock
56,5,58,58,5688,OCO,OCO,Chig Bungus,Offensive Lineman,Chig Bungus
56,5,59,59,5687,BFB,BFB,Eustice Babycakes,Tight End,Decalk
56,5,60,60,5715,NOLA,COL,Devonte Kingston,Wide Receiver,PrimePotatoes
56,5,61,61,5686,COL,NOLA,Jean Sauvé,Kicker,bnhershy
56,5,62,62,5749,AUS,CTC,Lrrr Jinkins,Offensive Lineman,griis
56,5,63,63,5748,SAR,SAR,Elijah Miller,Safety,Villn
56,5,64,64,5705,SJS,SJS,Alex Knight,Safety,ak1knight
56,5,65,65,5713,NYS,NYS,Moe Monee,Tight End,Silentkill
56,5,66,66,5701,CTC,CTC,Jimmy Taylor,Safety,Jimmy Taylor
56,5,67,67,5704,YKW,YKW,Jasper Arndt,Running Back,Walksinwoods
56,5,68,68,5741,HON,HON,Trey Demungas,Safety,Anthony8139
57,1,1,1,5790,NYS,NYS,Grilled Cheese Sandies,Linebacker,grilledcheesesandies
57,1,2,2,5794,BFB,COL,Mickey Martino,Offensive Lineman,Mikemart
57,1,3,3,5758,OSK,OSK,Amoeboid Changeling,Offensive Lineman,ajtigger
57,1,4,4,5795,SAR,SAR,Dan Smith,Running Back,DApolloS
57,1,5,5,5779,NOLA,NOLA,joeronnymo bueno,Wide Receiver,joeronnymo
57,1,6,6,5791,OCO,NYS,Ottor Sorby,Cornerback,BoOsH
57,1,7,7,5777,AUS,SAR,Jean Claude Goddamn,Linebacker,BOOM™
57,1,8,8,5756,YKW,YKW,- GEQBUS,Quarterback,TubaDeus
57,1,9,9,5763,AZ,BAL,Purdy 'PP' Penix,Quarterback,Bazooka_Joe
57,1,10,10,5753,COL,COL,Melvin the Moosebacca,Linebacker,SchwarzNarr
57,1,11,11,5772,SJS,SJS,Leo Gonzalez,Cornerback,leo_gonzo_04
57,1,12,12,5751,CTC,SAR,John Borieo,Kicker,johnlindbe11
57,1,13,13,5773,BAL,NYS,Vlad Wolf,Quarterback,Brad Woof
57,1,14,14,5770,HON,HON,JJ Who,Running Back,JJ5
57,2,15,15,5757,NYS,BAL,Ben Savea,Defensive Tackle,Ben
57,2,16,16,5762,BFB,YKW,Robert Krohn,Running Back,DarkTaker
57,2,17,17,5769,OSK,NOLA,. Torchwood,Cornerback,thewhovian
57,2,18,18,5792,SAR,SAR,Anukar Reed,Wide Receiver,Anukar
57,2,19,19,5771,NOLA,NOLA,Doorholder Numberthree,Tight End,domffl
57,2,20,20,5793,OCO,BAL,DJ Law II,Safety,Law
57,2,21,21,5774,AUS,AUS,Friend Stefani,Safety,FriendStefani
57,2,22,22,5754,YKW,OSK,King Ghidorah,Offensive Lineman,firstfray
57,2,23,23,5755,AZ,AZ,Gods Comma,Cornerback,Bamford13
57,2,24,24,5800,COL,YKW,Donte Kendricks,Wide Receiver,Zare Jonathan
57,2,25,25,5799,SJS,SJS,Brock Lesnar,Linebacker,JakeTE10
57,2,26,26,5805,CTC,CTC,Earl Grey,Cornerback,lordcoolcats
57,2,27,27,5778,BAL,NYS,Joe Pigott,Defensive End,PurplePiratePoo
57,2,28,28,5776,HON,HON,Tee Deez,Cornerback,IceBear32
57,2,29,29,5780,NYS,NYS,Flick Davis,Offensive Lineman,Flick Davis
57,2,30,30,5766,AUS,AUS,Andre Pope,Linebacker,6god757
57,2,31,31,5786,NYS,NYS,Will Clamp,Cornerback,Venhail
57,3,32,32,5788,NYS,NYS,Deaner Christiansen,Defensive End,Deaner20
57,3,33,33,5759,BFB,BFB,JJJJJJJJJJJ JJJJJJJJJJJ,Kicker,hannahg32
57,3,34,34,5784,OSK,OSK,Ziggy Zigzagwellerton,Running Back,Brohdr
57,3,35,35,5789,SAR,SAR,Joshua Frederick,Running Back,Chris
57,3,36,36,5761,NOLA,NYS,XBL Commish,Wide Receiver,xblcommish
57,3,37,37,5775,OCO,NYS,Seamus Lebowski,Tight End,mejh87
57,3,38,38,5760,AUS,NYS,Tyrus Clay,Running Back,e13
57,3,39,39,5785,YKW,NYS,Sasha Kai,Cornerback,SticksNJones
57,3,40,40,5768,AZ,AZ,aidan weir,Kicker,rocket raccoon
57,3,41,41,5767,COL,COL,Parker Jackson,Quarterback,JZasl
57,3,42,42,5796,SJS,SJS,Jeremiah Lucas,Wide Receiver,jeremiahlucas
58,1,1,1,5829,NYS,OSK,Titus Tortuga,Wide Receiver,DigDoug11
58,1,2,2,5807,YKW,YKW,Tokai Teio,Running Back,xenosthelegend
58,1,3,3,5822,COL,COL,Rub Dedd,Defensive Tackle,zaynzk
58,1,4,4,5819,SAR,YKW,Hugh Jassman,Linebacker,admiralballtr8s
58,1,5,5,5810,AZ,AZ,Echoing Thunder,Cornerback,Fangorn
58,1,6,6,5817,OSK,NYS,Dr. Squid,Running Back,EurovisionAmity
58,1,7,7,5820,AUS,AUS,Tony Yeboah Jr,Defensive End,frazzle14
58,1,8,8,5804,SJS,AUS,LtHudz’s Left-Foot,Running Back,Dindog
58,1,9,9,5826,BFB,YKW,Bud Wolf,Cornerback,dustywilson22
58,1,10,10,5816,HON,SAR,Tree Joe Greene,Defensive Tackle,FootballIsCool
58,1,11,11,5841,CTC,SAR,Richard Dixon,Defensive Tackle,CheeseConeys
58,1,12,12,5837,OCO,OCO,Muddy Rivers,Wide Receiver,Muddym13
58,1,13,13,5811,NOLA,NYS,Cleon Riley,Linebacker,Gage2
58,1,14,14,5813,BAL,BAL,Marvin Bumgarner,Running Back,BOS
58,1,15,15,5839,BFB,BFB,Water Boy,Safety,fweliiii
58,2,16,16,5824,NYS,NYS,TzTok Jad,Offensive Lineman,PMoney
58,2,17,17,5821,YKW,NOLA,Alvin Norton,Defensive Tackle,Jimi64
58,2,18,18,5838,COL,COL,Dijon Robinson,Running Back,slasherr
58,2,19,19,5818,SAR,SAR,Michael Nkiah,Wide Receiver,Drizzy
58,2,20,20,5827,AZ,AZ,MJ Football,Linebacker,DixieGnormus
58,2,21,21,5833,OSK,SAR,Deek Waters,Cornerback,iGreatScott
58,2,22,22,5814,AUS,BAL,Dale Gribble,Wide Receiver,Pocketsand007
58,2,23,23,5815,SJS,SJS,Catrick Meowmes,Quarterback,RussDrivesTheBus
58,2,24,24,5801,BFB,BFB,Thomas Singletary,Wide Receiver,Dynamicmlb_42
58,2,25,25,5825,HON,YKW,Juni Panda Jr.,Offensive Lineman,juniped
58,2,26,26,5840,CTC,SAR,Ozzy LaChance,Wide Receiver,phoenix2838
58,2,27,27,5832,OCO,OCO,Tip Manzardo,Tight End,AW13
58,2,28,28,5836,NOLA,NOLA,CTE Purple,Running Back,Viking8712
58,2,29,29,5830,BAL,AZ,Sir Sacksalot,Defensive End,rytin6543
58,2,30,30,5834,AZ,AZ,Tame Brady,Running Back,Garbear000
58,2,31,31,5835,SJS,SJS,Svatoslav Čech,Kicker,IconOfSin
58,3,32,32,5809,NYS,NYS,Jackson Travis,Safety,Zi215
58,3,33,33,5808,YKW,YKW,J. Jonah Jameson,Defensive End,Starchychaff
59,1,1,1,5890,YKW,YKW,Acrylic Block,Offensive Lineman,wizard_literal
59,1,2,2,5857,NOLA,NOLA,Mons Morè,Wide Receiver,McLumberjack
59,1,3,3,5848,NYS,NYS,Davoin Shower-Handel,Running Back,JoeHoe3121
59,1,4,4,5913,AUS,AUS,Bug Chingus,Safety,RiceyWriter
59,1,5,5,5886,OCO,SJS,Thunder McQueen,Wide Receiver,ajj2410
59,1,6,6,5858,CTC,CTC,John Waffle,Quarterback,ReadySalted
59,1,7,7,5849,SAR,SAR,Golly Oo-De-Lally,Safety,Z-Whiz
59,1,8,8,5846,OSK,AZ,Lightning McQueen,Running Back,Soviet Sexpot
59,1,9,9,5860,BFB,NOLA,Buster Forceps,Linebacker,Lpapi
59,1,10,10,5845,SJS,SJS,Cookout Tray,Running Back,WALDO
59,1,11,11,5910,COL,SJS,James Boxman,Linebacker,siddhus
59,1,12,12,5876,AZ,OSK,Sexy Poodle,Kicker,OrbitingDeath
59,1,13,13,5867,BAL,CTC,Krieg Mira,Wide Receiver,Krieg
59,1,14,14,5859,HON,SAR,Pronking Chicken,Linebacker,FuriousChicken
59,2,15,15,5896,YKW,CTC,Yama End,Safety,Crog
59,2,16,16,5895,NOLA,CTC,Stankle McQuade,Running Back,FL4K__
59,2,17,17,5912,NYS,SJS,Flash M'Johnson,Cornerback,FFPPirate
59,2,18,18,5843,AUS,NOLA,Jason Beaty,Tight End,bechtudo
59,2,19,19,5887,OCO,COL,Brian Eshleman,Linebacker,Brianesh73
59,2,20,20,5885,CTC,CTC,Goe Kool,Defensive Tackle,The.Pat
59,2,21,21,5881,SAR,COL,Valdo Caeserius,Defensive Tackle,FleshBagSoup
59,2,22,22,5842,OSK,CTC,Big Bis,Offensive Lineman,negs
59,2,23,23,5909,BFB,BFB,Dale Cooper,Wide Receiver,Jetsqb101
59,2,24,24,5906,SJS,HON,Domo Arigato,Defensive Tackle,Honoredmexican
59,2,25,25,5844,COL,SAR,Harlan Andrews,Cornerback,abh89
59,2,26,26,5878,AZ,AUS,Edmund Blackadder,Cornerback,Mooty99
59,2,28,28,5862,HON,YKW,Richard McDonald,Safety,Dev0
59,3,29,29,5914,YKW,YKW,Wyatt Syksy,Defensive End,Dire12
59,3,30,30,5889,NOLA,NOLA,Benny Sanderson,Cornerback,Egglton
59,3,31,31,5882,NYS,NYS,Clifford Wilson Jr,Offensive Lineman,SirBongo
59,3,32,32,5852,AUS,SJS,K. Yobagoya MacArthur,Wide Receiver,BRNXB0MBERS
59,3,33,33,5894,OCO,COL,Ji Antpeen,Offensive Lineman,fetty
59,3,34,34,5888,CTC,CTC,Jackson Olsen,Cornerback,Solarslayer
59,3,35,35,5856,SAR,SAR,Davey Andrews,Cornerback,Lubotty
59,3,36,36,5883,OSK,NYS,The Labubu,Kicker,kahri
59,3,37,37,5893,BFB,BFB,Patrick Murphy,Defensive End,Dolphins
59,3,38,38,5855,SJS,AUS,Viktor Andersson,Kicker,piza
59,3,39,39,5880,COL,COL,Hardbody Mayhem,Tight End,MaxSuperset
59,3,40,40,5877,AZ,CTC,Bo Tteur,Kicker,ItsFrenchie
59,3,41,41,5915,BAL,CTC,TJ Bowser,Wide Receiver,Yaworski12
59,3,42,42,5865,HON,COL,Alex Duquesne,Safety,Alex_Duquesne
59,3,43,43,5911,OCO,OCO,Caleb Ranger,Quarterback,Starboy
59,4,44,44,5868,YKW,COL,Saxon Thacubee,Defensive End,Immaculate
59,4,45,45,5853,NOLA,NOLA,Oliver Closeoffe,Safety,Gallade081
59,4,46,46,5898,NYS,NYS,Candice Flyn,Wide Receiver,BelieveAy
59,4,47,47,5864,AUS,AUS,Donkey Brainz,Safety,CD6405
59,4,48,48,5903,OCO,OCO,Lane Frost IV,Wide Receiver,LANEFROST
59,4,49,49,5900,CTC,BAL,Lion Deadmarsh,Defensive Tackle,Sopath
59,4,50,50,5866,SAR,SAR,Bowen Arrow,Cornerback,chaerb
59,4,51,51,5891,OSK,OSK,Konto Stelios,Linebacker,BoogShlazetti
59,4,52,52,5873,BFB,BFB,Bishop Rockman,Defensive Tackle,u-s-u-r-p
59,4,53,53,5861,SJS,SJS,Hunter Jackson,Safety,Prismz
59,4,54,54,5908,COL,COL,Robert Robertson,Safety,Arctic
59,4,55,55,5897,AZ,AZ,Kermit The frog,Running Back,Kermit_the_frog
59,4,56,56,5907,BAL,BAL,Bentley Ryan,Linebacker,Dirtybird
59,4,57,57,5905,HON,HON,Terrance Love,Running Back,camnio12
59,5,58,58,5863,YKW,YKW,Wyler Tarren,Tight End,djfunkstar
59,5,59,59,5869,NOLA,NOLA,Mosiah Tahi,Tight End,Proverbs 3:5
59,5,60,60,5892,NYS,NYS,Nick Kirkland,Wide Receiver,chaserck
59,5,61,61,5854,AUS,AUS,Jojo Freak,Linebacker,Dtx_jojo
59,5,62,62,5884,OCO,OCO,Blake Byrne,Tight End,corror
60,1,1,1,5967,CTC,CTC,Bubba Gump,Wide Receiver,PidgeyDestined
60,1,2,2,5918,SJS,SJS,Robot Sunfish II,Defensive Tackle,yonggarius
60,1,3,3,5925,BFB,NOLA,Master Shake,Quarterback,AustinP0027
60,1,4,4,5989,NYS,SJS,Ryan Wolf,Linebacker,wolfmn8989
60,1,5,5,5935,OSK,OSK,Dee Flowers,Linebacker,SwankyPants31
60,1,6,6,5928,HON,NOLA,Isaac TeSlooth,Wide Receiver,slothfacekilla
60,1,7,7,5920,OCO,OCO,Cutty Von Turbo,Tight End,roquefort
60,1,8,8,5966,YKW,YKW,Eizo Xyan,Tight End,xyan
60,1,9,9,5927,NOLA,CTC,Boss Nassty,Cornerback,oknom
60,1,10,10,5988,COL,HON,Dee Nye,Running Back,anjro
60,1,11,11,5975,AUS,CTC,Squash Mitchell,Linebacker,Jm1tch11
60,1,12,12,6008,SAR,SAR,Jake Lawson,Offensive Lineman,BaatezuLegion
60,1,13,13,5933,BAL,SJS,Pickle Rick,Cornerback,KaleSalad
60,1,14,14,5929,AZ,AZ,Geoff Peterson,Wide Receiver,CementHands
60,2,15,15,5922,CTC,CTC,Newman Douglas,Cornerback,Grilledtwinkiez
60,2,16,16,5996,SJS,BAL,Peter Griffin,Defensive Tackle,ocho
60,2,17,17,5939,BFB,COL,It'sPolamalu Polahmaloo,Safety,QuarkyOne
60,2,18,18,5943,NYS,NYS,Reggie Bau,Cornerback,GlimsTC
60,2,19,19,5958,OSK,OSK,Dennis Dunn,Cornerback,crash1005
60,2,20,20,5919,HON,HON,Thomas The Tank,Tight End,Rusfan
60,2,21,21,5934,OCO,COL,Glinro Grayborn,Defensive Tackle,Twenty6
60,2,22,22,5952,YKW,AUS,Sage Rosencopter,Quarterback,Lumosityfan
60,2,23,23,5949,NOLA,SJS,Servin Cakes,Offensive Lineman,Sevrin
60,2,24,24,6006,COL,AZ,Maxwell Silverhammer,Defensive Tackle,Backer50
60,2,25,25,5947,AUS,CTC,Richard Patterson,Offensive Lineman,bjkman
60,2,26,26,5961,SAR,COL,Turndown Service,Offensive Lineman,Blckbbyjesus
60,2,27,27,5931,BAL,NOLA,Monsieur Bonejangles,Offensive Lineman,ACynicalGamer
60,2,28,28,5936,AZ,OSK,Thasma Dickson,Linebacker,Agent Chaos
60,3,29,29,5944,CTC,OSK,Elijah Knock,Safety,nasbase
60,3,30,30,5926,SJS,SJS,Darian Blackfyre,Safety,ThunderTitan82
60,3,31,31,5950,BFB,YKW,Willie Hitt,Defensive End,TheSparkyDee
60,3,32,32,5972,NYS,NYS,Glover Slidington,Linebacker,GedgeBrah
60,3,33,33,5938,OSK,NYS,. Sackadelic,Linebacker,Hacob
60,3,34,34,5932,HON,AUS,Left Bench,Wide Receiver,bfan8475
60,3,35,35,6010,OCO,SJS,Diggy Fresh,Safety,MrDiggySmalls
60,3,36,36,5946,YKW,YKW,Matthew Mady,Wide Receiver,Buttersqauch101
60,3,37,37,5921,NOLA,NOLA,Gold ship,Cornerback,LiathTheSquirrel
60,3,38,38,5954,COL,COL,Mr. Frog,Defensive Tackle,SonOfCar
60,3,39,39,5951,AUS,AUS,Crusher Casket,Linebacker,wildcatbandit
60,3,40,40,5941,SAR,SAR,Bleebs Blunkinchuns,Safety,jacobcarson877
60,3,41,41,5948,BAL,YKW,Shayne Bottom,Wide Receiver,ThisSeemsFishy
60,3,42,42,5986,AZ,AZ,Aurelius Thomas,Safety,Nave1080
60,4,43,43,5997,CTC,CTC,David Bruno,Tight End,AJW
60,4,44,44,5991,SJS,NOLA,Bigg Mannus,Offensive Lineman,Wolfpaw
60,4,45,45,5960,BFB,BFB,Johnny Zyns,Kicker,bigbluex02
60,4,46,46,5923,NYS,BAL,Babu Frik,Offensive Lineman,babufrik
60,4,47,47,5981,OSK,OSK,Florian Bauer,Safety,Fire
60,4,48,48,5924,HON,NOLA,Fletcher Claflin,Defensive Tackle,Greenbaynathan
60,4,49,49,5945,OCO,OCO,Sapp Warren,Linebacker,Starchychaff
60,4,50,50,5942,YKW,BFB,Izaak Athens,Cornerback,STZ
60,4,51,51,6009,NOLA,NOLA,Giacomo Aperol,Defensive End,Maestro
60,4,52,52,5940,COL,SJS,Swimmy Neutron,Kicker,Big Newff
60,4,53,53,5976,AUS,AUS,Atticus Furby,Offensive Lineman,spartansqurl
60,4,54,54,5968,SAR,SAR,Bill Sandwich,Offensive Lineman,Dosman
60,4,55,55,6004,BAL,BAL,Awesome McCool,Offensive Lineman,alomo
60,4,56,56,5977,AZ,AZ,Krokadilious Hut,Defensive Tackle,krokshut
60,4,57,57,5973,NYS,NYS,Slider Glovington III,Tight End,chicey
60,5,58,58,5953,CTC,CTC,TheCFL IsBetter,Offensive Lineman,TubbyTim69
60,5,59,59,5955,SJS,SJS,Mike Smitty,Offensive Lineman,sparks
60,5,60,60,5990,BFB,BFB,Art Vandelay,Safety,Art Vandelay
60,5,61,61,5956,NYS,NYS,Darius Rene,Defensive End,Lefty
60,5,62,62,5959,OSK,OSK,Greg Buse,Wide Receiver,GBuse24
60,5,63,63,5998,HON,AZ,Fireball Jones,Cornerback,InspectorDabbit
60,5,64,64,6003,OCO,OCO,Tofa Niutupuivaha,Offensive Lineman,ebang
60,5,65,65,6015,YKW,YKW,Timothy Lee,Kicker,LimoTee
60,5,66,66,6016,NOLA,NOLA,King Von,Linebacker,saitoman
60,5,67,67,6013,COL,COL,Brandon Starks,Linebacker,GravynCarrots
60,5,68,68,5916,AUS,AUS,Hester (pops) Mayes,Safety,Chris
60,5,69,69,6001,SAR,SAR,Kickolas Cage,Offensive Lineman,TenpointBuc
60,5,70,70,5979,BAL,BAL,Grant Price,Safety,snowbao
60,5,71,71,5957,AZ,AZ,Jimmy Fournier,Linebacker,JimdulifAA
60,6,72,72,5978,CTC,CTC,Grayson Kelly,Safety,GrayGrayK
60,6,73,73,5974,SJS,SJS,Archer Jewell,Defensive End,McKbearcat
60,6,74,74,5992,BFB,BFB,Doug Hoid,Running Back,GinjaNinja304
60,6,75,75,5984,NYS,NYS,Terd Ferguson,Offensive Lineman,ATaff
60,6,76,76,5962,OSK,OSK,Demarcus Rudius,Defensive End,car
60,6,77,77,5969,HON,HON,Cam Daze,Defensive End,DazeCC
60,6,78,78,5987,OCO,OCO,Mad Jasper,Running Back,Mad Jasper
60,6,79,79,5970,YKW,NYS,Keith Donaldson,Cornerback,Kdug
60,6,80,80,5985,NOLA,NOLA,Donnie Swaggonough,Safety,Tbags24
60,6,81,81,5995,COL,COL,Anders Hones,Defensive End,Shinobi_24
60,6,82,82,5983,AUS,AUS,Hugh Mungus,Linebacker,knickyung
60,6,83,83,6017,SAR,SAR,Isaac Cobb,Wide Receiver,Hendrix Cobberson
60,6,84,84,6012,BAL,BAL,Big Henz,Offensive Lineman,hensleypj
60,6,85,85,5994,AZ,AZ,Procidiaa Johnson,Defensive End,Procidia
60,7,86,86,6002,CTC,CTC,Brad Turtleton,Defensive End,barrh86
60,7,87,87,6007,SJS,SJS,Paul Anderson,Defensive End,cardamombadgers
61,1,1,1,6022,CTC,CTC,Michelan Shello,Running Back,LtHudz
61,1,2,2,6033,SJS,SJS,Changeling Mordecai,Offensive Lineman,Asked Madden
61,1,3,3,6025,NOLA,NOLA,Grant Iridian III,Running Back,.Laser
61,1,4,4,6027,AUS,AUS,Mr. Snoops,Running Back,Ghamss
61,1,5,5,6118,YKW,CTC,Will Vincefork,Defensive Tackle,Rylakn
61,1,6,6,6091,AZ,AZ,Elias Chantrelle,Cornerback,NeonMage
61,1,7,7,6048,OSK,NOLA,Paul Knowwell,Defensive End,secondskin
61,1,8,8,6029,COL,COL,B.D. Steiner,Linebacker,woelkers
61,1,9,9,6112,SAR,SAR,Samuel Frost,Linebacker,Vewdew
61,1,10,10,6104,NYS,NYS,Dante Von Wolfe,Wide Receiver,Bloodless
61,1,11,11,6076,HON,CTC,Demo L'ition,Linebacker,lordvita
61,1,12,12,6055,BFB,BFB,Jayne Cobb,Tight End,gsharp
61,1,13,13,6109,BAL,BFB,Deacon Graves,Offensive Lineman,RecoilIt
61,1,14,14,6039,OCO,SJS,Nightmare Polimilk,Wide Receiver,UberBJ
61,2,15,15,6036,CTC,CTC,Tony Delvecchio,Quarterback,DocLars
61,2,16,16,6094,SJS,SJS,Scottie Barnes,Offensive Lineman,OnlyOneOD
61,2,17,17,6024,NOLA,CTC,Kendall Morgan,Wide Receiver,Cycro
61,2,18,18,6026,AUS,AUS,Synth V,Linebacker,bold ni wally
61,2,19,19,6115,YKW,SJS,MayBe In-Active,Offensive Lineman,Beck
61,2,20,20,6067,AZ,AZ,Shembo Hawthorn,Linebacker,stankpicklez
61,2,21,21,6028,OSK,OSK,Bettercall Quasar,Quarterback,Triceracop
61,2,22,22,6108,COL,COL,Tyler Higbee III,Tight End,SensibleDictator
61,2,23,23,6032,SAR,SAR,Swantavius Steel,Offensive Lineman,Swanty
61,2,24,24,6038,NYS,OSK,Tyler Oles 4,Wide Receiver,Oles
61,2,25,25,6035,HON,CTC,Marvin  The Paranoid Android,Defensive Tackle,RobJG2
61,2,26,26,6087,BFB,BFB,Billy Dimeballz,Cornerback,Mr. Soup
61,2,27,27,6031,BAL,BAL,Pokemon Gotothepolls,Safety,Aleris
61,2,28,28,6044,OCO,OSK,Ugarth son of Ugarth,Tight End,frithjofr
61,3,29,29,6041,CTC,AZ,DROP TABLE PLAYERS,Running Back,infern8
61,3,30,30,6069,SJS,SJS,Hehe Clinton-Wiener,Offensive Lineman,jayblob11
61,3,31,31,6120,NOLA,NOLA,Josh Harper,Safety,JCPro
61,3,32,32,6037,AUS,AUS,Squid Ink,Linebacker,TwoSocks
61,3,33,33,6047,YKW,YKW,Rico Carbonara,Safety,lonestarr
61,3,34,34,6080,AZ,CTC,Discord Polls,Defensive Tackle,Gadget
61,3,35,35,6030,OSK,OSK,Colby Lopez,Offensive Lineman,TheNC206
61,3,36,36,6020,COL,COL,Duquan Feldman,Wide Receiver,speculadora
61,3,37,37,6096,SAR,SAR,Alejandro Rodriguez,Linebacker,JonWane12
61,3,38,38,6060,NYS,NYS,Joby Mattheux,Wide Receiver,MellahYellah
61,3,39,39,6034,HON,HON,Kawasaki Eagle,Wide Receiver,foshizzlemynizzle
61,3,40,40,6088,BFB,NOLA,Gumdrop Ballbuster,Kicker,By-Tor
61,3,41,41,6117,BAL,NYS,Desi Cotton,Running Back,ThatMobi
61,3,42,42,6106,OCO,OCO,Jeremiah James,Safety,dbdahmir
61,3,43,43,6049,OCO,OCO,Crazy Tomato III,Linebacker,Crazytomato
61,4,44,44,6050,CTC,CTC,Bubba Flex,Linebacker,nathanielbuce
61,4,45,45,6081,SJS,SJS,Meat Wad,Offensive Lineman,Tubbles
61,4,46,46,6092,NOLA,NOLA,Pretty Mofo,Running Back,slumped64
61,4,47,47,6077,AUS,AUS,Orion Flynn,Tight End,Shiny Albatross
61,4,48,48,6103,YKW,YKW,Treyvon Reddick,Running Back,JET12TEX
61,4,49,49,6100,AZ,AZ,Blair James,Cornerback,KingHairy
61,4,50,50,6040,OSK,OSK,Dylan Munoz,Defensive Tackle,Dylanpausin
61,4,51,51,6107,COL,COL,Ardy Sexton,Defensive Tackle,Cstewart
61,4,52,52,6083,SAR,SAR,Ahpik Sauzes,Tight End,epiclac
61,4,53,53,6111,NYS,NYS,Nariz Consuelo,Defensive Tackle,KingSnoutKisser
61,4,54,54,6043,HON,SJS,Natan Gunner,Wide Receiver,keaton
61,4,55,55,6113,BFB,BFB,Horsehead Grasshopper,Offensive Lineman,Arctic
61,4,56,56,6023,BAL,BAL,Da'Coldest Williams,Linebacker,Southie
61,4,57,57,6058,OCO,OCO,Sammie Burkett,Defensive End,uncleSam355
61,4,58,58,6065,OSK,OSK,Jimmy Parham,Safety,shagz
61,5,59,59,6114,CTC,CTC,Evans Okatcha,Linebacker,EASTERN30
61,5,60,60,6074,SJS,SJS,Quatro Quatro,Defensive End,Jpoup
61,5,61,61,6101,NOLA,NOLA,Stud McStiffarm,Running Back,titanfan22
61,5,62,62,6098,AUS,AUS,Felix Anderson,Offensive Lineman,quwertzi
61,5,63,63,6045,YKW,YKW,Sean Bobby,Defensive End,TigerishFiber
61,5,64,64,6116,AZ,AZ,Bigg Boay,Offensive Lineman,Timbuktu
61,5,65,65,6102,OSK,AUS,Darius Njigba,Wide Receiver,purp
61,5,66,66,6078,COL,COL,Louw de Clercq,Tight End,louw_declercq
61,5,67,67,6090,SAR,SAR,Jenkem Juggz,Running Back,WWGokudo
61,5,68,68,6061,NYS,NYS,Jack Wynn,Tight End,buckleup
61,5,69,69,6110,HON,HON,Nick Young,Cornerback,NickYoungFan
61,5,70,70,6042,BFB,BFB,Marc Eagle,Tight End,ttg.mxrc
61,5,71,71,6051,BAL,BAL,Cam Mclovin,Quarterback,Alfred_Marshall
61,5,72,72,6070,OCO,NOLA,Ace Son,Wide Receiver,Realmrter
61,6,73,73,6057,CTC,CTC,Agent Eight,Wide Receiver,WildfireMicro
62,1,1,1,6148,CTC,CTC,Mike Honcho,Defensive End,Frantik
62,1,2,2,6124,SJS,AZ,Bruiser Alstott,Linebacker,GoodhandswithAlstott
62,1,3,3,6134,NOLA,OSK,Samuel Canales,Safety,Amidships
62,1,4,4,6132,YKW,YKW,Willeh Handsy,Wide Receiver,wetwilleh
62,1,5,5,6133,AUS,AUS,Tight End Eighty-Two Jr,Wide Receiver,Kyamprac
62,1,6,6,6136,NYS,CTC,Glizzie McGuire,Offensive Lineman,Dewalt27
62,1,7,7,6152,OSK,OSK,Hrafn Óðinsson,Running Back,Raven
62,1,8,8,6179,SAR,SAR,Maziar Sardar,Linebacker,MazTheWall
62,1,9,9,6130,AZ,AZ,Goon Summers,Running Back,MrKrumz
62,1,10,10,6135,COL,COL,Lilli Gant,Running Back,omg
62,1,11,11,6137,HON,OCO,Wendy Corduroy,Running Back,Ultimatedestroye
62,1,12,12,6139,BFB,BFB,Buster Baxter,Linebacker,jayamshah99
62,1,13,13,6127,OCO,OSK,Nutt Beers,Running Back,unconfident
62,1,14,14,6147,BAL,NYS,Jake Whelan,Defensive End,YetiTaz
62,2,15,15,6129,CTC,BAL,Harold Carmichael,Running Back,kdr
62,2,16,16,6126,SJS,SJS,Pasta the Turtle II,Offensive Lineman,visceralpotamus
62,2,17,17,6170,NOLA,OCO,Lena Oxton,Running Back,Hepha
62,2,18,18,6125,YKW,YKW,Adrian Sinclair,Linebacker,BenDover
62,2,19,19,6150,AUS,AUS,Who’s on First,Kicker,McGriddy10
62,2,20,20,6176,NYS,NYS,Jay Deen,Safety,BarebackAlpaca
62,2,21,21,6122,OSK,NOLA,Lil Tommy Dollars,Offensive Lineman,Tmoney6996
62,2,22,22,6151,SAR,SAR,Torque McGork,Linebacker,Mode
62,2,23,23,6143,AZ,SJS,Booter McKickerson,Offensive Lineman,Eric Belmont
62,2,24,24,6123,COL,COL,Hyper Sonic,Running Back,sonicxdoom
62,2,25,25,6168,HON,OCO,Marco Fischer,Linebacker,Mattyba
62,2,26,26,6171,BFB,BFB,Rollin Stone,Defensive End,IR15H0000000000
62,2,27,27,6128,OCO,AZ,Cross Summers,Quarterback,lunaripcole
62,2,28,28,6142,BAL,BAL,Payaton Manning,Quarterback,ManningTypeAim
62,3,29,29,6146,CTC,AZ,John Finnique,Offensive Lineman,fm3509
62,3,30,30,6175,SJS,SJS,Travon Austin,Defensive End,Darkangel2021!
62,3,31,31,6177,NOLA,NOLA,Sullivan Gauthier,Cornerback,BlueWater278
62,3,32,32,6131,YKW,NOLA,Jalen Odunze,Wide Receiver,Rindiee
62,3,33,33,6181,AUS,AUS,Anthony Johnson,Safety,Anthony8139
62,3,34,34,6172,NYS,NYS,Lencho Mysterio,Defensive Tackle,lorenzomora94
62,3,35,35,6180,OSK,YKW,David Corrigan JR,Safety,Deecee98
62,3,36,36,6182,SAR,SAR,Tank Commander,Cornerback,Pifferfish
62,3,37,37,6178,AZ,AZ,Big Bertha,Linebacker,SG_Vesuvius
62,3,38,38,6160,COL,COL,Luis Pedro,Tight End,Artemis
62,3,39,39,6157,HON,COL,Jimmy Voorhees,Linebacker,Jabacon420
62,3,40,40,6156,BFB,BFB,Marcus Jackson,Running Back,Landman25
62,3,41,41,6167,OCO,OCO,Thierry Terrington,Tight End,WildBoyy
62,3,42,42,6140,BAL,NYS,Johnny Jenkins,Defensive End,TheMemeMaestro
62,3,43,43,6154,NYS,NYS,Caleb Wilder,Defensive Tackle,DuckFan108
62,3,44,44,6159,COL,COL,King Gonçalves,Tight End,silpheed
62,4,45,45,6166,CTC,CTC,Drew Mallard,Tight End,Autzen
62,4,46,46,6141,SJS,SJS,Gene Eiland III,Running Back,1thatguy1
62,4,47,47,6155,NOLA,NOLA,Chosen Juan,Wide Receiver,Joe_Cool77
62,4,48,48,6149,YKW,YKW,Lion Trees,Quarterback,Colbai
62,4,49,49,6173,AUS,AUS,tyrone bank,Defensive End,Killerbean2.0
62,4,50,50,6184,NYS,NYS,John Donaldson,Linebacker,cdemon24
63,1,1,1,6222,OCO,OCO,Ezekiel Pancake,Linebacker,Fergie17
63,1,2,2,6193,SJS,SJS,Robin D. Blinde,Wide Receiver,o1playz
63,1,3,3,6215,AUS,BFB,Colt Louis,Linebacker,baz
63,1,4,4,6191,NOLA,NOLA,Bjørn Tooblock,Offensive Lineman,CamGoldenGun
63,1,5,5,6220,CTC,NYS,Socks Maybe,Cornerback,SocksMaybe
63,1,6,6,6186,SAR,SAR,Billy McGlynn,Running Back,Definia
63,1,7,7,6211,AUS,AUS,Chico Churro,Wide Receiver,JKortesi81
63,1,8,8,6194,SAR,SAR,Carl Hanratty,Running Back,TomHanks
63,1,9,9,6208,OSK,OSK,Christopher Biscuits,Offensive Lineman,nckkss
63,1,10,10,6224,NYS,CTC,E. Muff Montblanc,Tight End,Ephenssta
63,1,11,11,6195,COL,COL,Rand McNally,Running Back,UptownCord
63,1,12,12,6189,NOLA,NOLA,Stump Chuggins,Offensive Lineman,toofpete
63,1,13,13,6213,COL,COL,Barry Allen,Cornerback,Light
63,1,14,14,6221,OCO,OCO,Tanji Katsumi,Wide Receiver,Windzer
63,2,15,15,6192,BAL,BAL,Jimothy Kicket,Linebacker,GingerJLD
63,2,16,16,6185,SJS,AUS,Johnny Storm,Cornerback,fridayhungary
63,2,17,17,6198,AUS,AUS,Eddie Byrd,Kicker,Eddie Byrd
63,2,18,18,6217,BFB,BFB,Blazing Flash,Running Back,MobiausGrander
63,2,19,19,6202,CTC,BFB,Anastasia Pearl,Running Back,nunccoepi
63,2,20,20,6219,AZ,AZ,David Faneca,Offensive Lineman,mirrorlake_cultivator
63,2,21,21,6205,CTC,CTC,Father Dawkins,Safety,six_
63,2,22,22,6227,AUS,SJS,Tall Green,Linebacker,Reno
63,2,23,23,6210,OCO,OCO,Xabier Nsue Otxoa,Quarterback,DELIRIVM
63,2,24,24,6229,NYS,NYS,Xavier Alabart,Cornerback,Alquemar
63,2,25,25,6233,COL,COL,General Snuffles,Cornerback,iStegosauruz
63,2,26,26,6216,NOLA,CTC,Stan Marsh,Running Back,Luciddreams702
63,2,27,27,6235,HON,HON,Paul Ruggsworth Sr,Running Back,Bo7
63,2,28,28,6218,BAL,BAL,Cora Coyne,Quarterback,ihatereyson
63,2,29,29,6207,SAR,SAR,Ross Wewter,Defensive Tackle,LionManMan
63,3,30,30,6212,OCO,OCO,Ethereal Platinum,Kicker,PlatinumsGalaxy
63,3,31,31,6223,SJS,NYS,Murray Alabaster,Linebacker,Lebronnnnn236
63,3,32,32,6200,AUS,AUS,Roy L'douk,Linebacker,Cymraeg_atodeg
63,3,33,33,6232,BFB,BFB,Stone Hands,Wide Receiver,Jsanchez0394
63,3,34,34,6199,OCO,OCO,How Ma,Quarterback,Jaywe88
63,3,35,35,6228,AZ,AZ,Riley Khalifa,Defensive Tackle,HoodKirby
63,3,36,36,6209,OSK,OSK,Harold Plylock,Cornerback,Toast
63,3,37,37,6188,SAR,SAR,Eric Duic,Defensive Tackle,Roboeric562
63,3,38,38,6214,OSK,OSK,Stuart Grande,Safety,BoogShlazetti
63,3,39,39,6196,NYS,NYS,Willie Walker,Kicker,AW13
63,3,40,40,6234,COL,COL,Austin Evermore,Tight End,Anty
