season,phase,seq,week,home,away,home_score,away_score,winner
1,regular,0,1,YKW,SJS,,,home
1,regular,1,1,COL,BAL,,,home
1,regular,2,1,OCO,AZ,,,away
1,regular,3,2,BAL,OCO,,,away
1,regular,4,2,COL,YKW,,,home
1,regular,5,2,SJS,AZ,,,home
1,regular,6,3,BAL,AZ,,,away
1,regular,7,3,YKW,COL,,,away
1,regular,8,3,OCO,SJS,,,home
1,regular,9,4,COL,BAL,,,away
1,regular,10,4,AZ,YKW,,,home
1,regular,11,4,SJS,OCO,,,away
1,regular,12,5,BAL,SJS,,,home
1,regular,13,5,YKW,AZ,,,home
1,regular,14,5,COL,OCO,,,home
1,regular,15,6,BAL,COL,,,away
1,regular,16,6,YKW,OCO,,,home
1,regular,17,6,AZ,SJS,,,home
1,regular,18,7,BAL,COL,,,away
1,regular,19,7,AZ,SJS,,,home
1,regular,20,7,OCO,YKW,,,home
1,regular,21,8,YKW,COL,,,home
1,regular,22,8,AZ,BAL,,,away
1,regular,23,8,OCO,SJS,,,home
1,regular,24,9,BAL,YKW,,,home
1,regular,25,9,COL,SJS,,,away
1,regular,26,9,AZ,OCO,,,home
1,regular,27,10,YKW,BAL,,,home
1,regular,28,10,OCO,COL,,,home
1,regular,29,10,SJS,AZ,,,away
1,regular,30,11,YKW,BAL,,,home
1,regular,31,11,COL,AZ,,,home
1,regular,32,11,SJS,OCO,,,away
1,regular,33,12,BAL,YKW,,,away
1,regular,34,12,AZ,OCO,,,home
1,regular,35,12,SJS,COL,,,home
1,regular,36,13,AZ,COL,,,home
1,regular,37,13,OCO,BAL,,,home
1,regular,38,13,SJS,YKW,,,away
1,regular,39,14,COL,YKW,,,home
1,regular,40,14,OCO,AZ,,,home
1,regular,41,14,SJS,BAL,,,home
1,playoff,10015,15,COL,YKW,13.0,6.0,home
1,playoff,10015,15,AZ,OCO,36.0,13.0,home
1,playoff,10016,16,AZ,COL,29.0,6.0,home
2,regular,0,1,YKW,COL,,,home
2,regular,1,1,AZ,OCO,,,home
2,regular,2,1,SJS,PHI,,,home
2,regular,3,1,LVL,BAL,,,home
2,regular,4,2,BAL,OCO,,,home
2,regular,5,2,YKW,SJS,,,home
2,regular,6,2,AZ,PHI,,,home
2,regular,7,2,LVL,COL,,,away
2,regular,8,3,COL,YKW,,,home
2,regular,9,3,LVL,AZ,,,away
2,regular,10,3,OCO,PHI,,,home
2,regular,11,3,SJS,BAL,,,home
2,regular,12,4,SJS,OCO,,,home
2,regular,13,4,PHI,BAL,,,away
2,regular,14,4,COL,AZ,,,home
2,regular,15,4,LVL,YKW,,,away
2,regular,16,5,OCO,LVL,,,home
2,regular,17,5,PHI,COL,,,home
2,regular,18,5,BAL,SJS,,,home
2,regular,19,5,AZ,YKW,,,home
2,regular,20,6,BAL,LVL,,,home
2,regular,21,6,AZ,COL,,,home
2,regular,22,6,SJS,YKW,,,away
2,regular,23,6,PHI,OCO,,,away
2,regular,24,7,BAL,YKW,,,home
2,regular,25,7,OCO,AZ,,,away
2,regular,26,7,COL,SJS,,,home
2,regular,27,7,PHI,LVL,,,home
2,regular,28,8,SJS,LVL,,,away
2,regular,29,8,PHI,YKW,,,home
2,regular,30,8,BAL,AZ,,,home
2,regular,31,8,OCO,COL,,,home
2,regular,32,9,BAL,COL,,,home
2,regular,33,9,OCO,SJS,,,home
2,regular,34,9,YKW,LVL,,,home
2,regular,35,9,YKW,BAL,,,home
2,regular,36,10,AZ,SJS,,,home
2,regular,37,10,COL,OCO,,,home
2,regular,38,10,LVL,PHI,,,away
2,regular,39,10,YKW,PHI,,,home
2,regular,40,11,LVL,OCO,,,away
2,regular,41,11,AZ,BAL,,,home
2,regular,42,11,SJS,COL,,,away
2,regular,43,11,BAL,PHI,,,home
2,regular,44,12,SJS,AZ,,,away
2,regular,45,12,COL,LVL,,,away
2,regular,46,12,OCO,YKW,,,home
2,regular,47,12,COL,PHI,,,home
2,regular,48,13,LVL,SJS,,,away
2,regular,49,13,YKW,AZ,,,away
2,regular,50,13,OCO,BAL,,,home
2,regular,51,13,COL,BAL,,,home
2,regular,52,14,YKW,OCO,,,home
2,regular,53,14,PHI,AZ,,,away
2,regular,54,14,AZ,LVL,,,home
2,regular,55,14,PHI,SJS,,,home
2,playoff,10016,16,BAL,YKW,16.0,14.0,home
2,playoff,10016,16,AZ,OCO,17.0,13.0,home
2,playoff,10017,17,AZ,BAL,33.0,6.0,home
3,regular,0,1,BAL,YKW,,,home
3,regular,1,1,COL,LVL,,,home
3,regular,2,1,AZ,SJS,,,home
3,regular,3,1,OCO,PHI,,,home
3,regular,4,2,PHI,AZ,,,away
3,regular,5,2,LVL,BAL,,,away
3,regular,6,2,SJS,YKW,,,home
3,regular,7,2,OCO,COL,,,home
3,regular,8,3,COL,BAL,,,away
3,regular,9,3,YKW,OCO,,,home
3,regular,10,3,AZ,LVL,,,home
3,regular,11,3,SJS,PHI,,,tie
3,regular,12,4,LVL,YKW,,,away
3,regular,13,4,BAL,PHI,,,home
3,regular,14,4,AZ,COL,,,home
3,regular,15,4,SJS,OCO,,,home
3,regular,16,5,PHI,YKW,,,home
3,regular,17,5,SJS,COL,,,home
3,regular,18,5,OCO,AZ,,,away
3,regular,19,5,BAL,LVL,,,home
3,regular,20,6,AZ,PHI,,,home
3,regular,21,6,OCO,LVL,,,home
3,regular,22,6,SJS,BAL,,,away
3,regular,23,6,YKW,COL,,,home
3,regular,24,7,COL,AZ,,,away
3,regular,25,7,OCO,SJS,,,home
3,regular,26,7,PHI,LVL,,,home
3,regular,27,7,YKW,BAL,,,home
3,regular,28,8,LVL,SJS,,,away
3,regular,29,8,COL,PHI,,,away
3,regular,30,8,YKW,AZ,,,away
3,regular,31,8,BAL,OCO,,,away
3,regular,32,9,BAL,AZ,,,away
3,regular,33,9,LVL,OCO,,,away
3,regular,34,9,COL,YKW,,,home
3,regular,35,9,PHI,SJS,,,home
3,regular,36,10,AZ,OCO,,,home
3,regular,37,10,SJS,LVL,,,away
3,regular,38,10,YKW,PHI,,,home
3,regular,39,10,BAL,COL,,,home
3,regular,40,11,COL,OCO,,,away
3,regular,41,11,AZ,YKW,,,home
3,regular,42,11,BAL,SJS,,,home
3,regular,43,11,LVL,PHI,,,away
3,regular,44,12,AZ,BAL,,,away
3,regular,45,12,LVL,COL,,,home
3,regular,46,12,PHI,OCO,,,home
3,regular,47,12,YKW,SJS,,,away
3,regular,48,13,PHI,COL,,,home
3,regular,49,13,OCO,BAL,,,home
3,regular,50,13,YKW,LVL,,,home
3,regular,51,13,SJS,AZ,,,away
3,regular,52,14,LVL,AZ,,,away
3,regular,53,14,OCO,YKW,,,away
3,regular,54,14,PHI,BAL,,,home
3,regular,55,14,COL,SJS,,,home
3,playoff,10015,15,BAL,PHI,34.0,3.0,home
3,playoff,10015,15,AZ,OCO,27.0,7.0,home
3,playoff,10016,16,AZ,BAL,49.0,12.0,home
4,regular,0,1,OCO,AZ,,,away
4,regular,1,1,SJS,COL,,,home
4,regular,2,1,BAL,YKW,,,home
4,regular,3,1,PHI,LVL,,,home
4,regular,4,2,BAL,SJS,,,away
4,regular,5,2,COL,LVL,,,away
4,regular,6,2,PHI,AZ,,,away
4,regular,7,2,OCO,YKW,,,away
4,regular,8,3,SJS,AZ,,,away
4,regular,9,3,OCO,PHI,,,home
4,regular,10,3,BAL,COL,,,home
4,regular,11,3,LVL,YKW,,,away
4,regular,12,4,LVL,COL,,,home
4,regular,13,4,AZ,PHI,,,home
4,regular,14,4,SJS,BAL,,,away
4,regular,15,4,YKW,OCO,,,away
4,regular,16,5,BAL,AZ,,,home
4,regular,17,5,PHI,COL,,,home
4,regular,18,5,OCO,LVL,,,home
4,regular,19,5,SJS,YKW,,,home
4,regular,20,6,YKW,AZ,,,home
4,regular,21,6,COL,OCO,,,away
4,regular,22,6,LVL,BAL,,,away
4,regular,23,6,PHI,SJS,,,away
4,regular,24,7,LVL,PHI,,,home
4,regular,25,7,YKW,BAL,,,home
4,regular,26,7,COL,SJS,,,away
4,regular,27,7,AZ,OCO,,,home
4,regular,28,8,SJS,LVL,,,home
4,regular,29,8,AZ,COL,,,home
4,regular,30,8,BAL,OCO,,,home
4,regular,31,8,YKW,PHI,,,away
4,regular,32,9,PHI,BAL,,,home
4,regular,33,9,LVL,AZ,,,away
4,regular,34,9,COL,YKW,,,away
4,regular,35,9,OCO,SJS,,,home
4,regular,36,10,AZ,SJS,,,home
4,regular,37,10,PHI,OCO,,,away
4,regular,38,10,COL,BAL,,,home
4,regular,39,10,YKW,LVL,,,home
4,regular,40,11,BAL,LVL,,,home
4,regular,41,11,OCO,COL,,,home
4,regular,42,11,SJS,PHI,,,home
4,regular,43,11,AZ,YKW,,,home
4,regular,44,12,LVL,OCO,,,away
4,regular,45,12,YKW,SJS,,,home
4,regular,46,12,AZ,BAL,,,home
4,regular,47,12,COL,PHI,,,away
4,regular,48,13,COL,AZ,,,away
4,regular,49,13,LVL,SJS,,,away
4,regular,50,13,PHI,YKW,,,home
4,regular,51,13,OCO,BAL,,,home
4,regular,52,14,YKW,COL,,,home
4,regular,53,14,SJS,OCO,,,home
4,regular,54,14,BAL,PHI,,,away
4,regular,55,14,AZ,LVL,,,home
4,playoff,10015,15,YKW,PHI,26.0,20.0,home
4,playoff,10015,15,AZ,OCO,9.0,27.0,away
4,playoff,10016,16,OCO,YKW,30.0,23.0,home
5,regular,0,1,AZ,COL,,,home
5,regular,1,1,SJS,OCO,,,home
5,regular,2,1,LVL,PHI,,,away
5,regular,3,1,YKW,BAL,,,home
5,regular,4,2,OCO,COL,,,home
5,regular,5,2,SJS,AZ,,,away
5,regular,6,2,BAL,LVL,,,home
5,regular,7,2,PHI,YKW,,,away
5,regular,8,3,YKW,AZ,,,home
5,regular,9,3,LVL,OCO,,,away
5,regular,10,3,COL,SJS,,,away
5,regular,11,3,PHI,BAL,,,home
5,regular,12,4,BAL,SJS,,,away
5,regular,13,4,COL,PHI,,,away
5,regular,14,4,AZ,LVL,,,home
5,regular,15,4,OCO,YKW,,,home
5,regular,16,5,LVL,COL,,,away
5,regular,17,5,PHI,AZ,,,home
5,regular,18,5,BAL,OCO,,,away
5,regular,19,5,SJS,YKW,,,away
5,regular,20,6,AZ,OCO,,,away
5,regular,21,6,SJS,PHI,,,home
5,regular,22,6,YKW,LVL,,,home
5,regular,23,6,COL,BAL,,,away
5,regular,24,7,YKW,COL,,,home
5,regular,25,7,LVL,SJS,,,home
5,regular,26,7,OCO,PHI,,,home
5,regular,27,7,AZ,BAL,,,away
5,regular,28,8,COL,AZ,,,away
5,regular,29,8,OCO,SJS,,,home
5,regular,30,8,PHI,LVL,,,home
5,regular,31,8,BAL,YKW,,,home
5,regular,32,9,COL,OCO,,,away
5,regular,33,9,AZ,SJS,,,home
5,regular,34,9,YKW,PHI,,,home
5,regular,35,9,LVL,BAL,,,away
5,regular,36,10,SJS,COL,,,home
5,regular,37,10,BAL,PHI,,,home
5,regular,38,10,OCO,LVL,,,home
5,regular,39,10,AZ,YKW,,,home
5,regular,40,11,PHI,COL,,,home
5,regular,41,11,LVL,AZ,,,away
5,regular,42,11,YKW,OCO,,,home
5,regular,43,11,SJS,BAL,,,home
5,regular,44,12,YKW,SJS,,,away
5,regular,45,12,AZ,PHI,,,home
5,regular,46,12,COL,LVL,,,home
5,regular,47,12,OCO,BAL,,,home
5,regular,48,13,BAL,COL,,,home
5,regular,49,13,OCO,AZ,,,home
5,regular,50,13,PHI,SJS,,,home
5,regular,51,13,LVL,YKW,,,away
5,regular,52,14,BAL,AZ,,,home
5,regular,53,14,PHI,OCO,,,home
5,regular,54,14,SJS,LVL,,,home
5,regular,55,14,COL,YKW,,,away
5,playoff,10015,15,YKW,BAL,37.0,21.0,home
5,playoff,10015,15,OCO,AZ,43.0,19.0,home
5,playoff,10016,16,OCO,YKW,26.0,15.0,home
6,regular,0,1,NOLA,OCO,,,away
6,regular,1,1,COL,BAL,,,away
6,regular,2,1,YKW,PHI,,,away
6,regular,3,1,AZ,SJS,,,away
6,regular,4,2,AZ,OCO,,,away
6,regular,5,2,BAL,PHI,,,home
6,regular,6,2,COL,YKW,,,away
6,regular,7,2,SJS,NOLA,,,home
6,regular,8,3,YKW,BAL,,,home
6,regular,9,3,NOLA,AZ,,,away
6,regular,10,3,OCO,SJS,,,home
6,regular,11,3,PHI,COL,,,home
6,regular,12,4,BAL,AZ,,,away
6,regular,13,4,OCO,PHI,,,home
6,regular,14,4,NOLA,YKW,,,tie
6,regular,15,4,SJS,COL,,,home
6,regular,16,5,YKW,OCO,,,away
6,regular,17,5,PHI,NOLA,,,home
6,regular,18,5,COL,AZ,,,away
6,regular,19,5,BAL,SJS,,,away
6,regular,20,6,BAL,NOLA,,,home
6,regular,21,6,PHI,AZ,,,home
6,regular,22,6,SJS,YKW,,,home
6,regular,23,6,OCO,COL,,,home
6,regular,24,7,OCO,BAL,,,away
6,regular,25,7,YKW,SJS,,,away
6,regular,26,7,AZ,PHI,,,home
6,regular,27,7,NOLA,COL,,,home
6,regular,28,8,NOLA,PHI,,,away
6,regular,29,8,AZ,BAL,,,home
6,regular,30,8,OCO,YKW,,,away
6,regular,31,8,COL,SJS,,,away
6,regular,32,9,YKW,AZ,,,home
6,regular,33,9,NOLA,BAL,,,away
6,regular,34,9,SJS,PHI,,,home
6,regular,35,9,COL,OCO,,,away
6,regular,36,10,BAL,OCO,,,home
6,regular,37,10,PHI,SJS,,,home
6,regular,38,10,AZ,YKW,,,home
6,regular,39,10,COL,NOLA,,,away
6,regular,40,11,PHI,OCO,,,away
6,regular,41,11,YKW,NOLA,,,home
6,regular,42,11,AZ,COL,,,home
6,regular,43,11,SJS,BAL,,,home
6,regular,44,12,PHI,YKW,,,home
6,regular,45,12,OCO,AZ,,,home
6,regular,46,12,NOLA,SJS,,,away
6,regular,47,12,BAL,COL,,,home
6,regular,48,13,YKW,COL,,,home
6,regular,49,13,AZ,NOLA,,,home
6,regular,50,13,PHI,BAL,,,home
6,regular,51,13,SJS,OCO,,,away
6,regular,52,14,COL,PHI,,,away
6,regular,53,14,OCO,NOLA,,,home
6,regular,54,14,BAL,YKW,,,away
6,regular,55,14,SJS,AZ,,,home
6,playoff,10015,15,PHI,YKW,31.0,21.0,home
6,playoff,10015,15,OCO,SJS,32.0,29.0,home
6,playoff,10016,16,OCO,PHI,23.0,17.0,home
7,regular,0,1,COL,YKW,,,away
7,regular,1,1,SJS,BAL,,,away
7,regular,2,1,PHI,OCO,,,home
7,regular,3,1,AZ,NOLA,,,home
7,regular,4,2,PHI,COL,,,home
7,regular,5,2,YKW,SJS,,,home
7,regular,6,2,BAL,NOLA,,,home
7,regular,7,2,OCO,AZ,,,home
7,regular,8,3,OCO,COL,,,home
7,regular,9,3,YKW,NOLA,,,home
7,regular,10,3,BAL,SJS,,,away
7,regular,11,3,AZ,PHI,,,away
7,regular,12,4,COL,SJS,,,away
7,regular,13,4,PHI,BAL,,,home
7,regular,14,4,NOLA,YKW,,,away
7,regular,15,4,AZ,OCO,,,away
7,regular,16,5,COL,BAL,,,away
7,regular,17,5,YKW,OCO,,,home
7,regular,18,5,NOLA,SJS,,,home
7,regular,19,5,PHI,AZ,,,home
7,regular,20,6,SJS,COL,,,home
7,regular,21,6,AZ,YKW,,,away
7,regular,22,6,OCO,NOLA,,,home
7,regular,23,6,BAL,PHI,,,home
7,regular,24,7,COL,OCO,,,away
7,regular,25,7,NOLA,PHI,,,away
7,regular,26,7,SJS,YKW,,,away
7,regular,27,7,BAL,AZ,,,home
7,regular,28,8,NOLA,COL,,,home
7,regular,29,8,YKW,AZ,,,home
7,regular,30,8,PHI,SJS,,,home
7,regular,31,8,OCO,BAL,,,home
7,regular,32,9,AZ,COL,,,home
7,regular,33,9,YKW,PHI,,,home
7,regular,34,9,BAL,OCO,,,away
7,regular,35,9,SJS,NOLA,,,home
7,regular,36,10,COL,PHI,,,away
7,regular,37,10,SJS,AZ,,,home
7,regular,38,10,NOLA,BAL,,,home
7,regular,39,10,OCO,YKW,,,home
7,regular,40,11,COL,AZ,,,away
7,regular,41,11,YKW,BAL,,,home
7,regular,42,11,NOLA,OCO,,,away
7,regular,43,11,SJS,PHI,,,away
7,regular,44,12,YKW,COL,,,home
7,regular,45,12,OCO,SJS,,,home
7,regular,46,12,AZ,BAL,,,away
7,regular,47,12,PHI,NOLA,,,home
7,regular,48,13,COL,NOLA,,,away
7,regular,49,13,OCO,PHI,,,home
7,regular,50,13,AZ,SJS,,,home
7,regular,51,13,BAL,YKW,,,away
7,regular,52,14,BAL,COL,,,home
7,regular,53,14,PHI,YKW,,,away
7,regular,54,14,SJS,OCO,,,away
7,regular,55,14,NOLA,AZ,,,away
7,playoff,10015,15,YKW,PHI,31.0,40.0,away
7,playoff,10015,15,OCO,AZ,48.0,24.0,home
7,playoff,10016,16,OCO,PHI,19.0,28.0,away
8,regular,0,1,PHI,COL,,,home
8,regular,1,1,NOLA,YKW,,,away
8,regular,2,1,BAL,SJS,,,home
8,regular,3,1,OCO,AZ,,,home
8,regular,4,2,BAL,PHI,,,home
8,regular,5,2,COL,NOLA,,,away
8,regular,6,2,YKW,AZ,,,home
8,regular,7,2,SJS,OCO,,,away
8,regular,8,3,SJS,PHI,,,away
8,regular,9,3,COL,AZ,,,home
8,regular,10,3,YKW,NOLA,,,home
8,regular,11,3,OCO,BAL,,,away
8,regular,12,4,PHI,NOLA,,,home
8,regular,13,4,BAL,YKW,,,away
8,regular,14,4,AZ,COL,,,home
8,regular,15,4,OCO,SJS,,,home
8,regular,16,5,PHI,YKW,,,away
8,regular,17,5,COL,SJS,,,home
8,regular,18,5,AZ,NOLA,,,away
8,regular,19,5,BAL,OCO,,,away
8,regular,20,6,NOLA,PHI,,,away
8,regular,21,6,OCO,COL,,,away
8,regular,22,6,SJS,AZ,,,home
8,regular,23,6,YKW,BAL,,,home
8,regular,24,7,PHI,SJS,,,home
8,regular,25,7,AZ,BAL,,,away
8,regular,26,7,NOLA,COL,,,home
8,regular,27,7,YKW,OCO,,,away
8,regular,28,8,AZ,PHI,,,home
8,regular,29,8,COL,OCO,,,away
8,regular,30,8,BAL,NOLA,,,away
8,regular,31,8,SJS,YKW,,,away
8,regular,32,9,OCO,PHI,,,home
8,regular,33,9,COL,BAL,,,home
8,regular,34,9,YKW,SJS,,,home
8,regular,35,9,NOLA,AZ,,,home
8,regular,36,10,PHI,BAL,,,home
8,regular,37,10,NOLA,OCO,,,home
8,regular,38,10,AZ,YKW,,,home
8,regular,39,10,SJS,COL,,,away
8,regular,40,11,COL,YKW,,,away
8,regular,41,11,NOLA,BAL,,,home
8,regular,42,11,PHI,OCO,,,away
8,regular,43,11,AZ,SJS,,,home
8,regular,44,12,COL,PHI,,,home
8,regular,45,12,SJS,NOLA,,,away
8,regular,46,12,OCO,YKW,,,home
8,regular,47,12,BAL,AZ,,,home
8,regular,48,13,PHI,AZ,,,home
8,regular,49,13,SJS,BAL,,,away
8,regular,50,13,OCO,NOLA,,,home
8,regular,51,13,YKW,COL,,,home
8,regular,52,14,YKW,PHI,,,home
8,regular,53,14,BAL,COL,,,home
8,regular,54,14,NOLA,SJS,,,home
8,regular,55,14,AZ,OCO,,,home
8,playoff,10015,15,YKW,BAL,38.0,24.0,home
8,playoff,10015,15,OCO,NOLA,17.0,20.0,away
8,playoff,10016,16,YKW,NOLA,24.0,13.0,home
9,regular,0,1,BAL,YKW,,,home
9,regular,1,1,COL,AZ,,,home
9,regular,2,1,OCO,SJS,,,home
9,regular,3,1,PHI,NOLA,,,away
9,regular,4,2,BAL,COL,,,home
9,regular,5,2,YKW,AZ,,,away
9,regular,6,2,SJS,PHI,,,away
9,regular,7,2,NOLA,OCO,,,home
9,regular,8,3,YKW,NOLA,,,away
9,regular,9,3,COL,SJS,,,home
9,regular,10,3,AZ,BAL,,,away
9,regular,11,3,PHI,OCO,,,away
9,regular,12,4,AZ,PHI,,,away
9,regular,13,4,OCO,BAL,,,home
9,regular,14,4,SJS,YKW,,,away
9,regular,15,4,NOLA,COL,,,home
9,regular,16,5,BAL,SJS,,,home
9,regular,17,5,COL,PHI,,,home
9,regular,18,5,NOLA,AZ,,,home
9,regular,19,5,YKW,OCO,,,home
9,regular,20,6,COL,YKW,,,away
9,regular,21,6,OCO,AZ,,,home
9,regular,22,6,SJS,NOLA,,,away
9,regular,23,6,PHI,BAL,,,away
9,regular,24,7,BAL,NOLA,,,home
9,regular,25,7,AZ,SJS,,,home
9,regular,26,7,OCO,COL,,,home
9,regular,27,7,PHI,YKW,,,home
9,regular,28,8,YKW,BAL,,,away
9,regular,29,8,AZ,COL,,,away
9,regular,30,8,SJS,OCO,,,home
9,regular,31,8,NOLA,PHI,,,home
9,regular,32,9,COL,BAL,,,away
9,regular,33,9,AZ,YKW,,,away
9,regular,34,9,OCO,NOLA,,,away
9,regular,35,9,PHI,SJS,,,away
9,regular,36,10,BAL,AZ,,,home
9,regular,37,10,OCO,PHI,,,home
9,regular,38,10,SJS,COL,,,away
9,regular,39,10,NOLA,YKW,,,away
9,regular,40,11,BAL,OCO,,,away
9,regular,41,11,YKW,SJS,,,home
9,regular,42,11,COL,NOLA,,,away
9,regular,43,11,PHI,AZ,,,home
9,regular,44,12,AZ,NOLA,,,away
9,regular,45,12,OCO,YKW,,,home
9,regular,46,12,SJS,BAL,,,away
9,regular,47,12,PHI,COL,,,away
9,regular,48,13,BAL,PHI,,,home
9,regular,49,13,YKW,COL,,,away
9,regular,50,13,AZ,OCO,,,away
9,regular,51,13,NOLA,SJS,,,home
9,regular,52,14,YKW,PHI,,,home
9,regular,53,14,COL,OCO,,,home
9,regular,54,14,SJS,AZ,,,away
9,regular,55,14,NOLA,BAL,,,home
9,playoff,10015,15,BAL,COL,40.0,34.0,home
9,playoff,10015,15,NOLA,OCO,39.0,21.0,home
9,playoff,10016,16,NOLA,BAL,37.0,24.0,home
10,regular,0,1,YKW,BAL,,,away
10,regular,1,1,AZ,COL,,,away
10,regular,2,1,SJS,OCO,,,away
10,regular,3,1,NOLA,PHI,,,home
10,regular,4,2,COL,BAL,,,away
10,regular,5,2,AZ,YKW,,,home
10,regular,6,2,PHI,SJS,,,away
10,regular,7,2,OCO,NOLA,,,home
10,regular,8,3,NOLA,YKW,,,home
10,regular,9,3,SJS,COL,,,away
10,regular,10,3,BAL,AZ,,,home
10,regular,11,3,OCO,PHI,,,home
10,regular,12,4,PHI,AZ,,,away
10,regular,13,4,BAL,OCO,,,home
10,regular,14,4,YKW,SJS,,,home
10,regular,15,4,COL,NOLA,,,away
10,regular,16,5,SJS,BAL,,,away
10,regular,17,5,OCO,YKW,,,away
10,regular,18,5,PHI,COL,,,away
10,regular,19,5,AZ,NOLA,,,away
10,regular,20,6,YKW,COL,,,home
10,regular,21,6,AZ,OCO,,,away
10,regular,22,6,NOLA,SJS,,,home
10,regular,23,6,BAL,PHI,,,home
10,regular,24,7,NOLA,BAL,,,home
10,regular,25,7,SJS,AZ,,,home
10,regular,26,7,COL,OCO,,,home
10,regular,27,7,YKW,PHI,,,home
10,regular,28,8,BAL,YKW,,,home
10,regular,29,8,COL,AZ,,,home
10,regular,30,8,OCO,SJS,,,home
10,regular,31,8,PHI,NOLA,,,away
10,regular,32,9,BAL,COL,,,home
10,regular,33,9,YKW,AZ,,,home
10,regular,34,9,NOLA,OCO,,,home
10,regular,35,9,SJS,PHI,,,home
10,regular,36,10,AZ,BAL,,,away
10,regular,37,10,PHI,OCO,,,away
10,regular,38,10,COL,SJS,,,home
10,regular,39,10,YKW,NOLA,,,home
10,regular,40,11,OCO,BAL,,,away
10,regular,41,11,SJS,YKW,,,home
10,regular,42,11,NOLA,COL,,,home
10,regular,43,11,AZ,PHI,,,home
10,regular,44,12,NOLA,AZ,,,home
10,regular,45,12,YKW,OCO,,,home
10,regular,46,12,BAL,SJS,,,home
10,regular,47,12,COL,PHI,,,home
10,regular,48,13,PHI,BAL,,,away
10,regular,49,13,COL,YKW,,,home
10,regular,50,13,OCO,AZ,,,home
10,regular,51,13,SJS,NOLA,,,away
10,regular,52,14,PHI,YKW,,,away
10,regular,53,14,OCO,COL,,,away
10,regular,54,14,AZ,SJS,,,home
10,regular,55,14,BAL,NOLA,,,home
10,playoff,10015,15,BAL,COL,37.0,28.0,home
10,playoff,10015,15,NOLA,OCO,10.0,3.0,home
10,playoff,10016,16,BAL,NOLA,29.0,23.0,home
11,regular,0,1,BAL,YKW,,,home
11,regular,1,1,COL,AZ,,,home
11,regular,2,1,OCO,SJS,,,home
11,regular,3,1,PHI,NOLA,,,away
11,regular,4,2,BAL,COL,,,home
11,regular,5,2,YKW,AZ,,,away
11,regular,6,2,SJS,PHI,,,away
11,regular,7,2,NOLA,OCO,,,home
11,regular,8,3,YKW,NOLA,,,home
11,regular,9,3,COL,SJS,,,home
11,regular,10,3,AZ,BAL,,,away
11,regular,11,3,PHI,OCO,,,away
11,regular,12,4,AZ,PHI,,,away
11,regular,13,4,OCO,BAL,,,away
11,regular,14,4,SJS,YKW,,,away
11,regular,15,4,NOLA,COL,,,home
11,regular,16,5,BAL,SJS,,,home
11,regular,17,5,YKW,OCO,,,home
11,regular,18,5,COL,PHI,,,home
11,regular,19,5,NOLA,AZ,,,home
11,regular,20,6,COL,YKW,,,home
11,regular,21,6,OCO,AZ,,,home
11,regular,22,6,SJS,NOLA,,,away
11,regular,23,6,PHI,BAL,,,home
11,regular,24,7,BAL,NOLA,,,away
11,regular,25,7,AZ,SJS,,,home
11,regular,26,7,OCO,COL,,,home
11,regular,27,7,PHI,YKW,,,home
11,regular,28,8,YKW,BAL,,,away
11,regular,29,8,AZ,COL,,,home
11,regular,30,8,SJS,OCO,,,away
11,regular,31,8,NOLA,PHI,,,home
11,regular,32,9,COL,BAL,,,home
11,regular,33,9,AZ,YKW,,,home
11,regular,34,9,OCO,NOLA,,,home
11,regular,35,9,PHI,SJS,,,away
11,regular,36,10,BAL,AZ,,,home
11,regular,37,10,OCO,PHI,,,home
11,regular,38,10,SJS,COL,,,away
11,regular,39,10,NOLA,YKW,,,home
11,regular,40,11,BAL,OCO,,,away
11,regular,41,11,YKW,SJS,,,home
11,regular,42,11,COL,NOLA,,,home
11,regular,43,11,PHI,AZ,,,home
11,regular,44,12,AZ,NOLA,,,away
11,regular,45,12,OCO,YKW,,,home
11,regular,46,12,SJS,BAL,,,away
11,regular,47,12,PHI,COL,,,home
11,regular,48,13,BAL,PHI,,,home
11,regular,49,13,YKW,COL,,,away
11,regular,50,13,AZ,OCO,,,home
11,regular,51,13,NOLA,SJS,,,home
11,regular,52,14,YKW,PHI,,,away
11,regular,53,14,COL,OCO,,,away
11,regular,54,14,SJS,AZ,,,away
11,regular,55,14,NOLA,BAL,,,home
11,playoff,10015,15,BAL,COL,45.0,7.0,home
11,playoff,10015,15,NOLA,OCO,40.0,13.0,home
11,playoff,10016,16,NOLA,BAL,42.0,36.0,home
12,regular,0,1,OCO,COL,,,home
12,regular,1,1,PHI,BAL,,,away
12,regular,2,1,SJS,NOLA,,,home
12,regular,3,1,YKW,AZ,,,home
12,regular,4,2,OCO,PHI,,,home
12,regular,5,2,COL,BAL,,,away
12,regular,6,2,NOLA,YKW,,,home
12,regular,7,2,AZ,SJS,,,away
12,regular,8,3,COL,AZ,,,away
12,regular,9,3,PHI,NOLA,,,home
12,regular,10,3,BAL,OCO,,,away
12,regular,11,3,YKW,SJS,,,away
12,regular,12,4,BAL,YKW,,,home
12,regular,13,4,SJS,OCO,,,home
12,regular,14,4,NOLA,COL,,,home
12,regular,15,4,AZ,PHI,,,away
12,regular,16,5,OCO,NOLA,,,home
12,regular,17,5,COL,SJS,,,away
12,regular,18,5,PHI,YKW,,,home
12,regular,19,5,AZ,BAL,,,home
12,regular,20,6,PHI,COL,,,away
12,regular,21,6,SJS,BAL,,,home
12,regular,22,6,NOLA,AZ,,,home
12,regular,23,6,YKW,OCO,,,away
12,regular,24,7,OCO,AZ,,,home
12,regular,25,7,BAL,NOLA,,,home
12,regular,26,7,SJS,PHI,,,home
12,regular,27,7,YKW,COL,,,away
12,regular,28,8,COL,OCO,,,away
12,regular,29,8,BAL,PHI,,,home
12,regular,30,8,NOLA,SJS,,,away
12,regular,31,8,AZ,YKW,,,home
12,regular,32,9,PHI,OCO,,,away
12,regular,33,9,BAL,COL,,,home
12,regular,34,9,SJS,AZ,,,away
12,regular,35,9,YKW,NOLA,,,away
12,regular,36,10,OCO,BAL,,,home
12,regular,37,10,SJS,YKW,,,home
12,regular,38,10,NOLA,PHI,,,away
12,regular,39,10,AZ,COL,,,away
12,regular,40,11,OCO,SJS,,,home
12,regular,41,11,COL,NOLA,,,home
12,regular,42,11,PHI,AZ,,,home
12,regular,43,11,YKW,BAL,,,home
12,regular,44,12,BAL,AZ,,,away
12,regular,45,12,SJS,COL,,,away
12,regular,46,12,NOLA,OCO,,,away
12,regular,47,12,YKW,PHI,,,away
12,regular,48,13,OCO,YKW,,,away
12,regular,49,13,COL,PHI,,,away
12,regular,50,13,BAL,SJS,,,home
12,regular,51,13,AZ,NOLA,,,home
12,regular,52,14,COL,YKW,,,home
12,regular,53,14,PHI,SJS,,,away
12,regular,54,14,NOLA,BAL,,,away
12,regular,55,14,AZ,OCO,,,home
12,playoff,10015,15,BAL,PHI,30.0,24.0,home
12,playoff,10015,15,OCO,SJS,35.0,10.0,home
12,playoff,10016,16,OCO,BAL,48.0,24.0,home
13,regular,0,1,OCO,COL,,,home
13,regular,1,1,BAL,PHI,,,away
13,regular,2,1,AZ,SJS,,,away
13,regular,3,1,YKW,NOLA,,,home
13,regular,4,2,YKW,OCO,,,home
13,regular,5,2,AZ,PHI,,,home
13,regular,6,2,COL,BAL,,,home
13,regular,7,2,SJS,NOLA,,,away
13,regular,8,3,AZ,COL,,,away
13,regular,9,3,SJS,OCO,,,home
13,regular,10,3,NOLA,PHI,,,away
13,regular,11,3,BAL,YKW,,,home
13,regular,12,4,YKW,COL,,,home
13,regular,13,4,AZ,BAL,,,home
13,regular,14,4,PHI,SJS,,,away
13,regular,15,4,OCO,NOLA,,,home
13,regular,16,5,COL,PHI,,,home
13,regular,17,5,OCO,BAL,,,home
13,regular,18,5,YKW,SJS,,,away
13,regular,19,5,AZ,NOLA,,,home
13,regular,20,6,SJS,COL,,,home
13,regular,21,6,AZ,OCO,,,away
13,regular,22,6,YKW,PHI,,,away
13,regular,23,6,BAL,NOLA,,,away
13,regular,24,7,NOLA,COL,,,home
13,regular,25,7,PHI,OCO,,,home
13,regular,26,7,SJS,BAL,,,home
13,regular,27,7,AZ,YKW,,,home
13,regular,28,8,PHI,COL,,,away
13,regular,29,8,BAL,OCO,,,away
13,regular,30,8,NOLA,AZ,,,away
13,regular,31,8,SJS,YKW,,,home
13,regular,32,9,NOLA,BAL,,,home
13,regular,33,9,COL,SJS,,,away
13,regular,34,9,OCO,AZ,,,home
13,regular,35,9,PHI,YKW,,,home
13,regular,36,10,OCO,PHI,,,home
13,regular,37,10,BAL,SJS,,,away
13,regular,38,10,YKW,AZ,,,home
13,regular,39,10,COL,NOLA,,,home
13,regular,40,11,COL,OCO,,,home
13,regular,41,11,PHI,BAL,,,home
13,regular,42,11,SJS,AZ,,,home
13,regular,43,11,NOLA,YKW,,,home
13,regular,44,12,BAL,COL,,,home
13,regular,45,12,NOLA,SJS,,,away
13,regular,46,12,PHI,AZ,,,home
13,regular,47,12,OCO,YKW,,,home
13,regular,48,13,YKW,BAL,,,away
13,regular,49,13,OCO,SJS,,,home
13,regular,50,13,COL,AZ,,,home
13,regular,51,13,PHI,NOLA,,,home
13,regular,52,14,NOLA,OCO,,,home
13,regular,53,14,SJS,PHI,,,home
13,regular,54,14,BAL,AZ,,,home
13,regular,55,14,COL,YKW,,,home
13,playoff,10015,15,COL,PHI,50.0,27.0,home
13,playoff,10015,15,SJS,OCO,21.0,31.0,away
13,playoff,10016,16,OCO,COL,24.0,21.0,home
14,regular,0,1,OCO,YKW,,,home
14,regular,1,1,BAL,NOLA,,,home
14,regular,2,1,PHI,AZ,,,home
14,regular,3,1,SJS,COL,,,home
14,regular,4,2,NOLA,YKW,,,away
14,regular,5,2,BAL,OCO,,,away
14,regular,6,2,COL,PHI,,,away
14,regular,7,2,AZ,SJS,,,away
14,regular,8,3,SJS,OCO,,,home
14,regular,9,3,PHI,NOLA,,,home
14,regular,10,3,YKW,BAL,,,away
14,regular,11,3,AZ,COL,,,away
14,regular,12,4,COL,BAL,,,away
14,regular,13,4,YKW,AZ,,,home
14,regular,14,4,OCO,PHI,,,away
14,regular,15,4,NOLA,SJS,,,home
14,regular,16,5,PHI,YKW,,,home
14,regular,17,5,AZ,OCO,,,away
14,regular,18,5,COL,NOLA,,,away
14,regular,19,5,BAL,SJS,,,home
14,regular,20,6,OCO,NOLA,,,home
14,regular,21,6,BAL,AZ,,,home
14,regular,22,6,SJS,PHI,,,home
14,regular,23,6,YKW,COL,,,home
14,regular,24,7,SJS,YKW,,,home
14,regular,25,7,PHI,BAL,,,home
14,regular,26,7,NOLA,AZ,,,home
14,regular,27,7,OCO,COL,,,home
14,regular,28,8,YKW,OCO,,,away
14,regular,29,8,NOLA,BAL,,,away
14,regular,30,8,AZ,PHI,,,away
14,regular,31,8,COL,SJS,,,home
14,regular,32,9,YKW,NOLA,,,home
14,regular,33,9,OCO,BAL,,,home
14,regular,34,9,SJS,AZ,,,home
14,regular,35,9,PHI,COL,,,home
14,regular,36,10,BAL,YKW,,,home
14,regular,37,10,COL,AZ,,,home
14,regular,38,10,NOLA,PHI,,,home
14,regular,39,10,OCO,SJS,,,home
14,regular,40,11,AZ,YKW,,,home
14,regular,41,11,PHI,OCO,,,home
14,regular,42,11,SJS,NOLA,,,home
14,regular,43,11,BAL,COL,,,home
14,regular,44,12,SJS,BAL,,,away
14,regular,45,12,OCO,AZ,,,home
14,regular,46,12,YKW,PHI,,,home
14,regular,47,12,NOLA,COL,,,away
14,regular,48,13,COL,YKW,,,away
14,regular,49,13,NOLA,OCO,,,away
14,regular,50,13,AZ,BAL,,,away
14,regular,51,13,PHI,SJS,,,away
14,regular,52,14,COL,OCO,,,away
14,regular,53,14,AZ,NOLA,,,home
14,regular,54,14,BAL,PHI,,,home
14,regular,55,14,YKW,SJS,,,away
14,playoff,10015,15,BAL,PHI,28.0,31.0,away
14,playoff,10015,15,OCO,SJS,17.0,24.0,away
14,playoff,10016,16,SJS,PHI,36.0,24.0,home
15,regular,0,1,BAL,COL,,,home
15,regular,1,1,YKW,AZ,,,home
15,regular,2,1,NOLA,OCO,,,away
15,regular,3,1,SJS,PHI,,,home
15,regular,4,2,YKW,BAL,,,home
15,regular,5,2,AZ,COL,,,home
15,regular,6,2,SJS,OCO,,,home
15,regular,7,2,NOLA,PHI,,,away
15,regular,8,3,NOLA,YKW,,,away
15,regular,9,3,SJS,COL,,,home
15,regular,10,3,BAL,AZ,,,home
15,regular,11,3,OCO,PHI,,,home
15,regular,12,4,PHI,AZ,,,away
15,regular,13,4,BAL,OCO,,,home
15,regular,14,4,YKW,SJS,,,away
15,regular,15,4,COL,NOLA,,,home
15,regular,16,5,SJS,BAL,,,away
15,regular,17,5,OCO,YKW,,,home
15,regular,18,5,PHI,COL,,,home
15,regular,19,5,AZ,NOLA,,,home
15,regular,20,6,YKW,COL,,,home
15,regular,21,6,AZ,OCO,,,away
15,regular,22,6,NOLA,SJS,,,away
15,regular,23,6,BAL,PHI,,,home
15,regular,24,7,NOLA,BAL,,,away
15,regular,25,7,SJS,AZ,,,home
15,regular,26,7,COL,OCO,,,away
15,regular,27,7,YKW,PHI,,,away
15,regular,28,8,BAL,YKW,,,home
15,regular,29,8,COL,AZ,,,away
15,regular,30,8,OCO,SJS,,,away
15,regular,31,8,PHI,NOLA,,,home
15,regular,32,9,AZ,YKW,,,home
15,regular,33,9,COL,BAL,,,away
15,regular,34,9,PHI,SJS,,,home
15,regular,35,9,OCO,NOLA,,,home
15,regular,36,10,AZ,BAL,,,away
15,regular,37,10,PHI,OCO,,,home
15,regular,38,10,COL,SJS,,,away
15,regular,39,10,YKW,NOLA,,,home
15,regular,40,11,OCO,BAL,,,away
15,regular,41,11,SJS,YKW,,,home
15,regular,42,11,NOLA,COL,,,home
15,regular,43,11,AZ,PHI,,,home
15,regular,44,12,NOLA,AZ,,,home
15,regular,45,12,YKW,OCO,,,away
15,regular,46,12,BAL,SJS,,,home
15,regular,47,12,COL,PHI,,,away
15,regular,48,13,PHI,BAL,,,home
15,regular,49,13,COL,YKW,,,away
15,regular,50,13,OCO,AZ,,,home
15,regular,51,13,SJS,NOLA,,,home
15,regular,52,14,PHI,YKW,,,away
15,regular,53,14,OCO,COL,,,away
15,regular,54,14,AZ,SJS,,,away
15,regular,55,14,BAL,NOLA,,,home
15,playoff,10015,15,BAL,PHI,34.0,13.0,home
15,playoff,10015,15,SJS,OCO,37.0,17.0,home
15,playoff,10016,16,BAL,SJS,49.0,0.0,home
16,regular,0,1,YKW,BAL,,,away
16,regular,1,1,PHI,COL,,,home
16,regular,2,1,AZ,CHI,,,away
16,regular,3,1,SJS,OCO,,,away
16,regular,4,1,AUS,NOLA,,,away
16,regular,5,2,COL,BAL,,,away
16,regular,6,2,CHI,YKW,,,home
16,regular,7,2,OCO,PHI,,,home
16,regular,8,2,AUS,AZ,,,away
16,regular,9,2,NOLA,SJS,,,away
16,regular,10,3,SJS,YKW,,,away
16,regular,11,3,CHI,COL,,,home
16,regular,12,3,BAL,PHI,,,away
16,regular,13,3,AZ,NOLA,,,home
16,regular,14,3,OCO,AUS,,,home
16,regular,15,4,YKW,PHI,,,home
16,regular,16,4,BAL,CHI,,,home
16,regular,17,4,AZ,OCO,,,home
16,regular,18,4,AUS,SJS,,,away
16,regular,19,4,COL,NOLA,,,away
16,regular,20,5,YKW,COL,,,home
16,regular,21,5,PHI,CHI,,,home
16,regular,22,5,SJS,AZ,,,home
16,regular,23,5,NOLA,OCO,,,away
16,regular,24,5,BAL,AUS,,,home
16,regular,25,6,BAL,YKW,,,away
16,regular,26,6,AZ,PHI,,,home
16,regular,27,6,COL,CHI,,,away
16,regular,28,6,AUS,OCO,,,away
16,regular,29,6,SJS,NOLA,,,away
16,regular,30,7,BAL,COL,,,home
16,regular,31,7,YKW,CHI,,,away
16,regular,32,7,OCO,AZ,,,home
16,regular,33,7,PHI,NOLA,,,home
16,regular,34,7,SJS,AUS,,,home
16,regular,35,8,CHI,BAL,,,home
16,regular,36,8,OCO,YKW,,,away
16,regular,37,8,COL,PHI,,,away
16,regular,38,8,AZ,SJS,,,home
16,regular,39,8,NOLA,AUS,,,home
16,regular,40,9,PHI,BAL,,,home
16,regular,41,9,COL,YKW,,,away
16,regular,42,9,AUS,CHI,,,away
16,regular,43,9,NOLA,AZ,,,home
16,regular,44,9,OCO,SJS,,,home
16,regular,45,10,CHI,PHI,,,home
16,regular,46,10,COL,OCO,,,away
16,regular,47,10,BAL,SJS,,,away
16,regular,48,10,YKW,NOLA,,,home
16,regular,49,10,AZ,AUS,,,home
16,regular,50,11,PHI,YKW,,,away
16,regular,51,11,AUS,COL,,,away
16,regular,52,11,BAL,AZ,,,home
16,regular,53,11,CHI,SJS,,,home
16,regular,54,11,OCO,NOLA,,,home
16,regular,55,12,NOLA,BAL,,,away
16,regular,56,12,AZ,COL,,,home
16,regular,57,12,SJS,PHI,,,home
16,regular,58,12,CHI,OCO,,,home
16,regular,59,12,YKW,AUS,,,home
16,regular,60,13,OCO,BAL,,,home
16,regular,61,13,NOLA,CHI,,,home
16,regular,62,13,YKW,AZ,,,home
16,regular,63,13,COL,SJS,,,away
16,regular,64,13,PHI,AUS,,,home
16,playoff,10014,14,YKW,PHI,34.0,35.0,away
16,playoff,10014,14,AZ,SJS,41.0,21.0,home
16,playoff,10015,15,CHI,PHI,34.0,47.0,away
16,playoff,10015,15,OCO,AZ,3.0,31.0,away
16,playoff,10016,16,AZ,PHI,34.0,30.0,home
17,regular,0,1,PHI,CHI,,,home
17,regular,1,1,YKW,COL,,,home
17,regular,2,1,AZ,BAL,,,home
17,regular,3,1,SJS,OCO,,,home
17,regular,4,1,AUS,NOLA,,,away
17,regular,5,2,COL,CHI,,,away
17,regular,6,2,BAL,PHI,,,home
17,regular,7,2,OCO,YKW,,,home
17,regular,8,2,AUS,AZ,,,home
17,regular,9,2,NOLA,SJS,,,away
17,regular,10,3,SJS,PHI,,,home
17,regular,11,3,BAL,COL,,,home
17,regular,12,3,CHI,YKW,,,away
17,regular,13,3,AZ,NOLA,,,home
17,regular,14,3,OCO,AUS,,,home
17,regular,15,4,PHI,YKW,,,away
17,regular,16,4,CHI,BAL,,,home
17,regular,17,4,AZ,OCO,,,home
17,regular,18,4,AUS,SJS,,,home
17,regular,19,4,COL,NOLA,,,home
17,regular,20,5,PHI,COL,,,away
17,regular,21,5,YKW,BAL,,,home
17,regular,22,5,SJS,AZ,,,away
17,regular,23,5,NOLA,OCO,,,away
17,regular,24,5,CHI,AUS,,,home
17,regular,25,6,CHI,PHI,,,home
17,regular,26,6,AZ,YKW,,,home
17,regular,27,6,COL,BAL,,,away
17,regular,28,6,AUS,OCO,,,away
17,regular,29,6,SJS,NOLA,,,home
17,regular,30,7,CHI,COL,,,home
17,regular,31,7,PHI,BAL,,,home
17,regular,32,7,OCO,AZ,,,away
17,regular,33,7,YKW,NOLA,,,home
17,regular,34,7,SJS,AUS,,,home
17,regular,35,8,BAL,CHI,,,home
17,regular,36,8,OCO,PHI,,,away
17,regular,37,8,COL,YKW,,,home
17,regular,38,8,AZ,SJS,,,home
17,regular,39,8,NOLA,AUS,,,away
17,regular,40,9,YKW,CHI,,,home
17,regular,41,9,COL,PHI,,,home
17,regular,42,9,AUS,BAL,,,away
17,regular,43,9,NOLA,AZ,,,home
17,regular,44,9,OCO,SJS,,,home
17,regular,45,10,BAL,YKW,,,home
17,regular,46,10,COL,OCO,,,away
17,regular,47,10,CHI,SJS,,,home
17,regular,48,10,PHI,NOLA,,,home
17,regular,49,10,AZ,AUS,,,home
17,regular,50,11,YKW,PHI,,,home
17,regular,51,11,AUS,COL,,,home
17,regular,52,11,CHI,AZ,,,home
17,regular,53,11,BAL,SJS,,,home
17,regular,54,11,OCO,NOLA,,,away
17,regular,55,12,NOLA,CHI,,,away
17,regular,56,12,AZ,COL,,,away
17,regular,57,12,SJS,YKW,,,away
17,regular,58,12,BAL,OCO,,,home
17,regular,59,12,PHI,AUS,,,home
17,regular,60,13,OCO,CHI,,,home
17,regular,61,13,NOLA,BAL,,,home
17,regular,62,13,PHI,AZ,,,away
17,regular,63,13,COL,SJS,,,away
17,regular,64,13,YKW,AUS,,,away
17,playoff,10014,14,BAL,CHI,40.0,6.0,home
17,playoff,10014,14,OCO,SJS,20.0,13.0,home
17,playoff,10015,15,YKW,BAL,24.0,27.0,away
17,playoff,10015,15,AZ,OCO,20.0,37.0,away
17,playoff,10016,16,BAL,OCO,17.0,28.0,away
18,regular,0,1,BAL,YKW,,,home
18,regular,1,1,COL,PHI,,,home
18,regular,2,1,CHI,AZ,,,home
18,regular,3,1,OCO,SJS,,,home
18,regular,4,1,NOLA,AUS,,,home
18,regular,5,2,BAL,COL,,,home
18,regular,6,2,YKW,CHI,,,home
18,regular,7,2,PHI,OCO,,,away
18,regular,8,2,AZ,AUS,,,home
18,regular,9,2,SJS,NOLA,,,away
18,regular,10,3,YKW,SJS,,,home
18,regular,11,3,COL,CHI,,,away
18,regular,12,3,PHI,BAL,,,away
18,regular,13,3,NOLA,AZ,,,home
18,regular,14,3,AUS,OCO,,,home
18,regular,15,4,PHI,YKW,,,away
18,regular,16,4,CHI,BAL,,,home
18,regular,17,4,OCO,AZ,,,away
18,regular,18,4,SJS,AUS,,,home
18,regular,19,4,NOLA,COL,,,away
18,regular,20,5,COL,YKW,,,away
18,regular,21,5,CHI,PHI,,,away
18,regular,22,5,AZ,SJS,,,home
18,regular,23,5,OCO,NOLA,,,home
18,regular,24,5,AUS,BAL,,,home
18,regular,25,6,YKW,BAL,,,home
18,regular,26,6,PHI,AZ,,,away
18,regular,27,6,CHI,COL,,,away
18,regular,28,6,OCO,AUS,,,home
18,regular,29,6,NOLA,SJS,,,home
18,regular,30,7,COL,BAL,,,home
18,regular,31,7,CHI,YKW,,,away
18,regular,32,7,AZ,OCO,,,away
18,regular,33,7,NOLA,PHI,,,home
18,regular,34,7,AUS,SJS,,,home
18,regular,35,8,BAL,CHI,,,home
18,regular,36,8,YKW,OCO,,,home
18,regular,37,8,PHI,COL,,,home
18,regular,38,8,SJS,AZ,,,away
18,regular,39,8,AUS,NOLA,,,home
18,regular,40,9,BAL,PHI,,,home
18,regular,41,9,YKW,COL,,,home
18,regular,42,9,CHI,AUS,,,home
18,regular,43,9,AZ,NOLA,,,home
18,regular,44,9,SJS,OCO,,,away
18,regular,45,10,PHI,CHI,,,home
18,regular,46,10,OCO,COL,,,home
18,regular,47,10,SJS,BAL,,,home
18,regular,48,10,NOLA,YKW,,,away
18,regular,49,10,AUS,AZ,,,home
18,regular,50,11,YKW,PHI,,,home
18,regular,51,11,COL,AUS,,,away
18,regular,52,11,AZ,BAL,,,home
18,regular,53,11,SJS,CHI,,,home
18,regular,54,11,NOLA,OCO,,,away
18,regular,55,12,BAL,NOLA,,,home
18,regular,56,12,COL,AZ,,,away
18,regular,57,12,PHI,SJS,,,away
18,regular,58,12,OCO,CHI,,,home
18,regular,59,12,AUS,YKW,,,away
18,regular,60,13,BAL,OCO,,,away
18,regular,61,13,CHI,NOLA,,,home
18,regular,62,13,AZ,YKW,,,home
18,regular,63,13,SJS,COL,,,away
18,regular,64,13,AUS,PHI,,,away
18,playoff,10014,14,BAL,COL,31.0,0.0,home
18,playoff,10014,14,AZ,AUS,33.0,26.0,home
18,playoff,10015,15,YKW,BAL,29.0,14.0,home
18,playoff,10015,15,OCO,AZ,21.0,16.0,home
18,playoff,10016,16,YKW,OCO,10.0,16.0,away
19,regular,0,1,YKW,PHI,,,away
19,regular,1,1,CHI,BAL,,,away
19,regular,2,1,COL,AUS,,,home
19,regular,3,1,AZ,SJS,,,home
19,regular,4,1,OCO,NOLA,,,home
19,regular,5,2,YKW,CHI,,,home
19,regular,6,2,BAL,AZ,,,home
19,regular,7,2,AUS,NOLA,,,away
19,regular,8,2,SJS,OCO,,,away
19,regular,9,2,PHI,COL,,,away
19,regular,10,3,PHI,SJS,,,home
19,regular,11,3,CHI,COL,,,away
19,regular,12,3,BAL,YKW,,,away
19,regular,13,3,OCO,AUS,,,home
19,regular,14,3,NOLA,AZ,,,home
19,regular,15,4,BAL,PHI,,,home
19,regular,16,4,COL,YKW,,,away
19,regular,17,4,AZ,AUS,,,away
19,regular,18,4,SJS,NOLA,,,home
19,regular,19,4,OCO,CHI,,,home
19,regular,20,5,CHI,PHI,,,home
19,regular,21,5,COL,BAL,,,away
19,regular,22,5,AUS,SJS,,,away
19,regular,23,5,AZ,OCO,,,away
19,regular,24,5,NOLA,YKW,,,away
19,regular,25,6,PHI,YKW,,,home
19,regular,26,6,BAL,AUS,,,home
19,regular,27,6,COL,CHI,,,home
19,regular,28,6,AZ,NOLA,,,home
19,regular,29,6,OCO,SJS,,,home
19,regular,30,7,CHI,YKW,,,home
19,regular,31,7,COL,PHI,,,home
19,regular,32,7,AUS,AZ,,,home
19,regular,33,7,OCO,BAL,,,home
19,regular,34,7,NOLA,SJS,,,home
19,regular,35,8,YKW,COL,,,home
19,regular,36,8,PHI,AZ,,,home
19,regular,37,8,BAL,CHI,,,home
19,regular,38,8,SJS,AUS,,,home
19,regular,39,8,NOLA,OCO,,,home
19,regular,40,9,YKW,BAL,,,home
19,regular,41,9,PHI,CHI,,,home
19,regular,42,9,COL,NOLA,,,away
19,regular,43,9,AUS,OCO,,,away
19,regular,44,9,SJS,AZ,,,away
19,regular,45,10,BAL,COL,,,home
19,regular,46,10,AZ,CHI,,,home
19,regular,47,10,SJS,YKW,,,away
19,regular,48,10,OCO,PHI,,,home
19,regular,49,10,NOLA,AUS,,,home
19,regular,50,11,PHI,BAL,,,home
19,regular,51,11,CHI,NOLA,,,home
19,regular,52,11,AUS,YKW,,,home
19,regular,53,11,SJS,COL,,,away
19,regular,54,11,OCO,AZ,,,away
19,regular,55,12,YKW,OCO,,,home
19,regular,56,12,CHI,AUS,,,away
19,regular,57,12,BAL,SJS,,,home
19,regular,58,12,AZ,COL,,,away
19,regular,59,12,NOLA,PHI,,,home
19,regular,60,13,YKW,AZ,,,home
19,regular,61,13,COL,OCO,,,home
19,regular,62,13,AUS,PHI,,,home
19,regular,63,13,SJS,CHI,,,home
19,regular,64,13,NOLA,BAL,,,home
19,playoff,10014,14,BAL,COL,39.0,17.0,home
19,playoff,10014,14,NOLA,AUS,28.0,17.0,home
19,playoff,10015,15,YKW,BAL,55.0,14.0,home
19,playoff,10015,15,OCO,NOLA,28.0,13.0,home
19,playoff,10016,16,YKW,OCO,27.0,30.0,away
20,regular,0,1,CHI,PHI,,,away
20,regular,1,1,COL,YKW,,,home
20,regular,2,1,BAL,AZ,,,away
20,regular,3,1,AUS,NOLA,,,home
20,regular,4,1,OCO,SJS,,,home
20,regular,5,2,CHI,COL,,,home
20,regular,6,2,PHI,BAL,,,away
20,regular,7,2,YKW,AUS,,,home
20,regular,8,2,AZ,SJS,,,home
20,regular,9,2,NOLA,OCO,,,home
20,regular,10,3,PHI,NOLA,,,away
20,regular,11,3,COL,BAL,,,home
20,regular,12,3,YKW,CHI,,,home
20,regular,13,3,OCO,AZ,,,away
20,regular,14,3,SJS,AUS,,,away
20,regular,15,4,YKW,PHI,,,home
20,regular,16,4,BAL,CHI,,,home
20,regular,17,4,AUS,AZ,,,home
20,regular,18,4,NOLA,SJS,,,away
20,regular,19,4,OCO,COL,,,home
20,regular,20,5,COL,PHI,,,home
20,regular,21,5,BAL,YKW,,,away
20,regular,22,5,AZ,NOLA,,,away
20,regular,23,5,AUS,OCO,,,home
20,regular,24,5,SJS,CHI,,,home
20,regular,25,6,PHI,CHI,,,home
20,regular,26,6,YKW,AZ,,,home
20,regular,27,6,BAL,COL,,,home
20,regular,28,6,AUS,SJS,,,home
20,regular,29,6,OCO,NOLA,,,home
20,regular,30,7,COL,CHI,,,home
20,regular,31,7,BAL,PHI,,,home
20,regular,32,7,AZ,AUS,,,home
20,regular,33,7,OCO,YKW,,,home
20,regular,34,7,SJS,NOLA,,,home
20,regular,35,8,CHI,BAL,,,away
20,regular,36,8,PHI,AUS,,,home
20,regular,37,8,YKW,COL,,,home
20,regular,38,8,NOLA,AZ,,,home
20,regular,39,8,SJS,OCO,,,away
20,regular,40,9,CHI,YKW,,,home
20,regular,41,9,PHI,COL,,,away
20,regular,42,9,BAL,SJS,,,away
20,regular,43,9,AZ,OCO,,,away
20,regular,44,9,NOLA,AUS,,,away
20,regular,45,10,YKW,BAL,,,home
20,regular,46,10,AUS,COL,,,away
20,regular,47,10,NOLA,CHI,,,home
20,regular,48,10,OCO,PHI,,,home
20,regular,49,10,SJS,AZ,,,home
20,regular,50,11,PHI,YKW,,,home
20,regular,51,11,COL,SJS,,,home
20,regular,52,11,AZ,CHI,,,home
20,regular,53,11,NOLA,BAL,,,home
20,regular,54,11,OCO,AUS,,,away
20,regular,55,12,CHI,OCO,,,home
20,regular,56,12,COL,AZ,,,away
20,regular,57,12,YKW,NOLA,,,home
20,regular,58,12,AUS,BAL,,,home
20,regular,59,12,SJS,PHI,,,away
20,regular,60,13,CHI,AUS,,,home
20,regular,61,13,BAL,OCO,,,home
20,regular,62,13,AZ,PHI,,,home
20,regular,63,13,NOLA,COL,,,home
20,regular,64,13,SJS,YKW,,,away
20,playoff,10014,14,COL,BAL,29.0,26.0,home
20,playoff,10014,14,NOLA,OCO,23.0,13.0,home
20,playoff,10015,15,YKW,COL,40.0,24.0,home
20,playoff,10015,15,AUS,NOLA,26.0,17.0,home
20,playoff,10016,16,YKW,AUS,20.0,37.0,away
21,regular,0,1,BAL,YKW,,,home
21,regular,1,1,COL,PHI,,,away
21,regular,2,1,CHI,AZ,,,home
21,regular,3,1,OCO,SJS,,,home
21,regular,4,1,NOLA,AUS,,,home
21,regular,5,2,BAL,COL,,,home
21,regular,6,2,YKW,CHI,,,home
21,regular,7,2,PHI,OCO,,,away
21,regular,8,2,AZ,AUS,,,away
21,regular,9,2,SJS,NOLA,,,away
21,regular,10,3,YKW,SJS,,,away
21,regular,11,3,COL,CHI,,,home
21,regular,12,3,PHI,BAL,,,away
21,regular,13,3,NOLA,AZ,,,home
21,regular,14,3,AUS,OCO,,,away
21,regular,15,4,PHI,YKW,,,away
21,regular,16,4,CHI,BAL,,,away
21,regular,17,4,OCO,AZ,,,home
21,regular,18,4,SJS,AUS,,,away
21,regular,19,4,NOLA,COL,,,home
21,regular,20,5,COL,YKW,,,home
21,regular,21,5,CHI,PHI,,,home
21,regular,22,5,AZ,SJS,,,home
21,regular,23,5,OCO,NOLA,,,away
21,regular,24,5,AUS,BAL,,,home
21,regular,25,6,YKW,BAL,,,home
21,regular,26,6,PHI,AZ,,,away
21,regular,27,6,CHI,COL,,,away
21,regular,28,6,OCO,AUS,,,home
21,regular,29,6,NOLA,SJS,,,home
21,regular,30,7,COL,BAL,,,home
21,regular,31,7,CHI,YKW,,,home
21,regular,32,7,AZ,OCO,,,away
21,regular,33,7,NOLA,PHI,,,home
21,regular,34,7,AUS,SJS,,,home
21,regular,35,8,BAL,CHI,,,home
21,regular,36,8,YKW,OCO,,,home
21,regular,37,8,PHI,COL,,,home
21,regular,38,8,SJS,AZ,,,home
21,regular,39,8,AUS,NOLA,,,away
21,regular,40,9,BAL,PHI,,,away
21,regular,41,9,YKW,COL,,,away
21,regular,42,9,CHI,AUS,,,away
21,regular,43,9,AZ,NOLA,,,away
21,regular,44,9,SJS,OCO,,,away
21,regular,45,10,PHI,CHI,,,away
21,regular,46,10,OCO,COL,,,home
21,regular,47,10,SJS,BAL,,,away
21,regular,48,10,NOLA,YKW,,,away
21,regular,49,10,AUS,AZ,,,home
21,regular,50,11,YKW,PHI,,,home
21,regular,51,11,COL,AUS,,,home
21,regular,52,11,AZ,BAL,,,away
21,regular,53,11,SJS,CHI,,,home
21,regular,54,11,NOLA,OCO,,,away
21,regular,55,12,BAL,NOLA,,,home
21,regular,56,12,COL,AZ,,,home
21,regular,57,12,PHI,SJS,,,away
21,regular,58,12,OCO,CHI,,,home
21,regular,59,12,AUS,YKW,,,away
21,regular,60,13,BAL,OCO,,,home
21,regular,61,13,CHI,NOLA,,,home
21,regular,62,13,AZ,YKW,,,home
21,regular,63,13,SJS,COL,,,away
21,regular,64,13,AUS,PHI,,,home
21,playoff,10014,14,COL,YKW,13.0,26.0,away
21,playoff,10014,14,NOLA,AUS,23.0,17.0,home
21,playoff,10015,15,OCO,NOLA,24.0,27.0,away
21,playoff,10015,15,BAL,YKW,19.0,24.0,away
21,playoff,10016,16,NOLA,YKW,33.0,13.0,home
22,regular,0,1,BAL,SAR,,,away
22,regular,1,1,COL,YKW,,,home
22,regular,2,1,PHI,CHI,,,home
22,regular,3,1,OCO,HON,,,home
22,regular,4,1,NOLA,SJS,,,home
22,regular,5,1,AZ,AUS,,,tie
22,regular,6,2,YKW,SAR,,,home
22,regular,7,2,PHI,COL,,,away
22,regular,8,2,CHI,BAL,,,away
22,regular,9,2,SJS,AZ,,,home
22,regular,10,2,NOLA,OCO,,,away
22,regular,11,2,HON,AUS,,,home
22,regular,12,3,BAL,PHI,,,away
22,regular,13,3,YKW,CHI,,,home
22,regular,14,3,COL,SAR,,,home
22,regular,15,3,SJS,HON,,,home
22,regular,16,3,NOLA,AZ,,,home
22,regular,17,3,AUS,OCO,,,away
22,regular,18,4,BAL,YKW,,,away
22,regular,19,4,CHI,COL,,,away
22,regular,20,4,SAR,PHI,,,home
22,regular,21,4,OCO,SJS,,,away
22,regular,22,4,AZ,HON,,,home
22,regular,23,4,AUS,NOLA,,,home
22,regular,24,5,HON,NOLA,,,home
22,regular,25,5,OCO,AZ,,,home
22,regular,26,5,SJS,AUS,,,home
22,regular,27,5,PHI,YKW,,,away
22,regular,28,5,SAR,CHI,,,home
22,regular,29,5,COL,BAL,,,home
22,regular,30,6,BAL,SJS,,,away
22,regular,31,6,YKW,HON,,,home
22,regular,32,6,CHI,OCO,,,away
22,regular,33,6,SAR,NOLA,,,away
22,regular,34,6,AZ,COL,,,home
22,regular,35,6,AUS,PHI,,,away
22,regular,36,7,HON,CHI,,,away
22,regular,37,7,AUS,SAR,,,home
22,regular,38,7,AZ,PHI,,,away
22,regular,39,7,SJS,YKW,,,away
22,regular,40,7,OCO,COL,,,home
22,regular,41,7,NOLA,BAL,,,home
22,regular,42,8,BAL,AUS,,,away
22,regular,43,8,YKW,NOLA,,,away
22,regular,44,8,COL,HON,,,away
22,regular,45,8,PHI,SJS,,,away
22,regular,46,8,CHI,AZ,,,away
22,regular,47,8,OCO,SAR,,,home
22,regular,48,9,HON,OCO,,,away
22,regular,49,9,AUS,AZ,,,home
22,regular,50,9,SJS,NOLA,,,away
22,regular,51,9,CHI,PHI,,,away
22,regular,52,9,SAR,BAL,,,home
22,regular,53,9,YKW,COL,,,home
22,regular,54,10,BAL,CHI,,,home
22,regular,55,10,COL,PHI,,,home
22,regular,56,10,SAR,YKW,,,away
22,regular,57,10,OCO,NOLA,,,home
22,regular,58,10,AZ,SJS,,,away
22,regular,59,10,AUS,HON,,,home
22,regular,60,11,HON,SJS,,,home
22,regular,61,11,AZ,NOLA,,,away
22,regular,62,11,OCO,AUS,,,away
22,regular,63,11,PHI,BAL,,,away
22,regular,64,11,CHI,YKW,,,away
22,regular,65,11,SAR,COL,,,home
22,regular,66,12,YKW,BAL,,,home
22,regular,67,12,COL,CHI,,,home
22,regular,68,12,PHI,SAR,,,home
22,regular,69,12,SJS,OCO,,,home
22,regular,70,12,NOLA,AUS,,,away
22,regular,71,12,HON,AZ,,,away
22,regular,72,13,AUS,SJS,,,home
22,regular,73,13,AZ,OCO,,,away
22,regular,74,13,NOLA,HON,,,home
22,regular,75,13,CHI,SAR,,,away
22,regular,76,13,YKW,PHI,,,home
22,regular,77,13,BAL,COL,,,away
22,playoff,10014,14,COL,SAR,36.0,14.0,home
22,playoff,10014,14,AUS,NOLA,34.0,27.0,home
22,playoff,10015,15,YKW,COL,16.0,17.0,away
22,playoff,10015,15,OCO,AUS,50.0,38.0,home
22,playoff,10016,16,OCO,COL,24.0,25.0,away
23,regular,0,1,BAL,YKW,,,home
23,regular,1,1,COL,PHI,,,home
23,regular,2,1,CHI,SAR,,,away
23,regular,3,1,AZ,OCO,,,away
23,regular,4,1,SJS,NOLA,,,home
23,regular,5,1,AUS,HON,,,home
23,regular,6,2,BAL,COL,,,away
23,regular,7,2,YKW,SAR,,,home
23,regular,8,2,PHI,CHI,,,away
23,regular,9,2,OCO,HON,,,home
23,regular,10,2,SJS,AZ,,,away
23,regular,11,2,NOLA,AUS,,,home
23,regular,12,3,YKW,CHI,,,home
23,regular,13,3,PHI,BAL,,,home
23,regular,14,3,SAR,COL,,,home
23,regular,15,3,AZ,NOLA,,,away
23,regular,16,3,AUS,OCO,,,away
23,regular,17,3,HON,SJS,,,home
23,regular,18,4,COL,YKW,,,away
23,regular,19,4,CHI,BAL,,,away
23,regular,20,4,SAR,PHI,,,away
23,regular,21,4,OCO,SJS,,,away
23,regular,22,4,NOLA,HON,,,home
23,regular,23,4,AUS,AZ,,,home
23,regular,24,5,BAL,SAR,,,home
23,regular,25,5,YKW,PHI,,,home
23,regular,26,5,CHI,COL,,,away
23,regular,27,5,OCO,NOLA,,,home
23,regular,28,5,SJS,AUS,,,away
23,regular,29,5,HON,AZ,,,away
23,regular,30,6,YKW,OCO,,,away
23,regular,31,6,COL,SJS,,,home
23,regular,32,6,PHI,NOLA,,,home
23,regular,33,6,AUS,CHI,,,home
23,regular,34,6,AZ,BAL,,,home
23,regular,35,6,SAR,HON,,,home
23,regular,36,7,BAL,OCO,,,home
23,regular,37,7,CHI,HON,,,away
23,regular,38,7,AZ,SAR,,,home
23,regular,39,7,SJS,YKW,,,away
23,regular,40,7,AUS,PHI,,,away
23,regular,41,7,NOLA,COL,,,home
23,regular,42,8,YKW,NOLA,,,away
23,regular,43,8,COL,AUS,,,away
23,regular,44,8,CHI,AZ,,,home
23,regular,45,8,OCO,SAR,,,home
23,regular,46,8,HON,PHI,,,home
23,regular,47,8,BAL,SJS,,,away
23,regular,48,9,PHI,AZ,,,away
23,regular,49,9,SAR,SJS,,,home
23,regular,50,9,OCO,CHI,,,home
23,regular,51,9,NOLA,BAL,,,home
23,regular,52,9,AUS,YKW,,,away
23,regular,53,9,HON,COL,,,home
23,regular,54,10,BAL,AUS,,,home
23,regular,55,10,YKW,HON,,,home
23,regular,56,10,COL,AZ,,,home
23,regular,57,10,PHI,OCO,,,home
23,regular,58,10,SJS,CHI,,,home
23,regular,59,10,NOLA,SAR,,,home
23,regular,60,11,CHI,NOLA,,,home
23,regular,61,11,SAR,AUS,,,home
23,regular,62,11,AZ,YKW,,,home
23,regular,63,11,OCO,COL,,,away
23,regular,64,11,SJS,PHI,,,away
23,regular,65,11,HON,BAL,,,away
23,regular,66,12,YKW,BAL,,,home
23,regular,67,12,PHI,COL,,,home
23,regular,68,12,SAR,CHI,,,home
23,regular,69,12,OCO,AZ,,,home
23,regular,70,12,NOLA,SJS,,,home
23,regular,71,12,HON,AUS,,,home
23,regular,72,13,COL,BAL,,,home
23,regular,73,13,CHI,PHI,,,away
23,regular,74,13,SAR,YKW,,,away
23,regular,75,13,AZ,SJS,,,home
23,regular,76,13,AUS,NOLA,,,home
23,regular,77,13,HON,OCO,,,home
23,regular,78,14,BAL,PHI,,,home
23,regular,79,14,COL,SAR,,,home
23,regular,80,14,CHI,YKW,,,away
23,regular,81,14,OCO,AUS,,,home
23,regular,82,14,SJS,HON,,,home
23,regular,83,14,NOLA,AZ,,,home
23,regular,84,15,BAL,CHI,,,home
23,regular,85,15,YKW,COL,,,away
23,regular,86,15,PHI,SAR,,,away
23,regular,87,15,AZ,AUS,,,away
23,regular,88,15,SJS,OCO,,,away
23,regular,89,15,HON,NOLA,,,home
23,regular,90,16,COL,CHI,,,home
23,regular,91,16,PHI,YKW,,,home
23,regular,92,16,SAR,BAL,,,home
23,regular,93,16,AZ,HON,,,home
23,regular,94,16,NOLA,OCO,,,away
23,regular,95,16,AUS,SJS,,,home
23,playoff,10017,17,COL,PHI,32.0,25.0,home
23,playoff,10017,17,NOLA,AUS,15.0,20.0,away
23,playoff,10018,18,YKW,COL,13.0,10.0,home
23,playoff,10018,18,OCO,AUS,22.0,31.0,away
23,playoff,10019,19,YKW,AUS,38.0,13.0,home
24,regular,0,1,COL,CHI,,,home
24,regular,1,1,PHI,YKW,,,away
24,regular,2,1,SAR,BAL,,,home
24,regular,3,1,AZ,HON,,,away
24,regular,4,1,NOLA,OCO,,,home
24,regular,5,1,AUS,SJS,,,away
24,regular,6,2,BAL,CHI,,,home
24,regular,7,2,YKW,COL,,,away
24,regular,8,2,PHI,SAR,,,away
24,regular,9,2,AZ,AUS,,,home
24,regular,10,2,SJS,OCO,,,home
24,regular,11,2,HON,NOLA,,,away
24,regular,12,3,BAL,PHI,,,home
24,regular,13,3,COL,SAR,,,away
24,regular,14,3,CHI,YKW,,,away
24,regular,15,3,OCO,AUS,,,away
24,regular,16,3,SJS,HON,,,away
24,regular,17,3,NOLA,AZ,,,home
24,regular,18,4,COL,BAL,,,home
24,regular,19,4,CHI,PHI,,,home
24,regular,20,4,SAR,YKW,,,home
24,regular,21,4,AZ,SJS,,,home
24,regular,22,4,AUS,NOLA,,,home
24,regular,23,4,HON,OCO,,,away
24,regular,24,5,YKW,BAL,,,home
24,regular,25,5,PHI,COL,,,away
24,regular,26,5,SAR,CHI,,,home
24,regular,27,5,OCO,AZ,,,home
24,regular,28,5,NOLA,SJS,,,away
24,regular,29,5,HON,AUS,,,home
24,regular,30,6,NOLA,CHI,,,home
24,regular,31,6,AUS,SAR,,,away
24,regular,32,6,YKW,AZ,,,home
24,regular,33,6,COL,OCO,,,home
24,regular,34,6,PHI,SJS,,,away
24,regular,35,6,BAL,HON,,,home
24,regular,36,7,AUS,BAL,,,home
24,regular,37,7,HON,YKW,,,home
24,regular,38,7,AZ,COL,,,home
24,regular,39,7,OCO,PHI,,,home
24,regular,40,7,CHI,SJS,,,home
24,regular,41,7,SAR,NOLA,,,away
24,regular,42,8,AZ,PHI,,,home
24,regular,43,8,SJS,SAR,,,away
24,regular,44,8,CHI,OCO,,,away
24,regular,45,8,BAL,NOLA,,,away
24,regular,46,8,YKW,AUS,,,away
24,regular,47,8,COL,HON,,,home
24,regular,48,9,SJS,BAL,,,home
24,regular,49,9,NOLA,YKW,,,away
24,regular,50,9,AUS,COL,,,away
24,regular,51,9,AZ,CHI,,,home
24,regular,52,9,SAR,OCO,,,home
24,regular,53,9,PHI,HON,,,away
24,regular,54,10,OCO,BAL,,,home
24,regular,55,10,HON,CHI,,,away
24,regular,56,10,SAR,AZ,,,away
24,regular,57,10,YKW,SJS,,,away
24,regular,58,10,COL,NOLA,,,home
24,regular,59,10,PHI,AUS,,,home
24,regular,60,11,OCO,YKW,,,home
24,regular,61,11,SJS,COL,,,away
24,regular,62,11,NOLA,PHI,,,home
24,regular,63,11,CHI,AUS,,,home
24,regular,64,11,BAL,AZ,,,away
24,regular,65,11,HON,SAR,,,home
24,regular,66,12,BAL,SAR,,,away
24,regular,67,12,YKW,PHI,,,away
24,regular,68,12,CHI,COL,,,away
24,regular,69,12,OCO,NOLA,,,home
24,regular,70,12,SJS,AUS,,,home
24,regular,71,12,HON,AZ,,,home
24,regular,72,13,COL,YKW,,,home
24,regular,73,13,CHI,BAL,,,home
24,regular,74,13,SAR,PHI,,,home
24,regular,75,13,OCO,SJS,,,home
24,regular,76,13,NOLA,HON,,,home
24,regular,77,13,AUS,AZ,,,home
24,regular,78,14,YKW,CHI,,,away
24,regular,79,14,PHI,BAL,,,home
24,regular,80,14,SAR,COL,,,away
24,regular,81,14,AZ,NOLA,,,home
24,regular,82,14,AUS,OCO,,,home
24,regular,83,14,HON,SJS,,,home
24,regular,84,15,BAL,COL,,,away
24,regular,85,15,YKW,SAR,,,away
24,regular,86,15,PHI,CHI,,,away
24,regular,87,15,OCO,HON,,,home
24,regular,88,15,SJS,AZ,,,home
24,regular,89,15,NOLA,AUS,,,home
24,regular,90,16,BAL,YKW,,,away
24,regular,91,16,COL,PHI,,,home
24,regular,92,16,CHI,SAR,,,away
24,regular,93,16,AZ,OCO,,,home
24,regular,94,16,SJS,NOLA,,,home
24,regular,95,16,AUS,HON,,,home
24,playoff,10017,17,SAR,CHI,24.0,17.0,home
24,playoff,10017,17,OCO,NOLA,31.0,21.0,home
24,playoff,10018,18,COL,SAR,24.0,20.0,home
24,playoff,10018,18,SJS,OCO,17.0,3.0,home
24,playoff,10019,19,COL,SJS,12.0,17.0,away
25,regular,0,1,OCO,SJS,,,home
25,regular,1,1,NOLA,AZ,,,home
25,regular,2,1,AUS,HON,,,home
25,regular,3,1,NYS,BER,,,away
25,regular,4,1,COL,SAR,,,home
25,regular,5,1,CHI,YKW,,,home
25,regular,6,1,BAL,PHI,,,home
25,regular,7,2,SJS,AZ,,,home
25,regular,8,2,NYS,OCO,,,away
25,regular,9,2,HON,NOLA,,,home
25,regular,10,2,AUS,PHI,,,away
25,regular,11,2,CHI,COL,,,home
25,regular,12,2,SAR,BER,,,home
25,regular,13,2,YKW,BAL,,,home
25,regular,14,3,NOLA,SJS,,,away
25,regular,15,3,OCO,AUS,,,home
25,regular,16,3,AZ,NYS,,,home
25,regular,17,3,HON,BAL,,,away
25,regular,18,3,COL,YKW,,,home
25,regular,19,3,PHI,SAR,,,home
25,regular,20,3,BER,CHI,,,away
25,regular,21,4,SJS,HON,,,away
25,regular,22,4,AZ,OCO,,,away
25,regular,23,4,NOLA,YKW,,,home
25,regular,24,4,NYS,AUS,,,away
25,regular,25,4,BAL,COL,,,away
25,regular,26,4,SAR,CHI,,,home
25,regular,27,4,PHI,BER,,,away
25,regular,28,5,AUS,SJS,,,away
25,regular,29,5,OCO,NOLA,,,home
25,regular,30,5,AZ,CHI,,,home
25,regular,31,5,HON,NYS,,,home
25,regular,32,5,COL,PHI,,,home
25,regular,33,5,YKW,SAR,,,home
25,regular,34,5,BER,BAL,,,away
25,regular,35,6,SJS,NYS,,,home
25,regular,36,6,OCO,SAR,,,home
25,regular,37,6,HON,AZ,,,away
25,regular,38,6,AUS,NOLA,,,home
25,regular,39,6,BER,COL,,,away
25,regular,40,6,CHI,BAL,,,home
25,regular,41,6,PHI,YKW,,,away
25,regular,42,7,SJS,COL,,,away
25,regular,43,7,HON,OCO,,,away
25,regular,44,7,AZ,AUS,,,home
25,regular,45,7,NOLA,NYS,,,home
25,regular,46,7,SAR,BAL,,,away
25,regular,47,7,PHI,CHI,,,home
25,regular,48,7,YKW,BER,,,home
25,regular,49,8,BER,SJS,,,home
25,regular,50,8,PHI,OCO,,,away
25,regular,51,8,BAL,AZ,,,home
25,regular,52,8,CHI,NOLA,,,home
25,regular,53,8,YKW,HON,,,away
25,regular,54,8,COL,AUS,,,home
25,regular,55,8,SAR,NYS,,,home
25,regular,56,9,SJS,CHI,,,home
25,regular,57,9,OCO,YKW,,,home
25,regular,58,9,AZ,SAR,,,away
25,regular,59,9,NOLA,COL,,,away
25,regular,60,9,HON,BER,,,home
25,regular,61,9,AUS,BAL,,,home
25,regular,62,9,NYS,PHI,,,away
25,regular,63,10,HON,SJS,,,away
25,regular,64,10,NOLA,OCO,,,home
25,regular,65,10,YKW,AZ,,,away
25,regular,66,10,AUS,NYS,,,home
25,regular,67,10,COL,BER,,,home
25,regular,68,10,SAR,PHI,,,home
25,regular,69,10,BAL,CHI,,,home
25,regular,70,11,SJS,OCO,,,away
25,regular,71,11,NYS,AZ,,,home
25,regular,72,11,NOLA,AUS,,,home
25,regular,73,11,COL,HON,,,away
25,regular,74,11,BER,SAR,,,away
25,regular,75,11,CHI,PHI,,,home
25,regular,76,11,BAL,YKW,,,away
25,regular,77,12,AZ,SJS,,,home
25,regular,78,12,BAL,OCO,,,home
25,regular,79,12,NYS,NOLA,,,home
25,regular,80,12,HON,AUS,,,home
25,regular,81,12,SAR,COL,,,home
25,regular,82,12,CHI,BER,,,home
25,regular,83,12,YKW,PHI,,,away
25,regular,84,13,SJS,NOLA,,,home
25,regular,85,13,OCO,AZ,,,away
25,regular,86,13,NYS,HON,,,home
25,regular,87,13,SAR,AUS,,,home
25,regular,88,13,COL,CHI,,,home
25,regular,89,13,BER,YKW,,,away
25,regular,90,13,PHI,BAL,,,home
25,regular,91,14,PHI,SJS,,,away
25,regular,92,14,OCO,NYS,,,home
25,regular,93,14,NOLA,HON,,,home
25,regular,94,14,CHI,SAR,,,away
25,regular,95,14,BAL,BER,,,home
25,regular,96,14,AUS,AZ,,,home
25,regular,97,14,YKW,COL,,,away
25,regular,98,15,SJS,AUS,,,home
25,regular,99,15,OCO,HON,,,away
25,regular,100,15,AZ,NOLA,,,home
25,regular,101,15,CHI,NYS,,,home
25,regular,102,15,COL,BAL,,,home
25,regular,103,15,SAR,YKW,,,home
25,regular,104,15,BER,PHI,,,away
25,regular,105,16,NYS,SJS,,,home
25,regular,106,16,AUS,OCO,,,home
25,regular,107,16,AZ,HON,,,home
25,regular,108,16,BER,NOLA,,,away
25,regular,109,16,PHI,COL,,,away
25,regular,110,16,BAL,SAR,,,away
25,regular,111,16,YKW,CHI,,,home
25,playoff,10017,17,SAR,CHI,20.0,27.0,away
25,playoff,10017,17,AZ,SJS,27.0,33.0,away
25,playoff,10018,18,COL,CHI,34.0,7.0,home
25,playoff,10018,18,OCO,SJS,14.0,23.0,away
25,playoff,10019,19,COL,SJS,17.0,34.0,away
26,regular,0,1,AZ,OCO,,,away
26,regular,1,1,HON,SJS,,,away
26,regular,2,1,NOLA,AUS,,,home
26,regular,3,1,NYS,BER,,,home
26,regular,4,1,COL,SAR,,,home
26,regular,5,1,CHI,BAL,,,home
26,regular,6,1,YKW,PHI,,,home
26,regular,7,2,OCO,SJS,,,home
26,regular,8,2,NYS,AZ,,,home
26,regular,9,2,AUS,HON,,,home
26,regular,10,2,NOLA,PHI,,,away
26,regular,11,2,CHI,COL,,,home
26,regular,12,2,SAR,BER,,,home
26,regular,13,2,BAL,YKW,,,away
26,regular,14,3,HON,OCO,,,away
26,regular,15,3,AZ,NOLA,,,away
26,regular,16,3,SJS,NYS,,,home
26,regular,17,3,AUS,YKW,,,home
26,regular,18,3,COL,BAL,,,home
26,regular,19,3,PHI,SAR,,,away
26,regular,20,3,BER,CHI,,,away
26,regular,21,4,OCO,AUS,,,home
26,regular,22,4,SJS,AZ,,,away
26,regular,23,4,HON,BAL,,,away
26,regular,24,4,NYS,NOLA,,,away
26,regular,25,4,YKW,COL,,,home
26,regular,26,4,SAR,CHI,,,home
26,regular,27,4,PHI,BER,,,home
26,regular,28,5,NOLA,OCO,,,home
26,regular,29,5,AZ,HON,,,home
26,regular,30,5,SJS,CHI,,,away
26,regular,31,5,AUS,NYS,,,home
26,regular,32,5,COL,PHI,,,home
26,regular,33,5,BAL,SAR,,,away
26,regular,34,5,BER,YKW,,,away
26,regular,35,6,OCO,NYS,,,away
26,regular,36,6,AZ,SAR,,,away
26,regular,37,6,AUS,SJS,,,home
26,regular,38,6,NOLA,HON,,,home
26,regular,39,6,BER,COL,,,home
26,regular,40,6,CHI,YKW,,,away
26,regular,41,6,PHI,BAL,,,away
26,regular,42,7,OCO,COL,,,home
26,regular,43,7,AUS,AZ,,,home
26,regular,44,7,SJS,NOLA,,,home
26,regular,45,7,HON,NYS,,,home
26,regular,46,7,SAR,YKW,,,away
26,regular,47,7,PHI,CHI,,,away
26,regular,48,7,BAL,BER,,,away
26,regular,49,8,BER,OCO,,,away
26,regular,50,8,PHI,AZ,,,away
26,regular,51,8,YKW,SJS,,,home
26,regular,52,8,CHI,HON,,,home
26,regular,53,8,BAL,AUS,,,away
26,regular,54,8,COL,NOLA,,,home
26,regular,55,8,SAR,NYS,,,home
26,regular,56,9,OCO,CHI,,,home
26,regular,57,9,AZ,BAL,,,home
26,regular,58,9,SJS,SAR,,,home
26,regular,59,9,HON,COL,,,away
26,regular,60,9,AUS,BER,,,away
26,regular,61,9,NOLA,YKW,,,home
26,regular,62,9,NYS,PHI,,,home
26,regular,63,10,AUS,OCO,,,home
26,regular,64,10,HON,AZ,,,away
26,regular,65,10,BAL,SJS,,,home
26,regular,66,10,NOLA,NYS,,,away
26,regular,67,10,COL,BER,,,home
26,regular,68,10,SAR,PHI,,,away
26,regular,69,10,YKW,CHI,,,home
26,regular,70,11,OCO,AZ,,,home
26,regular,71,11,NYS,SJS,,,away
26,regular,72,11,HON,NOLA,,,away
26,regular,73,11,COL,AUS,,,home
26,regular,74,11,BER,SAR,,,home
26,regular,75,11,CHI,PHI,,,home
26,regular,76,11,YKW,BAL,,,home
26,regular,77,12,SJS,OCO,,,home
26,regular,78,12,YKW,AZ,,,away
26,regular,79,12,NYS,HON,,,home
26,regular,80,12,AUS,NOLA,,,home
26,regular,81,12,SAR,COL,,,home
26,regular,82,12,CHI,BER,,,away
26,regular,83,12,BAL,PHI,,,away
26,regular,84,13,OCO,HON,,,away
26,regular,85,13,AZ,SJS,,,home
26,regular,86,13,NYS,AUS,,,home
26,regular,87,13,SAR,NOLA,,,away
26,regular,88,13,COL,CHI,,,away
26,regular,89,13,BER,BAL,,,away
26,regular,90,13,PHI,YKW,,,away
26,regular,91,14,PHI,OCO,,,away
26,regular,92,14,AZ,NYS,,,away
26,regular,93,14,NOLA,SJS,,,away
26,regular,94,14,HON,AUS,,,away
26,regular,95,14,BAL,COL,,,home
26,regular,96,14,CHI,SAR,,,away
26,regular,97,14,YKW,BER,,,home
26,regular,98,15,OCO,NOLA,,,away
26,regular,99,15,AZ,AUS,,,home
26,regular,100,15,SJS,HON,,,away
26,regular,101,15,CHI,NYS,,,home
26,regular,102,15,COL,YKW,,,away
26,regular,103,15,SAR,BAL,,,away
26,regular,104,15,BER,PHI,,,home
26,regular,105,16,NYS,OCO,,,home
26,regular,106,16,NOLA,AZ,,,away
26,regular,107,16,SJS,AUS,,,home
26,regular,108,16,BER,HON,,,home
26,regular,109,16,PHI,COL,,,away
26,regular,110,16,YKW,SAR,,,home
26,regular,111,16,BAL,CHI,,,away
26,playoff,10017,17,CHI,SAR,23.0,24.0,away
26,playoff,10017,17,NOLA,OCO,24.0,15.0,home
26,playoff,10018,18,YKW,SAR,24.0,22.0,home
26,playoff,10018,18,NOLA,NYS,43.0,37.0,home
26,playoff,10019,19,YKW,NOLA,49.0,17.0,home
27,regular,0,1,OCO,AUS,,,home
27,regular,1,1,AZ,SJS,,,away
27,regular,2,1,CHI,YKW,,,home
27,regular,3,1,COL,SAR,,,away
27,regular,4,1,BAL,BER,,,away
27,regular,5,1,PHI,HON,,,home
27,regular,6,1,NYS,NOLA,,,home
27,regular,7,2,YKW,SAR,,,home
27,regular,8,2,PHI,CHI,,,away
27,regular,9,2,BER,COL,,,away
27,regular,10,2,BAL,SJS,,,away
27,regular,11,2,OCO,NYS,,,away
27,regular,12,2,NOLA,HON,,,away
27,regular,13,2,AUS,AZ,,,home
27,regular,14,3,CHI,BAL,,,home
27,regular,15,3,SAR,PHI,,,home
27,regular,16,3,BER,AZ,,,away
27,regular,17,3,NYS,AUS,,,home
27,regular,18,3,SJS,NOLA,,,away
27,regular,19,3,HON,OCO,,,home
27,regular,20,3,COL,YKW,,,away
27,regular,21,4,AZ,NYS,,,home
27,regular,22,4,NOLA,OCO,,,away
27,regular,23,4,SJS,HON,,,away
27,regular,24,4,YKW,BER,,,home
27,regular,25,4,SAR,CHI,,,away
27,regular,26,4,COL,AUS,,,away
27,regular,27,4,PHI,BAL,,,home
27,regular,28,5,BAL,YKW,,,away
27,regular,29,5,CHI,COL,,,away
27,regular,30,5,SAR,OCO,,,home
27,regular,31,5,BER,PHI,,,home
27,regular,32,5,NYS,SJS,,,away
27,regular,33,5,AUS,NOLA,,,away
27,regular,34,5,HON,AZ,,,away
27,regular,35,6,YKW,PHI,,,home
27,regular,36,6,CHI,NOLA,,,home
27,regular,37,6,BER,SAR,,,away
27,regular,38,6,BAL,COL,,,away
27,regular,39,6,HON,NYS,,,home
27,regular,40,6,OCO,AZ,,,away
27,regular,41,6,SJS,AUS,,,home
27,regular,42,7,COL,PHI,,,home
27,regular,43,7,NOLA,AZ,,,away
27,regular,44,7,SJS,OCO,,,home
27,regular,45,7,AUS,HON,,,away
27,regular,46,7,YKW,NYS,,,away
27,regular,47,7,BER,CHI,,,home
27,regular,48,7,SAR,BAL,,,home
27,regular,49,8,NOLA,PHI,,,home
27,regular,50,8,HON,YKW,,,home
27,regular,51,8,SJS,CHI,,,home
27,regular,52,8,AZ,SAR,,,home
27,regular,53,8,OCO,COL,,,away
27,regular,54,8,AUS,BER,,,away
27,regular,55,8,NYS,BAL,,,home
27,regular,56,9,YKW,OCO,,,home
27,regular,57,9,CHI,AUS,,,home
27,regular,58,9,SAR,NOLA,,,home
27,regular,59,9,COL,NYS,,,home
27,regular,60,9,BER,HON,,,away
27,regular,61,9,BAL,AZ,,,away
27,regular,62,9,PHI,SJS,,,home
27,regular,63,10,AUS,SAR,,,away
27,regular,64,10,BAL,PHI,,,away
27,regular,65,10,NYS,HON,,,home
27,regular,66,10,NOLA,SJS,,,home
27,regular,67,10,AZ,OCO,,,home
27,regular,68,10,BER,YKW,,,away
27,regular,69,10,COL,CHI,,,away
27,regular,70,11,OCO,SJS,,,home
27,regular,71,11,AZ,AUS,,,home
27,regular,72,11,YKW,CHI,,,away
27,regular,73,11,PHI,SAR,,,away
27,regular,74,11,COL,BAL,,,home
27,regular,75,11,NYS,BER,,,home
27,regular,76,11,HON,NOLA,,,away
27,regular,77,12,SAR,YKW,,,home
27,regular,78,12,AZ,CHI,,,away
27,regular,79,12,PHI,COL,,,away
27,regular,80,12,BER,BAL,,,home
27,regular,81,12,NOLA,NYS,,,home
27,regular,82,12,OCO,HON,,,away
27,regular,83,12,AUS,SJS,,,away
27,regular,84,13,CHI,SAR,,,away
27,regular,85,13,PHI,BER,,,away
27,regular,86,13,NOLA,BAL,,,home
27,regular,87,13,NYS,OCO,,,away
27,regular,88,13,HON,AUS,,,home
27,regular,89,13,SJS,AZ,,,away
27,regular,90,13,YKW,COL,,,home
27,regular,91,14,AUS,NYS,,,home
27,regular,92,14,OCO,NOLA,,,home
27,regular,93,14,AZ,HON,,,away
27,regular,94,14,SJS,YKW,,,away
27,regular,95,14,CHI,PHI,,,home
27,regular,96,14,BAL,SAR,,,away
27,regular,97,14,COL,BER,,,home
27,regular,98,15,YKW,BAL,,,home
27,regular,99,15,CHI,BER,,,home
27,regular,100,15,SAR,COL,,,away
27,regular,101,15,OCO,PHI,,,away
27,regular,102,15,NYS,AZ,,,away
27,regular,103,15,NOLA,AUS,,,home
27,regular,104,15,HON,SJS,,,home
27,regular,105,16,PHI,YKW,,,home
27,regular,106,16,BAL,CHI,,,away
27,regular,107,16,SAR,BER,,,home
27,regular,108,16,HON,COL,,,tie
27,regular,109,16,SJS,NYS,,,home
27,regular,110,16,AZ,NOLA,,,away
27,regular,111,16,AUS,OCO,,,away
27,playoff,10017,17,CHI,COL,19.0,24.0,away
27,playoff,10017,17,AZ,NOLA,21.0,41.0,away
27,playoff,10018,18,HON,NOLA,15.0,24.0,away
27,playoff,10018,18,SAR,COL,47.0,27.0,home
27,playoff,10019,19,SAR,NOLA,34.0,10.0,home
28,regular,0,1,PHI,BER,,,away
28,regular,1,1,BAL,AUS,,,away
28,regular,2,1,HON,AZ,,,home
28,regular,3,1,NOLA,SJS,,,away
28,regular,4,1,NYS,OCO,,,home
28,regular,5,1,CHI,SAR,,,home
28,regular,6,1,YKW,COL,,,home
28,regular,7,2,AZ,AUS,,,away
28,regular,8,2,SJS,NYS,,,away
28,regular,9,2,SAR,COL,,,home
28,regular,10,2,BAL,CHI,,,away
28,regular,11,2,BER,YKW,,,home
28,regular,12,2,PHI,OCO,,,away
28,regular,13,2,NOLA,HON,,,away
28,regular,14,3,YKW,SAR,,,away
28,regular,15,3,CHI,PHI,,,away
28,regular,16,3,COL,BAL,,,home
28,regular,17,3,BER,NYS,,,home
28,regular,18,3,HON,SJS,,,home
28,regular,19,3,OCO,AZ,,,away
28,regular,20,3,AUS,NOLA,,,home
28,regular,21,4,COL,CHI,,,home
28,regular,22,4,YKW,SJS,,,home
28,regular,23,4,BAL,PHI,,,away
28,regular,24,4,NYS,HON,,,home
28,regular,25,4,AZ,NOLA,,,home
28,regular,26,4,OCO,AUS,,,home
28,regular,27,4,SAR,BER,,,away
28,regular,28,5,HON,OCO,,,away
28,regular,29,5,SJS,AZ,,,away
28,regular,30,5,AUS,NYS,,,home
28,regular,31,5,PHI,SAR,,,away
28,regular,32,5,CHI,YKW,,,away
28,regular,33,5,COL,NOLA,,,home
28,regular,34,5,BER,BAL,,,home
28,regular,35,6,SAR,BAL,,,home
28,regular,36,6,CHI,AZ,,,away
28,regular,37,6,BER,COL,,,home
28,regular,38,6,PHI,YKW,,,away
28,regular,39,6,AUS,HON,,,home
28,regular,40,6,NOLA,NYS,,,away
28,regular,41,6,OCO,SJS,,,away
28,regular,42,7,SAR,HON,,,home
28,regular,43,7,BER,CHI,,,away
28,regular,44,7,COL,PHI,,,home
28,regular,45,7,YKW,BAL,,,home
28,regular,46,7,AZ,NYS,,,home
28,regular,47,7,OCO,NOLA,,,away
28,regular,48,7,SJS,AUS,,,away
28,regular,49,8,NOLA,YKW,,,home
28,regular,50,8,SJS,BER,,,away
28,regular,51,8,HON,PHI,,,home
28,regular,52,8,AZ,BAL,,,home
28,regular,53,8,AUS,SAR,,,away
28,regular,54,8,OCO,CHI,,,away
28,regular,55,8,NYS,COL,,,home
28,regular,56,9,BAL,OCO,,,away
28,regular,57,9,SAR,NOLA,,,home
28,regular,58,9,CHI,SJS,,,away
28,regular,59,9,COL,AZ,,,away
28,regular,60,9,YKW,HON,,,home
28,regular,61,9,BER,AUS,,,away
28,regular,62,9,PHI,NYS,,,away
28,regular,63,10,BER,SAR,,,home
28,regular,64,10,YKW,CHI,,,home
28,regular,65,10,SJS,COL,,,away
28,regular,66,10,PHI,BAL,,,home
28,regular,67,10,HON,AUS,,,away
28,regular,68,10,AZ,OCO,,,home
28,regular,69,10,NYS,NOLA,,,home
28,regular,70,11,YKW,PHI,,,away
28,regular,71,11,HON,BER,,,away
28,regular,72,11,AUS,AZ,,,away
28,regular,73,11,NOLA,OCO,,,home
28,regular,74,11,NYS,SJS,,,home
28,regular,75,11,SAR,CHI,,,home
28,regular,76,11,BAL,COL,,,away
28,regular,77,12,NOLA,AUS,,,home
28,regular,78,12,SJS,OCO,,,home
28,regular,79,12,COL,SAR,,,away
28,regular,80,12,NYS,CHI,,,home
28,regular,81,12,BAL,YKW,,,away
28,regular,82,12,BER,PHI,,,home
28,regular,83,12,AZ,HON,,,away
28,regular,84,13,SAR,YKW,,,home
28,regular,85,13,CHI,COL,,,home
28,regular,86,13,BAL,BER,,,away
28,regular,87,13,AZ,PHI,,,away
28,regular,88,13,HON,NOLA,,,home
28,regular,89,13,AUS,SJS,,,home
28,regular,90,13,OCO,NYS,,,home
28,regular,91,14,CHI,BAL,,,away
28,regular,92,14,PHI,COL,,,away
28,regular,93,14,YKW,BER,,,home
28,regular,94,14,SJS,HON,,,away
28,regular,95,14,NOLA,AZ,,,away
28,regular,96,14,NYS,AUS,,,home
28,regular,97,14,OCO,SAR,,,home
28,regular,98,15,HON,NYS,,,home
28,regular,99,15,AZ,SJS,,,home
28,regular,100,15,AUS,OCO,,,away
28,regular,101,15,SAR,PHI,,,away
28,regular,102,15,CHI,BER,,,away
28,regular,103,15,COL,YKW,,,away
28,regular,104,15,NOLA,BAL,,,home
28,regular,105,16,BAL,SAR,,,home
28,regular,106,16,PHI,CHI,,,away
28,regular,107,16,COL,BER,,,home
28,regular,108,16,AUS,YKW,,,away
28,regular,109,16,OCO,HON,,,away
28,regular,110,16,NYS,AZ,,,away
28,regular,111,16,SJS,NOLA,,,home
28,playoff,10017,17,NYS,AUS,18.0,21.0,away
28,playoff,10017,17,YKW,SAR,23.0,14.0,home
28,playoff,10018,18,AZ,AUS,13.0,16.0,away
28,playoff,10018,18,BER,YKW,13.0,17.0,away
28,playoff,10019,19,YKW,AUS,24.0,19.0,home
29,regular,0,1,YKW,BER,,,away
29,regular,1,1,COL,SAR,,,home
29,regular,2,1,PHI,CHI,,,home
29,regular,3,1,BAL,NOLA,,,home
29,regular,4,1,AZ,NYS,,,home
29,regular,5,1,AUS,HON,,,home
29,regular,6,1,OCO,SJS,,,home
29,regular,7,2,CHI,COL,,,home
29,regular,8,2,PHI,SJS,,,away
29,regular,9,2,AUS,AZ,,,away
29,regular,10,2,NYS,NOLA,,,home
29,regular,11,2,HON,OCO,,,away
29,regular,12,2,BER,SAR,,,away
29,regular,13,2,BAL,YKW,,,away
29,regular,14,3,SJS,NYS,,,home
29,regular,15,3,NOLA,AUS,,,home
29,regular,16,3,COL,BER,,,home
29,regular,17,3,YKW,PHI,,,home
29,regular,18,3,SAR,BAL,,,home
29,regular,19,3,CHI,OCO,,,away
29,regular,20,3,AZ,HON,,,home
29,regular,21,4,BER,CHI,,,home
29,regular,22,4,SAR,YKW,,,home
29,regular,23,4,COL,HON,,,home
29,regular,24,4,BAL,PHI,,,away
29,regular,25,4,OCO,AZ,,,away
29,regular,26,4,NYS,AUS,,,home
29,regular,27,4,SJS,NOLA,,,home
29,regular,28,5,YKW,COL,,,home
29,regular,29,5,SAR,AUS,,,home
29,regular,30,5,CHI,BAL,,,away
29,regular,31,5,AZ,SJS,,,home
29,regular,32,5,HON,NYS,,,away
29,regular,33,5,NOLA,OCO,,,home
29,regular,34,5,PHI,BER,,,away
29,regular,35,6,NOLA,AZ,,,home
29,regular,36,6,AUS,OCO,,,away
29,regular,37,6,SJS,HON,,,home
29,regular,38,6,BER,BAL,,,home
29,regular,39,6,YKW,NYS,,,away
29,regular,40,6,CHI,SAR,,,away
29,regular,41,6,PHI,COL,,,away
29,regular,42,7,BER,AZ,,,home
29,regular,43,7,CHI,YKW,,,away
29,regular,44,7,SAR,PHI,,,home
29,regular,45,7,COL,BAL,,,home
29,regular,46,7,NYS,OCO,,,home
29,regular,47,7,SJS,AUS,,,tie
29,regular,48,7,HON,NOLA,,,home
29,regular,49,8,NOLA,BER,,,home
29,regular,50,8,SJS,YKW,,,away
29,regular,51,8,OCO,SAR,,,home
29,regular,52,8,AUS,COL,,,away
29,regular,53,8,HON,CHI,,,away
29,regular,54,8,AZ,PHI,,,home
29,regular,55,8,NYS,BAL,,,home
29,regular,56,9,COL,AZ,,,home
29,regular,57,9,CHI,NOLA,,,home
29,regular,58,9,PHI,OCO,,,home
29,regular,59,9,BAL,SJS,,,home
29,regular,60,9,BER,AUS,,,home
29,regular,61,9,YKW,HON,,,home
29,regular,62,9,SAR,NYS,,,away
29,regular,63,10,OCO,AUS,,,home
29,regular,64,10,CHI,BER,,,away
29,regular,65,10,COL,YKW,,,home
29,regular,66,10,HON,SAR,,,away
29,regular,67,10,PHI,BAL,,,home
29,regular,68,10,AZ,NOLA,,,home
29,regular,69,10,NYS,SJS,,,away
29,regular,70,11,BER,YKW,,,home
29,regular,71,11,BAL,SAR,,,away
29,regular,72,11,COL,PHI,,,home
29,regular,73,11,AZ,CHI,,,home
29,regular,74,11,NOLA,NYS,,,home
29,regular,75,11,AUS,SJS,,,home
29,regular,76,11,OCO,HON,,,home
29,regular,77,12,BAL,COL,,,away
29,regular,78,12,CHI,PHI,,,home
29,regular,79,12,NYS,AZ,,,home
29,regular,80,12,AUS,NOLA,,,away
29,regular,81,12,HON,SJS,,,away
29,regular,82,12,SAR,BER,,,away
29,regular,83,12,OCO,YKW,,,away
29,regular,84,13,NOLA,HON,,,away
29,regular,85,13,SJS,OCO,,,away
29,regular,86,13,BER,COL,,,home
29,regular,87,13,YKW,SAR,,,away
29,regular,88,13,BAL,CHI,,,away
29,regular,89,13,NYS,PHI,,,away
29,regular,90,13,AZ,AUS,,,away
29,regular,91,14,SJS,BER,,,away
29,regular,92,14,YKW,BAL,,,home
29,regular,93,14,PHI,SAR,,,away
29,regular,94,14,COL,CHI,,,home
29,regular,95,14,HON,AZ,,,away
29,regular,96,14,AUS,NYS,,,away
29,regular,97,14,OCO,NOLA,,,away
29,regular,98,15,YKW,CHI,,,home
29,regular,99,15,SAR,COL,,,away
29,regular,100,15,AUS,BAL,,,home
29,regular,101,15,AZ,OCO,,,home
29,regular,102,15,NYS,HON,,,away
29,regular,103,15,NOLA,SJS,,,home
29,regular,104,15,BER,PHI,,,home
29,regular,105,16,SJS,AZ,,,away
29,regular,106,16,OCO,NYS,,,away
29,regular,107,16,HON,AUS,,,away
29,regular,108,16,BAL,BER,,,away
29,regular,109,16,PHI,YKW,,,away
29,regular,110,16,SAR,CHI,,,home
29,regular,111,16,NOLA,COL,,,home
29,playoff,10017,17,NYS,NOLA,35.0,31.0,home
29,playoff,10017,17,COL,SAR,13.0,33.0,away
29,playoff,10018,18,AZ,NYS,27.0,34.0,away
29,playoff,10018,18,BER,SAR,23.0,20.0,home
29,playoff,10019,19,BER,NYS,20.0,40.0,away
30,regular,0,1,SJS,AUS,,,away
30,regular,1,1,NOLA,OCO,,,home
30,regular,2,1,COL,BER,,,away
30,regular,3,1,BAL,HON,,,home
30,regular,4,1,YKW,SAR,,,away
30,regular,5,1,AZ,NYS,,,home
30,regular,6,1,CHI,PHI,,,home
30,regular,7,2,BER,SAR,,,home
30,regular,8,2,NYS,HON,,,home
30,regular,9,2,CHI,AUS,,,away
30,regular,10,2,NOLA,AZ,,,away
30,regular,11,2,BAL,COL,,,away
30,regular,12,2,OCO,SJS,,,home
30,regular,13,2,PHI,YKW,,,away
30,regular,14,3,PHI,SJS,,,home
30,regular,15,3,YKW,BER,,,away
30,regular,16,3,COL,CHI,,,away
30,regular,17,3,SAR,BAL,,,home
30,regular,18,3,HON,NOLA,,,away
30,regular,19,3,AUS,NYS,,,home
30,regular,20,3,AZ,OCO,,,home
30,regular,21,4,AUS,HON,,,away
30,regular,22,4,BER,PHI,,,home
30,regular,23,4,NYS,NOLA,,,home
30,regular,24,4,SAR,COL,,,home
30,regular,25,4,SJS,AZ,,,away
30,regular,26,4,YKW,OCO,,,away
30,regular,27,4,CHI,BAL,,,away
30,regular,28,5,PHI,BAL,,,away
30,regular,29,5,BER,CHI,,,home
30,regular,30,5,NYS,OCO,,,home
30,regular,31,5,COL,YKW,,,away
30,regular,32,5,AZ,AUS,,,home
30,regular,33,5,HON,SJS,,,home
30,regular,34,5,SAR,NOLA,,,home
30,regular,35,6,NOLA,SJS,,,home
30,regular,36,6,YKW,CHI,,,away
30,regular,37,6,COL,NYS,,,home
30,regular,38,6,PHI,SAR,,,home
30,regular,39,6,BAL,BER,,,away
30,regular,40,6,OCO,AUS,,,away
30,regular,41,6,HON,AZ,,,away
30,regular,42,7,SJS,NYS,,,home
30,regular,43,7,COL,PHI,,,home
30,regular,44,7,BER,AZ,,,away
30,regular,45,7,CHI,SAR,,,away
30,regular,46,7,BAL,YKW,,,away
30,regular,47,7,AUS,NOLA,,,home
30,regular,48,7,OCO,HON,,,home
30,regular,49,8,AUS,PHI,,,home
30,regular,50,8,HON,CHI,,,home
30,regular,51,8,NYS,BER,,,home
30,regular,52,8,NOLA,BAL,,,away
30,regular,53,8,OCO,SAR,,,home
30,regular,54,8,AZ,YKW,,,home
30,regular,55,8,SJS,COL,,,away
30,regular,56,9,YKW,SJS,,,home
30,regular,57,9,SAR,AZ,,,away
30,regular,58,9,PHI,HON,,,away
30,regular,59,9,BAL,AUS,,,away
30,regular,60,9,BER,OCO,,,home
30,regular,61,9,CHI,NYS,,,away
30,regular,62,9,COL,NOLA,,,away
30,regular,63,10,CHI,COL,,,away
30,regular,64,10,HON,AUS,,,away
30,regular,65,10,SAR,PHI,,,home
30,regular,66,10,AZ,SJS,,,away
30,regular,67,10,BER,BAL,,,home
30,regular,68,10,OCO,NYS,,,away
30,regular,69,10,NOLA,YKW,,,away
30,regular,70,11,AUS,OCO,,,away
30,regular,71,11,NOLA,HON,,,away
30,regular,72,11,YKW,PHI,,,home
30,regular,73,11,COL,BAL,,,home
30,regular,74,11,SJS,BER,,,home
30,regular,75,11,SAR,CHI,,,home
30,regular,76,11,NYS,AZ,,,away
30,regular,77,12,AUS,SJS,,,home
30,regular,78,12,BAL,SAR,,,away
30,regular,79,12,HON,OCO,,,away
30,regular,80,12,NYS,PHI,,,home
30,regular,81,12,AZ,NOLA,,,home
30,regular,82,12,BER,COL,,,away
30,regular,83,12,CHI,YKW,,,away
30,regular,84,13,AUS,COL,,,home
30,regular,85,13,PHI,CHI,,,away
30,regular,86,13,YKW,BAL,,,home
30,regular,87,13,NOLA,NYS,,,away
30,regular,88,13,SAR,BER,,,away
30,regular,89,13,OCO,AZ,,,away
30,regular,90,13,SJS,HON,,,away
30,regular,91,14,BER,YKW,,,away
30,regular,92,14,HON,NYS,,,away
30,regular,93,14,COL,SAR,,,away
30,regular,94,14,NOLA,AUS,,,home
30,regular,95,14,SJS,OCO,,,away
30,regular,96,14,AZ,CHI,,,home
30,regular,97,14,BAL,PHI,,,away
30,regular,98,15,YKW,COL,,,home
30,regular,99,15,AUS,AZ,,,home
30,regular,100,15,PHI,BER,,,home
30,regular,101,15,HON,SAR,,,away
30,regular,102,15,NYS,SJS,,,home
30,regular,103,15,OCO,NOLA,,,home
30,regular,104,15,BAL,CHI,,,away
30,regular,105,16,PHI,COL,,,away
30,regular,106,16,SAR,YKW,,,home
30,regular,107,16,NYS,AUS,,,home
30,regular,108,16,SJS,NOLA,,,home
30,regular,109,16,AZ,HON,,,home
30,regular,110,16,OCO,BAL,,,home
30,regular,111,16,CHI,BER,,,home
30,playoff,10017,17,NYS,AUS,47.0,24.0,home
30,playoff,10017,17,YKW,BER,23.0,34.0,away
30,playoff,10018,18,AZ,NYS,33.0,0.0,home
30,playoff,10018,18,SAR,BER,30.0,24.0,home
30,playoff,10019,19,AZ,SAR,10.0,27.0,away
31,regular,0,1,OCO,AUS,,,away
31,regular,1,1,SAR,YKW,,,home
31,regular,2,1,NOLA,HON,,,away
31,regular,3,1,CHI,PHI,,,away
31,regular,4,1,BER,COL,,,away
31,regular,5,1,NYS,AZ,,,away
31,regular,6,1,SJS,BAL,,,home
31,regular,7,2,HON,OCO,,,home
31,regular,8,2,AZ,AUS,,,away
31,regular,9,2,YKW,BAL,,,away
31,regular,10,2,NOLA,PHI,,,home
31,regular,11,2,BER,SAR,,,home
31,regular,12,2,SJS,NYS,,,away
31,regular,13,2,COL,CHI,,,away
31,regular,14,3,PHI,YKW,,,away
31,regular,15,3,SAR,COL,,,away
31,regular,16,3,HON,CHI,,,away
31,regular,17,3,OCO,AZ,,,home
31,regular,18,3,NYS,NOLA,,,home
31,regular,19,3,AUS,SJS,,,home
31,regular,20,3,BAL,BER,,,home
31,regular,21,4,CHI,SAR,,,away
31,regular,22,4,OCO,COL,,,away
31,regular,23,4,NOLA,SJS,,,home
31,regular,24,4,PHI,BAL,,,home
31,regular,25,4,AZ,HON,,,home
31,regular,26,4,YKW,BER,,,home
31,regular,27,4,AUS,NYS,,,away
31,regular,28,5,BAL,CHI,,,away
31,regular,29,5,AUS,BER,,,away
31,regular,30,5,HON,SJS,,,away
31,regular,31,5,AZ,NOLA,,,away
31,regular,32,5,YKW,COL,,,away
31,regular,33,5,NYS,OCO,,,home
31,regular,34,5,SAR,PHI,,,home
31,regular,35,6,BAL,SAR,,,home
31,regular,36,6,BER,CHI,,,away
31,regular,37,6,OCO,NOLA,,,away
31,regular,38,6,NYS,YKW,,,away
31,regular,39,6,HON,AUS,,,away
31,regular,40,6,SJS,AZ,,,away
31,regular,41,6,COL,PHI,,,home
31,regular,42,7,SJS,OCO,,,home
31,regular,43,7,PHI,BER,,,home
31,regular,44,7,COL,BAL,,,home
31,regular,45,7,CHI,YKW,,,away
31,regular,46,7,NYS,HON,,,away
31,regular,47,7,AZ,SAR,,,away
31,regular,48,7,NOLA,AUS,,,away
31,regular,49,8,COL,AUS,,,home
31,regular,50,8,SAR,OCO,,,home
31,regular,51,8,CHI,NYS,,,home
31,regular,52,8,PHI,HON,,,home
31,regular,53,8,BAL,NOLA,,,away
31,regular,54,8,YKW,AZ,,,home
31,regular,55,8,BER,SJS,,,home
31,regular,56,9,OCO,CHI,,,away
31,regular,57,9,AUS,SAR,,,home
31,regular,58,9,HON,BAL,,,home
31,regular,59,9,SJS,PHI,,,away
31,regular,60,9,AZ,COL,,,home
31,regular,61,9,NOLA,YKW,,,home
31,regular,62,9,NYS,BER,,,away
31,regular,63,10,AZ,SJS,,,home
31,regular,64,10,COL,YKW,,,away
31,regular,65,10,BER,OCO,,,home
31,regular,66,10,NOLA,NYS,,,away
31,regular,67,10,BAL,PHI,,,away
31,regular,68,10,AUS,HON,,,home
31,regular,69,10,SAR,CHI,,,away
31,regular,70,11,CHI,AZ,,,away
31,regular,71,11,AUS,NOLA,,,home
31,regular,72,11,YKW,SAR,,,away
31,regular,73,11,PHI,COL,,,home
31,regular,74,11,BER,BAL,,,home
31,regular,75,11,OCO,HON,,,away
31,regular,76,11,NYS,SJS,,,away
31,regular,77,12,NOLA,OCO,,,away
31,regular,78,12,PHI,CHI,,,home
31,regular,79,12,SJS,AUS,,,away
31,regular,80,12,BAL,COL,,,away
31,regular,81,12,YKW,HON,,,away
31,regular,82,12,SAR,BER,,,home
31,regular,83,12,AZ,NYS,,,home
31,regular,84,13,COL,SAR,,,home
31,regular,85,13,CHI,BAL,,,home
31,regular,86,13,PHI,NYS,,,away
31,regular,87,13,HON,NOLA,,,home
31,regular,88,13,OCO,SJS,,,away
31,regular,89,13,BER,YKW,,,home
31,regular,90,13,AUS,AZ,,,home
31,regular,91,14,CHI,COL,,,away
31,regular,92,14,SAR,NOLA,,,home
31,regular,93,14,SJS,HON,,,away
31,regular,94,14,AZ,OCO,,,away
31,regular,95,14,BAL,YKW,,,away
31,regular,96,14,NYS,AUS,,,away
31,regular,97,14,BER,PHI,,,home
31,regular,98,15,COL,BER,,,away
31,regular,99,15,SJS,NOLA,,,home
31,regular,100,15,OCO,NYS,,,home
31,regular,101,15,PHI,SAR,,,away
31,regular,102,15,HON,AZ,,,away
31,regular,103,15,BAL,AUS,,,home
31,regular,104,15,YKW,CHI,,,away
31,regular,105,16,NOLA,AZ,,,away
31,regular,106,16,HON,NYS,,,home
31,regular,107,16,AUS,OCO,,,home
31,regular,108,16,YKW,PHI,,,home
31,regular,109,16,CHI,BER,,,home
31,regular,110,16,SAR,BAL,,,home
31,regular,111,16,COL,SJS,,,home
31,playoff,10017,17,AZ,HON,20.0,33.0,away
31,playoff,10017,17,SAR,CHI,13.0,23.0,away
31,playoff,10018,18,AUS,HON,27.0,30.0,away
31,playoff,10018,18,COL,CHI,23.0,10.0,home
31,playoff,10019,19,COL,HON,27.0,30.0,away
32,regular,0,1,HON,NYS,,,home
32,regular,1,1,SAR,COL,,,away
32,regular,2,1,BAL,OCO,,,home
32,regular,3,1,BER,CHI,,,home
32,regular,4,1,AUS,AZ,,,home
32,regular,5,1,PHI,YKW,,,home
32,regular,6,1,SJS,NOLA,,,home
32,regular,7,2,HON,AUS,,,home
32,regular,8,2,BAL,SAR,,,home
32,regular,9,2,NYS,SJS,,,home
32,regular,10,2,YKW,BER,,,away
32,regular,11,2,COL,CHI,,,away
32,regular,12,2,AZ,OCO,,,home
32,regular,13,2,PHI,NOLA,,,home
32,regular,14,3,OCO,HON,,,away
32,regular,15,3,NOLA,AZ,,,home
32,regular,16,3,AUS,NYS,,,home
32,regular,17,3,YKW,SJS,,,away
32,regular,18,3,BER,COL,,,home
32,regular,19,3,SAR,PHI,,,away
32,regular,20,3,CHI,BAL,,,home
32,regular,21,4,AZ,HON,,,home
32,regular,22,4,CHI,SAR,,,away
32,regular,23,4,SJS,AUS,,,away
32,regular,24,4,BER,NYS,,,away
32,regular,25,4,PHI,BAL,,,home
32,regular,26,4,NOLA,OCO,,,away
32,regular,27,4,COL,YKW,,,home
32,regular,28,5,AZ,NYS,,,home
32,regular,29,5,SAR,BER,,,home
32,regular,30,5,AUS,NOLA,,,home
32,regular,31,5,OCO,SJS,,,away
32,regular,32,5,CHI,HON,,,away
32,regular,33,5,YKW,BAL,,,home
32,regular,34,5,COL,PHI,,,home
32,regular,35,6,BAL,COL,,,away
32,regular,36,6,NYS,NOLA,,,away
32,regular,37,6,OCO,AUS,,,away
32,regular,38,6,HON,SJS,,,home
32,regular,39,6,BER,PHI,,,home
32,regular,40,6,SAR,AZ,,,away
32,regular,41,6,YKW,CHI,,,home
32,regular,42,7,PHI,CHI,,,home
32,regular,43,7,BAL,BER,,,away
32,regular,44,7,NOLA,HON,,,away
32,regular,45,7,NYS,OCO,,,home
32,regular,46,7,SJS,AZ,,,home
32,regular,47,7,SAR,YKW,,,home
32,regular,48,7,COL,AUS,,,away
32,regular,49,8,OCO,PHI,,,home
32,regular,50,8,AZ,COL,,,home
32,regular,51,8,HON,BAL,,,home
32,regular,52,8,NYS,CHI,,,home
32,regular,53,8,AUS,BER,,,home
32,regular,54,8,SJS,SAR,,,away
32,regular,55,8,NOLA,YKW,,,home
32,regular,56,9,COL,NYS,,,home
32,regular,57,9,PHI,AZ,,,away
32,regular,58,9,SAR,HON,,,away
32,regular,59,9,BER,SJS,,,home
32,regular,60,9,CHI,AUS,,,away
32,regular,61,9,YKW,OCO,,,home
32,regular,62,9,BAL,NOLA,,,away
32,regular,63,10,COL,BAL,,,home
32,regular,64,10,NYS,AZ,,,home
32,regular,65,10,HON,BER,,,away
32,regular,66,10,PHI,SAR,,,home
32,regular,67,10,OCO,NOLA,,,away
32,regular,68,10,CHI,YKW,,,home
32,regular,69,10,AUS,SJS,,,away
32,regular,70,11,HON,OCO,,,home
32,regular,71,11,BER,YKW,,,home
32,regular,72,11,SAR,BAL,,,home
32,regular,73,11,SJS,COL,,,away
32,regular,74,11,CHI,PHI,,,away
32,regular,75,11,AZ,AUS,,,home
32,regular,76,11,NOLA,NYS,,,away
32,regular,77,12,AZ,YKW,,,home
32,regular,78,12,AUS,HON,,,home
32,regular,79,12,COL,SAR,,,away
32,regular,80,12,PHI,BER,,,home
32,regular,81,12,NOLA,SJS,,,away
32,regular,82,12,BAL,CHI,,,home
32,regular,83,12,OCO,NYS,,,home
32,regular,84,13,CHI,COL,,,home
32,regular,85,13,NYS,AUS,,,home
32,regular,86,13,SJS,OCO,,,home
32,regular,87,13,NOLA,SAR,,,away
32,regular,88,13,YKW,PHI,,,away
32,regular,89,13,BER,BAL,,,home
32,regular,90,13,HON,AZ,,,away
32,regular,91,14,SAR,CHI,,,home
32,regular,92,14,HON,NOLA,,,away
32,regular,93,14,SJS,NYS,,,away
32,regular,94,14,AUS,PHI,,,away
32,regular,95,14,BAL,YKW,,,home
32,regular,96,14,COL,BER,,,away
32,regular,97,14,OCO,AZ,,,away
32,regular,98,15,YKW,COL,,,home
32,regular,99,15,OCO,CHI,,,away
32,regular,100,15,AZ,SJS,,,home
32,regular,101,15,NYS,HON,,,home
32,regular,102,15,BAL,PHI,,,home
32,regular,103,15,BER,SAR,,,away
32,regular,104,15,NOLA,AUS,,,away
32,regular,105,16,AUS,OCO,,,home
32,regular,106,16,NYS,BAL,,,home
32,regular,107,16,PHI,COL,,,home
32,regular,108,16,YKW,SAR,,,home
32,regular,109,16,CHI,BER,,,away
32,regular,110,16,AZ,NOLA,,,home
32,regular,111,16,SJS,HON,,,home
32,playoff,10017,17,AUS,NYS,27.0,30.0,away
32,playoff,10017,17,BER,SAR,34.0,17.0,home
32,playoff,10018,18,AZ,NYS,17.0,28.0,away
32,playoff,10018,18,PHI,BER,12.0,16.0,away
32,playoff,10019,19,BER,NYS,24.0,27.0,away
33,regular,0,1,NYS,HON,,,home
33,regular,1,1,BER,PHI,,,home
33,regular,2,1,YKW,OCO,,,home
33,regular,3,1,COL,SAR,,,home
33,regular,4,1,AZ,AUS,,,home
33,regular,5,1,CHI,BAL,,,away
33,regular,6,1,SJS,NOLA,,,away
33,regular,7,2,PHI,SAR,,,away
33,regular,8,2,AUS,OCO,,,home
33,regular,9,2,CHI,NOLA,,,home
33,regular,10,2,NYS,AZ,,,away
33,regular,11,2,YKW,BER,,,away
33,regular,12,2,HON,SJS,,,away
33,regular,13,2,BAL,COL,,,home
33,regular,14,3,COL,PHI,,,home
33,regular,15,3,BER,CHI,,,away
33,regular,16,3,SAR,YKW,,,home
33,regular,17,3,OCO,NYS,,,away
33,regular,18,3,NOLA,AUS,,,away
33,regular,19,3,AZ,HON,,,home
33,regular,20,3,BAL,SJS,,,home
33,regular,21,4,PHI,BAL,,,home
33,regular,22,4,AUS,NYS,,,away
33,regular,23,4,SAR,BER,,,home
33,regular,24,4,SJS,AZ,,,away
33,regular,25,4,COL,HON,,,home
33,regular,26,4,CHI,YKW,,,home
33,regular,27,4,NOLA,OCO,,,away
33,regular,28,5,BAL,YKW,,,home
33,regular,29,5,PHI,CHI,,,away
33,regular,30,5,AUS,HON,,,home
33,regular,31,5,BER,COL,,,home
33,regular,32,5,AZ,NOLA,,,home
33,regular,33,5,OCO,SJS,,,home
33,regular,34,5,SAR,NYS,,,home
33,regular,35,6,COL,CHI,,,away
33,regular,36,6,BER,AUS,,,home
33,regular,37,6,BAL,SAR,,,home
33,regular,38,6,YKW,PHI,,,away
33,regular,39,6,HON,NOLA,,,home
33,regular,40,6,OCO,AZ,,,home
33,regular,41,6,NYS,SJS,,,home
33,regular,42,7,BER,BAL,,,away
33,regular,43,7,PHI,AZ,,,home
33,regular,44,7,CHI,SAR,,,away
33,regular,45,7,YKW,COL,,,away
33,regular,46,7,NOLA,NYS,,,home
33,regular,47,7,HON,OCO,,,home
33,regular,48,7,SJS,AUS,,,home
33,regular,49,8,NOLA,BAL,,,away
33,regular,50,8,OCO,CHI,,,away
33,regular,51,8,AUS,PHI,,,away
33,regular,52,8,NYS,YKW,,,away
33,regular,53,8,HON,SAR,,,away
33,regular,54,8,AZ,COL,,,home
33,regular,55,8,SJS,BER,,,home
33,regular,56,9,SAR,AZ,,,away
33,regular,57,9,BAL,OCO,,,home
33,regular,58,9,YKW,NOLA,,,home
33,regular,59,9,PHI,HON,,,home
33,regular,60,9,CHI,AUS,,,home
33,regular,61,9,BER,NYS,,,away
33,regular,62,9,COL,SJS,,,home
33,regular,63,10,OCO,NOLA,,,home
33,regular,64,10,SAR,BAL,,,home
33,regular,65,10,AZ,SJS,,,home
33,regular,66,10,PHI,YKW,,,away
33,regular,67,10,HON,AUS,,,away
33,regular,68,10,NYS,COL,,,away
33,regular,69,10,CHI,BER,,,away
33,regular,70,11,NYS,OCO,,,away
33,regular,71,11,COL,BAL,,,home
33,regular,72,11,BER,YKW,,,home
33,regular,73,11,SJS,PHI,,,home
33,regular,74,11,SAR,CHI,,,home
33,regular,75,11,AUS,AZ,,,away
33,regular,76,11,NOLA,HON,,,away
33,regular,77,12,NOLA,SJS,,,home
33,regular,78,12,YKW,SAR,,,away
33,regular,79,12,OCO,HON,,,home
33,regular,80,12,AUS,BAL,,,home
33,regular,81,12,AZ,NYS,,,home
33,regular,82,12,PHI,BER,,,away
33,regular,83,12,CHI,COL,,,away
33,regular,84,13,BAL,CHI,,,home
33,regular,85,13,COL,YKW,,,away
33,regular,86,13,NYS,AUS,,,away
33,regular,87,13,SAR,PHI,,,home
33,regular,88,13,HON,AZ,,,home
33,regular,89,13,SJS,OCO,,,away
33,regular,90,13,NOLA,BER,,,away
33,regular,91,14,OCO,AUS,,,home
33,regular,92,14,BER,SAR,,,away
33,regular,93,14,NYS,NOLA,,,home
33,regular,94,14,SJS,HON,,,away
33,regular,95,14,AZ,CHI,,,away
33,regular,96,14,YKW,BAL,,,away
33,regular,97,14,PHI,COL,,,home
33,regular,98,15,COL,BER,,,home
33,regular,99,15,NOLA,AZ,,,away
33,regular,100,15,BAL,PHI,,,home
33,regular,101,15,OCO,SAR,,,home
33,regular,102,15,AUS,SJS,,,home
33,regular,103,15,HON,NYS,,,home
33,regular,104,15,YKW,CHI,,,away
33,regular,105,16,SAR,COL,,,home
33,regular,106,16,AUS,NOLA,,,home
33,regular,107,16,SJS,NYS,,,home
33,regular,108,16,AZ,OCO,,,home
33,regular,109,16,HON,YKW,,,home
33,regular,110,16,CHI,PHI,,,home
33,regular,111,16,BAL,BER,,,away
33,playoff,10017,17,OCO,AUS,20.0,16.0,home
33,playoff,10017,17,BAL,CHI,23.0,14.0,home
33,playoff,10018,18,SAR,BAL,24.0,30.0,away
33,playoff,10018,18,AZ,OCO,29.0,34.0,away
33,playoff,10019,19,BAL,OCO,41.0,38.0,home
34,regular,0,1,AZ,AUS,,,home
34,regular,1,1,CHI,BAL,,,home
34,regular,2,1,SJS,NOLA,,,home
34,regular,3,1,NYS,HON,,,away
34,regular,4,1,BER,PHI,,,home
34,regular,5,1,YKW,OCO,,,home
34,regular,6,1,COL,SAR,,,away
34,regular,7,2,PHI,SAR,,,away
34,regular,8,2,AUS,OCO,,,home
34,regular,9,2,CHI,NOLA,,,away
34,regular,10,2,NYS,AZ,,,home
34,regular,11,2,YKW,BER,,,away
34,regular,12,2,HON,SJS,,,home
34,regular,13,2,BAL,COL,,,away
34,regular,14,3,NOLA,AUS,,,home
34,regular,15,3,AZ,HON,,,away
34,regular,16,3,BAL,SJS,,,away
34,regular,17,3,COL,PHI,,,away
34,regular,18,3,BER,CHI,,,away
34,regular,19,3,SAR,YKW,,,home
34,regular,20,3,OCO,NYS,,,home
34,regular,21,4,COL,HON,,,away
34,regular,22,4,CHI,YKW,,,home
34,regular,23,4,NOLA,OCO,,,home
34,regular,24,4,PHI,BAL,,,home
34,regular,25,4,AUS,NYS,,,home
34,regular,26,4,SAR,BER,,,home
34,regular,27,4,SJS,AZ,,,away
34,regular,28,5,SAR,NYS,,,away
34,regular,29,5,BAL,YKW,,,away
34,regular,30,5,PHI,CHI,,,away
34,regular,31,5,AUS,HON,,,home
34,regular,32,5,BER,COL,,,home
34,regular,33,5,AZ,NOLA,,,home
34,regular,34,5,OCO,SJS,,,home
34,regular,35,6,OCO,AZ,,,home
34,regular,36,6,NYS,SJS,,,home
34,regular,37,6,COL,CHI,,,away
34,regular,38,6,BER,AUS,,,home
34,regular,39,6,BAL,SAR,,,home
34,regular,40,6,YKW,PHI,,,home
34,regular,41,6,HON,NOLA,,,home
34,regular,42,7,NOLA,NYS,,,away
34,regular,43,7,HON,OCO,,,home
34,regular,44,7,SJS,AUS,,,away
34,regular,45,7,BER,BAL,,,away
34,regular,46,7,PHI,AZ,,,away
34,regular,47,7,CHI,SAR,,,home
34,regular,48,7,YKW,COL,,,home
34,regular,49,8,AZ,COL,,,home
34,regular,50,8,SJS,BER,,,away
34,regular,51,8,NOLA,BAL,,,away
34,regular,52,8,OCO,CHI,,,away
34,regular,53,8,AUS,PHI,,,away
34,regular,54,8,NYS,YKW,,,home
34,regular,55,8,HON,SAR,,,away
34,regular,56,9,COL,SJS,,,away
34,regular,57,9,SAR,AZ,,,home
34,regular,58,9,BAL,OCO,,,away
34,regular,59,9,YKW,NOLA,,,away
34,regular,60,9,PHI,HON,,,away
34,regular,61,9,CHI,AUS,,,away
34,regular,62,9,BER,NYS,,,home
34,regular,63,10,HON,AUS,,,home
34,regular,64,10,NYS,COL,,,home
34,regular,65,10,CHI,BER,,,home
34,regular,66,10,OCO,NOLA,,,away
34,regular,67,10,SAR,BAL,,,home
34,regular,68,10,AZ,SJS,,,home
34,regular,69,10,PHI,YKW,,,home
34,regular,70,11,SAR,CHI,,,away
34,regular,71,11,AUS,AZ,,,away
34,regular,72,11,NOLA,HON,,,home
34,regular,73,11,NYS,OCO,,,away
34,regular,74,11,COL,BAL,,,home
34,regular,75,11,BER,YKW,,,home
34,regular,76,11,SJS,PHI,,,tie
34,regular,77,12,NOLA,SJS,,,away
34,regular,78,12,YKW,SAR,,,away
34,regular,79,12,OCO,HON,,,away
34,regular,80,12,AUS,BAL,,,away
34,regular,81,12,AZ,NYS,,,home
34,regular,82,12,PHI,BER,,,away
34,regular,83,12,CHI,COL,,,home
34,regular,84,13,HON,AZ,,,home
34,regular,85,13,SJS,OCO,,,home
34,regular,86,13,NOLA,BER,,,away
34,regular,87,13,BAL,CHI,,,home
34,regular,88,13,COL,YKW,,,away
34,regular,89,13,NYS,AUS,,,away
34,regular,90,13,SAR,PHI,,,away
34,regular,91,14,AZ,CHI,,,tie
34,regular,92,14,YKW,BAL,,,home
34,regular,93,14,PHI,COL,,,home
34,regular,94,14,OCO,AUS,,,away
34,regular,95,14,BER,SAR,,,tie
34,regular,96,14,NYS,NOLA,,,away
34,regular,97,14,SJS,HON,,,home
34,regular,98,15,YKW,CHI,,,away
34,regular,99,15,COL,BER,,,away
34,regular,100,15,NOLA,AZ,,,away
34,regular,101,15,BAL,PHI,,,home
34,regular,102,15,OCO,SAR,,,away
34,regular,103,15,AUS,SJS,,,away
34,regular,104,15,HON,NYS,,,away
34,regular,105,16,CHI,PHI,,,home
34,regular,106,16,BAL,BER,,,away
34,regular,107,16,SAR,COL,,,home
34,regular,108,16,AUS,NOLA,,,away
34,regular,109,16,SJS,NYS,,,away
34,regular,110,16,AZ,OCO,,,home
34,regular,111,16,HON,YKW,,,home
34,playoff,10017,17,BER,SAR,35.0,10.0,home
34,playoff,10017,17,AZ,NOLA,30.0,3.0,home
34,playoff,10018,18,HON,AZ,41.0,28.0,home
34,playoff,10018,18,CHI,BER,23.0,20.0,home
34,playoff,10019,19,CHI,HON,33.0,27.0,home
35,regular,0,1,BER,CHI,,,home
35,regular,1,1,COL,OCO,,,away
35,regular,2,1,PHI,SAR,,,away
35,regular,3,1,HON,AZ,,,home
35,regular,4,1,BAL,YKW,,,home
35,regular,5,1,SJS,AUS,,,home
35,regular,6,1,NOLA,NYS,,,home
35,regular,7,2,COL,BER,,,away
35,regular,8,2,NYS,SJS,,,away
35,regular,9,2,YKW,PHI,,,home
35,regular,10,2,CHI,SAR,,,away
35,regular,11,2,AZ,OCO,,,home
35,regular,12,2,BAL,AUS,,,home
35,regular,13,2,NOLA,HON,,,home
35,regular,14,3,AUS,AZ,,,away
35,regular,15,3,HON,NYS,,,home
35,regular,16,3,YKW,SJS,,,home
35,regular,17,3,PHI,CHI,,,home
35,regular,18,3,BER,BAL,,,home
35,regular,19,3,SAR,COL,,,home
35,regular,20,3,OCO,NOLA,,,home
35,regular,21,4,AZ,NOLA,,,home
35,regular,22,4,SAR,BER,,,away
35,regular,23,4,SJS,HON,,,away
35,regular,24,4,PHI,NYS,,,home
35,regular,25,4,BAL,COL,,,home
35,regular,26,4,AUS,OCO,,,away
35,regular,27,4,CHI,YKW,,,home
35,regular,28,5,BER,PHI,,,away
35,regular,29,5,HON,AUS,,,home
35,regular,30,5,OCO,SJS,,,home
35,regular,31,5,SAR,NOLA,,,home
35,regular,32,5,YKW,COL,,,home
35,regular,33,5,CHI,BAL,,,home
35,regular,34,5,AZ,NYS,,,home
35,regular,35,6,NYS,AUS,,,home
35,regular,36,6,OCO,HON,,,away
35,regular,37,6,NOLA,SJS,,,away
35,regular,38,6,PHI,BAL,,,away
35,regular,39,6,BER,AZ,,,away
35,regular,40,6,YKW,SAR,,,home
35,regular,41,6,COL,CHI,,,away
35,regular,42,7,BAL,SAR,,,away
35,regular,43,7,COL,PHI,,,home
35,regular,44,7,AUS,NOLA,,,home
35,regular,45,7,NYS,OCO,,,home
35,regular,46,7,SJS,AZ,,,away
35,regular,47,7,BER,YKW,,,away
35,regular,48,7,CHI,HON,,,away
35,regular,49,8,AZ,CHI,,,home
35,regular,50,8,NOLA,COL,,,home
35,regular,51,8,NYS,SAR,,,home
35,regular,52,8,HON,PHI,,,home
35,regular,53,8,SJS,BER,,,home
35,regular,54,8,AUS,YKW,,,away
35,regular,55,8,OCO,BAL,,,home
35,regular,56,9,BAL,AZ,,,away
35,regular,57,9,BER,NOLA,,,home
35,regular,58,9,PHI,SJS,,,home
35,regular,59,9,SAR,HON,,,home
35,regular,60,9,YKW,OCO,,,away
35,regular,61,9,COL,AUS,,,home
35,regular,62,9,CHI,NYS,,,home
35,regular,63,10,CHI,COL,,,home
35,regular,64,10,NYS,AZ,,,home
35,regular,65,10,NOLA,PHI,,,home
35,regular,66,10,BAL,BER,,,home
35,regular,67,10,OCO,AUS,,,home
35,regular,68,10,SAR,YKW,,,away
35,regular,69,10,HON,SJS,,,home
35,regular,70,11,PHI,YKW,,,home
35,regular,71,11,BER,COL,,,home
35,regular,72,11,SJS,CHI,,,home
35,regular,73,11,SAR,BAL,,,away
35,regular,74,11,AZ,HON,,,home
35,regular,75,11,AUS,NYS,,,home
35,regular,76,11,NOLA,OCO,,,away
35,regular,77,12,HON,NOLA,,,home
35,regular,78,12,CHI,BER,,,home
35,regular,79,12,BAL,PHI,,,away
35,regular,80,12,AUS,SJS,,,home
35,regular,81,12,COL,SAR,,,away
35,regular,82,12,OCO,NYS,,,away
35,regular,83,12,AZ,YKW,,,home
35,regular,84,13,NYS,HON,,,away
35,regular,85,13,SJS,OCO,,,home
35,regular,86,13,AUS,BER,,,home
35,regular,87,13,YKW,BAL,,,away
35,regular,88,13,PHI,COL,,,home
35,regular,89,13,NOLA,AZ,,,home
35,regular,90,13,SAR,CHI,,,away
35,regular,91,14,BER,SAR,,,home
35,regular,92,14,NOLA,AUS,,,away
35,regular,93,14,SJS,NYS,,,home
35,regular,94,14,HON,BAL,,,home
35,regular,95,14,COL,YKW,,,home
35,regular,96,14,CHI,PHI,,,home
35,regular,97,14,OCO,AZ,,,away
35,regular,98,15,OCO,SAR,,,home
35,regular,99,15,AZ,SJS,,,home
35,regular,100,15,NYS,NOLA,,,away
35,regular,101,15,COL,BAL,,,away
35,regular,102,15,PHI,BER,,,away
35,regular,103,15,AUS,HON,,,away
35,regular,104,15,YKW,CHI,,,away
35,regular,105,16,NYS,COL,,,home
35,regular,106,16,BAL,CHI,,,home
35,regular,107,16,YKW,BER,,,home
35,regular,108,16,SAR,PHI,,,away
35,regular,109,16,AZ,AUS,,,home
35,regular,110,16,SJS,NOLA,,,home
35,regular,111,16,HON,OCO,,,home
35,playoff,10017,17,AZ,OCO,34.0,17.0,home
35,playoff,10017,17,CHI,YKW,24.0,20.0,home
35,playoff,10018,18,HON,AZ,26.0,20.0,home
35,playoff,10018,18,BAL,CHI,23.0,17.0,home
35,playoff,10019,19,HON,BAL,24.0,13.0,home
36,regular,0,1,OCO,SJS,,,away
36,regular,1,1,CHI,BAL,,,away
36,regular,2,1,COL,AUS,,,away
36,regular,3,1,PHI,YKW,,,home
36,regular,4,1,HON,AZ,,,home
36,regular,5,1,SAR,BER,,,home
36,regular,6,1,NOLA,NYS,,,away
36,regular,7,2,AZ,AUS,,,home
36,regular,8,2,SAR,NYS,,,home
36,regular,9,2,OCO,HON,,,home
36,regular,10,2,COL,CHI,,,away
36,regular,11,2,SJS,NOLA,,,home
36,regular,12,2,BER,PHI,,,away
36,regular,13,2,BAL,YKW,,,away
36,regular,14,3,CHI,SAR,,,home
36,regular,15,3,YKW,COL,,,home
36,regular,16,3,AUS,OCO,,,home
36,regular,17,3,NYS,AZ,,,away
36,regular,18,3,HON,SJS,,,home
36,regular,19,3,BER,NOLA,,,away
36,regular,20,3,PHI,BAL,,,home
36,regular,21,4,AZ,OCO,,,home
36,regular,22,4,YKW,CHI,,,away
36,regular,23,4,NOLA,HON,,,home
36,regular,24,4,PHI,SJS,,,home
36,regular,25,4,SAR,COL,,,home
36,regular,26,4,NYS,AUS,,,home
36,regular,27,4,BAL,BER,,,home
36,regular,28,5,BER,COL,,,away
36,regular,29,5,BAL,SAR,,,home
36,regular,30,5,AZ,SJS,,,away
36,regular,31,5,CHI,PHI,,,home
36,regular,32,5,HON,NYS,,,home
36,regular,33,5,AUS,NOLA,,,away
36,regular,34,5,YKW,OCO,,,home
36,regular,35,6,CHI,AZ,,,home
36,regular,36,6,BER,YKW,,,home
36,regular,37,6,COL,BAL,,,away
36,regular,38,6,SJS,NYS,,,home
36,regular,39,6,AUS,HON,,,away
36,regular,40,6,OCO,NOLA,,,home
36,regular,41,6,PHI,SAR,,,away
36,regular,42,7,BAL,HON,,,away
36,regular,43,7,SAR,YKW,,,home
36,regular,44,7,COL,PHI,,,home
36,regular,45,7,NYS,OCO,,,away
36,regular,46,7,SJS,AUS,,,home
36,regular,47,7,NOLA,AZ,,,home
36,regular,48,7,CHI,BER,,,home
36,regular,49,8,NYS,BER,,,away
36,regular,50,8,AUS,SAR,,,away
36,regular,51,8,AZ,BAL,,,home
36,regular,52,8,OCO,COL,,,home
36,regular,53,8,SJS,YKW,,,away
36,regular,54,8,HON,PHI,,,home
36,regular,55,8,NOLA,CHI,,,away
36,regular,56,9,BER,AUS,,,away
36,regular,57,9,COL,NYS,,,home
36,regular,58,9,BAL,SJS,,,away
36,regular,59,9,SAR,AZ,,,away
36,regular,60,9,CHI,OCO,,,home
36,regular,61,9,PHI,NOLA,,,home
36,regular,62,9,YKW,HON,,,home
36,regular,63,10,YKW,BER,,,home
36,regular,64,10,HON,NOLA,,,home
36,regular,65,10,BAL,COL,,,home
36,regular,66,10,SJS,AZ,,,home
36,regular,67,10,OCO,PHI,,,home
36,regular,68,10,SAR,CHI,,,home
36,regular,69,10,AUS,NYS,,,home
36,regular,70,11,OCO,AUS,,,home
36,regular,71,11,PHI,BER,,,home
36,regular,72,11,CHI,COL,,,home
36,regular,73,11,NOLA,BAL,,,home
36,regular,74,11,YKW,SAR,,,home
36,regular,75,11,AZ,HON,,,away
36,regular,76,11,NYS,SJS,,,home
36,regular,77,12,COL,YKW,,,away
36,regular,78,12,AUS,SJS,,,away
36,regular,79,12,AZ,BER,,,home
36,regular,80,12,HON,OCO,,,home
36,regular,81,12,BAL,CHI,,,away
36,regular,82,12,SAR,PHI,,,home
36,regular,83,12,NYS,NOLA,,,away
36,regular,84,13,PHI,COL,,,away
36,regular,85,13,OCO,AZ,,,away
36,regular,86,13,YKW,BAL,,,away
36,regular,87,13,SJS,HON,,,away
36,regular,88,13,NOLA,AUS,,,away
36,regular,89,13,NYS,CHI,,,away
36,regular,90,13,BER,SAR,,,away
36,regular,91,14,CHI,YKW,,,home
36,regular,92,14,OCO,NYS,,,away
36,regular,93,14,NOLA,SJS,,,home
36,regular,94,14,HON,SAR,,,away
36,regular,95,14,COL,BER,,,home
36,regular,96,14,BAL,PHI,,,away
36,regular,97,14,AUS,AZ,,,away
36,regular,98,15,PHI,CHI,,,home
36,regular,99,15,NYS,HON,,,away
36,regular,100,15,BER,BAL,,,away
36,regular,101,15,AUS,YKW,,,home
36,regular,102,15,AZ,NOLA,,,home
36,regular,103,15,SJS,OCO,,,home
36,regular,104,15,COL,SAR,,,away
36,regular,105,16,AZ,NYS,,,away
36,regular,106,16,NOLA,OCO,,,away
36,regular,107,16,HON,AUS,,,away
36,regular,108,16,SJS,COL,,,home
36,regular,109,16,SAR,BAL,,,home
36,regular,110,16,BER,CHI,,,away
36,regular,111,16,YKW,PHI,,,home
36,playoff,10017,17,SJS,AZ,13.0,28.0,away
36,playoff,10017,17,SAR,YKW,25.0,22.0,home
36,playoff,10018,18,HON,AZ,38.0,21.0,home
36,playoff,10018,18,CHI,SAR,2.0,22.0,away
36,playoff,10019,19,SAR,HON,28.0,31.0,away
37,regular,0,1,COL,BAL,,,away
37,regular,1,1,AUS,NOLA,,,away
37,regular,2,1,SJS,OCO,,,away
37,regular,3,1,SAR,CHI,,,home
37,regular,4,1,BER,NYS,,,away
37,regular,5,1,PHI,YKW,,,away
37,regular,6,1,HON,AZ,,,home
37,regular,7,2,CHI,YKW,,,away
37,regular,8,2,AZ,NYS,,,home
37,regular,9,2,COL,NOLA,,,home
37,regular,10,2,SJS,HON,,,away
37,regular,11,2,BER,SAR,,,away
37,regular,12,2,OCO,AUS,,,home
37,regular,13,2,BAL,PHI,,,home
37,regular,14,3,HON,OCO,,,away
37,regular,15,3,BAL,AUS,,,home
37,regular,16,3,PHI,CHI,,,home
37,regular,17,3,SAR,COL,,,home
37,regular,18,3,YKW,BER,,,home
37,regular,19,3,NYS,SJS,,,away
37,regular,20,3,NOLA,AZ,,,home
37,regular,21,4,COL,BER,,,away
37,regular,22,4,NOLA,NYS,,,home
37,regular,23,4,CHI,BAL,,,home
37,regular,24,4,AZ,SJS,,,home
37,regular,25,4,YKW,SAR,,,away
37,regular,26,4,AUS,HON,,,home
37,regular,27,4,PHI,OCO,,,home
37,regular,28,5,BAL,BER,,,home
37,regular,29,5,CHI,COL,,,home
37,regular,30,5,AZ,OCO,,,home
37,regular,31,5,SAR,PHI,,,away
37,regular,32,5,HON,NOLA,,,home
37,regular,33,5,NYS,AUS,,,home
37,regular,34,5,YKW,SJS,,,home
37,regular,35,6,NYS,HON,,,away
37,regular,36,6,SJS,AUS,,,home
37,regular,37,6,PHI,COL,,,home
37,regular,38,6,SAR,AZ,,,home
37,regular,39,6,BAL,YKW,,,away
37,regular,40,6,BER,CHI,,,away
37,regular,41,6,OCO,NOLA,,,home
37,regular,42,7,OCO,NYS,,,away
37,regular,43,7,AUS,AZ,,,home
37,regular,44,7,SAR,BAL,,,home
37,regular,45,7,CHI,HON,,,away
37,regular,46,7,COL,YKW,,,away
37,regular,47,7,BER,PHI,,,home
37,regular,48,7,NOLA,SJS,,,home
37,regular,49,8,AUS,SAR,,,away
37,regular,50,8,NOLA,BAL,,,away
37,regular,51,8,NYS,COL,,,away
37,regular,52,8,AZ,CHI,,,away
37,regular,53,8,SJS,BER,,,home
37,regular,54,8,OCO,YKW,,,away
37,regular,55,8,HON,PHI,,,away
37,regular,56,9,PHI,AUS,,,home
37,regular,57,9,YKW,HON,,,away
37,regular,58,9,BAL,NYS,,,home
37,regular,59,9,BER,NOLA,,,away
37,regular,60,9,CHI,OCO,,,home
37,regular,61,9,COL,AZ,,,away
37,regular,62,9,SAR,SJS,,,home
37,regular,63,10,SJS,PHI,,,home
37,regular,64,10,COL,SAR,,,home
37,regular,65,10,NYS,NOLA,,,away
37,regular,66,10,YKW,BAL,,,home
37,regular,67,10,HON,AUS,,,home
37,regular,68,10,CHI,BER,,,home
37,regular,69,10,OCO,AZ,,,away
37,regular,70,11,AZ,HON,,,home
37,regular,71,11,NOLA,OCO,,,home
37,regular,72,11,SJS,NYS,,,away
37,regular,73,11,PHI,BAL,,,home
37,regular,74,11,SAR,BER,,,away
37,regular,75,11,AUS,CHI,,,away
37,regular,76,11,YKW,COL,,,away
37,regular,77,12,NOLA,AUS,,,home
37,regular,78,12,BER,YKW,,,home
37,regular,79,12,NYS,OCO,,,home
37,regular,80,12,AZ,BAL,,,home
37,regular,81,12,HON,SJS,,,home
37,regular,82,12,CHI,SAR,,,home
37,regular,83,12,COL,PHI,,,away
37,regular,84,13,AUS,NYS,,,away
37,regular,85,13,NOLA,SAR,,,away
37,regular,86,13,BAL,COL,,,home
37,regular,87,13,PHI,BER,,,home
37,regular,88,13,SJS,AZ,,,away
37,regular,89,13,YKW,CHI,,,home
37,regular,90,13,OCO,HON,,,home
37,regular,91,14,BER,BAL,,,home
37,regular,92,14,CHI,PHI,,,home
37,regular,93,14,NYS,AZ,,,away
37,regular,94,14,SAR,YKW,,,home
37,regular,95,14,SJS,NOLA,,,home
37,regular,96,14,AUS,OCO,,,away
37,regular,97,14,HON,COL,,,away
37,regular,98,15,PHI,SAR,,,away
37,regular,99,15,NOLA,HON,,,home
37,regular,100,15,BAL,CHI,,,home
37,regular,101,15,NYS,YKW,,,away
37,regular,102,15,AZ,AUS,,,home
37,regular,103,15,OCO,SJS,,,home
37,regular,104,15,BER,COL,,,home
37,regular,105,16,COL,CHI,,,away
37,regular,106,16,BAL,SAR,,,away
37,regular,107,16,YKW,PHI,,,home
37,regular,108,16,AZ,NOLA,,,home
37,regular,109,16,AUS,SJS,,,away
37,regular,110,16,HON,NYS,,,home
37,regular,111,16,OCO,BER,,,away
37,playoff,10017,17,YKW,CHI,36.0,26.0,home
37,playoff,10017,17,NOLA,HON,10.0,27.0,away
37,playoff,10018,18,AZ,HON,31.0,19.0,home
37,playoff,10018,18,SAR,YKW,41.0,24.0,home
37,playoff,10019,19,SAR,AZ,11.0,31.0,away
38,regular,0,1,COL,AUS,,,away
38,regular,1,1,PHI,CHI,,,away
38,regular,2,1,AZ,NOLA,,,home
38,regular,3,1,BER,BAL,,,home
38,regular,4,1,NYS,SJS,,,home
38,regular,5,1,HON,OCO,,,away
38,regular,6,1,YKW,SAR,,,away
38,regular,7,2,OCO,NYS,,,away
38,regular,8,2,BAL,PHI,,,home
38,regular,9,2,SAR,CHI,,,away
38,regular,10,2,NOLA,AUS,,,away
38,regular,11,2,BER,SJS,,,away
38,regular,12,2,HON,AZ,,,away
38,regular,13,2,COL,YKW,,,away
38,regular,14,3,SJS,NOLA,,,home
38,regular,15,3,AZ,OCO,,,home
38,regular,16,3,BAL,NYS,,,away
38,regular,17,3,PHI,SAR,,,away
38,regular,18,3,YKW,BER,,,home
38,regular,19,3,CHI,COL,,,home
38,regular,20,3,AUS,HON,,,home
38,regular,21,4,CHI,YKW,,,away
38,regular,22,4,NYS,AZ,,,away
38,regular,23,4,PHI,OCO,,,home
38,regular,24,4,BER,COL,,,home
38,regular,25,4,SJS,AUS,,,away
38,regular,26,4,SAR,BAL,,,away
38,regular,27,4,NOLA,HON,,,home
38,regular,28,5,AZ,SJS,,,home
38,regular,29,5,AUS,NYS,,,away
38,regular,30,5,CHI,HON,,,home
38,regular,31,5,BAL,COL,,,home
38,regular,32,5,SAR,BER,,,home
38,regular,33,5,NOLA,OCO,,,away
38,regular,34,5,YKW,PHI,,,home
38,regular,35,6,AUS,AZ,,,home
38,regular,36,6,HON,NYS,,,away
38,regular,37,6,PHI,BER,,,home
38,regular,38,6,YKW,NOLA,,,away
38,regular,39,6,BAL,CHI,,,home
38,regular,40,6,COL,SAR,,,home
38,regular,41,6,OCO,SJS,,,home
38,regular,42,7,BER,CHI,,,home
38,regular,43,7,COL,PHI,,,home
38,regular,44,7,SJS,HON,,,home
38,regular,45,7,OCO,AUS,,,away
38,regular,46,7,NYS,NOLA,,,away
38,regular,47,7,YKW,BAL,,,home
38,regular,48,7,SAR,AZ,,,away
38,regular,49,8,HON,COL,,,away
38,regular,50,8,OCO,CHI,,,home
38,regular,51,8,AZ,PHI,,,home
38,regular,52,8,NYS,YKW,,,away
38,regular,53,8,SJS,BAL,,,away
38,regular,54,8,AUS,BER,,,away
38,regular,55,8,NOLA,SAR,,,away
38,regular,56,9,YKW,HON,,,home
38,regular,57,9,PHI,NYS,,,away
38,regular,58,9,CHI,AZ,,,away
38,regular,59,9,BAL,AUS,,,home
38,regular,60,9,COL,SJS,,,away
38,regular,61,9,SAR,OCO,,,away
38,regular,62,9,BER,NOLA,,,home
38,regular,63,10,SAR,COL,,,away
38,regular,64,10,OCO,NOLA,,,home
38,regular,65,10,HON,PHI,,,away
38,regular,66,10,BER,YKW,,,home
38,regular,67,10,AUS,SJS,,,away
38,regular,68,10,CHI,BAL,,,home
38,regular,69,10,AZ,NYS,,,home
38,regular,70,11,YKW,COL,,,home
38,regular,71,11,NYS,SAR,,,away
38,regular,72,11,CHI,BER,,,away
38,regular,73,11,NOLA,AZ,,,home
38,regular,74,11,SJS,OCO,,,home
38,regular,75,11,HON,AUS,,,away
38,regular,76,11,PHI,BAL,,,home
38,regular,77,12,SAR,YKW,,,away
38,regular,78,12,BER,PHI,,,home
38,regular,79,12,SJS,NYS,,,home
38,regular,80,12,COL,CHI,,,home
38,regular,81,12,AUS,OCO,,,away
38,regular,82,12,NOLA,BAL,,,home
38,regular,83,12,AZ,HON,,,home
38,regular,84,13,OCO,AZ,,,away
38,regular,85,13,NYS,AUS,,,home
38,regular,86,13,SJS,YKW,,,home
38,regular,87,13,BAL,BER,,,home
38,regular,88,13,PHI,COL,,,home
38,regular,89,13,HON,NOLA,,,away
38,regular,90,13,CHI,SAR,,,away
38,regular,91,14,HON,SJS,,,away
38,regular,92,14,NYS,OCO,,,home
38,regular,93,14,AZ,BER,,,home
38,regular,94,14,COL,BAL,,,away
38,regular,95,14,SAR,PHI,,,home
38,regular,96,14,AUS,NOLA,,,home
38,regular,97,14,YKW,CHI,,,away
38,regular,98,15,NOLA,NYS,,,home
38,regular,99,15,OCO,HON,,,home
38,regular,100,15,COL,BER,,,away
38,regular,101,15,PHI,YKW,,,home
38,regular,102,15,SJS,AZ,,,home
38,regular,103,15,BAL,SAR,,,home
38,regular,104,15,AUS,CHI,,,away
38,regular,105,16,BER,SAR,,,home
38,regular,106,16,BAL,YKW,,,away
38,regular,107,16,CHI,PHI,,,away
38,regular,108,16,NOLA,SJS,,,home
38,regular,109,16,NYS,HON,,,home
38,regular,110,16,AZ,AUS,,,home
38,regular,111,16,OCO,COL,,,home
38,playoff,10017,17,SJS,NYS,9.0,31.0,away
38,playoff,10017,17,YKW,BAL,38.0,32.0,home
38,playoff,10018,18,AZ,NYS,31.0,28.0,home
38,playoff,10018,18,BER,YKW,27.0,24.0,home
38,playoff,10019,19,AZ,BER,23.0,21.0,home
39,regular,0,1,NYS,OCO,,,away
39,regular,1,1,YKW,BER,,,home
39,regular,2,1,COL,HON,,,home
39,regular,3,1,SAR,BAL,,,home
39,regular,4,1,AZ,SJS,,,home
39,regular,5,1,CTC,CHI,,,home
39,regular,6,1,AUS,NOLA,,,home
39,regular,7,2,CTC,NOLA,,,away
39,regular,8,2,NYS,AZ,,,away
39,regular,9,2,COL,YKW,,,away
39,regular,10,2,OCO,AUS,,,away
39,regular,11,2,CHI,SAR,,,away
39,regular,12,2,BER,BAL,,,home
39,regular,13,2,SJS,HON,,,home
39,regular,14,3,BAL,COL,,,home
39,regular,15,3,HON,NYS,,,away
39,regular,16,3,NOLA,SJS,,,home
39,regular,17,3,AZ,OCO,,,home
39,regular,18,3,CHI,AUS,,,home
39,regular,19,3,SAR,BER,,,home
39,regular,20,3,YKW,CTC,,,home
39,regular,21,4,SJS,NYS,,,home
39,regular,22,4,BAL,YKW,,,away
39,regular,23,4,AUS,AZ,,,home
39,regular,24,4,SAR,OCO,,,home
39,regular,25,4,CTC,COL,,,away
39,regular,26,4,NOLA,HON,,,home
39,regular,27,4,BER,CHI,,,away
39,regular,28,5,BER,CTC,,,away
39,regular,29,5,SJS,OCO,,,home
39,regular,30,5,YKW,SAR,,,home
39,regular,31,5,AZ,NOLA,,,away
39,regular,32,5,HON,AUS,,,away
39,regular,33,5,BAL,NYS,,,away
39,regular,34,5,CHI,COL,,,away
39,regular,35,6,CHI,BAL,,,away
39,regular,36,6,COL,BER,,,away
39,regular,37,6,OCO,NOLA,,,home
39,regular,38,6,HON,AZ,,,away
39,regular,39,6,NYS,AUS,,,away
39,regular,40,6,SAR,CTC,,,home
39,regular,41,6,YKW,SJS,,,home
39,regular,42,7,CTC,BAL,,,home
39,regular,43,7,COL,SAR,,,away
39,regular,44,7,NOLA,NYS,,,away
39,regular,45,7,OCO,HON,,,home
39,regular,46,7,AUS,SJS,,,home
39,regular,47,7,YKW,CHI,,,home
39,regular,48,7,BER,AZ,,,away
39,regular,49,8,NOLA,CHI,,,away
39,regular,50,8,HON,CTC,,,home
39,regular,51,8,SJS,BER,,,home
39,regular,52,8,NYS,COL,,,away
39,regular,53,8,OCO,BAL,,,away
39,regular,54,8,AZ,SAR,,,home
39,regular,55,8,AUS,YKW,,,away
39,regular,56,9,COL,NOLA,,,home
39,regular,57,9,BER,OCO,,,away
39,regular,58,9,CTC,SJS,,,home
39,regular,59,9,YKW,NYS,,,home
39,regular,60,9,SAR,AUS,,,away
39,regular,61,9,BAL,AZ,,,home
39,regular,62,9,CHI,HON,,,home
39,regular,63,10,AZ,AUS,,,home
39,regular,64,10,BER,COL,,,home
39,regular,65,10,OCO,SJS,,,away
39,regular,66,10,NYS,SAR,,,away
39,regular,67,10,CTC,YKW,,,away
39,regular,68,10,HON,NOLA,,,away
39,regular,69,10,BAL,CHI,,,away
39,regular,70,11,NYS,HON,,,home
39,regular,71,11,SAR,CHI,,,away
39,regular,72,11,YKW,COL,,,home
39,regular,73,11,AUS,BER,,,home
39,regular,74,11,BAL,CTC,,,away
39,regular,75,11,SJS,AZ,,,home
39,regular,76,11,NOLA,OCO,,,home
39,regular,77,12,HON,OCO,,,home
39,regular,78,12,SJS,CHI,,,away
39,regular,79,12,AZ,NYS,,,home
39,regular,80,12,BER,YKW,,,home
39,regular,81,12,CTC,SAR,,,home
39,regular,82,12,NOLA,AUS,,,home
39,regular,83,12,COL,BAL,,,home
39,regular,84,13,NYS,SJS,,,home
39,regular,85,13,BAL,BER,,,home
39,regular,86,13,OCO,AZ,,,away
39,regular,87,13,AUS,HON,,,home
39,regular,88,13,NOLA,YKW,,,away
39,regular,89,13,CHI,CTC,,,home
39,regular,90,13,SAR,COL,,,tie
39,regular,91,14,YKW,BAL,,,home
39,regular,92,14,NYS,NOLA,,,home
39,regular,93,14,AUS,OCO,,,home
39,regular,94,14,AZ,CTC,,,away
39,regular,95,14,COL,CHI,,,home
39,regular,96,14,BER,SAR,,,away
39,regular,97,14,HON,SJS,,,home
39,regular,98,15,NOLA,AZ,,,away
39,regular,99,15,CHI,BER,,,home
39,regular,100,15,HON,BAL,,,away
39,regular,101,15,SJS,AUS,,,home
39,regular,102,15,OCO,NYS,,,tie
39,regular,103,15,COL,CTC,,,home
39,regular,104,15,SAR,YKW,,,home
39,regular,105,16,AUS,NYS,,,home
39,regular,106,16,AZ,HON,,,home
39,regular,107,16,OCO,COL,,,away
39,regular,108,16,CTC,BER,,,home
39,regular,109,16,CHI,YKW,,,home
39,regular,110,16,BAL,SAR,,,away
39,regular,111,16,SJS,NOLA,,,away
39,playoff,10017,17,AUS,NOLA,21.0,22.0,away
39,playoff,10017,17,SAR,CHI,22.0,24.0,away
39,playoff,10018,18,AZ,NOLA,37.0,24.0,home
39,playoff,10018,18,YKW,CHI,48.0,27.0,home
39,playoff,10019,19,YKW,AZ,34.0,6.0,home
40,regular,0,1,CTC,BAL,,,home
40,regular,1,1,CHI,COL,,,home
40,regular,2,1,AUS,AZ,,,away
40,regular,3,1,HON,BER,,,away
40,regular,4,1,SJS,NOLA,,,away
40,regular,5,1,YKW,SAR,,,home
40,regular,6,1,OCO,NYS,,,away
40,regular,7,2,AZ,NOLA,,,home
40,regular,8,2,SAR,BER,,,home
40,regular,9,2,OCO,BAL,,,home
40,regular,10,2,CHI,YKW,,,away
40,regular,11,2,HON,AUS,,,away
40,regular,12,2,COL,CTC,,,away
40,regular,13,2,NYS,SJS,,,away
40,regular,14,3,NYS,CTC,,,away
40,regular,15,3,SJS,AZ,,,home
40,regular,16,3,AUS,OCO,,,home
40,regular,17,3,NOLA,HON,,,home
40,regular,18,3,BER,CHI,,,away
40,regular,19,3,BAL,SAR,,,home
40,regular,20,3,YKW,COL,,,away
40,regular,21,4,BAL,BER,,,home
40,regular,22,4,AZ,NYS,,,home
40,regular,23,4,SAR,CHI,,,away
40,regular,24,4,NOLA,AUS,,,away
40,regular,25,4,CTC,YKW,,,away
40,regular,26,4,SJS,COL,,,away
40,regular,27,4,OCO,HON,,,away
40,regular,28,5,NYS,HON,,,away
40,regular,29,5,AZ,OCO,,,home
40,regular,30,5,SAR,COL,,,home
40,regular,31,5,AUS,SJS,,,home
40,regular,32,5,YKW,BAL,,,home
40,regular,33,5,BER,CTC,,,away
40,regular,34,5,NOLA,CHI,,,home
40,regular,35,6,CHI,CTC,,,home
40,regular,36,6,SJS,OCO,,,away
40,regular,37,6,AUS,SAR,,,away
40,regular,38,6,NYS,NOLA,,,home
40,regular,39,6,HON,AZ,,,away
40,regular,40,6,COL,BAL,,,home
40,regular,41,6,BER,YKW,,,away
40,regular,42,7,CTC,SAR,,,home
40,regular,43,7,AUS,NYS,,,home
40,regular,44,7,AZ,YKW,,,home
40,regular,45,7,OCO,NOLA,,,home
40,regular,46,7,HON,SJS,,,away
40,regular,47,7,BAL,CHI,,,away
40,regular,48,7,COL,BER,,,home
40,regular,49,8,BAL,NYS,,,home
40,regular,50,8,BER,OCO,,,tie
40,regular,51,8,SAR,AZ,,,away
40,regular,52,8,CHI,HON,,,home
40,regular,53,8,COL,NOLA,,,away
40,regular,54,8,YKW,SJS,,,home
40,regular,55,8,CTC,AUS,,,home
40,regular,56,9,SJS,CTC,,,away
40,regular,57,9,NOLA,YKW,,,away
40,regular,58,9,NYS,BER,,,away
40,regular,59,9,HON,BAL,,,home
40,regular,60,9,AZ,COL,,,home
40,regular,61,9,OCO,SAR,,,away
40,regular,62,9,AUS,CHI,,,away
40,regular,63,10,OCO,AUS,,,home
40,regular,64,10,BER,BAL,,,home
40,regular,65,10,NOLA,NYS,,,home
40,regular,66,10,YKW,CTC,,,home
40,regular,67,10,AZ,HON,,,home
40,regular,68,10,COL,SAR,,,tie
40,regular,69,10,CHI,SJS,,,home
40,regular,70,11,BAL,COL,,,home
40,regular,71,11,CHI,BER,,,home
40,regular,72,11,SJS,NYS,,,home
40,regular,73,11,AUS,HON,,,home
40,regular,74,11,CTC,AZ,,,home
40,regular,75,11,NOLA,OCO,,,away
40,regular,76,11,SAR,YKW,,,home
40,regular,77,12,BAL,CTC,,,home
40,regular,78,12,HON,NOLA,,,home
40,regular,79,12,BER,COL,,,home
40,regular,80,12,SAR,NYS,,,away
40,regular,81,12,YKW,CHI,,,home
40,regular,82,12,AZ,AUS,,,home
40,regular,83,12,OCO,SJS,,,home
40,regular,84,13,BAL,AUS,,,away
40,regular,85,13,NYS,OCO,,,away
40,regular,86,13,SJS,HON,,,home
40,regular,87,13,CHI,SAR,,,home
40,regular,88,13,NOLA,AZ,,,away
40,regular,89,13,COL,YKW,,,home
40,regular,90,13,CTC,BER,,,home
40,regular,91,14,AZ,SJS,,,home
40,regular,92,14,BER,SAR,,,away
40,regular,93,14,AUS,NOLA,,,home
40,regular,94,14,CHI,BAL,,,home
40,regular,95,14,CTC,COL,,,away
40,regular,96,14,YKW,OCO,,,home
40,regular,97,14,HON,NYS,,,away
40,regular,98,15,SJS,AUS,,,away
40,regular,99,15,BAL,YKW,,,away
40,regular,100,15,NYS,AZ,,,away
40,regular,101,15,BER,NOLA,,,home
40,regular,102,15,SAR,CTC,,,home
40,regular,103,15,COL,CHI,,,away
40,regular,104,15,HON,OCO,,,home
40,regular,105,16,NYS,AUS,,,away
40,regular,106,16,NOLA,SJS,,,home
40,regular,107,16,SAR,BAL,,,home
40,regular,108,16,CTC,CHI,,,home
40,regular,109,16,YKW,BER,,,home
40,regular,110,16,COL,HON,,,home
40,regular,111,16,OCO,AZ,,,away
40,playoff,10017,17,AUS,OCO,13.0,20.0,away
40,playoff,10017,17,CHI,CTC,31.0,20.0,home
40,playoff,10018,18,AZ,OCO,37.0,17.0,home
40,playoff,10018,18,YKW,CHI,33.0,17.0,home
40,playoff,10019,19,AZ,YKW,45.0,21.0,home
41,regular,0,1,NOLA,OCO,,,away
41,regular,1,1,YKW,CHI,,,home
41,regular,2,1,HON,SJS,,,home
41,regular,3,1,COL,BER,,,home
41,regular,4,1,CTC,SAR,,,home
41,regular,5,1,AUS,AZ,,,away
41,regular,6,1,NYS,BAL,,,home
41,regular,7,2,SJS,NOLA,,,away
41,regular,8,2,AZ,OCO,,,away
41,regular,9,2,CHI,BAL,,,home
41,regular,10,2,HON,BER,,,home
41,regular,11,2,CTC,YKW,,,home
41,regular,12,2,NYS,AUS,,,away
41,regular,13,2,SAR,COL,,,home
41,regular,14,3,BER,CHI,,,home
41,regular,15,3,YKW,SAR,,,home
41,regular,16,3,SJS,COL,,,home
41,regular,17,3,NOLA,AZ,,,away
41,regular,18,3,AUS,HON,,,away
41,regular,19,3,OCO,NYS,,,home
41,regular,20,3,BAL,CTC,,,away
41,regular,21,4,COL,YKW,,,away
41,regular,22,4,NOLA,SAR,,,away
41,regular,23,4,HON,NYS,,,home
41,regular,24,4,BER,BAL,,,away
41,regular,25,4,AZ,SJS,,,away
41,regular,26,4,CHI,CTC,,,home
41,regular,27,4,OCO,AUS,,,away
41,regular,28,5,BAL,COL,,,away
41,regular,29,5,OCO,CTC,,,home
41,regular,30,5,SJS,NYS,,,home
41,regular,31,5,AZ,HON,,,away
41,regular,32,5,CHI,SAR,,,home
41,regular,33,5,AUS,NOLA,,,home
41,regular,34,5,YKW,BER,,,home
41,regular,35,6,BAL,YKW,,,home
41,regular,36,6,CTC,COL,,,home
41,regular,37,6,NOLA,HON,,,away
41,regular,38,6,AUS,CHI,,,away
41,regular,39,6,SJS,OCO,,,away
41,regular,40,6,NYS,AZ,,,home
41,regular,41,6,SAR,BER,,,home
41,regular,42,7,NYS,NOLA,,,home
41,regular,43,7,BER,CTC,,,away
41,regular,44,7,SAR,BAL,,,home
41,regular,45,7,COL,CHI,,,away
41,regular,46,7,AUS,SJS,,,home
41,regular,47,7,AZ,YKW,,,away
41,regular,48,7,HON,OCO,,,home
41,regular,49,8,SAR,OCO,,,home
41,regular,50,8,YKW,NOLA,,,home
41,regular,51,8,COL,AUS,,,home
41,regular,52,8,BER,SJS,,,away
41,regular,53,8,BAL,HON,,,home
41,regular,54,8,CHI,AZ,,,away
41,regular,55,8,CTC,NYS,,,home
41,regular,56,9,NOLA,COL,,,away
41,regular,57,9,OCO,YKW,,,away
41,regular,58,9,SJS,BAL,,,home
41,regular,59,9,NYS,BER,,,away
41,regular,60,9,AZ,SAR,,,home
41,regular,61,9,HON,CHI,,,away
41,regular,62,9,AUS,CTC,,,away
41,regular,63,10,AZ,NYS,,,home
41,regular,64,10,SAR,CHI,,,home
41,regular,65,10,CTC,NOLA,,,home
41,regular,66,10,HON,AUS,,,home
41,regular,67,10,BAL,BER,,,home
41,regular,68,10,OCO,SJS,,,home
41,regular,69,10,YKW,COL,,,away
41,regular,70,11,COL,AZ,,,away
41,regular,71,11,OCO,HON,,,home
41,regular,72,11,CHI,YKW,,,away
41,regular,73,11,BER,SAR,,,away
41,regular,74,11,CTC,BAL,,,home
41,regular,75,11,NOLA,SJS,,,away
41,regular,76,11,AUS,NYS,,,away
41,regular,77,12,HON,NOLA,,,home
41,regular,78,12,BER,COL,,,home
41,regular,79,12,NYS,OCO,,,away
41,regular,80,12,BAL,SAR,,,away
41,regular,81,12,CHI,SJS,,,home
41,regular,82,12,YKW,CTC,,,away
41,regular,83,12,AZ,AUS,,,home
41,regular,84,13,SAR,YKW,,,away
41,regular,85,13,COL,BAL,,,away
41,regular,86,13,BER,AUS,,,home
41,regular,87,13,SJS,HON,,,away
41,regular,88,13,NOLA,NYS,,,away
41,regular,89,13,CTC,CHI,,,away
41,regular,90,13,OCO,AZ,,,away
41,regular,91,14,COL,SAR,,,away
41,regular,92,14,YKW,HON,,,away
41,regular,93,14,NYS,SJS,,,away
41,regular,94,14,AZ,NOLA,,,home
41,regular,95,14,BAL,CHI,,,away
41,regular,96,14,AUS,OCO,,,home
41,regular,97,14,CTC,BER,,,home
41,regular,98,15,SAR,CTC,,,away
41,regular,99,15,NYS,HON,,,home
41,regular,100,15,NOLA,AUS,,,away
41,regular,101,15,BER,YKW,,,away
41,regular,102,15,SJS,AZ,,,away
41,regular,103,15,BAL,OCO,,,away
41,regular,104,15,CHI,COL,,,away
41,regular,105,16,HON,AZ,,,away
41,regular,106,16,SJS,AUS,,,away
41,regular,107,16,OCO,NOLA,,,home
41,regular,108,16,CHI,BER,,,away
41,regular,109,16,COL,CTC,,,away
41,regular,110,16,YKW,BAL,,,away
41,regular,111,16,SAR,NYS,,,away
41,playoff,10017,17,AZ,OCO,34.0,26.0,home
41,playoff,10017,17,YKW,SAR,16.0,40.0,away
41,playoff,10018,18,HON,AZ,20.0,43.0,away
41,playoff,10018,18,CTC,SAR,34.0,20.0,home
41,playoff,10019,19,CTC,AZ,20.0,18.0,home
42,regular,0,1,SAR,CHI,,,home
42,regular,1,1,AZ,HON,,,away
42,regular,2,1,NOLA,BER,,,away
42,regular,3,1,AUS,OCO,,,away
42,regular,4,1,CTC,YKW,,,home
42,regular,5,1,NYS,SJS,,,away
42,regular,6,1,BAL,COL,,,home
42,regular,7,2,AUS,HON,,,home
42,regular,8,2,AZ,NYS,,,home
42,regular,9,2,OCO,NOLA,,,home
42,regular,10,2,BER,SAR,,,home
42,regular,11,2,COL,YKW,,,away
42,regular,12,2,CTC,CHI,,,home
42,regular,13,2,SJS,BAL,,,away
42,regular,14,3,SJS,AUS,,,away
42,regular,15,3,HON,OCO,,,home
42,regular,16,3,YKW,BER,,,home
42,regular,17,3,NYS,COL,,,home
42,regular,18,3,SAR,CTC,,,home
42,regular,19,3,NOLA,AZ,,,away
42,regular,20,3,CHI,BAL,,,away
42,regular,21,4,YKW,SAR,,,home
42,regular,22,4,OCO,AZ,,,away
42,regular,23,4,BAL,CTC,,,home
42,regular,24,4,AUS,CHI,,,home
42,regular,25,4,NYS,NOLA,,,home
42,regular,26,4,COL,BER,,,away
42,regular,27,4,HON,SJS,,,home
42,regular,28,5,YKW,CHI,,,away
42,regular,29,5,AZ,AUS,,,home
42,regular,30,5,CTC,COL,,,away
42,regular,31,5,BER,BAL,,,home
42,regular,32,5,OCO,SAR,,,away
42,regular,33,5,SJS,NOLA,,,away
42,regular,34,5,HON,NYS,,,home
42,regular,35,6,AZ,SJS,,,home
42,regular,36,6,HON,CTC,,,away
42,regular,37,6,NYS,OCO,,,home
42,regular,38,6,NOLA,AUS,,,away
42,regular,39,6,COL,SAR,,,away
42,regular,40,6,CHI,BER,,,home
42,regular,41,6,BAL,YKW,,,away
42,regular,42,7,BER,CTC,,,away
42,regular,43,7,SAR,BAL,,,away
42,regular,44,7,AUS,NYS,,,home
42,regular,45,7,AZ,YKW,,,home
42,regular,46,7,SJS,OCO,,,home
42,regular,47,7,NOLA,HON,,,away
42,regular,48,7,CHI,COL,,,away
42,regular,49,8,BER,NYS,,,away
42,regular,50,8,YKW,HON,,,away
42,regular,51,8,SAR,NOLA,,,home
42,regular,52,8,CHI,OCO,,,away
42,regular,53,8,CTC,AUS,,,away
42,regular,54,8,BAL,AZ,,,home
42,regular,55,8,COL,SJS,,,home
42,regular,56,9,BER,COL,,,home
42,regular,57,9,OCO,SJS,,,away
42,regular,58,9,CTC,BAL,,,home
42,regular,59,9,HON,NOLA,,,home
42,regular,60,9,CHI,YKW,,,away
42,regular,61,9,SAR,AUS,,,away
42,regular,62,9,NYS,AZ,,,home
42,regular,63,10,SAR,BER,,,home
42,regular,64,10,AUS,SJS,,,away
42,regular,65,10,AZ,NOLA,,,home
42,regular,66,10,BAL,HON,,,home
42,regular,67,10,OCO,NYS,,,away
42,regular,68,10,YKW,CTC,,,away
42,regular,69,10,COL,CHI,,,home
42,regular,70,11,AUS,BAL,,,home
42,regular,71,11,OCO,CTC,,,away
42,regular,72,11,SJS,BER,,,away
42,regular,73,11,NOLA,COL,,,away
42,regular,74,11,HON,CHI,,,home
42,regular,75,11,NYS,YKW,,,home
42,regular,76,11,AZ,SAR,,,home
42,regular,77,12,YKW,SJS,,,away
42,regular,78,12,CTC,SAR,,,away
42,regular,79,12,HON,AZ,,,away
42,regular,80,12,NYS,AUS,,,home
42,regular,81,12,COL,BAL,,,away
42,regular,82,12,NOLA,OCO,,,away
42,regular,83,12,BER,CHI,,,home
42,regular,84,13,OCO,HON,,,home
42,regular,85,13,CHI,CTC,,,home
42,regular,86,13,BAL,BER,,,away
42,regular,87,13,COL,AZ,,,away
42,regular,88,13,SJS,NYS,,,away
42,regular,89,13,AUS,NOLA,,,home
42,regular,90,13,SAR,YKW,,,away
42,regular,91,14,AZ,OCO,,,home
42,regular,92,14,SAR,COL,,,away
42,regular,93,14,BAL,CHI,,,home
42,regular,94,14,CTC,NYS,,,home
42,regular,95,14,NOLA,SJS,,,away
42,regular,96,14,HON,AUS,,,home
42,regular,97,14,BER,YKW,,,away
42,regular,98,15,SJS,HON,,,away
42,regular,99,15,BER,OCO,,,home
42,regular,100,15,YKW,BAL,,,away
42,regular,101,15,CHI,SAR,,,away
42,regular,102,15,NOLA,NYS,,,away
42,regular,103,15,AUS,AZ,,,away
42,regular,104,15,COL,CTC,,,away
42,regular,105,16,CTC,BER,,,home
42,regular,106,16,CHI,NOLA,,,home
42,regular,107,16,NYS,HON,,,home
42,regular,108,16,SJS,AZ,,,away
42,regular,109,16,OCO,AUS,,,away
42,regular,110,16,YKW,COL,,,home
42,regular,111,16,BAL,SAR,,,home
42,playoff,10017,17,NYS,HON,7.0,27.0,away
42,playoff,10017,17,CTC,BER,13.0,16.0,away
42,playoff,10018,18,AZ,HON,34.0,10.0,home
42,playoff,10018,18,BAL,BER,10.0,24.0,away
42,playoff,10019,19,AZ,BER,38.0,14.0,home
43,regular,0,1,BER,YKW,,,home
43,regular,1,1,NYS,AZ,,,home
43,regular,2,1,NOLA,CHI,,,away
43,regular,3,1,AUS,HON,,,home
43,regular,4,1,BAL,CTC,,,home
43,regular,5,1,OCO,SJS,,,home
43,regular,6,1,SAR,COL,,,home
43,regular,7,2,COL,CTC,,,away
43,regular,8,2,BAL,YKW,,,home
43,regular,9,2,SJS,SAR,,,away
43,regular,10,2,AUS,AZ,,,away
43,regular,11,2,NYS,OCO,,,home
43,regular,12,2,HON,NOLA,,,home
43,regular,13,2,CHI,BER,,,away
43,regular,14,3,BER,BAL,,,away
43,regular,15,3,NOLA,NYS,,,away
43,regular,16,3,YKW,SAR,,,away
43,regular,17,3,SJS,AUS,,,away
43,regular,18,3,AZ,HON,,,home
43,regular,19,3,CTC,CHI,,,home
43,regular,20,3,OCO,COL,,,away
43,regular,21,4,AZ,SJS,,,home
43,regular,22,4,CTC,BER,,,home
43,regular,23,4,HON,NYS,,,away
43,regular,24,4,SAR,BAL,,,away
43,regular,25,4,AUS,YKW,,,away
43,regular,26,4,OCO,NOLA,,,home
43,regular,27,4,COL,CHI,,,home
43,regular,28,5,SJS,NOLA,,,home
43,regular,29,5,AZ,OCO,,,home
43,regular,30,5,CTC,YKW,,,away
43,regular,31,5,NYS,AUS,,,home
43,regular,32,5,BAL,COL,,,home
43,regular,33,5,CHI,SAR,,,away
43,regular,34,5,HON,BER,,,away
43,regular,35,6,COL,BER,,,home
43,regular,36,6,YKW,CHI,,,home
43,regular,37,6,SAR,CTC,,,away
43,regular,38,6,NYS,SJS,,,away
43,regular,39,6,AZ,BAL,,,home
43,regular,40,6,OCO,HON,,,home
43,regular,41,6,NOLA,AUS,,,away
43,regular,42,7,NOLA,AZ,,,home
43,regular,43,7,YKW,COL,,,home
43,regular,44,7,CHI,BAL,,,away
43,regular,45,7,BER,SAR,,,home
43,regular,46,7,AUS,OCO,,,home
43,regular,47,7,NYS,CTC,,,away
43,regular,48,7,SJS,HON,,,away
43,regular,49,8,COL,SJS,,,away
43,regular,50,8,CHI,OCO,,,away
43,regular,51,8,CTC,AZ,,,home
43,regular,52,8,BER,NOLA,,,home
43,regular,53,8,YKW,HON,,,home
43,regular,54,8,BAL,AUS,,,tie
43,regular,55,8,SAR,NYS,,,away
43,regular,56,9,YKW,CTC,,,away
43,regular,57,9,BER,AUS,,,away
43,regular,58,9,OCO,NYS,,,away
43,regular,59,9,CHI,COL,,,away
43,regular,60,9,HON,SJS,,,home
43,regular,61,9,BAL,SAR,,,home
43,regular,62,9,AZ,NOLA,,,home
43,regular,63,10,HON,OCO,,,home
43,regular,64,10,CTC,BAL,,,away
43,regular,65,10,COL,YKW,,,home
43,regular,66,10,BER,CHI,,,away
43,regular,67,10,AUS,SJS,,,home
43,regular,68,10,NYS,NOLA,,,home
43,regular,69,10,SAR,AZ,,,home
43,regular,70,11,AUS,SAR,,,away
43,regular,71,11,HON,BAL,,,away
43,regular,72,11,SJS,CHI,,,home
43,regular,73,11,NOLA,COL,,,away
43,regular,74,11,AZ,YKW,,,home
43,regular,75,11,OCO,CTC,,,away
43,regular,76,11,NYS,BER,,,home
43,regular,77,12,COL,SAR,,,home
43,regular,78,12,NOLA,HON,,,away
43,regular,79,12,CHI,YKW,,,away
43,regular,80,12,CTC,SJS,,,home
43,regular,81,12,BAL,BER,,,home
43,regular,82,12,AZ,NYS,,,away
43,regular,83,12,OCO,AUS,,,home
43,regular,84,13,SJS,OCO,,,away
43,regular,85,13,AUS,NOLA,,,home
43,regular,86,13,BER,CTC,,,home
43,regular,87,13,HON,AZ,,,home
43,regular,88,13,YKW,BAL,,,away
43,regular,89,13,SAR,CHI,,,away
43,regular,90,13,COL,NYS,,,away
43,regular,91,14,CHI,CTC,,,away
43,regular,92,14,NYS,HON,,,home
43,regular,93,14,BER,COL,,,home
43,regular,94,14,SAR,YKW,,,home
43,regular,95,14,BAL,OCO,,,home
43,regular,96,14,NOLA,SJS,,,away
43,regular,97,14,AZ,AUS,,,home
43,regular,98,15,AUS,NYS,,,away
43,regular,99,15,COL,BAL,,,home
43,regular,100,15,SJS,AZ,,,home
43,regular,101,15,CHI,HON,,,away
43,regular,102,15,CTC,SAR,,,home
43,regular,103,15,YKW,BER,,,away
43,regular,104,15,NOLA,OCO,,,away
43,regular,105,16,HON,AUS,,,home
43,regular,106,16,CTC,COL,,,home
43,regular,107,16,SAR,BER,,,home
43,regular,108,16,BAL,CHI,,,home
43,regular,109,16,YKW,NOLA,,,home
43,regular,110,16,OCO,AZ,,,away
43,regular,111,16,SJS,NYS,,,away
43,playoff,10017,17,AZ,HON,32.0,27.0,home
43,playoff,10017,17,CTC,COL,55.0,28.0,home
43,playoff,10018,18,BAL,CTC,19.0,17.0,home
43,playoff,10018,18,NYS,AZ,20.0,13.0,home
43,playoff,10019,19,NYS,BAL,10.0,16.0,away
44,regular,0,1,BAL,CTC,,,away
44,regular,1,1,SJS,OCO,,,home
44,regular,2,1,SAR,YKW,,,away
44,regular,3,1,COL,BER,,,home
44,regular,4,1,AZ,NYS,,,home
44,regular,5,1,NOLA,CHI,,,home
44,regular,6,1,AUS,HON,,,home
44,regular,7,2,YKW,CTC,,,away
44,regular,8,2,BAL,BER,,,home
44,regular,9,2,OCO,SAR,,,home
44,regular,10,2,AUS,NYS,,,away
44,regular,11,2,AZ,SJS,,,home
44,regular,12,2,HON,NOLA,,,home
44,regular,13,2,CHI,COL,,,away
44,regular,14,3,NYS,HON,,,home
44,regular,15,3,CTC,CHI,,,home
44,regular,16,3,SJS,YKW,,,away
44,regular,17,3,COL,BAL,,,away
44,regular,18,3,NOLA,AZ,,,away
44,regular,19,3,BER,SAR,,,home
44,regular,20,3,OCO,AUS,,,away
44,regular,21,4,AUS,BER,,,away
44,regular,22,4,SJS,NOLA,,,home
44,regular,23,4,YKW,CHI,,,away
44,regular,24,4,NYS,OCO,,,home
44,regular,25,4,CTC,COL,,,home
44,regular,26,4,HON,AZ,,,home
44,regular,27,4,SAR,BAL,,,home
44,regular,28,5,HON,COL,,,home
44,regular,29,5,OCO,NOLA,,,home
44,regular,30,5,NYS,SJS,,,home
44,regular,31,5,CTC,BER,,,home
44,regular,32,5,AZ,AUS,,,home
44,regular,33,5,BAL,YKW,,,home
44,regular,34,5,CHI,SAR,,,away
44,regular,35,6,SJS,HON,,,away
44,regular,36,6,NOLA,AUS,,,away
44,regular,37,6,YKW,COL,,,home
44,regular,38,6,BER,CHI,,,home
44,regular,39,6,SAR,CTC,,,away
44,regular,40,6,AZ,OCO,,,away
44,regular,41,6,NYS,BAL,,,away
44,regular,42,7,AUS,SJS,,,home
44,regular,43,7,AZ,CTC,,,home
44,regular,44,7,OCO,HON,,,away
44,regular,45,7,NOLA,NYS,,,away
44,regular,46,7,BER,YKW,,,home
44,regular,47,7,CHI,BAL,,,away
44,regular,48,7,COL,SAR,,,home
44,regular,49,8,BAL,AUS,,,home
44,regular,50,8,SAR,AZ,,,home
44,regular,51,8,YKW,OCO,,,home
44,regular,52,8,CHI,SJS,,,home
44,regular,53,8,CTC,NYS,,,home
44,regular,54,8,COL,NOLA,,,away
44,regular,55,8,BER,HON,,,away
44,regular,56,9,NYS,NOLA,,,home
44,regular,57,9,BER,CTC,,,away
44,regular,58,9,COL,AUS,,,away
44,regular,59,9,SJS,AZ,,,away
44,regular,60,9,CHI,YKW,,,away
44,regular,61,9,HON,OCO,,,home
44,regular,62,9,BAL,SAR,,,away
44,regular,63,10,AUS,OCO,,,home
44,regular,64,10,AZ,NOLA,,,home
44,regular,65,10,SAR,NYS,,,home
44,regular,66,10,HON,SJS,,,home
44,regular,67,10,CTC,BAL,,,away
44,regular,68,10,YKW,BER,,,away
44,regular,69,10,COL,CHI,,,away
44,regular,70,11,NYS,BER,,,home
44,regular,71,11,SJS,CTC,,,away
44,regular,72,11,AZ,COL,,,away
44,regular,73,11,AUS,SAR,,,home
44,regular,74,11,HON,BAL,,,away
44,regular,75,11,OCO,CHI,,,home
44,regular,76,11,NOLA,YKW,,,home
44,regular,77,12,YKW,SAR,,,away
44,regular,78,12,NOLA,HON,,,away
44,regular,79,12,CHI,BER,,,away
44,regular,80,12,CTC,OCO,,,home
44,regular,81,12,BAL,COL,,,home
44,regular,82,12,NYS,AZ,,,home
44,regular,83,12,SJS,AUS,,,away
44,regular,84,13,BER,BAL,,,away
44,regular,85,13,SAR,CHI,,,home
44,regular,86,13,YKW,AZ,,,home
44,regular,87,13,OCO,SJS,,,home
44,regular,88,13,AUS,NOLA,,,home
44,regular,89,13,COL,CTC,,,away
44,regular,90,13,HON,NYS,,,home
44,regular,91,14,BAL,SJS,,,home
44,regular,92,14,NOLA,OCO,,,away
44,regular,93,14,NYS,AUS,,,home
44,regular,94,14,CHI,CTC,,,away
44,regular,95,14,AZ,HON,,,home
44,regular,96,14,COL,YKW,,,away
44,regular,97,14,SAR,BER,,,away
44,regular,98,15,NOLA,SJS,,,away
44,regular,99,15,AUS,AZ,,,home
44,regular,100,15,YKW,BAL,,,home
44,regular,101,15,OCO,NYS,,,away
44,regular,102,15,CHI,HON,,,away
44,regular,103,15,CTC,SAR,,,away
44,regular,104,15,BER,COL,,,away
44,regular,105,16,SJS,NYS,,,away
44,regular,106,16,OCO,AZ,,,away
44,regular,107,16,HON,AUS,,,home
44,regular,108,16,CTC,YKW,,,home
44,regular,109,16,SAR,COL,,,home
44,regular,110,16,BAL,CHI,,,home
44,regular,111,16,BER,NOLA,,,home
44,playoff,10017,17,BAL,SAR,19.0,14.0,home
44,playoff,10017,17,NYS,AUS,27.0,24.0,home
44,playoff,10018,18,HON,NYS,19.0,16.0,home
44,playoff,10018,18,CTC,BAL,31.0,30.0,home
44,playoff,10019,19,CTC,HON,36.0,43.0,away
45,regular,0,1,BAL,CTC,,,away
45,regular,1,1,CHI,NOLA,,,home
45,regular,2,1,BER,SAR,,,away
45,regular,3,1,HON,NYS,,,home
45,regular,4,1,COL,YKW,,,home
45,regular,5,1,OCO,SJS,,,away
45,regular,6,1,AUS,AZ,,,home
45,regular,7,2,BAL,COL,,,away
45,regular,8,2,SAR,CHI,,,home
45,regular,9,2,NOLA,AUS,,,away
45,regular,10,2,SJS,NYS,,,away
45,regular,11,2,HON,AZ,,,away
45,regular,12,2,YKW,OCO,,,home
45,regular,13,2,BER,CTC,,,home
45,regular,14,3,CTC,SAR,,,away
45,regular,15,3,NYS,NOLA,,,home
45,regular,16,3,COL,SJS,,,home
45,regular,17,3,AUS,HON,,,away
45,regular,18,3,CHI,BAL,,,away
45,regular,19,3,AZ,OCO,,,home
45,regular,20,3,YKW,BER,,,away
45,regular,21,4,NYS,AUS,,,away
45,regular,22,4,SAR,BAL,,,away
45,regular,23,4,OCO,HON,,,away
45,regular,24,4,BER,AZ,,,home
45,regular,25,4,COL,CHI,,,home
45,regular,26,4,SJS,NOLA,,,away
45,regular,27,4,CTC,YKW,,,home
45,regular,28,5,BAL,BER,,,home
45,regular,29,5,HON,SJS,,,away
45,regular,30,5,NOLA,OCO,,,away
45,regular,31,5,SAR,AUS,,,home
45,regular,32,5,YKW,CHI,,,away
45,regular,33,5,CTC,COL,,,home
45,regular,34,5,NYS,AZ,,,home
45,regular,35,6,CTC,HON,,,away
45,regular,36,6,COL,SAR,,,home
45,regular,37,6,CHI,BER,,,home
45,regular,38,6,SJS,AUS,,,away
45,regular,39,6,AZ,NOLA,,,home
45,regular,40,6,OCO,NYS,,,home
45,regular,41,6,BAL,YKW,,,home
45,regular,42,7,NOLA,HON,,,home
45,regular,43,7,AUS,OCO,,,away
45,regular,44,7,BER,COL,,,away
45,regular,45,7,BAL,NYS,,,away
45,regular,46,7,YKW,SAR,,,away
45,regular,47,7,CHI,CTC,,,home
45,regular,48,7,AZ,SJS,,,away
45,regular,49,8,NYS,CTC,,,home
45,regular,50,8,AUS,CHI,,,home
45,regular,51,8,AZ,SAR,,,away
45,regular,52,8,HON,BER,,,home
45,regular,53,8,OCO,BAL,,,home
45,regular,54,8,SJS,YKW,,,home
45,regular,55,8,NOLA,COL,,,home
45,regular,56,9,SAR,YKW,,,away
45,regular,57,9,HON,OCO,,,home
45,regular,58,9,CTC,CHI,,,away
45,regular,59,9,AZ,NYS,,,home
45,regular,60,9,AUS,BER,,,away
45,regular,61,9,COL,BAL,,,away
45,regular,62,9,NOLA,SJS,,,away
45,regular,63,10,AUS,NOLA,,,home
45,regular,64,10,BER,YKW,,,home
45,regular,65,10,BAL,CHI,,,home
45,regular,66,10,OCO,CTC,,,away
45,regular,67,10,SAR,COL,,,away
45,regular,68,10,NYS,HON,,,away
45,regular,69,10,SJS,AZ,,,away
45,regular,70,11,SAR,HON,,,home
45,regular,71,11,YKW,NOLA,,,home
45,regular,72,11,CHI,SJS,,,home
45,regular,73,11,CTC,AZ,,,home
45,regular,74,11,COL,NYS,,,away
45,regular,75,11,BAL,AUS,,,home
45,regular,76,11,BER,OCO,,,home
45,regular,77,12,HON,AUS,,,home
45,regular,78,12,CTC,BAL,,,home
45,regular,79,12,COL,BER,,,home
45,regular,80,12,SJS,OCO,,,away
45,regular,81,12,CHI,SAR,,,away
45,regular,82,12,NOLA,AZ,,,away
45,regular,83,12,NYS,YKW,,,home
45,regular,84,13,AZ,HON,,,home
45,regular,85,13,OCO,NOLA,,,home
45,regular,86,13,SJS,BAL,,,home
45,regular,87,13,YKW,COL,,,home
45,regular,88,13,BER,CHI,,,away
45,regular,89,13,AUS,NYS,,,home
45,regular,90,13,SAR,CTC,,,home
45,regular,91,14,BAL,SAR,,,home
45,regular,92,14,AUS,SJS,,,home
45,regular,93,14,OCO,AZ,,,home
45,regular,94,14,HON,COL,,,home
45,regular,95,14,CHI,YKW,,,home
45,regular,96,14,CTC,BER,,,away
45,regular,97,14,NOLA,NYS,,,home
45,regular,98,15,NOLA,SAR,,,home
45,regular,99,15,NYS,OCO,,,away
45,regular,100,15,AZ,AUS,,,home
45,regular,101,15,CHI,COL,,,away
45,regular,102,15,BER,BAL,,,home
45,regular,103,15,SJS,HON,,,away
45,regular,104,15,YKW,CTC,,,away
45,regular,105,16,AZ,CHI,,,home
45,regular,106,16,COL,CTC,,,home
45,regular,107,16,YKW,BAL,,,away
45,regular,108,16,SAR,BER,,,away
45,regular,109,16,NYS,SJS,,,home
45,regular,110,16,OCO,AUS,,,away
45,regular,111,16,HON,NOLA,,,home
45,playoff,10017,17,AUS,AZ,41.0,19.0,home
45,playoff,10017,17,BAL,SAR,21.0,34.0,away
45,playoff,10018,18,HON,AUS,35.0,42.0,away
45,playoff,10018,18,COL,SAR,17.0,30.0,away
45,playoff,10019,19,SAR,AUS,31.0,34.0,away
46,regular,0,1,YKW,NOLA,,,home
46,regular,1,1,CTC,CHI,,,home
46,regular,2,1,AZ,OCO,,,home
46,regular,3,1,BER,SAR,,,home
46,regular,4,1,AUS,HON,,,home
46,regular,5,1,NYS,SJS,,,away
46,regular,6,1,BAL,COL,,,home
46,regular,7,2,BER,BAL,,,away
46,regular,8,2,CTC,AUS,,,away
46,regular,9,2,SJS,NOLA,,,home
46,regular,10,2,HON,AZ,,,away
46,regular,11,2,SAR,CHI,,,home
46,regular,12,2,NYS,OCO,,,away
46,regular,13,2,COL,YKW,,,away
46,regular,14,3,AUS,AZ,,,home
46,regular,15,3,BAL,CTC,,,home
46,regular,16,3,YKW,SAR,,,home
46,regular,17,3,NOLA,NYS,,,away
46,regular,18,3,OCO,SJS,,,away
46,regular,19,3,CHI,HON,,,home
46,regular,20,3,COL,BER,,,home
46,regular,21,4,SAR,SJS,,,away
46,regular,22,4,NOLA,AUS,,,away
46,regular,23,4,HON,OCO,,,away
46,regular,24,4,AZ,NYS,,,home
46,regular,25,4,COL,CHI,,,away
46,regular,26,4,YKW,BAL,,,away
46,regular,27,4,BER,CTC,,,home
46,regular,28,5,SAR,BAL,,,home
46,regular,29,5,BER,AZ,,,away
46,regular,30,5,CTC,COL,,,home
46,regular,31,5,CHI,YKW,,,away
46,regular,32,5,SJS,HON,,,home
46,regular,33,5,OCO,NOLA,,,home
46,regular,34,5,NYS,AUS,,,away
46,regular,35,6,AUS,SJS,,,home
46,regular,36,6,CHI,BER,,,away
46,regular,37,6,COL,SAR,,,away
46,regular,38,6,BAL,OCO,,,away
46,regular,39,6,YKW,CTC,,,away
46,regular,40,6,HON,NYS,,,home
46,regular,41,6,AZ,NOLA,,,home
46,regular,42,7,NOLA,HON,,,home
46,regular,43,7,BAL,CHI,,,home
46,regular,44,7,CTC,SAR,,,home
46,regular,45,7,COL,NYS,,,away
46,regular,46,7,AZ,SJS,,,home
46,regular,47,7,BER,YKW,,,away
46,regular,48,7,OCO,AUS,,,home
46,regular,49,8,AZ,COL,,,home
46,regular,50,8,HON,BAL,,,away
46,regular,51,8,NOLA,BER,,,home
46,regular,52,8,AUS,SAR,,,home
46,regular,53,8,OCO,CTC,,,home
46,regular,54,8,NYS,CHI,,,away
46,regular,55,8,SJS,YKW,,,home
46,regular,56,9,SAR,BER,,,home
46,regular,57,9,YKW,CHI,,,home
46,regular,58,9,COL,BAL,,,away
46,regular,59,9,OCO,AZ,,,home
46,regular,60,9,HON,AUS,,,home
46,regular,61,9,NOLA,CTC,,,home
46,regular,62,9,SJS,NYS,,,home
46,regular,63,10,HON,NOLA,,,away
46,regular,64,10,NYS,AZ,,,away
46,regular,65,10,AUS,OCO,,,home
46,regular,66,10,CTC,YKW,,,home
46,regular,67,10,SJS,BAL,,,away
46,regular,68,10,CHI,SAR,,,away
46,regular,69,10,BER,COL,,,away
46,regular,70,11,SAR,AZ,,,home
46,regular,71,11,BAL,AUS,,,home
46,regular,72,11,CHI,NOLA,,,home
46,regular,73,11,YKW,NYS,,,away
46,regular,74,11,BER,OCO,,,away
46,regular,75,11,CTC,SJS,,,home
46,regular,76,11,COL,HON,,,home
46,regular,77,12,YKW,COL,,,home
46,regular,78,12,SJS,AUS,,,away
46,regular,79,12,BAL,BER,,,home
46,regular,80,12,AZ,HON,,,home
46,regular,81,12,NOLA,OCO,,,away
46,regular,82,12,CHI,CTC,,,away
46,regular,83,12,NYS,SAR,,,home
46,regular,84,13,AUS,NYS,,,away
46,regular,85,13,SAR,COL,,,away
46,regular,86,13,NOLA,AZ,,,away
46,regular,87,13,OCO,CHI,,,away
46,regular,88,13,CTC,BER,,,away
46,regular,89,13,BAL,YKW,,,home
46,regular,90,13,HON,SJS,,,away
46,regular,91,14,NYS,HON,,,home
46,regular,92,14,SJS,OCO,,,away
46,regular,93,14,AUS,NOLA,,,home
46,regular,94,14,BER,CHI,,,away
46,regular,95,14,AZ,YKW,,,home
46,regular,96,14,COL,CTC,,,home
46,regular,97,14,BAL,SAR,,,away
46,regular,98,15,AUS,COL,,,away
46,regular,99,15,OCO,HON,,,home
46,regular,100,15,SJS,AZ,,,away
46,regular,101,15,SAR,CTC,,,home
46,regular,102,15,CHI,BAL,,,home
46,regular,103,15,YKW,BER,,,home
46,regular,104,15,NYS,NOLA,,,home
46,regular,105,16,CTC,BAL,,,away
46,regular,106,16,SAR,YKW,,,home
46,regular,107,16,AZ,AUS,,,home
46,regular,108,16,NOLA,SJS,,,away
46,regular,109,16,HON,BER,,,away
46,regular,110,16,CHI,COL,,,home
46,regular,111,16,OCO,NYS,,,home
46,playoff,10017,17,OCO,AUS,31.0,38.0,away
46,playoff,10017,17,SAR,YKW,26.0,29.0,away
46,playoff,10018,18,AZ,AUS,38.0,17.0,home
46,playoff,10018,18,BAL,YKW,28.0,34.0,away
46,playoff,10019,19,AZ,YKW,14.0,6.0,home
47,regular,0,1,NYS,NOLA,,,away
47,regular,1,1,SAR,BAL,,,away
47,regular,2,1,BER,HON,,,home
47,regular,3,1,COL,CTC,,,away
47,regular,4,1,AUS,SJS,,,home
47,regular,5,1,YKW,CHI,,,away
47,regular,6,1,OCO,AZ,,,away
47,regular,7,2,BAL,BER,,,home
47,regular,8,2,YKW,SAR,,,home
47,regular,9,2,COL,OCO,,,away
47,regular,10,2,NOLA,HON,,,home
47,regular,11,2,AZ,AUS,,,home
47,regular,12,2,CHI,CTC,,,home
47,regular,13,2,NYS,SJS,,,away
47,regular,14,3,SJS,NOLA,,,home
47,regular,15,3,CTC,AZ,,,away
47,regular,16,3,BAL,YKW,,,away
47,regular,17,3,OCO,AUS,,,home
47,regular,18,3,SAR,COL,,,home
47,regular,19,3,BER,CHI,,,away
47,regular,20,3,HON,NYS,,,away
47,regular,21,4,BAL,CTC,,,home
47,regular,22,4,BER,SAR,,,away
47,regular,23,4,YKW,COL,,,away
47,regular,24,4,CHI,NOLA,,,away
47,regular,25,4,HON,OCO,,,away
47,regular,26,4,AZ,SJS,,,away
47,regular,27,4,AUS,NYS,,,home
47,regular,28,5,CHI,SAR,,,away
47,regular,29,5,YKW,AUS,,,home
47,regular,30,5,COL,BAL,,,away
47,regular,31,5,CTC,BER,,,home
47,regular,32,5,NOLA,AZ,,,away
47,regular,33,5,SJS,HON,,,home
47,regular,34,5,NYS,OCO,,,away
47,regular,35,6,BER,COL,,,home
47,regular,36,6,AZ,NYS,,,home
47,regular,37,6,AUS,HON,,,home
47,regular,38,6,OCO,NOLA,,,home
47,regular,39,6,CTC,YKW,,,home
47,regular,40,6,BAL,CHI,,,home
47,regular,41,6,SAR,SJS,,,away
47,regular,42,7,AUS,NOLA,,,away
47,regular,43,7,YKW,BER,,,home
47,regular,44,7,SJS,OCO,,,home
47,regular,45,7,HON,AZ,,,away
47,regular,46,7,SAR,CTC,,,home
47,regular,47,7,COL,CHI,,,away
47,regular,48,7,BAL,NYS,,,home
47,regular,49,8,NOLA,BER,,,home
47,regular,50,8,AUS,BAL,,,away
47,regular,51,8,AZ,SAR,,,home
47,regular,52,8,HON,YKW,,,home
47,regular,53,8,OCO,CHI,,,away
47,regular,54,8,SJS,COL,,,home
47,regular,55,8,NYS,CTC,,,home
47,regular,56,9,HON,COL,,,home
47,regular,57,9,NOLA,NYS,,,home
47,regular,58,9,CHI,YKW,,,home
47,regular,59,9,BER,CTC,,,away
47,regular,60,9,BAL,SAR,,,home
47,regular,61,9,SJS,AUS,,,home
47,regular,62,9,AZ,OCO,,,home
47,regular,63,10,NOLA,SAR,,,home
47,regular,64,10,CTC,CHI,,,home
47,regular,65,10,YKW,BAL,,,home
47,regular,66,10,AZ,HON,,,home
47,regular,67,10,NYS,AUS,,,home
47,regular,68,10,OCO,SJS,,,away
47,regular,69,10,COL,BER,,,away
47,regular,70,11,COL,NOLA,,,away
47,regular,71,11,BAL,AZ,,,home
47,regular,72,11,CHI,AUS,,,away
47,regular,73,11,SAR,OCO,,,away
47,regular,74,11,CTC,HON,,,home
47,regular,75,11,BER,NYS,,,away
47,regular,76,11,YKW,SJS,,,home
47,regular,77,12,NYS,CHI,,,away
47,regular,78,12,BER,BAL,,,home
47,regular,79,12,NOLA,OCO,,,away
47,regular,80,12,SAR,YKW,,,home
47,regular,81,12,AUS,AZ,,,away
47,regular,82,12,HON,SJS,,,away
47,regular,83,12,CTC,COL,,,home
47,regular,84,13,COL,YKW,,,away
47,regular,85,13,SAR,BER,,,home
47,regular,86,13,AZ,NOLA,,,away
47,regular,87,13,OCO,NYS,,,home
47,regular,88,13,CHI,BAL,,,home
47,regular,89,13,HON,AUS,,,away
47,regular,90,13,SJS,CTC,,,home
47,regular,91,14,AUS,BER,,,away
47,regular,92,14,BAL,COL,,,home
47,regular,93,14,SAR,CHI,,,away
47,regular,94,14,NYS,AZ,,,home
47,regular,95,14,NOLA,SJS,,,away
47,regular,96,14,OCO,HON,,,home
47,regular,97,14,YKW,CTC,,,home
47,regular,98,15,OCO,BAL,,,home
47,regular,99,15,SJS,AZ,,,away
47,regular,100,15,NOLA,AUS,,,home
47,regular,101,15,CHI,COL,,,home
47,regular,102,15,CTC,SAR,,,home
47,regular,103,15,BER,YKW,,,home
47,regular,104,15,NYS,HON,,,home
47,regular,105,16,AZ,YKW,,,home
47,regular,106,16,CTC,BAL,,,home
47,regular,107,16,SJS,NYS,,,home
47,regular,108,16,COL,SAR,,,away
47,regular,109,16,CHI,BER,,,home
47,regular,110,16,AUS,OCO,,,home
47,regular,111,16,HON,NOLA,,,away
47,playoff,10017,17,BAL,CTC,7.0,35.0,away
47,playoff,10017,17,AZ,NOLA,36.0,30.0,home
47,playoff,10018,18,SJS,AZ,28.0,35.0,away
47,playoff,10018,18,CHI,CTC,14.0,20.0,away
47,playoff,10019,19,AZ,CTC,33.0,17.0,home
48,regular,0,1,NOLA,OCO,,,home
48,regular,1,1,CTC,YKW,,,home
48,regular,2,1,AZ,SJS,,,away
48,regular,3,1,AUS,NYS,,,home
48,regular,4,1,BAL,CHI,,,away
48,regular,5,1,COL,HON,,,away
48,regular,6,1,BER,SAR,,,away
48,regular,7,2,YKW,SAR,,,home
48,regular,8,2,AUS,OCO,,,away
48,regular,9,2,CHI,COL,,,home
48,regular,10,2,CTC,BAL,,,away
48,regular,11,2,BER,AZ,,,home
48,regular,12,2,NYS,HON,,,home
48,regular,13,2,SJS,NOLA,,,away
48,regular,14,3,HON,AUS,,,home
48,regular,15,3,OCO,NYS,,,home
48,regular,16,3,SAR,SJS,,,home
48,regular,17,3,CHI,CTC,,,home
48,regular,18,3,AZ,NOLA,,,away
48,regular,19,3,BAL,BER,,,home
48,regular,20,3,COL,YKW,,,away
48,regular,21,4,HON,AZ,,,away
48,regular,22,4,SJS,OCO,,,home
48,regular,23,4,NOLA,AUS,,,home
48,regular,24,4,CHI,SAR,,,home
48,regular,25,4,COL,BAL,,,away
48,regular,26,4,CTC,BER,,,home
48,regular,27,4,YKW,NYS,,,home
48,regular,28,5,NYS,SJS,,,away
48,regular,29,5,OCO,HON,,,home
48,regular,30,5,AUS,AZ,,,away
48,regular,31,5,YKW,BAL,,,away
48,regular,32,5,CTC,NOLA,,,home
48,regular,33,5,BER,CHI,,,away
48,regular,34,5,SAR,COL,,,home
48,regular,35,6,COL,BER,,,away
48,regular,36,6,SJS,AUS,,,home
48,regular,37,6,NOLA,HON,,,home
48,regular,38,6,AZ,NYS,,,home
48,regular,39,6,SAR,CTC,,,away
48,regular,40,6,CHI,YKW,,,home
48,regular,41,6,BAL,OCO,,,home
48,regular,42,7,BAL,SAR,,,away
48,regular,43,7,BER,YKW,,,away
48,regular,44,7,CHI,AUS,,,home
48,regular,45,7,NOLA,NYS,,,home
48,regular,46,7,CTC,COL,,,home
48,regular,47,7,OCO,AZ,,,away
48,regular,48,7,HON,SJS,,,away
48,regular,49,8,AZ,YKW,,,home
48,regular,50,8,OCO,BER,,,home
48,regular,51,8,AUS,SAR,,,home
48,regular,52,8,NYS,COL,,,home
48,regular,53,8,NOLA,CHI,,,home
48,regular,54,8,SJS,BAL,,,home
48,regular,55,8,HON,CTC,,,away
48,regular,56,9,SJS,AZ,,,home
48,regular,57,9,HON,BER,,,home
48,regular,58,9,NYS,AUS,,,home
48,regular,59,9,YKW,CTC,,,home
48,regular,60,9,COL,SAR,,,away
48,regular,61,9,CHI,BAL,,,away
48,regular,62,9,OCO,NOLA,,,away
48,regular,63,10,AZ,OCO,,,home
48,regular,64,10,BER,COL,,,home
48,regular,65,10,NYS,BAL,,,away
48,regular,66,10,SAR,YKW,,,away
48,regular,67,10,CTC,CHI,,,home
48,regular,68,10,SJS,HON,,,home
48,regular,69,10,AUS,NOLA,,,home
48,regular,70,11,SAR,HON,,,home
48,regular,71,11,COL,AUS,,,away
48,regular,72,11,CTC,OCO,,,home
48,regular,73,11,BER,NYS,,,away
48,regular,74,11,CHI,SJS,,,home
48,regular,75,11,YKW,NOLA,,,home
48,regular,76,11,BAL,AZ,,,away
48,regular,77,12,HON,OCO,,,home
48,regular,78,12,SAR,BER,,,away
48,regular,79,12,AUS,YKW,,,away
48,regular,80,12,COL,CHI,,,away
48,regular,81,12,NYS,AZ,,,away
48,regular,82,12,BAL,CTC,,,away
48,regular,83,12,NOLA,SJS,,,home
48,regular,84,13,OCO,SAR,,,home
48,regular,85,13,BER,CTC,,,away
48,regular,86,13,BAL,COL,,,home
48,regular,87,13,SJS,NYS,,,home
48,regular,88,13,AZ,AUS,,,home
48,regular,89,13,YKW,CHI,,,away
48,regular,90,13,HON,NOLA,,,away
48,regular,91,14,NYS,OCO,,,away
48,regular,92,14,AZ,HON,,,away
48,regular,93,14,CTC,SAR,,,away
48,regular,94,14,NOLA,COL,,,home
48,regular,95,14,CHI,BER,,,home
48,regular,96,14,BAL,YKW,,,home
48,regular,97,14,AUS,SJS,,,away
48,regular,98,15,SAR,BAL,,,away
48,regular,99,15,COL,CTC,,,away
48,regular,100,15,AUS,HON,,,home
48,regular,101,15,AZ,CHI,,,home
48,regular,102,15,OCO,SJS,,,home
48,regular,103,15,NYS,NOLA,,,away
48,regular,104,15,YKW,BER,,,away
48,regular,105,16,SJS,CTC,,,away
48,regular,106,16,SAR,CHI,,,home
48,regular,107,16,OCO,AUS,,,home
48,regular,108,16,BER,BAL,,,home
48,regular,109,16,YKW,COL,,,home
48,regular,110,16,NOLA,AZ,,,away
48,regular,111,16,HON,NYS,,,home
48,playoff,10017,17,AZ,SJS,26.0,6.0,home
48,playoff,10017,17,CHI,BAL,7.0,42.0,away
48,playoff,10018,18,NOLA,AZ,27.0,6.0,home
48,playoff,10018,18,CTC,BAL,13.0,20.0,away
48,playoff,10019,19,NOLA,BAL,37.0,27.0,home
49,regular,0,1,COL,NYS,,,away
49,regular,1,1,BER,SAR,,,away
49,regular,2,1,SJS,OCO,,,home
49,regular,3,1,BAL,YKW,,,home
49,regular,4,1,AZ,NOLA,,,home
49,regular,5,1,HON,AUS,,,away
49,regular,6,1,OSK,CTC,,,home
49,regular,7,2,BER,AZ,,,home
49,regular,8,2,AUS,NYS,,,home
49,regular,9,2,NOLA,SJS,,,home
49,regular,10,2,YKW,SAR,,,home
49,regular,11,2,HON,OCO,,,away
49,regular,12,2,CTC,COL,,,home
49,regular,13,2,BAL,OSK,,,home
49,regular,14,3,OSK,BER,,,home
49,regular,15,3,COL,YKW,,,away
49,regular,16,3,NYS,HON,,,home
49,regular,17,3,OCO,AUS,,,home
49,regular,18,3,SAR,NOLA,,,home
49,regular,19,3,CTC,BAL,,,away
49,regular,20,3,AZ,SJS,,,away
49,regular,21,4,YKW,AUS,,,home
49,regular,22,4,NYS,AZ,,,away
49,regular,23,4,NOLA,OCO,,,home
49,regular,24,4,SJS,HON,,,home
49,regular,25,4,CTC,SAR,,,home
49,regular,26,4,COL,OSK,,,away
49,regular,27,4,BAL,BER,,,home
49,regular,28,5,BAL,SJS,,,home
49,regular,29,5,BER,CTC,,,away
49,regular,30,5,SAR,COL,,,home
49,regular,31,5,AUS,NOLA,,,away
49,regular,32,5,OCO,NYS,,,away
49,regular,33,5,HON,AZ,,,home
49,regular,34,5,YKW,OSK,,,home
49,regular,35,6,SAR,BAL,,,home
49,regular,36,6,CTC,YKW,,,away
49,regular,37,6,OSK,OCO,,,away
49,regular,38,6,COL,BER,,,away
49,regular,39,6,NOLA,HON,,,home
49,regular,40,6,SJS,NYS,,,home
49,regular,41,6,AZ,AUS,,,home
49,regular,42,7,OSK,SAR,,,home
49,regular,43,7,BER,YKW,,,home
49,regular,44,7,CTC,HON,,,away
49,regular,45,7,SJS,AUS,,,away
49,regular,46,7,BAL,COL,,,home
49,regular,47,7,OCO,AZ,,,away
49,regular,48,7,NYS,NOLA,,,away
49,regular,49,8,SJS,CTC,,,home
49,regular,50,8,NOLA,OSK,,,away
49,regular,51,8,NYS,BAL,,,home
49,regular,52,8,AZ,YKW,,,away
49,regular,53,8,OCO,BER,,,away
49,regular,54,8,HON,SAR,,,away
49,regular,55,8,AUS,COL,,,home
49,regular,56,9,COL,SAR,,,away
49,regular,57,9,CTC,OSK,,,home
49,regular,58,9,OCO,SJS,,,away
49,regular,59,9,NOLA,AZ,,,home
49,regular,60,9,NYS,BER,,,home
49,regular,61,9,AUS,HON,,,home
49,regular,62,9,YKW,BAL,,,away
49,regular,63,10,HON,SJS,,,home
49,regular,64,10,AZ,OCO,,,home
49,regular,65,10,BER,COL,,,away
49,regular,66,10,AUS,OSK,,,home
49,regular,67,10,SAR,YKW,,,away
49,regular,68,10,BAL,CTC,,,away
49,regular,69,10,NOLA,NYS,,,home
49,regular,70,11,YKW,SJS,,,home
49,regular,71,11,OSK,AZ,,,home
49,regular,72,11,SAR,NYS,,,home
49,regular,73,11,COL,HON,,,away
49,regular,74,11,BAL,OCO,,,home
49,regular,75,11,BER,AUS,,,home
49,regular,76,11,CTC,NOLA,,,away
49,regular,77,12,AUS,AZ,,,away
49,regular,78,12,OSK,BAL,,,away
49,regular,79,12,SJS,NOLA,,,home
49,regular,80,12,NYS,OCO,,,home
49,regular,81,12,SAR,BER,,,home
49,regular,82,12,HON,YKW,,,away
49,regular,83,12,COL,CTC,,,away
49,regular,84,13,YKW,CTC,,,home
49,regular,85,13,NYS,SJS,,,away
49,regular,86,13,OCO,SAR,,,away
49,regular,87,13,BER,BAL,,,away
49,regular,88,13,OSK,COL,,,home
49,regular,89,13,NOLA,AUS,,,home
49,regular,90,13,AZ,HON,,,home
49,regular,91,14,HON,NOLA,,,away
49,regular,92,14,AUS,OCO,,,home
49,regular,93,14,AZ,NYS,,,home
49,regular,94,14,BAL,SAR,,,away
49,regular,95,14,SJS,COL,,,home
49,regular,96,14,CTC,BER,,,home
49,regular,97,14,OSK,YKW,,,away
49,regular,98,15,OCO,NOLA,,,away
49,regular,99,15,AUS,SJS,,,away
49,regular,100,15,YKW,BER,,,home
49,regular,101,15,SAR,OSK,,,away
49,regular,102,15,COL,BAL,,,away
49,regular,103,15,HON,NYS,,,home
49,regular,104,15,AZ,CTC,,,home
49,regular,105,16,YKW,COL,,,home
49,regular,106,16,SJS,AZ,,,home
49,regular,107,16,NYS,AUS,,,home
49,regular,108,16,NOLA,BAL,,,home
49,regular,109,16,SAR,CTC,,,away
49,regular,110,16,OCO,HON,,,away
49,regular,111,16,BER,OSK,,,away
49,playoff,10017,17,SJS,AZ,24.0,28.0,away
49,playoff,10017,17,BAL,SAR,41.0,7.0,home
49,playoff,10018,18,NOLA,AZ,36.0,17.0,home
49,playoff,10018,18,YKW,BAL,13.0,34.0,away
49,playoff,10019,19,NOLA,BAL,27.0,20.0,home
50,regular,0,1,BAL,YKW,,,away
50,regular,1,1,COL,OCO,,,home
50,regular,2,1,BER,CTC,,,away
50,regular,3,1,AZ,AUS,,,away
50,regular,4,1,SAR,OSK,,,home
50,regular,5,1,SJS,NOLA,,,home
50,regular,6,1,NYS,HON,,,away
50,regular,7,2,YKW,COL,,,home
50,regular,8,2,SAR,BAL,,,away
50,regular,9,2,BER,SJS,,,away
50,regular,10,2,HON,OCO,,,home
50,regular,11,2,NOLA,AZ,,,home
50,regular,12,2,OSK,CTC,,,away
50,regular,13,2,NYS,AUS,,,home
50,regular,14,3,CTC,NOLA,,,home
50,regular,15,3,YKW,SAR,,,away
50,regular,16,3,SJS,AZ,,,away
50,regular,17,3,BAL,BER,,,home
50,regular,18,3,COL,OSK,,,away
50,regular,19,3,OCO,NYS,,,away
50,regular,20,3,AUS,HON,,,home
50,regular,21,4,COL,BAL,,,away
50,regular,22,4,SAR,BER,,,home
50,regular,23,4,OSK,HON,,,away
50,regular,24,4,OCO,SJS,,,away
50,regular,25,4,NOLA,AUS,,,away
50,regular,26,4,AZ,NYS,,,tie
50,regular,27,4,YKW,CTC,,,home
50,regular,28,5,OSK,BAL,,,home
50,regular,29,5,SAR,AZ,,,away
50,regular,30,5,BER,YKW,,,away
50,regular,31,5,CTC,COL,,,home
50,regular,32,5,HON,NOLA,,,home
50,regular,33,5,AUS,OCO,,,home
50,regular,34,5,NYS,SJS,,,home
50,regular,35,6,NOLA,NYS,,,away
50,regular,36,6,AZ,OCO,,,home
50,regular,37,6,SJS,HON,,,away
50,regular,38,6,CTC,SAR,,,away
50,regular,39,6,YKW,OSK,,,home
50,regular,40,6,BAL,AUS,,,home
50,regular,41,6,COL,BER,,,away
50,regular,42,7,SAR,COL,,,away
50,regular,43,7,AUS,SJS,,,home
50,regular,44,7,OCO,NOLA,,,away
50,regular,45,7,BAL,CTC,,,home
50,regular,46,7,BER,OSK,,,away
50,regular,47,7,YKW,NYS,,,home
50,regular,48,7,AZ,HON,,,home
50,regular,49,8,AZ,YKW,,,home
50,regular,50,8,NOLA,BAL,,,home
50,regular,51,8,OCO,SAR,,,away
50,regular,52,8,SJS,OSK,,,away
50,regular,53,8,AUS,BER,,,home
50,regular,54,8,NYS,CTC,,,away
50,regular,55,8,HON,COL,,,home
50,regular,56,9,OCO,BER,,,away
50,regular,57,9,HON,NYS,,,away
50,regular,58,9,OSK,SAR,,,away
50,regular,59,9,COL,CTC,,,away
50,regular,60,9,YKW,BAL,,,away
50,regular,61,9,AUS,AZ,,,away
50,regular,62,9,NOLA,SJS,,,home
50,regular,63,10,CTC,OSK,,,away
50,regular,64,10,SAR,YKW,,,away
50,regular,65,10,NOLA,OCO,,,home
50,regular,66,10,NYS,AZ,,,home
50,regular,67,10,SJS,AUS,,,home
50,regular,68,10,BER,COL,,,away
50,regular,69,10,HON,BAL,,,away
50,regular,70,11,YKW,NOLA,,,away
50,regular,71,11,OSK,AZ,,,home
50,regular,72,11,BAL,SJS,,,home
50,regular,73,11,CTC,OCO,,,home
50,regular,74,11,COL,NYS,,,away
50,regular,75,11,SAR,AUS,,,away
50,regular,76,11,BER,HON,,,away
50,regular,77,12,NYS,OSK,,,away
50,regular,78,12,COL,YKW,,,away
50,regular,79,12,HON,SJS,,,home
50,regular,80,12,BAL,SAR,,,away
50,regular,81,12,AZ,NOLA,,,home
50,regular,82,12,OCO,AUS,,,home
50,regular,83,12,CTC,BER,,,away
50,regular,84,13,BAL,COL,,,home
50,regular,85,13,NOLA,HON,,,away
50,regular,86,13,SJS,NYS,,,home
50,regular,87,13,OSK,YKW,,,home
50,regular,88,13,OCO,AZ,,,away
50,regular,89,13,AUS,CTC,,,away
50,regular,90,13,BER,SAR,,,home
50,regular,91,14,YKW,BER,,,away
50,regular,92,14,BAL,OSK,,,home
50,regular,93,14,NYS,NOLA,,,away
50,regular,94,14,HON,AUS,,,home
50,regular,95,14,SJS,OCO,,,home
50,regular,96,14,SAR,CTC,,,home
50,regular,97,14,AZ,COL,,,home
50,regular,98,15,SJS,YKW,,,away
50,regular,99,15,AUS,NOLA,,,home
50,regular,100,15,HON,AZ,,,home
50,regular,101,15,OSK,BER,,,home
50,regular,102,15,CTC,BAL,,,away
50,regular,103,15,COL,SAR,,,away
50,regular,104,15,NYS,OCO,,,home
50,regular,105,16,CTC,YKW,,,home
50,regular,106,16,AUS,NYS,,,away
50,regular,107,16,BER,BAL,,,away
50,regular,108,16,OSK,COL,,,home
50,regular,109,16,AZ,SJS,,,home
50,regular,110,16,OCO,HON,,,away
50,regular,111,16,NOLA,SAR,,,away
50,playoff,10017,17,AZ,NYS,28.0,35.0,away
50,playoff,10017,17,SAR,OSK,28.0,24.0,home
50,playoff,10018,18,HON,NYS,16.0,24.0,away
50,playoff,10018,18,BAL,SAR,34.0,31.0,home
50,playoff,10019,19,BAL,NYS,34.0,27.0,home
51,regular,0,1,NYS,AUS,,,away
51,regular,1,1,SAR,BAL,,,home
51,regular,2,1,CTC,BFB,,,home
51,regular,3,1,AZ,HON,,,home
51,regular,4,1,OCO,COL,,,home
51,regular,5,1,SJS,NOLA,,,away
51,regular,6,1,OSK,YKW,,,home
51,regular,7,2,CTC,YKW,,,away
51,regular,8,2,HON,OCO,,,home
51,regular,9,2,NYS,AZ,,,home
51,regular,10,2,SJS,SAR,,,away
51,regular,11,2,BFB,COL,,,home
51,regular,12,2,BAL,OSK,,,home
51,regular,13,2,AUS,NOLA,,,home
51,regular,14,3,COL,CTC,,,home
51,regular,15,3,YKW,BFB,,,home
51,regular,16,3,NOLA,BAL,,,home
51,regular,17,3,HON,NYS,,,home
51,regular,18,3,SAR,OSK,,,home
51,regular,19,3,AZ,SJS,,,away
51,regular,20,3,OCO,AUS,,,away
51,regular,21,4,BAL,YKW,,,home
51,regular,22,4,OSK,CTC,,,home
51,regular,23,4,HON,NOLA,,,home
51,regular,24,4,OCO,AZ,,,away
51,regular,25,4,NYS,SJS,,,home
51,regular,26,4,AUS,BFB,,,home
51,regular,27,4,COL,SAR,,,home
51,regular,28,5,YKW,COL,,,home
51,regular,29,5,CTC,SAR,,,away
51,regular,30,5,AUS,AZ,,,away
51,regular,31,5,NYS,OSK,,,home
51,regular,32,5,SJS,HON,,,home
51,regular,33,5,NOLA,OCO,,,home
51,regular,34,5,BFB,BAL,,,away
51,regular,35,6,OCO,SJS,,,home
51,regular,36,6,BAL,CTC,,,away
51,regular,37,6,OSK,COL,,,home
51,regular,38,6,SAR,BFB,,,home
51,regular,39,6,NOLA,NYS,,,away
51,regular,40,6,HON,AUS,,,away
51,regular,41,6,AZ,YKW,,,away
51,regular,42,7,SJS,AUS,,,home
51,regular,43,7,HON,CTC,,,home
51,regular,44,7,OSK,BFB,,,away
51,regular,45,7,NYS,OCO,,,home
51,regular,46,7,YKW,SAR,,,home
51,regular,47,7,COL,BAL,,,home
51,regular,48,7,AZ,NOLA,,,home
51,regular,49,8,YKW,SJS,,,away
51,regular,50,8,CTC,NOLA,,,away
51,regular,51,8,BFB,OCO,,,home
51,regular,52,8,OSK,HON,,,home
51,regular,53,8,BAL,AZ,,,home
51,regular,54,8,COL,NYS,,,home
51,regular,55,8,SAR,AUS,,,home
51,regular,56,9,COL,SJS,,,home
51,regular,57,9,BFB,CTC,,,away
51,regular,58,9,AUS,NYS,,,away
51,regular,59,9,OCO,NOLA,,,away
51,regular,60,9,HON,AZ,,,home
51,regular,61,9,YKW,OSK,,,away
51,regular,62,9,BAL,SAR,,,away
51,regular,63,10,SAR,YKW,,,away
51,regular,64,10,SJS,OCO,,,away
51,regular,65,10,BFB,AZ,,,away
51,regular,66,10,NOLA,AUS,,,home
51,regular,67,10,NYS,HON,,,away
51,regular,68,10,BAL,COL,,,home
51,regular,69,10,CTC,OSK,,,away
51,regular,70,11,OCO,CTC,,,away
51,regular,71,11,NYS,YKW,,,home
51,regular,72,11,SJS,BFB,,,away
51,regular,73,11,HON,BAL,,,tie
51,regular,74,11,AUS,OSK,,,home
51,regular,75,11,AZ,SAR,,,home
51,regular,76,11,NOLA,COL,,,home
51,regular,77,12,NOLA,SJS,,,away
51,regular,78,12,CTC,AUS,,,home
51,regular,79,12,OCO,HON,,,home
51,regular,80,12,BFB,SAR,,,away
51,regular,81,12,AZ,NYS,,,away
51,regular,82,12,OSK,BAL,,,away
51,regular,83,12,COL,YKW,,,away
51,regular,84,13,YKW,NOLA,,,home
51,regular,85,13,SJS,NYS,,,home
51,regular,86,13,AZ,OCO,,,home
51,regular,87,13,BAL,BFB,,,home
51,regular,88,13,SAR,CTC,,,home
51,regular,89,13,AUS,HON,,,home
51,regular,90,13,COL,OSK,,,away
51,regular,91,14,SAR,COL,,,away
51,regular,92,14,NYS,NOLA,,,away
51,regular,93,14,OSK,OCO,,,home
51,regular,94,14,HON,SJS,,,home
51,regular,95,14,AZ,AUS,,,home
51,regular,96,14,CTC,BAL,,,away
51,regular,97,14,BFB,YKW,,,away
51,regular,98,15,OCO,NYS,,,away
51,regular,99,15,CTC,COL,,,home
51,regular,100,15,SAR,HON,,,away
51,regular,101,15,YKW,BAL,,,away
51,regular,102,15,BFB,OSK,,,home
51,regular,103,15,AUS,SJS,,,home
51,regular,104,15,NOLA,AZ,,,away
51,regular,105,16,BAL,NYS,,,home
51,regular,106,16,NOLA,HON,,,home
51,regular,107,16,YKW,CTC,,,home
51,regular,108,16,SJS,AZ,,,away
51,regular,109,16,AUS,OCO,,,home
51,regular,110,16,OSK,SAR,,,away
51,regular,111,16,COL,BFB,,,home
51,playoff,10017,17,AUS,NYS,24.0,30.0,away
51,playoff,10017,17,YKW,SAR,16.0,28.0,away
51,playoff,10018,18,AZ,NYS,33.0,34.0,away
51,playoff,10018,18,BAL,SAR,27.0,31.0,away
51,playoff,10019,19,SAR,NYS,18.0,26.0,away
52,regular,0,1,BFB,OCO,,,home
52,regular,1,1,CTC,COL,,,away
52,regular,2,1,NYS,NOLA,,,home
52,regular,3,1,SAR,OSK,,,home
52,regular,4,1,AUS,AZ,,,away
52,regular,5,1,HON,SJS,,,home
52,regular,6,1,YKW,BAL,,,home
52,regular,7,2,SJS,OCO,,,home
52,regular,8,2,AZ,NYS,,,away
52,regular,9,2,OSK,COL,,,away
52,regular,10,2,HON,NOLA,,,home
52,regular,11,2,BAL,BFB,,,home
52,regular,12,2,SAR,YKW,,,home
52,regular,13,2,CTC,AUS,,,away
52,regular,14,3,BFB,OSK,,,away
52,regular,15,3,OCO,HON,,,away
52,regular,16,3,NOLA,SJS,,,home
52,regular,17,3,COL,AZ,,,away
52,regular,18,3,BAL,SAR,,,home
52,regular,19,3,AUS,NYS,,,home
52,regular,20,3,YKW,CTC,,,home
52,regular,21,4,OSK,SJS,,,home
52,regular,22,4,OCO,AUS,,,away
52,regular,23,4,AZ,NOLA,,,home
52,regular,24,4,NYS,HON,,,home
52,regular,25,4,BAL,COL,,,home
52,regular,26,4,BFB,YKW,,,away
52,regular,27,4,SAR,CTC,,,home
52,regular,28,5,CTC,BAL,,,away
52,regular,29,5,COL,BFB,,,home
52,regular,30,5,SJS,AZ,,,away
52,regular,31,5,NOLA,OCO,,,home
52,regular,32,5,HON,AUS,,,away
52,regular,33,5,OSK,YKW,,,home
52,regular,34,5,SAR,NYS,,,away
52,regular,35,6,BAL,OSK,,,home
52,regular,36,6,YKW,NOLA,,,home
52,regular,37,6,BFB,CTC,,,away
52,regular,38,6,AZ,HON,,,home
52,regular,39,6,NYS,OCO,,,home
52,regular,40,6,AUS,SJS,,,away
52,regular,41,6,COL,SAR,,,home
52,regular,42,7,YKW,COL,,,home
52,regular,43,7,CTC,OSK,,,away
52,regular,44,7,BAL,HON,,,home
52,regular,45,7,NYS,SJS,,,home
52,regular,46,7,SAR,BFB,,,home
52,regular,47,7,NOLA,AUS,,,home
52,regular,48,7,OCO,AZ,,,away
52,regular,49,8,AZ,YKW,,,home
52,regular,50,8,OCO,SAR,,,home
52,regular,51,8,AUS,OSK,,,home
52,regular,52,8,NOLA,CTC,,,home
52,regular,53,8,HON,COL,,,home
52,regular,54,8,SJS,BFB,,,home
52,regular,55,8,NYS,BAL,,,away
52,regular,56,9,BAL,YKW,,,home
52,regular,57,9,NOLA,NYS,,,away
52,regular,58,9,AZ,AUS,,,home
52,regular,59,9,OCO,CTC,,,home
52,regular,60,9,SJS,HON,,,away
52,regular,61,9,OSK,SAR,,,home
52,regular,62,9,BFB,COL,,,away
52,regular,63,10,AUS,NOLA,,,home
52,regular,64,10,CTC,BFB,,,home
52,regular,65,10,SJS,YKW,,,tie
52,regular,66,10,COL,OSK,,,home
52,regular,67,10,SAR,BAL,,,home
52,regular,68,10,AZ,OCO,,,home
52,regular,69,10,HON,NYS,,,away
52,regular,70,11,OSK,NYS,,,away
52,regular,71,11,YKW,AUS,,,home
52,regular,72,11,COL,OCO,,,home
52,regular,73,11,BFB,HON,,,away
52,regular,74,11,SAR,NOLA,,,away
52,regular,75,11,CTC,SJS,,,away
52,regular,76,11,BAL,AZ,,,home
52,regular,77,12,YKW,SAR,,,home
52,regular,78,12,NYS,AZ,,,away
52,regular,79,12,OCO,NOLA,,,away
52,regular,80,12,COL,CTC,,,home
52,regular,81,12,HON,OSK,,,home
52,regular,82,12,BFB,BAL,,,away
52,regular,83,12,SJS,AUS,,,home
52,regular,84,13,OCO,NYS,,,away
52,regular,85,13,NOLA,COL,,,away
52,regular,86,13,CTC,SAR,,,away
52,regular,87,13,YKW,BFB,,,home
52,regular,88,13,AZ,SJS,,,home
52,regular,89,13,AUS,HON,,,home
52,regular,90,13,OSK,BAL,,,away
52,regular,91,14,HON,AZ,,,home
52,regular,92,14,SJS,NOLA,,,away
52,regular,93,14,AUS,OCO,,,away
52,regular,94,14,SAR,COL,,,away
52,regular,95,14,NYS,BFB,,,home
52,regular,96,14,BAL,CTC,,,home
52,regular,97,14,YKW,OSK,,,home
52,regular,98,15,SJS,NYS,,,away
52,regular,99,15,OSK,CTC,,,home
52,regular,100,15,COL,YKW,,,home
52,regular,101,15,BFB,SAR,,,home
52,regular,102,15,HON,OCO,,,home
52,regular,103,15,AUS,BAL,,,away
52,regular,104,15,NOLA,AZ,,,away
52,regular,105,16,NYS,AUS,,,tie
52,regular,106,16,OCO,SJS,,,home
52,regular,107,16,AZ,SAR,,,away
52,regular,108,16,COL,BAL,,,home
52,regular,109,16,NOLA,HON,,,home
52,regular,110,16,CTC,YKW,,,home
52,regular,111,16,OSK,BFB,,,home
52,playoff,10017,17,AZ,HON,38.0,9.0,home
52,playoff,10017,17,COL,YKW,30.0,31.0,away
52,playoff,10018,18,NYS,AZ,20.0,7.0,home
52,playoff,10018,18,BAL,YKW,30.0,27.0,home
52,playoff,10019,19,BAL,NYS,47.0,22.0,home
53,regular,0,1,BFB,OCO,,,away
53,regular,1,1,CTC,OSK,,,away
53,regular,2,1,HON,NOLA,,,home
53,regular,3,1,YKW,SAR,,,home
53,regular,4,1,AZ,NYS,,,home
53,regular,5,1,AUS,SJS,,,home
53,regular,6,1,COL,BAL,,,away
53,regular,7,2,BAL,BFB,,,home
53,regular,8,2,YKW,COL,,,home
53,regular,9,2,CTC,AZ,,,away
53,regular,10,2,SJS,OCO,,,away
53,regular,11,2,NYS,HON,,,home
53,regular,12,2,SAR,OSK,,,home
53,regular,13,2,AUS,NOLA,,,home
53,regular,14,3,BAL,YKW,,,home
53,regular,15,3,AZ,HON,,,home
53,regular,16,3,COL,CTC,,,home
53,regular,17,3,BFB,SAR,,,away
53,regular,18,3,OCO,AUS,,,away
53,regular,19,3,NOLA,SJS,,,home
53,regular,20,3,OSK,NYS,,,away
53,regular,21,4,YKW,CTC,,,home
53,regular,22,4,SAR,SJS,,,away
53,regular,23,4,OCO,AZ,,,away
53,regular,24,4,NYS,NOLA,,,away
53,regular,25,4,HON,AUS,,,home
53,regular,26,4,BAL,OSK,,,home
53,regular,27,4,BFB,COL,,,away
53,regular,28,5,SAR,COL,,,home
53,regular,29,5,YKW,HON,,,away
53,regular,30,5,CTC,BAL,,,away
53,regular,31,5,OSK,BFB,,,home
53,regular,32,5,SJS,NYS,,,away
53,regular,33,5,NOLA,OCO,,,home
53,regular,34,5,AUS,AZ,,,away
53,regular,35,6,HON,OCO,,,home
53,regular,36,6,AZ,SJS,,,home
53,regular,37,6,OSK,YKW,,,away
53,regular,38,6,BAL,SAR,,,home
53,regular,39,6,COL,NOLA,,,home
53,regular,40,6,BFB,CTC,,,away
53,regular,41,6,NYS,AUS,,,home
53,regular,42,7,NOLA,AZ,,,home
53,regular,43,7,OCO,NYS,,,away
53,regular,44,7,COL,OSK,,,home
53,regular,45,7,CTC,SAR,,,away
53,regular,46,7,BAL,AUS,,,away
53,regular,47,7,HON,SJS,,,home
53,regular,48,7,YKW,BFB,,,home
53,regular,49,8,HON,BAL,,,away
53,regular,50,8,NYS,COL,,,home
53,regular,51,8,OCO,YKW,,,home
53,regular,52,8,AZ,SAR,,,home
53,regular,53,8,NOLA,CTC,,,home
53,regular,54,8,AUS,OSK,,,home
53,regular,55,8,SJS,BFB,,,home
53,regular,56,9,SJS,AUS,,,away
53,regular,57,9,SAR,YKW,,,home
53,regular,58,9,BFB,OSK,,,away
53,regular,59,9,BAL,COL,,,away
53,regular,60,9,NOLA,HON,,,home
53,regular,61,9,NYS,AZ,,,away
53,regular,62,9,OCO,CTC,,,home
53,regular,63,10,YKW,BAL,,,away
53,regular,64,10,NYS,OCO,,,home
53,regular,65,10,AUS,HON,,,home
53,regular,66,10,AZ,NOLA,,,home
53,regular,67,10,CTC,BFB,,,home
53,regular,68,10,SJS,COL,,,away
53,regular,69,10,OSK,SAR,,,away
53,regular,70,11,SAR,HON,,,away
53,regular,71,11,COL,AZ,,,away
53,regular,72,11,OSK,OCO,,,away
53,regular,73,11,BFB,AUS,,,away
53,regular,74,11,YKW,NOLA,,,away
53,regular,75,11,CTC,SJS,,,away
53,regular,76,11,BAL,NYS,,,home
53,regular,77,12,AUS,SAR,,,home
53,regular,78,12,BFB,BAL,,,away
53,regular,79,12,SJS,AZ,,,away
53,regular,80,12,COL,YKW,,,away
53,regular,81,12,HON,NYS,,,home
53,regular,82,12,OCO,NOLA,,,away
53,regular,83,12,OSK,CTC,,,home
53,regular,84,13,NYS,SJS,,,away
53,regular,85,13,AZ,AUS,,,home
53,regular,86,13,SAR,BAL,,,home
53,regular,87,13,OCO,HON,,,home
53,regular,88,13,NOLA,OSK,,,home
53,regular,89,13,CTC,YKW,,,away
53,regular,90,13,COL,BFB,,,home
53,regular,91,14,COL,SAR,,,home
53,regular,92,14,AUS,NYS,,,away
53,regular,93,14,SJS,NOLA,,,home
53,regular,94,14,AZ,OCO,,,home
53,regular,95,14,YKW,OSK,,,home
53,regular,96,14,HON,BFB,,,home
53,regular,97,14,BAL,CTC,,,home
53,regular,98,15,AZ,BAL,,,home
53,regular,99,15,NOLA,NYS,,,home
53,regular,100,15,SJS,HON,,,tie
53,regular,101,15,SAR,CTC,,,home
53,regular,102,15,OSK,COL,,,away
53,regular,103,15,BFB,YKW,,,away
53,regular,104,15,AUS,OCO,,,home
53,regular,105,16,NOLA,AUS,,,home
53,regular,106,16,CTC,COL,,,away
53,regular,107,16,SAR,BFB,,,home
53,regular,108,16,HON,AZ,,,away
53,regular,109,16,OCO,SJS,,,home
53,regular,110,16,NYS,YKW,,,home
53,regular,111,16,OSK,BAL,,,away
53,playoff,10017,17,NOLA,AUS,30.0,27.0,home
53,playoff,10017,17,COL,YKW,21.0,18.0,home
53,playoff,10018,18,BAL,COL,37.0,0.0,home
53,playoff,10018,18,AZ,NOLA,24.0,9.0,home
53,playoff,10019,19,AZ,BAL,21.0,19.0,home
54,regular,0,1,COL,BAL,,,home
54,regular,1,1,BFB,SJS,,,away
54,regular,2,1,CTC,OSK,,,home
54,regular,3,1,AUS,NYS,,,home
54,regular,4,1,YKW,SAR,,,away
54,regular,5,1,NOLA,AZ,,,away
54,regular,6,1,HON,OCO,,,home
54,regular,7,2,BAL,BFB,,,home
54,regular,8,2,YKW,COL,,,away
54,regular,9,2,CTC,NOLA,,,home
54,regular,10,2,OCO,SJS,,,home
54,regular,11,2,AZ,AUS,,,home
54,regular,12,2,SAR,OSK,,,home
54,regular,13,2,HON,NYS,,,away
54,regular,14,3,OSK,AZ,,,away
54,regular,15,3,BAL,YKW,,,home
54,regular,16,3,NOLA,AUS,,,away
54,regular,17,3,COL,CTC,,,home
54,regular,18,3,BFB,SAR,,,away
54,regular,19,3,SJS,HON,,,away
54,regular,20,3,NYS,OCO,,,home
54,regular,21,4,BFB,COL,,,away
54,regular,22,4,YKW,CTC,,,home
54,regular,23,4,SAR,OCO,,,home
54,regular,24,4,SJS,NOLA,,,home
54,regular,25,4,AZ,NYS,,,home
54,regular,26,4,AUS,HON,,,home
54,regular,27,4,BAL,OSK,,,home
54,regular,28,5,SAR,COL,,,home
54,regular,29,5,YKW,AUS,,,home
54,regular,30,5,CTC,BAL,,,home
54,regular,31,5,OSK,BFB,,,away
54,regular,32,5,OCO,AZ,,,away
54,regular,33,5,NYS,SJS,,,home
54,regular,34,5,HON,NOLA,,,away
54,regular,35,6,AZ,HON,,,home
54,regular,36,6,AUS,SJS,,,home
54,regular,37,6,NOLA,OCO,,,home
54,regular,38,6,OSK,YKW,,,away
54,regular,39,6,BAL,SAR,,,home
54,regular,40,6,COL,NYS,,,away
54,regular,41,6,BFB,CTC,,,away
54,regular,42,7,YKW,BFB,,,home
54,regular,43,7,NYS,NOLA,,,away
54,regular,44,7,SJS,AZ,,,away
54,regular,45,7,COL,OSK,,,home
54,regular,46,7,CTC,SAR,,,away
54,regular,47,7,BAL,HON,,,away
54,regular,48,7,AUS,OCO,,,home
54,regular,49,8,AUS,BAL,,,home
54,regular,50,8,AZ,COL,,,home
54,regular,51,8,SJS,YKW,,,away
54,regular,52,8,NOLA,SAR,,,away
54,regular,53,8,NYS,CTC,,,home
54,regular,54,8,HON,OSK,,,home
54,regular,55,8,OCO,BFB,,,home
54,regular,56,9,SJS,CTC,,,away
54,regular,57,9,OCO,HON,,,away
54,regular,58,9,SAR,YKW,,,away
54,regular,59,9,BFB,OSK,,,home
54,regular,60,9,BAL,COL,,,away
54,regular,61,9,NYS,AUS,,,home
54,regular,62,9,AZ,NOLA,,,home
54,regular,63,10,OSK,SAR,,,away
54,regular,64,10,YKW,BAL,,,home
54,regular,65,10,AZ,SJS,,,away
54,regular,66,10,HON,AUS,,,home
54,regular,67,10,NOLA,NYS,,,home
54,regular,68,10,CTC,BFB,,,home
54,regular,69,10,OCO,COL,,,away
54,regular,70,11,BAL,AZ,,,away
54,regular,71,11,SAR,AUS,,,home
54,regular,72,11,COL,NOLA,,,away
54,regular,73,11,OSK,SJS,,,away
54,regular,74,11,BFB,HON,,,away
54,regular,75,11,YKW,NYS,,,away
54,regular,76,11,CTC,OCO,,,home
54,regular,77,12,HON,SAR,,,home
54,regular,78,12,BFB,BAL,,,away
54,regular,79,12,OCO,NOLA,,,away
54,regular,80,12,COL,YKW,,,home
54,regular,81,12,AUS,AZ,,,away
54,regular,82,12,SJS,NYS,,,home
54,regular,83,12,OSK,CTC,,,away
54,regular,84,13,COL,BFB,,,home
54,regular,85,13,AZ,OCO,,,home
54,regular,86,13,NOLA,HON,,,away
54,regular,87,13,SAR,BAL,,,home
54,regular,88,13,SJS,AUS,,,away
54,regular,89,13,NYS,OSK,,,home
54,regular,90,13,CTC,YKW,,,home
54,regular,91,14,BAL,CTC,,,away
54,regular,92,14,COL,SAR,,,away
54,regular,93,14,HON,AZ,,,away
54,regular,94,14,OCO,NYS,,,home
54,regular,95,14,NOLA,SJS,,,home
54,regular,96,14,YKW,OSK,,,home
54,regular,97,14,AUS,BFB,,,home
54,regular,98,15,NOLA,BAL,,,away
54,regular,99,15,NYS,AZ,,,away
54,regular,100,15,OCO,AUS,,,away
54,regular,101,15,SAR,CTC,,,home
54,regular,102,15,OSK,COL,,,away
54,regular,103,15,BFB,YKW,,,away
54,regular,104,15,HON,SJS,,,away
54,regular,105,16,OSK,BAL,,,away
54,regular,106,16,NYS,HON,,,away
54,regular,107,16,CTC,COL,,,away
54,regular,108,16,SAR,BFB,,,home
54,regular,109,16,AUS,NOLA,,,away
54,regular,110,16,SJS,OCO,,,home
54,regular,111,16,AZ,YKW,,,home
54,playoff,10017,17,HON,AUS,21.0,22.0,away
54,playoff,10017,17,COL,CTC,20.0,13.0,home
54,playoff,10018,18,AZ,AUS,52.0,7.0,home
54,playoff,10018,18,SAR,COL,15.0,13.0,home
54,playoff,10019,19,AZ,SAR,20.0,23.0,away
55,regular,0,1,NYS,SJS,,,home
55,regular,1,1,COL,SAR,,,away
55,regular,2,1,OSK,OCO,,,home
55,regular,3,1,BFB,BAL,,,away
55,regular,4,1,AUS,NOLA,,,home
55,regular,5,1,CTC,YKW,,,home
55,regular,6,1,HON,AZ,,,away
55,regular,7,2,SAR,OSK,,,away
55,regular,8,2,CTC,COL,,,home
55,regular,9,2,BFB,HON,,,away
55,regular,10,2,SJS,OCO,,,home
55,regular,11,2,AZ,AUS,,,home
55,regular,12,2,YKW,BAL,,,home
55,regular,13,2,NYS,NOLA,,,home
55,regular,14,3,NOLA,SJS,,,home
55,regular,15,3,BAL,AZ,,,away
55,regular,16,3,SAR,CTC,,,away
55,regular,17,3,HON,AUS,,,home
55,regular,18,3,COL,BFB,,,home
55,regular,19,3,OSK,YKW,,,away
55,regular,20,3,OCO,NYS,,,away
55,regular,21,4,SAR,BAL,,,away
55,regular,22,4,OSK,COL,,,away
55,regular,23,4,CTC,BFB,,,home
55,regular,24,4,YKW,SJS,,,home
55,regular,25,4,OCO,HON,,,away
55,regular,26,4,AZ,NOLA,,,home
55,regular,27,4,AUS,NYS,,,home
55,regular,28,5,YKW,COL,,,away
55,regular,29,5,CTC,AUS,,,home
55,regular,30,5,BFB,SAR,,,away
55,regular,31,5,BAL,OSK,,,home
55,regular,32,5,SJS,AZ,,,home
55,regular,33,5,NOLA,OCO,,,away
55,regular,34,5,NYS,HON,,,away
55,regular,35,6,OSK,BFB,,,away
55,regular,36,6,AZ,NYS,,,home
55,regular,37,6,AUS,OCO,,,home
55,regular,38,6,HON,SJS,,,home
55,regular,39,6,BAL,CTC,,,home
55,regular,40,6,SAR,YKW,,,home
55,regular,41,6,COL,NOLA,,,away
55,regular,42,7,AUS,SJS,,,away
55,regular,43,7,CTC,OSK,,,home
55,regular,44,7,NOLA,HON,,,away
55,regular,45,7,OCO,AZ,,,away
55,regular,46,7,COL,BAL,,,away
55,regular,47,7,BFB,YKW,,,away
55,regular,48,7,SAR,NYS,,,away
55,regular,49,8,SJS,OSK,,,home
55,regular,50,8,AUS,SAR,,,away
55,regular,51,8,AZ,COL,,,home
55,regular,52,8,OCO,CTC,,,away
55,regular,53,8,HON,YKW,,,home
55,regular,54,8,NOLA,BFB,,,home
55,regular,55,8,NYS,BAL,,,home
55,regular,56,9,OCO,BFB,,,away
55,regular,57,9,SJS,NYS,,,away
55,regular,58,9,YKW,CTC,,,home
55,regular,59,9,OSK,BAL,,,away
55,regular,60,9,SAR,COL,,,away
55,regular,61,9,NOLA,AUS,,,away
55,regular,62,9,AZ,HON,,,home
55,regular,63,10,SJS,COL,,,home
55,regular,64,10,BAL,YKW,,,away
55,regular,65,10,CTC,SAR,,,away
55,regular,66,10,AZ,OCO,,,home
55,regular,67,10,NYS,AUS,,,away
55,regular,68,10,HON,NOLA,,,home
55,regular,69,10,BFB,OSK,,,home
55,regular,70,11,BFB,SJS,,,away
55,regular,71,11,SAR,AZ,,,away
55,regular,72,11,YKW,AUS,,,away
55,regular,73,11,COL,HON,,,away
55,regular,74,11,BAL,OCO,,,home
55,regular,75,11,OSK,NYS,,,away
55,regular,76,11,CTC,NOLA,,,away
55,regular,77,12,NYS,YKW,,,away
55,regular,78,12,OSK,SAR,,,away
55,regular,79,12,SJS,HON,,,away
55,regular,80,12,COL,CTC,,,home
55,regular,81,12,AUS,AZ,,,away
55,regular,82,12,OCO,NOLA,,,away
55,regular,83,12,BAL,BFB,,,home
55,regular,84,13,BFB,CTC,,,away
55,regular,85,13,COL,OSK,,,home
55,regular,86,13,AZ,SJS,,,home
55,regular,87,13,HON,NYS,,,away
55,regular,88,13,YKW,SAR,,,home
55,regular,89,13,OCO,AUS,,,home
55,regular,90,13,NOLA,BAL,,,home
55,regular,91,14,AUS,OSK,,,home
55,regular,92,14,SAR,BFB,,,home
55,regular,93,14,COL,YKW,,,away
55,regular,94,14,NYS,AZ,,,away
55,regular,95,14,SJS,NOLA,,,home
55,regular,96,14,HON,OCO,,,away
55,regular,97,14,CTC,BAL,,,home
55,regular,98,15,HON,SAR,,,home
55,regular,99,15,NOLA,AZ,,,away
55,regular,100,15,SJS,AUS,,,home
55,regular,101,15,YKW,BFB,,,home
55,regular,102,15,BAL,COL,,,home
55,regular,103,15,OSK,CTC,,,away
55,regular,104,15,NYS,OCO,,,home
55,regular,105,16,AZ,CTC,,,home
55,regular,106,16,BAL,SAR,,,home
55,regular,107,16,NOLA,NYS,,,away
55,regular,108,16,BFB,COL,,,home
55,regular,109,16,YKW,OSK,,,home
55,regular,110,16,AUS,HON,,,away
55,regular,111,16,OCO,SJS,,,away
55,playoff,10017,17,BAL,CTC,27.0,3.0,home
55,playoff,10017,17,HON,NYS,34.0,17.0,home
55,playoff,10018,18,AZ,HON,21.0,14.0,home
55,playoff,10018,18,YKW,BAL,3.0,23.0,away
55,playoff,10019,19,AZ,BAL,25.0,28.0,away
56,regular,0,1,HON,AZ,,,home
56,regular,1,1,AUS,NOLA,,,home
56,regular,2,1,BAL,YKW,,,away
56,regular,3,1,OSK,OCO,,,home
56,regular,4,1,BFB,COL,,,home
56,regular,5,1,NYS,SJS,,,away
56,regular,6,1,CTC,SAR,,,home
56,regular,7,2,YKW,OSK,,,home
56,regular,8,2,CTC,BAL,,,home
56,regular,9,2,BFB,HON,,,tie
56,regular,10,2,NOLA,OCO,,,home
56,regular,11,2,AZ,NYS,,,home
56,regular,12,2,SAR,COL,,,away
56,regular,13,2,AUS,SJS,,,home
56,regular,14,3,OCO,AUS,,,away
56,regular,15,3,SJS,NOLA,,,home
56,regular,16,3,COL,AZ,,,home
56,regular,17,3,YKW,CTC,,,away
56,regular,18,3,HON,NYS,,,home
56,regular,19,3,BAL,BFB,,,home
56,regular,20,3,OSK,SAR,,,home
56,regular,21,4,NYS,AUS,,,away
56,regular,22,4,YKW,COL,,,away
56,regular,23,4,OSK,BAL,,,away
56,regular,24,4,CTC,BFB,,,away
56,regular,25,4,SAR,NOLA,,,home
56,regular,26,4,OCO,HON,,,away
56,regular,27,4,AZ,SJS,,,away
56,regular,28,5,AUS,HON,,,away
56,regular,29,5,SAR,BAL,,,away
56,regular,30,5,CTC,NYS,,,home
56,regular,31,5,BFB,YKW,,,away
56,regular,32,5,COL,OSK,,,home
56,regular,33,5,NOLA,AZ,,,away
56,regular,34,5,SJS,OCO,,,home
56,regular,35,6,OSK,BFB,,,home
56,regular,36,6,AZ,AUS,,,home
56,regular,37,6,NYS,OCO,,,away
56,regular,38,6,HON,NOLA,,,home
56,regular,39,6,COL,CTC,,,away
56,regular,40,6,YKW,SAR,,,home
56,regular,41,6,BAL,SJS,,,home
56,regular,42,7,YKW,AUS,,,home
56,regular,43,7,NYS,NOLA,,,away
56,regular,44,7,CTC,OSK,,,home
56,regular,45,7,SJS,HON,,,away
56,regular,46,7,OCO,AZ,,,home
56,regular,47,7,BAL,COL,,,home
56,regular,48,7,BFB,SAR,,,home
56,regular,49,8,AUS,COL,,,away
56,regular,50,8,NOLA,OSK,,,home
56,regular,51,8,NYS,YKW,,,away
56,regular,52,8,AZ,BAL,,,away
56,regular,53,8,OCO,CTC,,,home
56,regular,54,8,HON,SAR,,,home
56,regular,55,8,SJS,BFB,,,home
56,regular,56,9,OCO,BFB,,,home
56,regular,57,9,NOLA,AUS,,,away
56,regular,58,9,SAR,CTC,,,away
56,regular,59,9,OSK,COL,,,away
56,regular,60,9,YKW,BAL,,,away
56,regular,61,9,SJS,NYS,,,home
56,regular,62,9,AZ,HON,,,home
56,regular,63,10,BFB,OSK,,,home
56,regular,64,10,NOLA,BAL,,,home
56,regular,65,10,COL,SAR,,,away
56,regular,66,10,CTC,YKW,,,home
56,regular,67,10,AZ,OCO,,,home
56,regular,68,10,AUS,NYS,,,home
56,regular,69,10,HON,SJS,,,tie
56,regular,70,11,CTC,SJS,,,home
56,regular,71,11,BFB,NOLA,,,away
56,regular,72,11,YKW,AZ,,,home
56,regular,73,11,SAR,NYS,,,away
56,regular,74,11,BAL,HON,,,home
56,regular,75,11,COL,OCO,,,home
56,regular,76,11,OSK,AUS,,,home
56,regular,77,12,AUS,SAR,,,home
56,regular,78,12,OSK,YKW,,,away
56,regular,79,12,NOLA,HON,,,away
56,regular,80,12,BAL,CTC,,,away
56,regular,81,12,NYS,AZ,,,away
56,regular,82,12,OCO,SJS,,,away
56,regular,83,12,COL,BFB,,,home
56,regular,84,13,SJS,COL,,,away
56,regular,85,13,BFB,CTC,,,tie
56,regular,86,13,BAL,OSK,,,home
56,regular,87,13,AZ,NOLA,,,away
56,regular,88,13,HON,AUS,,,home
56,regular,89,13,SAR,YKW,,,home
56,regular,90,13,OCO,NYS,,,home
56,regular,91,14,CTC,COL,,,away
56,regular,92,14,NYS,OSK,,,away
56,regular,93,14,YKW,BFB,,,home
56,regular,94,14,BAL,SAR,,,home
56,regular,95,14,AUS,AZ,,,away
56,regular,96,14,NOLA,SJS,,,away
56,regular,97,14,HON,OCO,,,home
56,regular,98,15,AUS,OCO,,,away
56,regular,99,15,HON,YKW,,,away
56,regular,100,15,SJS,AZ,,,home
56,regular,101,15,NOLA,NYS,,,away
56,regular,102,15,SAR,BFB,,,home
56,regular,103,15,COL,BAL,,,away
56,regular,104,15,OSK,CTC,,,away
56,regular,105,16,AZ,CTC,,,away
56,regular,106,16,COL,YKW,,,home
56,regular,107,16,SJS,AUS,,,home
56,regular,108,16,BFB,BAL,,,away
56,regular,109,16,SAR,OSK,,,home
56,regular,110,16,NYS,HON,,,home
56,regular,111,16,OCO,NOLA,,,home
56,playoff,10017,17,BAL,COL,29.0,26.0,home
56,playoff,10017,17,SJS,AZ,14.0,9.0,home
56,playoff,10018,18,HON,SJS,14.0,10.0,home
56,playoff,10018,18,CTC,BAL,17.0,27.0,away
56,playoff,10019,19,BAL,HON,20.0,27.0,away
57,regular,0,1,NOLA,AUS,,,away
57,regular,1,1,COL,YKW,,,home
57,regular,2,1,AZ,OCO,,,away
57,regular,3,1,BAL,CTC,,,away
57,regular,4,1,SAR,BFB,,,home
57,regular,5,1,SJS,HON,,,away
57,regular,6,1,NYS,OSK,,,away
57,regular,7,2,CTC,COL,,,away
57,regular,8,2,OCO,AUS,,,home
57,regular,9,2,SAR,YKW,,,home
57,regular,10,2,HON,NYS,,,home
57,regular,11,2,AZ,SJS,,,home
57,regular,12,2,NOLA,BAL,,,away
57,regular,13,2,BFB,OSK,,,home
57,regular,14,3,OSK,SAR,,,home
57,regular,15,3,YKW,BFB,,,away
57,regular,16,3,AUS,CTC,,,away
57,regular,17,3,HON,AZ,,,away
57,regular,18,3,BAL,COL,,,home
57,regular,19,3,SJS,NOLA,,,away
57,regular,20,3,NYS,OCO,,,away
57,regular,21,4,OCO,BFB,,,home
57,regular,22,4,OSK,BAL,,,away
57,regular,23,4,CTC,YKW,,,home
57,regular,24,4,COL,SAR,,,home
57,regular,25,4,HON,AUS,,,away
57,regular,26,4,NYS,SJS,,,away
57,regular,27,4,AZ,NOLA,,,away
57,regular,28,5,AUS,NYS,,,home
57,regular,29,5,BFB,CTC,,,away
57,regular,30,5,YKW,OSK,,,away
57,regular,31,5,SAR,BAL,,,away
57,regular,32,5,OCO,SJS,,,away
57,regular,33,5,AZ,COL,,,home
57,regular,34,5,NOLA,HON,,,home
57,regular,35,6,SJS,YKW,,,away
57,regular,36,6,NYS,NOLA,,,away
57,regular,37,6,CTC,SAR,,,home
57,regular,38,6,COL,OSK,,,home
57,regular,39,6,BAL,BFB,,,away
57,regular,40,6,AUS,AZ,,,home
57,regular,41,6,HON,OCO,,,home
57,regular,42,7,SJS,AUS,,,home
57,regular,43,7,NOLA,OCO,,,home
57,regular,44,7,HON,SAR,,,home
57,regular,45,7,COL,BFB,,,home
57,regular,46,7,AZ,NYS,,,home
57,regular,47,7,YKW,BAL,,,away
57,regular,48,7,OSK,CTC,,,home
57,regular,49,8,OSK,AZ,,,home
57,regular,50,8,BAL,OCO,,,away
57,regular,51,8,YKW,NOLA,,,away
57,regular,52,8,SAR,AUS,,,home
57,regular,53,8,BFB,NYS,,,home
57,regular,54,8,COL,HON,,,away
57,regular,55,8,CTC,SJS,,,away
57,regular,56,9,YKW,COL,,,home
57,regular,57,9,CTC,BAL,,,away
57,regular,58,9,OSK,NOLA,,,home
57,regular,59,9,BFB,SAR,,,home
57,regular,60,9,OCO,AZ,,,home
57,regular,61,9,NYS,AUS,,,home
57,regular,62,9,HON,SJS,,,home
57,regular,63,10,BAL,YKW,,,home
57,regular,64,10,NOLA,NYS,,,home
57,regular,65,10,BFB,SJS,,,away
57,regular,66,10,AUS,OCO,,,home
57,regular,67,10,AZ,HON,,,away
57,regular,68,10,CTC,OSK,,,home
57,regular,69,10,SAR,COL,,,home
57,regular,70,11,SJS,BAL,,,home
57,regular,71,11,AUS,OSK,,,home
57,regular,72,11,NYS,SAR,,,away
57,regular,73,11,AZ,YKW,,,home
57,regular,74,11,NOLA,BFB,,,home
57,regular,75,11,HON,CTC,,,home
57,regular,76,11,OCO,COL,,,home
57,regular,77,12,COL,CTC,,,away
57,regular,78,12,OSK,YKW,,,home
57,regular,79,12,AUS,NOLA,,,home
57,regular,80,12,SAR,OCO,,,away
57,regular,81,12,NYS,HON,,,away
57,regular,82,12,BFB,BAL,,,home
57,regular,83,12,SJS,AZ,,,home
57,regular,84,13,YKW,AUS,,,away
57,regular,85,13,NOLA,AZ,,,home
57,regular,86,13,SJS,NYS,,,home
57,regular,87,13,CTC,BFB,,,away
57,regular,88,13,BAL,SAR,,,home
57,regular,89,13,OCO,HON,,,home
57,regular,90,13,OSK,COL,,,home
57,regular,91,14,SAR,CTC,,,away
57,regular,92,14,BFB,YKW,,,home
57,regular,93,14,BAL,OSK,,,home
57,regular,94,14,AZ,AUS,,,home
57,regular,95,14,COL,NYS,,,away
57,regular,96,14,HON,NOLA,,,home
57,regular,97,14,SJS,OCO,,,home
57,regular,98,15,OCO,NOLA,,,home
57,regular,99,15,AUS,SJS,,,away
57,regular,100,15,NYS,AZ,,,away
57,regular,101,15,SAR,OSK,,,home
57,regular,102,15,BAL,HON,,,home
57,regular,103,15,YKW,CTC,,,away
57,regular,104,15,BFB,COL,,,home
57,regular,105,16,OSK,BFB,,,home
57,regular,106,16,CTC,AZ,,,home
57,regular,107,16,AUS,HON,,,home
57,regular,108,16,YKW,SAR,,,home
57,regular,109,16,NOLA,SJS,,,home
57,regular,110,16,OCO,NYS,,,home
57,regular,111,16,COL,BAL,,,away
57,playoff,10017,17,NOLA,HON,20.0,17.0,home
57,playoff,10017,17,CTC,BFB,12.0,10.0,home
57,playoff,10018,18,OCO,NOLA,17.0,38.0,away
57,playoff,10018,18,BAL,CTC,37.0,22.0,home
57,playoff,10019,19,BAL,NOLA,16.0,10.0,home
58,regular,0,1,YKW,NYS,,,away
58,regular,1,1,COL,SAR,,,home
58,regular,2,1,HON,SJS,,,away
58,regular,3,1,BFB,OSK,,,home
58,regular,4,1,NOLA,OCO,,,away
58,regular,5,1,AUS,AZ,,,away
58,regular,6,1,CTC,BAL,,,home
58,regular,7,2,BFB,CTC,,,away
58,regular,8,2,COL,NOLA,,,away
58,regular,9,2,AZ,NYS,,,home
58,regular,10,2,OCO,HON,,,home
58,regular,11,2,OSK,SAR,,,home
58,regular,12,2,AUS,SJS,,,home
58,regular,13,2,BAL,YKW,,,home
58,regular,14,3,NOLA,HON,,,away
58,regular,15,3,CTC,COL,,,home
58,regular,16,3,YKW,OSK,,,away
58,regular,17,3,NYS,AUS,,,away
58,regular,18,3,SJS,AZ,,,home
58,regular,19,3,SAR,OCO,,,home
58,regular,20,3,BAL,BFB,,,away
58,regular,21,4,OSK,AZ,,,away
58,regular,22,4,NYS,NOLA,,,home
58,regular,23,4,OCO,SJS,,,away
58,regular,24,4,HON,AUS,,,home
58,regular,25,4,BAL,SAR,,,home
58,regular,26,4,YKW,CTC,,,away
58,regular,27,4,BFB,COL,,,away
58,regular,28,5,OSK,CTC,,,away
58,regular,29,5,BFB,HON,,,away
58,regular,30,5,COL,BAL,,,home
58,regular,31,5,SAR,YKW,,,away
58,regular,32,5,AZ,OCO,,,home
58,regular,33,5,SJS,NYS,,,home
58,regular,34,5,AUS,NOLA,,,home
58,regular,35,6,NOLA,AZ,,,home
58,regular,36,6,SAR,BFB,,,home
58,regular,37,6,BAL,OSK,,,home
58,regular,38,6,CTC,SJS,,,away
58,regular,39,6,YKW,COL,,,away
58,regular,40,6,OCO,AUS,,,home
58,regular,41,6,HON,NYS,,,home
58,regular,42,7,NYS,OCO,,,home
58,regular,43,7,CTC,SAR,,,away
58,regular,44,7,COL,OSK,,,away
58,regular,45,7,BAL,AUS,,,away
58,regular,46,7,HON,AZ,,,home
58,regular,47,7,BFB,YKW,,,home
58,regular,48,7,SJS,NOLA,,,home
58,regular,49,8,HON,BAL,,,home
58,regular,50,8,OCO,CTC,,,away
58,regular,51,8,NYS,BFB,,,home
58,regular,52,8,NOLA,OSK,,,away
58,regular,53,8,SJS,COL,,,home
58,regular,54,8,AUS,SAR,,,away
58,regular,55,8,AZ,YKW,,,home
58,regular,56,9,OSK,BFB,,,away
58,regular,57,9,YKW,SAR,,,home
58,regular,58,9,BAL,CTC,,,home
58,regular,59,9,SJS,HON,,,away
58,regular,60,9,OCO,NOLA,,,home
58,regular,61,9,NYS,COL,,,away
58,regular,62,9,AZ,AUS,,,home
58,regular,63,10,OCO,NYS,,,home
58,regular,64,10,AUS,HON,,,home
58,regular,65,10,NOLA,SJS,,,away
58,regular,66,10,COL,YKW,,,home
58,regular,67,10,AZ,CTC,,,away
58,regular,68,10,SAR,OSK,,,away
58,regular,69,10,BFB,BAL,,,home
58,regular,70,11,OSK,HON,,,away
58,regular,71,11,CTC,NOLA,,,away
58,regular,72,11,SAR,NYS,,,home
58,regular,73,11,YKW,AUS,,,home
58,regular,74,11,BFB,SJS,,,home
58,regular,75,11,COL,AZ,,,away
58,regular,76,11,BAL,OCO,,,home
58,regular,77,12,YKW,BAL,,,away
58,regular,78,12,AZ,NOLA,,,home
58,regular,79,12,CTC,BFB,,,away
58,regular,80,12,HON,OCO,,,home
58,regular,81,12,NYS,SJS,,,home
58,regular,82,12,SAR,COL,,,home
58,regular,83,12,AUS,OSK,,,away
58,regular,84,13,NOLA,AUS,,,home
58,regular,85,13,OSK,BAL,,,away
58,regular,86,13,NYS,HON,,,away
58,regular,87,13,SJS,SAR,,,away
58,regular,88,13,COL,BFB,,,home
58,regular,89,13,CTC,YKW,,,home
58,regular,90,13,OCO,AZ,,,away
58,regular,91,14,AUS,OCO,,,home
58,regular,92,14,AZ,SJS,,,home
58,regular,93,14,NOLA,NYS,,,home
58,regular,94,14,BFB,SAR,,,home
58,regular,95,14,HON,YKW,,,home
58,regular,96,14,BAL,COL,,,home
58,regular,97,14,CTC,OSK,,,away
58,regular,98,15,NOLA,BAL,,,away
58,regular,99,15,SJS,OCO,,,away
58,regular,100,15,AZ,HON,,,home
58,regular,101,15,OSK,COL,,,away
58,regular,102,15,SAR,CTC,,,home
58,regular,103,15,YKW,BFB,,,home
58,regular,104,15,AUS,NYS,,,home
58,regular,105,16,COL,CTC,,,home
58,regular,106,16,OSK,YKW,,,home
58,regular,107,16,HON,NOLA,,,away
58,regular,108,16,NYS,AZ,,,home
58,regular,109,16,OCO,BFB,,,home
58,regular,110,16,SAR,BAL,,,away
58,regular,111,16,SJS,AUS,,,home
58,playoff,10017,17,HON,SJS,27.0,23.0,home
58,playoff,10017,17,COL,BFB,31.0,27.0,home
58,playoff,10018,18,AZ,HON,21.0,26.0,away
58,playoff,10018,18,BAL,COL,23.0,10.0,home
58,playoff,10019,19,HON,BAL,23.0,9.0,home
59,regular,0,1,SAR,CTC,,,home
59,regular,1,1,HON,AZ,,,away
59,regular,2,1,NOLA,YKW,,,away
59,regular,3,1,NYS,OCO,,,away
59,regular,4,1,BFB,OSK,,,away
59,regular,5,1,SJS,AUS,,,away
59,regular,6,1,COL,BAL,,,away
59,regular,7,2,AZ,NOLA,,,away
59,regular,8,2,SJS,HON,,,away
59,regular,9,2,NYS,COL,,,home
59,regular,10,2,CTC,YKW,,,away
59,regular,11,2,BAL,BFB,,,home
59,regular,12,2,AUS,OCO,,,home
59,regular,13,2,SAR,OSK,,,home
59,regular,14,3,OSK,CTC,,,home
59,regular,15,3,OCO,BAL,,,home
59,regular,16,3,AZ,SJS,,,home
59,regular,17,3,COL,BFB,,,home
59,regular,18,3,HON,NYS,,,home
59,regular,19,3,NOLA,AUS,,,away
59,regular,20,3,YKW,SAR,,,home
59,regular,21,4,AZ,OCO,,,home
59,regular,22,4,NOLA,HON,,,home
59,regular,23,4,SJS,NYS,,,away
59,regular,24,4,AUS,CTC,,,home
59,regular,25,4,YKW,COL,,,home
59,regular,26,4,BAL,OSK,,,home
59,regular,27,4,BFB,SAR,,,away
59,regular,28,5,AUS,HON,,,away
59,regular,29,5,SJS,BFB,,,away
59,regular,30,5,NYS,AZ,,,away
59,regular,31,5,OCO,NOLA,,,away
59,regular,32,5,CTC,BAL,,,away
59,regular,33,5,OSK,YKW,,,away
59,regular,34,5,SAR,COL,,,away
59,regular,35,6,NOLA,NYS,,,away
59,regular,36,6,BAL,SAR,,,away
59,regular,37,6,BFB,YKW,,,away
59,regular,38,6,COL,CTC,,,home
59,regular,39,6,OCO,SJS,,,home
59,regular,40,6,AZ,AUS,,,away
59,regular,41,6,HON,OSK,,,home
59,regular,42,7,BFB,CTC,,,home
59,regular,43,7,SJS,NOLA,,,away
59,regular,44,7,OSK,COL,,,home
59,regular,45,7,YKW,BAL,,,home
59,regular,46,7,HON,OCO,,,home
59,regular,47,7,NYS,AUS,,,away
59,regular,48,7,AZ,SAR,,,home
59,regular,49,8,CTC,NOLA,,,away
59,regular,50,8,BFB,AZ,,,away
59,regular,51,8,BAL,HON,,,home
59,regular,52,8,YKW,SJS,,,away
59,regular,53,8,COL,AUS,,,home
59,regular,54,8,OSK,NYS,,,home
59,regular,55,8,SAR,OCO,,,home
59,regular,56,9,YKW,NYS,,,home
59,regular,57,9,CTC,SAR,,,away
59,regular,58,9,AUS,SJS,,,home
59,regular,59,9,NOLA,OCO,,,home
59,regular,60,9,AZ,HON,,,home
59,regular,61,9,OSK,BFB,,,away
59,regular,62,9,BAL,COL,,,home
59,regular,63,10,CTC,HON,,,away
59,regular,64,10,OCO,AUS,,,away
59,regular,65,10,SJS,AZ,,,away
59,regular,66,10,BAL,YKW,,,home
59,regular,67,10,SAR,BFB,,,home
59,regular,68,10,COL,OSK,,,home
59,regular,69,10,NYS,NOLA,,,away
59,regular,70,11,NYS,CTC,,,home
59,regular,71,11,AZ,BAL,,,home
59,regular,72,11,AUS,BFB,,,home
59,regular,73,11,HON,COL,,,away
59,regular,74,11,OCO,YKW,,,home
59,regular,75,11,NOLA,SAR,,,away
59,regular,76,11,SJS,OSK,,,away
59,regular,77,12,SAR,AUS,,,home
59,regular,78,12,NOLA,AZ,,,away
59,regular,79,12,CTC,COL,,,away
59,regular,80,12,HON,SJS,,,home
59,regular,81,12,BFB,BAL,,,away
59,regular,82,12,YKW,OSK,,,away
59,regular,83,12,OCO,NYS,,,home
59,regular,84,13,NYS,SJS,,,home
59,regular,85,13,HON,NOLA,,,home
59,regular,86,13,BAL,CTC,,,home
59,regular,87,13,COL,SAR,,,home
59,regular,88,13,AUS,AZ,,,away
59,regular,89,13,YKW,BFB,,,away
59,regular,90,13,OSK,OCO,,,away
59,regular,91,14,BFB,NOLA,,,home
59,regular,92,14,AZ,NYS,,,away
59,regular,93,14,HON,AUS,,,away
59,regular,94,14,SAR,BAL,,,home
59,regular,95,14,CTC,OSK,,,away
59,regular,96,14,COL,YKW,,,home
59,regular,97,14,SJS,OCO,,,away
59,regular,98,15,COL,AZ,,,away
59,regular,99,15,OSK,BAL,,,home
59,regular,100,15,CTC,BFB,,,away
59,regular,101,15,AUS,NYS,,,home
59,regular,102,15,OCO,HON,,,home
59,regular,103,15,NOLA,SJS,,,home
59,regular,104,15,SAR,YKW,,,away
59,regular,105,16,BAL,SJS,,,home
59,regular,106,16,OCO,AZ,,,away
59,regular,107,16,OSK,SAR,,,away
59,regular,108,16,NYS,HON,,,home
59,regular,109,16,AUS,NOLA,,,away
59,regular,110,16,BFB,COL,,,away
59,regular,111,16,YKW,CTC,,,home
59,playoff,10017,17,BAL,COL,23.0,3.0,home
59,playoff,10017,17,AUS,NOLA,17.0,14.0,home
59,playoff,10018,18,AZ,AUS,28.0,9.0,home
59,playoff,10018,18,SAR,BAL,32.0,39.0,away
59,playoff,10019,19,AZ,BAL,36.0,29.0,home
60,regular,0,1,YKW,COL,,,home
60,regular,1,1,NOLA,HON,,,away
60,regular,2,1,BAL,SAR,,,away
60,regular,3,1,OSK,BFB,,,away
60,regular,4,1,AUS,AZ,,,away
60,regular,5,1,SJS,CTC,,,home
60,regular,6,1,NYS,OCO,,,home
60,regular,7,2,HON,OCO,,,away
60,regular,8,2,OSK,COL,,,away
60,regular,9,2,AZ,SJS,,,home
60,regular,10,2,NOLA,AUS,,,away
60,regular,11,2,NYS,BAL,,,away
60,regular,12,2,BFB,CTC,,,home
60,regular,13,2,SAR,YKW,,,home
60,regular,14,3,CTC,OSK,,,away
60,regular,15,3,COL,BFB,,,home
60,regular,16,3,OCO,SAR,,,home
60,regular,17,3,AZ,NOLA,,,home
60,regular,18,3,BAL,YKW,,,home
60,regular,19,3,AUS,NYS,,,away
60,regular,20,3,SJS,HON,,,away
60,regular,21,4,CTC,BAL,,,away
60,regular,22,4,SAR,COL,,,home
60,regular,23,4,YKW,OSK,,,away
60,regular,24,4,AZ,OCO,,,away
60,regular,25,4,SJS,AUS,,,away
60,regular,26,4,NOLA,NYS,,,away
60,regular,27,4,HON,BFB,,,away
60,regular,28,5,BFB,SAR,,,home
60,regular,29,5,COL,CTC,,,home
60,regular,30,5,OSK,BAL,,,home
60,regular,31,5,HON,AUS,,,home
60,regular,32,5,NOLA,YKW,,,home
60,regular,33,5,NYS,AZ,,,home
60,regular,34,5,OCO,SJS,,,home
60,regular,35,6,SJS,NYS,,,away
60,regular,36,6,SAR,OSK,,,home
60,regular,37,6,YKW,CTC,,,home
60,regular,38,6,BAL,BFB,,,home
60,regular,39,6,OCO,NOLA,,,home
60,regular,40,6,AZ,HON,,,home
60,regular,41,6,AUS,COL,,,home
60,regular,42,7,AUS,OCO,,,away
60,regular,43,7,NYS,HON,,,away
60,regular,44,7,AZ,OSK,,,away
60,regular,45,7,YKW,BFB,,,away
60,regular,46,7,NOLA,SJS,,,home
60,regular,47,7,COL,BAL,,,home
60,regular,48,7,CTC,SAR,,,away
60,regular,49,8,BAL,HON,,,away
60,regular,50,8,COL,NYS,,,away
60,regular,51,8,OSK,OCO,,,home
60,regular,52,8,BFB,SJS,,,home
60,regular,53,8,YKW,AZ,,,away
60,regular,54,8,SAR,AUS,,,home
60,regular,55,8,CTC,NOLA,,,away
60,regular,56,9,SAR,BAL,,,away
60,regular,57,9,CTC,NYS,,,away
60,regular,58,9,BFB,OSK,,,home
60,regular,59,9,HON,NOLA,,,home
60,regular,60,9,SJS,OCO,,,away
60,regular,61,9,AZ,AUS,,,away
60,regular,62,9,COL,YKW,,,home
60,regular,63,10,BAL,COL,,,home
60,regular,64,10,NYS,SJS,,,home
60,regular,65,10,BFB,AUS,,,home
60,regular,66,10,OCO,HON,,,home
60,regular,67,10,NOLA,AZ,,,away
60,regular,68,10,SAR,CTC,,,home
60,regular,69,10,OSK,YKW,,,away
60,regular,70,11,OCO,CTC,,,home
60,regular,71,11,SJS,OSK,,,away
60,regular,72,11,NOLA,COL,,,away
60,regular,73,11,NYS,BFB,,,away
60,regular,74,11,AZ,SAR,,,away
60,regular,75,11,HON,YKW,,,away
60,regular,76,11,AUS,BAL,,,away
60,regular,77,12,CTC,COL,,,away
60,regular,78,12,OCO,NYS,,,home
60,regular,79,12,OSK,HON,,,away
60,regular,80,12,SJS,AZ,,,away
60,regular,81,12,BFB,BAL,,,away
60,regular,82,12,AUS,NOLA,,,home
60,regular,83,12,YKW,SAR,,,home
60,regular,84,13,COL,OCO,,,away
60,regular,85,13,NYS,NOLA,,,home
60,regular,86,13,AUS,SJS,,,home
60,regular,87,13,SAR,BFB,,,home
60,regular,88,13,BAL,OSK,,,away
60,regular,89,13,HON,AZ,,,home
60,regular,90,13,CTC,YKW,,,away
60,regular,91,14,BFB,COL,,,home
60,regular,92,14,BAL,CTC,,,home
60,regular,93,14,NOLA,OCO,,,home
60,regular,94,14,YKW,SJS,,,home
60,regular,95,14,AZ,NYS,,,home
60,regular,96,14,AUS,HON,,,away
60,regular,97,14,OSK,SAR,,,away
60,regular,98,15,OCO,AUS,,,away
60,regular,99,15,SJS,NOLA,,,away
60,regular,100,15,OSK,CTC,,,home
60,regular,101,15,BAL,AZ,,,home
60,regular,102,15,COL,SAR,,,home
60,regular,103,15,BFB,YKW,,,away
60,regular,104,15,HON,NYS,,,away
60,regular,105,16,SAR,NOLA,,,away
60,regular,106,16,OCO,AZ,,,home
60,regular,107,16,COL,OSK,,,home
60,regular,108,16,NYS,AUS,,,away
60,regular,109,16,HON,SJS,,,home
60,regular,110,16,YKW,BAL,,,away
60,regular,111,16,CTC,BFB,,,away
60,playoff,10017,17,HON,NYS,38.0,17.0,home
60,playoff,10017,17,BFB,SAR,33.0,20.0,home
60,playoff,10018,18,OCO,HON,24.0,20.0,home
60,playoff,10018,18,BAL,BFB,27.0,17.0,home
60,playoff,10019,19,OCO,BAL,21.0,18.0,home
61,regular,0,1,SJS,CTC,,,home
61,regular,1,1,NOLA,AUS,,,away
61,regular,2,1,SAR,COL,,,away
61,regular,3,1,NYS,AZ,,,away
61,regular,4,1,BFB,BAL,,,home
61,regular,5,1,YKW,OSK,,,home
61,regular,6,1,HON,OCO,,,home
61,regular,7,2,NOLA,BFB,,,away
61,regular,8,2,OSK,CTC,,,home
61,regular,9,2,BAL,SAR,,,home
61,regular,10,2,AZ,AUS,,,away
61,regular,11,2,YKW,COL,,,home
61,regular,12,2,OCO,SJS,,,home
61,regular,13,2,NYS,HON,,,home
61,regular,14,3,HON,NOLA,,,home
61,regular,15,3,SJS,AZ,,,away
61,regular,16,3,CTC,YKW,,,away
61,regular,17,3,COL,OSK,,,home
61,regular,18,3,AUS,BAL,,,away
61,regular,19,3,OCO,NYS,,,home
61,regular,20,3,BFB,SAR,,,home
61,regular,21,4,AZ,OSK,,,home
61,regular,22,4,CTC,BFB,,,home
61,regular,23,4,BAL,COL,,,away
61,regular,24,4,SAR,YKW,,,home
61,regular,25,4,OCO,AUS,,,home
61,regular,26,4,SJS,HON,,,away
61,regular,27,4,NYS,NOLA,,,home
61,regular,28,5,NYS,SAR,,,away
61,regular,29,5,NOLA,OCO,,,home
61,regular,30,5,AUS,SJS,,,home
61,regular,31,5,OSK,BAL,,,home
61,regular,32,5,COL,CTC,,,home
61,regular,33,5,YKW,BFB,,,away
61,regular,34,5,AZ,HON,,,away
61,regular,35,6,AUS,NYS,,,home
61,regular,36,6,OCO,AZ,,,home
61,regular,37,6,HON,COL,,,home
61,regular,38,6,SJS,NOLA,,,away
61,regular,39,6,BAL,YKW,,,home
61,regular,40,6,SAR,CTC,,,home
61,regular,41,6,BFB,OSK,,,away
61,regular,42,7,HON,AUS,,,home
61,regular,43,7,NOLA,AZ,,,home
61,regular,44,7,OCO,YKW,,,home
61,regular,45,7,SAR,OSK,,,home
61,regular,46,7,NYS,SJS,,,home
61,regular,47,7,COL,BFB,,,away
61,regular,48,7,CTC,BAL,,,away
61,regular,49,8,SAR,OCO,,,home
61,regular,50,8,BAL,HON,,,home
61,regular,51,8,CTC,NYS,,,away
61,regular,52,8,BFB,AZ,,,home
61,regular,53,8,COL,NOLA,,,home
61,regular,54,8,YKW,AUS,,,home
61,regular,55,8,OSK,SJS,,,home
61,regular,56,9,SJS,AUS,,,away
61,regular,57,9,OCO,HON,,,away
61,regular,58,9,COL,SAR,,,home
61,regular,59,9,BAL,BFB,,,home
61,regular,60,9,CTC,NOLA,,,away
61,regular,61,9,OSK,YKW,,,home
61,regular,62,9,AZ,NYS,,,home
61,regular,63,10,YKW,SAR,,,away
61,regular,64,10,BFB,COL,,,home
61,regular,65,10,NOLA,SJS,,,home
61,regular,66,10,OSK,HON,,,away
61,regular,67,10,AUS,AZ,,,away
61,regular,68,10,NYS,OCO,,,away
61,regular,69,10,BAL,CTC,,,home
61,regular,70,11,AZ,SAR,,,away
61,regular,71,11,HON,BFB,,,away
61,regular,72,11,AUS,CTC,,,home
61,regular,73,11,SJS,YKW,,,away
61,regular,74,11,NYS,COL,,,home
61,regular,75,11,NOLA,OSK,,,away
61,regular,76,11,OCO,BAL,,,away
61,regular,77,12,OSK,BFB,,,home
61,regular,78,12,HON,NYS,,,home
61,regular,79,12,SAR,BAL,,,away
61,regular,80,12,CTC,COL,,,away
61,regular,81,12,AUS,NOLA,,,away
61,regular,82,12,YKW,AZ,,,away
61,regular,83,12,SJS,OCO,,,away
61,regular,84,13,AZ,OCO,,,home
61,regular,85,13,CTC,SAR,,,away
61,regular,86,13,COL,AUS,,,home
61,regular,87,13,NOLA,NYS,,,away
61,regular,88,13,HON,SJS,,,home
61,regular,89,13,BAL,OSK,,,home
61,regular,90,13,BFB,YKW,,,home
61,regular,91,14,YKW,BAL,,,away
61,regular,92,14,OSK,COL,,,away
61,regular,93,14,BFB,CTC,,,home
61,regular,94,14,NYS,AUS,,,home
61,regular,95,14,SAR,SJS,,,home
61,regular,96,14,OCO,NOLA,,,home
61,regular,97,14,HON,AZ,,,away
61,regular,98,15,COL,BAL,,,home
61,regular,99,15,OSK,SAR,,,home
61,regular,100,15,AZ,NOLA,,,home
61,regular,101,15,AUS,HON,,,home
61,regular,102,15,SJS,NYS,,,away
61,regular,103,15,YKW,CTC,,,home
61,regular,104,15,BFB,OCO,,,home
61,regular,105,16,AZ,SJS,,,home
61,regular,106,16,SAR,BFB,,,away
61,regular,107,16,CTC,OSK,,,away
61,regular,108,16,BAL,NYS,,,home
61,regular,109,16,AUS,OCO,,,home
61,regular,110,16,COL,YKW,,,home
61,regular,111,16,NOLA,HON,,,away
61,playoff,10017,17,AZ,OCO,27.0,35.0,away
61,playoff,10017,17,BFB,COL,18.0,15.0,home
61,playoff,10018,18,HON,OCO,24.0,27.0,away
61,playoff,10018,18,BAL,BFB,34.0,20.0,home
61,playoff,10019,19,BAL,OCO,33.0,10.0,home
62,regular,0,1,BFB,BAL,,,away
62,regular,1,1,CTC,SJS,,,home
62,regular,2,1,YKW,SAR,,,away
62,regular,3,1,OCO,AUS,,,away
62,regular,4,1,COL,OSK,,,home
62,regular,5,1,AZ,HON,,,away
62,regular,6,1,NYS,NOLA,,,away
62,regular,7,2,BAL,CTC,,,home
62,regular,8,2,COL,BFB,,,away
62,regular,9,2,YKW,AZ,,,home
62,regular,10,2,NOLA,SJS,,,away
62,regular,11,2,HON,OCO,,,home
62,regular,12,2,OSK,SAR,,,home
62,regular,13,2,NYS,AUS,,,home
62,regular,14,3,SAR,HON,,,home
62,regular,15,3,BAL,COL,,,away
62,regular,16,3,AZ,OCO,,,home
62,regular,17,3,BFB,YKW,,,home
62,regular,18,3,CTC,OSK,,,home
62,regular,19,3,SJS,NYS,,,away
62,regular,20,3,AUS,NOLA,,,away
62,regular,21,4,CTC,BFB,,,away
62,regular,22,4,COL,YKW,,,home
62,regular,23,4,OSK,NOLA,,,away
62,regular,24,4,SJS,AZ,,,away
62,regular,25,4,HON,AUS,,,home
62,regular,26,4,OCO,NYS,,,away
62,regular,27,4,BAL,SAR,,,home
62,regular,28,5,OSK,BFB,,,home
62,regular,29,5,COL,OCO,,,home
62,regular,30,5,YKW,BAL,,,away
62,regular,31,5,SAR,CTC,,,home
62,regular,32,5,NOLA,HON,,,away
62,regular,33,5,AUS,SJS,,,away
62,regular,34,5,NYS,AZ,,,away
62,regular,35,6,HON,NYS,,,home
62,regular,36,6,OCO,SJS,,,away
62,regular,37,6,AZ,NOLA,,,home
62,regular,38,6,SAR,COL,,,away
62,regular,39,6,BAL,OSK,,,home
62,regular,40,6,BFB,AUS,,,away
62,regular,41,6,CTC,YKW,,,away
62,regular,42,7,COL,CTC,,,home
62,regular,43,7,AUS,AZ,,,home
62,regular,44,7,SJS,HON,,,away
62,regular,45,7,BFB,SAR,,,away
62,regular,46,7,YKW,OSK,,,away
62,regular,47,7,BAL,NYS,,,home
62,regular,48,7,OCO,NOLA,,,away
62,regular,49,8,OCO,BAL,,,away
62,regular,50,8,HON,BFB,,,home
62,regular,51,8,SJS,COL,,,away
62,regular,52,8,AZ,OSK,,,away
62,regular,53,8,AUS,YKW,,,away
62,regular,54,8,NYS,SAR,,,home
62,regular,55,8,NOLA,CTC,,,away
62,regular,56,9,SJS,YKW,,,away
62,regular,57,9,NOLA,NYS,,,home
62,regular,58,9,OSK,COL,,,home
62,regular,59,9,CTC,SAR,,,home
62,regular,60,9,BAL,BFB,,,away
62,regular,61,9,AUS,OCO,,,home
62,regular,62,9,HON,AZ,,,home
62,regular,63,10,SAR,OSK,,,away
62,regular,64,10,COL,BAL,,,away
62,regular,65,10,HON,SJS,,,home
62,regular,66,10,NYS,OCO,,,home
62,regular,67,10,AZ,AUS,,,home
62,regular,68,10,YKW,CTC,,,home
62,regular,69,10,NOLA,BFB,,,home
62,regular,70,11,BAL,HON,,,home
62,regular,71,11,OSK,OCO,,,home
62,regular,72,11,BFB,AZ,,,away
62,regular,73,11,SAR,SJS,,,home
62,regular,74,11,CTC,NYS,,,away
62,regular,75,11,COL,AUS,,,away
62,regular,76,11,YKW,NOLA,,,home
62,regular,77,12,NYS,OSK,,,home
62,regular,78,12,CTC,BAL,,,away
62,regular,79,12,NOLA,AZ,,,home
62,regular,80,12,BFB,COL,,,home
62,regular,81,12,OCO,HON,,,away
62,regular,82,12,SJS,AUS,,,home
62,regular,83,12,SAR,YKW,,,home
62,regular,84,13,BFB,CTC,,,away
62,regular,85,13,HON,NOLA,,,home
62,regular,86,13,AZ,NYS,,,away
62,regular,87,13,OSK,BAL,,,away
62,regular,88,13,SJS,OCO,,,away
62,regular,89,13,AUS,SAR,,,away
62,regular,90,13,YKW,COL,,,home
62,regular,91,14,BAL,YKW,,,home
62,regular,92,14,BFB,OSK,,,away
62,regular,93,14,NYS,HON,,,home
62,regular,94,14,NOLA,AUS,,,home
62,regular,95,14,AZ,SJS,,,home
62,regular,96,14,COL,SAR,,,home
62,regular,97,14,OCO,CTC,,,home
62,regular,98,15,AZ,BAL,,,away
62,regular,99,15,AUS,HON,,,away
62,regular,100,15,NOLA,OCO,,,home
62,regular,101,15,OSK,YKW,,,away
62,regular,102,15,SAR,BFB,,,home
62,regular,103,15,CTC,COL,,,home
62,regular,104,15,NYS,SJS,,,home
62,regular,105,16,SAR,BAL,,,away
62,regular,106,16,AUS,NYS,,,away
62,regular,107,16,YKW,BFB,,,away
62,regular,108,16,OSK,CTC,,,away
62,regular,109,16,OCO,AZ,,,away
62,regular,110,16,SJS,NOLA,,,away
62,regular,111,16,HON,COL,,,away
62,playoff,10017,17,NYS,NOLA,9.0,10.0,away
62,playoff,10017,17,COL,OSK,27.0,16.0,home
62,playoff,10018,18,HON,NOLA,34.0,27.0,home
62,playoff,10018,18,BAL,COL,19.0,17.0,home
62,playoff,10019,19,HON,BAL,,,
