pid,uid,username,name,first_name,last_name,draft_season,status,active_status,creation_date,retirement_date,position,archetype,isfl_team,dsfl_team,current_league,total_tpe,applied_tpe,banked_tpe,secondary_tpe,tertiary_tpe,highest_tpe,position_changed,archetype_changed,used_redistribution,equipment_purchased,training_camp,is_suspended,is_rookie,is_captain,weekly_activity_check,weekly_training,bank_balance,jersey_number,birthplace,college,recruiter,wfc_region,traits_purchased
6345,5189,baseballjack,Jack Peters,Jack,Peters,64.0,active,active,2026-09-20 19:05:15,,Running Back,Speed Back,,,DSFL,77,77,0,0,0,77,0,0,0,0,20,0,1,0,0,0,0,9.0,San Diego,USC,5189,,
6344,5188,w3nvy,Jordan Baker,Jordan,Baker,64.0,active,active,2026-09-19 15:59:12,,Quarterback,Gunslinger,,,DSFL,81,81,0,0,0,81,0,0,0,4,20,0,1,0,0,0,-1800000,1.0,Montreal,Penn State,0,,
6343,3678,Chicken Lips,The Junk Man,The,Junk Man,64.0,active,active,2026-09-17 10:34:38,,Linebacker,Pass Rusher,,POR,DSFL,82,80,2,0,0,82,0,0,0,0,20,0,1,0,0,5,121925814,27.0,Junkyard Galaxy,Cesspool of the South ,0,,
6342,5187,Ps4,Nick Flack,Nick,Flack,64.0,active,active,2026-09-16 00:25:30,,Wide Receiver,Speed Receiver,,BBB,DSFL,72,50,22,0,0,72,0,0,0,0,20,0,1,0,0,0,1000000,1.0,Missouri,Missouri State,0,,
6341,5183,Tonythe man,TONY THE MAN,TONY,THE MAN,,denied,active,2026-09-15 21:39:48,,Wide Receiver,Possession Receiver,,,DSFL,50,50,0,0,0,50,0,0,0,0,0,0,1,0,0,0,2200000,12.0,Intercouse  pa,West point,0,,
6340,5185,DrakekxD1,Agus Vodo,Agus,Vodo,64.0,active,active,2026-09-14 20:20:39,,Wide Receiver,Speed Receiver,,DAL,DSFL,79,79,0,0,0,79,0,0,0,2,20,0,1,0,0,0,5100000,10.0,Mar del Plata,UNMDP,0,,
6339,5184,Bobbrandao,Bob Brandao,Bob,Brandao,64.0,active,active,2026-09-13 00:15:43,,Wide Receiver,Speed Receiver,,LON,DSFL,79,76,3,0,0,79,0,0,0,1,20,0,1,0,0,0,8550000,10.0,Bahia,Bahia,0,,
6338,5178,Wiggo,Ledley King,Ledley,King,64.0,active,active,2026-09-08 16:59:03,,Linebacker,Coverage LB,,TIJ,DSFL,99,99,0,0,0,99,0,0,0,5,20,0,1,0,2,5,7850000,26.0,London,University of London,4737,,
6337,2584,Fronk,Habbercamp Shatterdome,Habbercamp,Shatterdome,64.0,active,active,2026-09-08 15:58:21,,Quarterback,Gunslinger,,MIN,DSFL,117,105,12,0,0,120,0,0,0,30,20,0,1,0,0,0,240912286,12.0,Indiana,Indiana University,0,,
6336,2976,ctots,Rush Wheek,Rush,Wheek,64.0,active,active,2026-09-08 12:53:03,,Cornerback,Cover Corner,,KCC,DSFL,124,116,8,0,0,124,0,0,0,30,20,0,1,0,2,5,37905520,22.0,"Muncie, IN",Ball State,0,,
6335,5179,Iamewolf,Erik Andrés Wolf,Erik Andrés,Wolf,64.0,active,active,2026-09-08 10:49:48,,Tight End,Possession TE,,TIJ,DSFL,165,165,0,0,0,165,0,0,0,30,20,0,1,0,0,0,7100000,4.0,"Regensburg, Germany",Missouri,0,,
6334,2589,Zephyrus1128,Reformed Multi,Reformed,Multi,64.0,active,active,2026-09-07 18:41:39,,Running Back,Speed Back,,KCC,DSFL,147,146,1,0,0,147,0,0,0,30,20,0,1,0,0,0,27866095,18.0,"Tokyo, Japan",Blue Lock American Football Academy,0,,
6333,3880,Coachsj35,Phantom Ghost II,Phantom,Ghost II,64.0,active,active,2026-09-07 17:51:31,,Running Back,Power Back,,TIJ,DSFL,87,80,7,0,0,87,0,0,0,0,20,0,1,0,0,0,7375800,13.0,Las Vegas,University of Texas,0,,
6332,950,ValorX77,Neo Universe,Neo,Universe,64.0,active,active,2026-09-06 17:59:35,,Quarterback,Field General,,MIN,DSFL,151,150,1,0,0,151,0,0,0,30,20,0,1,0,2,5,671610608,7.0,"Osaka, Japan",Tracen Academy,0,,
6331,2890,Bubba,Banana Pancakes,Banana,Pancakes,64.0,active,active,2026-09-06 15:26:53,,Wide Receiver,Speed Receiver,,NOR,DSFL,144,50,94,0,0,144,0,0,0,30,20,0,1,0,0,0,35646847,99.0,"Dallas, Texas",Oregon,0,,
6330,5175,cubadoesitbetter,Mike Jones,Mike,Jones,64.0,active,active,2026-09-06 01:09:44,,Running Back,Power Back,,TIJ,DSFL,79,76,3,0,0,79,0,0,0,2,20,0,1,0,0,0,8600000,34.0,"Riviera Beach, FL",University of Miami,0,,
6329,3140,Nathan,John Marino,John,Marino,64.0,active,active,2026-09-05 20:30:12,,Wide Receiver,Return Specialist,,MIN,DSFL,148,140,8,0,0,148,0,0,0,30,20,0,1,0,2,5,92116825,14.0,"North Carolina, United States",Houston,0,,
6328,4653,TheAmericanPineapple,Pen-Pineapple Apple-Pen,Pen-Pineapple,Apple-Pen,64.0,active,active,2026-09-05 17:54:44,,Offensive Lineman,Mauler,,TIJ,DSFL,145,145,0,0,0,145,0,0,49,30,20,0,1,0,2,5,52195167,16.0,Pen Island,Pen Island University,0,,
6327,5174,Quithaten1313,Johnnie Sharp,Johnnie,Sharp,64.0,active,,2026-09-05 12:37:44,,Wide Receiver,Possession Receiver,,DAL,DSFL,50,50,0,0,0,50,0,0,0,0,0,0,0,0,0,0,7000000,13.0,Birmingham Alabama ,Auburn University ,0,,
6326,4524,ismat,Black Sheep,Black,Sheep,64.0,active,active,2026-09-05 02:23:20,,Linebacker,Versatile LB,,NOR,DSFL,151,144,7,0,0,151,0,0,0,30,20,0,0,0,2,5,497111000,18.0,China,Sheep U,0,,
6325,4504,Nol15736,Dino-sty Nuggets,Dino-sty,Nuggets,64.0,active,active,2026-09-04 22:47:47,,Running Back,Receiving Back,,MIN,DSFL,154,147,7,0,0,154,0,0,0,60,20,0,0,0,2,5,86724640,22.0,The Air Fryer,Dinopolous University,0,,
6324,5172,bubbers,Kent Rockman,Kent,Rockman,64.0,active,active,2026-09-04 12:57:29,,Running Back,Power Back,,BBB,DSFL,176,174,2,0,0,176,0,0,23,30,20,0,0,0,2,5,14558000,16.0,"Des Moines, Iowa",Iowa State University,3527,,
6323,5171,KillZone,Jax Caesar,Jax,Caesar,64.0,active,active,2026-09-04 12:13:07,,Wide Receiver,Speed Receiver,,LON,DSFL,61,50,11,0,0,61,0,0,0,0,0,0,0,0,0,0,6500000,19.0,San Fransisco ,USC,0,,
6322,5170,sc0tty,Scooter McGee,Scooter,McGee,64.0,active,active,2026-09-04 08:16:46,,Tight End,Possession TE,,BBB,DSFL,134,127,7,0,0,134,0,0,0,10,20,0,0,0,2,5,7600000,81.0,"Sydney, Australia",St Johns,0,,
6321,5169,Juicerry3567,Higgle McKaw,Higgle,McKaw,64.0,active,active,2026-09-04 07:17:10,,Safety,Ball Hawk,,MIN,DSFL,96,85,11,0,0,96,0,0,0,1,20,0,0,0,0,0,7150000,1.0,Virginia,University of Bigington,0,,
6320,5168,ThunderXTEH,Vinny Patterson,Vinny,Patterson,64.0,active,active,2026-09-03 22:12:24,,Defensive End,Speed Rusher,,BBB,DSFL,102,100,2,0,0,102,0,0,0,0,20,0,0,0,0,0,7100000,87.0,Germany,Harvard,0,,
6319,5165,Snayke,Merlin Icefield,Merlin,Icefield,64.0,active,active,2026-09-03 19:57:36,,Wide Receiver,Possession Receiver,,NOR,DSFL,174,172,2,0,0,174,0,0,0,30,20,0,0,0,2,5,9568000,88.0,Ohio,OSU,0,,
6318,5164,iigoateeii,Jay King,Jay,King,64.0,active,active,2026-09-03 18:44:01,,Running Back,Speed Back,,BBB,DSFL,118,118,0,0,0,118,0,0,0,19,20,0,0,0,2,5,2250000,5.0,Atlanta,UGA,0,,
6317,5163,PedroloBcn,Eddie BigStone,Eddie,BigStone,64.0,active,active,2026-09-03 12:59:27,,Defensive Tackle,Nose Tackle,,LON,DSFL,146,146,0,0,0,146,0,0,0,23,20,0,0,0,2,5,1132000,97.0,Barcelona,Boston College,0,,
6316,5162,Selfmade22,King Reid,King,Reid,64.0,active,active,2026-09-03 11:47:31,,Cornerback,Physical Corner,,NOR,DSFL,81,79,2,0,0,81,0,0,0,4,20,0,0,0,0,0,4200000,4.0,Tally Florida,Florida state ,0,,
6315,5161,Ghostly4396,Jimmy Queens,Jimmy,Queens,64.0,active,,2026-09-03 11:17:45,,Quarterback,Field General,,BBB,DSFL,55,50,5,0,0,55,0,0,0,0,0,0,0,0,0,0,6500000,4.0,Ohio,Clemson ,0,,
6314,5160,Strong-strong96,Hank Hill,Hank,Hill,64.0,active,,2026-09-03 00:01:26,,Offensive Lineman,Mauler,,KCC,DSFL,57,56,1,0,0,57,0,0,0,0,0,0,0,0,0,0,6000000,62.0,"Arlen, TX",Mary Hardin-Baylor,0,,
6313,5159,bennyg53,Diesel Davenport,Diesel,Davenport,64.0,active,,2026-09-02 20:48:33,,Tight End,Possession TE,,LON,DSFL,50,50,0,0,0,50,0,0,0,0,0,0,0,0,0,0,7000000,87.0,Detroit,Iowa,0,,
6312,5158,johnternet,Dwyane Campione Sr.,Dwyane,Campione Sr.,64.0,active,active,2026-09-02 20:07:43,,Tight End,Possession TE,,MIN,DSFL,63,55,8,0,0,63,0,0,0,0,0,0,0,0,0,0,6600000,43.0,"Brampton, ON",Arizona State,0,,
6311,5156,Jslusser19,Justin Slusser,Justin,Slusser,64.0,active,,2026-09-02 18:54:02,,Running Back,Speed Back,,LON,DSFL,50,50,0,0,0,50,0,0,0,0,0,0,0,0,0,0,7000000,1.0,"Dayton, Ohio",Dayton,0,,
6310,5157,ggmeister,Aaron Dill,Aaron,Dill,64.0,active,active,2026-09-02 17:49:10,,Defensive End,Power Rusher,,TIJ,DSFL,170,170,0,0,0,170,0,0,36,30,20,0,0,0,0,0,10016000,11.0,"Charlotte, NC",Duke,0,,
6309,5155,GTwice,Arthur Bauer,Arthur,Bauer,64.0,active,active,2026-09-02 17:01:36,,Tight End,Possession TE,,MIN,DSFL,91,88,3,0,0,91,0,0,0,1,20,0,0,0,0,0,9050000,83.0,Iowa ,Wisconsin ,0,,
6308,5154,MagicalVivi,Kronker Pepikrankenitz,Kronker,Pepikrankenitz,64.0,active,active,2026-09-02 16:44:30,,Tight End,Vertical Threat,,DAL,DSFL,59,50,9,0,0,59,0,0,0,0,0,0,0,0,0,0,7000000,1.0,Cincinnati,Kuzco U,0,,
6307,5153,Mapex,Sam Fisher,Sam,Fisher,64.0,active,active,2026-09-02 16:03:06,,Defensive End,Speed Rusher,,NOR,DSFL,177,175,2,0,0,177,0,0,0,30,20,0,0,0,2,5,13032000,96.0,Calgary,University of Calgary,0,,
6306,5152,Grunchcrunch,Grunch Crunch,Grunch,Crunch,64.0,active,active,2026-09-02 15:20:09,,Defensive End,Power Rusher,,POR,DSFL,112,109,3,0,0,112,0,0,0,0,20,0,0,0,0,0,6500000,86.0,Wisconsin,University of Wisconsin,0,,
6305,5151,BigDmAn32,James Dalton,James,Dalton,64.0,active,active,2026-09-02 14:43:26,,Safety,Enforcer,,POR,DSFL,149,142,7,0,0,149,0,0,11,30,20,0,0,0,2,5,-300000,32.0,Minneapolis ,Minnesota ,0,,
6304,5150,Chewvacca,Baker Bennett,Baker,Bennett,64.0,active,active,2026-09-02 14:10:29,,Tight End,Vertical Threat,,DAL,DSFL,65,57,8,0,0,65,0,0,0,0,0,0,0,0,0,0,6000000,86.0,"San Antonio, TX",Oklahoma,0,,
6303,5148,JTV13,Troy Cooks,Troy,Cooks,64.0,active,active,2026-09-02 13:23:51,,Wide Receiver,Speed Receiver,,MIN,DSFL,104,103,1,0,0,104,0,0,0,4,20,0,0,0,0,0,6000000,15.0,New York,Syracuse,3527,,
6302,5147,t62pac,Tree Trunks,Tree,Trunks,64.0,active,active,2026-09-01 22:47:58,,Defensive End,Speed Rusher,,POR,DSFL,162,161,1,0,0,162,0,0,0,30,20,0,0,0,0,0,-800000,62.0,"Cederville, Ohio",Kent State,0,,
6301,5142,Biohazard,Reginald McFoster,Reginald,McFoster,64.0,active,active,2026-09-01 20:59:35,,Defensive End,Power Rusher,,KCC,DSFL,103,50,53,0,0,103,0,0,0,5,20,0,0,0,0,0,5250000,93.0,"Barton in the Beans, England",Mississippi State,3527,,
6300,5127,EuropoorBird,JD Stingray,JD,Stingray,64.0,active,active,2026-09-01 20:06:59,,Wide Receiver,Possession Receiver,,KCC,DSFL,162,160,2,0,0,162,0,0,0,30,20,0,0,0,0,0,10070000,12.0,California,LSU,0,,
6299,5139,skullwarrior007,Ronan Hawk,Ronan,Hawk,64.0,active,active,2026-09-01 14:40:32,,Safety,Ball Hawk,,LON,DSFL,90,81,9,0,0,117,0,0,0,0,20,0,0,0,0,0,5500000,32.0,Ireland,Notre Dame,0,,
6298,5138,smmkss,Travis Swift,Travis,Swift,64.0,active,active,2026-09-01 14:12:38,,Tight End,Possession TE,,NOR,DSFL,73,65,8,0,0,73,0,0,0,0,0,0,0,0,0,0,8700000,13.0,Kansas,Kansas State University,0,,
6297,5134,FailingUpwards,Kalle Jääskeläinen,Kalle,Jääskeläinen,64.0,active,active,2026-09-01 11:08:25,,Defensive End,Speed Rusher,,TIJ,DSFL,64,57,7,0,0,64,0,0,0,0,0,0,0,0,0,0,6000000,93.0,"Valkeakoski, Finland",Georgia Tech,0,,
6296,339,fish,Orange Juice Simpson,Orange Juice,Simpson,64.0,active,active,2026-09-01 10:27:21,,Running Back,Speed Back,,KCC,DSFL,127,50,77,0,0,127,0,0,0,25,20,0,0,0,0,0,6615000,32.0,Los Angeles,UCLA,0,,
6295,5133,chester,Chester Von Isaacs,Chester,Von Isaacs,64.0,active,active,2026-09-01 10:23:08,,Defensive End,Power Rusher,,KCC,DSFL,177,176,1,0,0,177,0,0,0,30,20,0,0,0,2,5,5800000,91.0,"Dorchester, MA",Boston College,0,,
6294,567,LDarke,Emcy Devvo,Emcy,Devvo,64.0,active,active,2026-09-01 04:30:51,,Wide Receiver,Slot Receiver,,DAL,DSFL,136,129,7,0,0,136,0,0,0,5,20,0,0,0,0,0,10250000,12.0,New Orleans,Nebraksa,0,,
6293,5131,justme318,Chris Barry,Chris,Barry,64.0,active,active,2026-09-01 03:52:26,,Wide Receiver,Speed Receiver,,KCC,DSFL,63,50,13,0,0,63,0,0,0,0,0,0,0,0,0,0,6500000,7.0,Los Angeles,USC,0,,
6292,5115,Bumble,Randy Carlson,Randy,Carlson,64.0,active,active,2026-08-31 23:51:55,,Defensive End,Power Rusher,,KCC,DSFL,122,121,1,0,0,122,0,0,0,18,20,0,0,0,2,0,-1600000,53.0,New York,University of Wisconsin–Madison,0,,
6291,5128,Mmmpastaaa,Sticky Ricky,Sticky,Ricky,64.0,active,active,2026-08-31 22:58:02,,Offensive Lineman,Athletic Lineman,,LON,DSFL,62,55,7,0,0,62,0,0,0,0,0,0,0,0,0,0,6500000,66.0,Springfield ,UMassatutits,0,,
6290,5129,Trashpaddle,Barney Bonk,Barney,Bonk,64.0,active,active,2026-08-31 22:23:06,,Defensive Tackle,All-Purpose DT,,MIN,DSFL,116,115,1,0,0,116,0,0,0,15,20,0,0,0,0,0,950000,99.0,"Butte, Montana",North Dakota State,0,,
6289,5122,theweaver09,Titus Tron,Titus,Tron,64.0,active,,2026-08-31 20:36:09,,Tight End,Possession TE,,KCC,DSFL,53,50,3,0,0,53,0,0,0,0,0,0,0,0,0,0,500000,88.0,"Atlanta, Georgia",Univers,0,,
6288,5125,Nostrich,Johnathan Ward,Johnathan,Ward,64.0,active,active,2026-08-31 20:02:42,,Wide Receiver,Slot Receiver,,LON,DSFL,159,150,9,0,0,159,0,0,0,16,20,0,0,0,2,5,14750000,83.0,Maine,University of Maine,3527,,
6287,5123,dirtyjose64,Leon Sandcastle,Leon,Sandcastle,64.0,active,active,2026-08-31 18:13:14,,Wide Receiver,Speed Receiver,,NOR,DSFL,138,138,0,0,0,138,0,0,9,26,20,0,0,0,0,0,1200000,79.0,"Long Island, NY",Notre Dame,0,,
6286,5093,drewbert28,Drew Munns,Drew,Munns,64.0,active,active,2026-08-31 17:18:26,,Defensive End,Power Rusher,,LON,DSFL,92,92,0,0,0,92,0,0,0,0,20,0,0,0,0,0,6000000,99.0,"Salt Lake City, UT",University of Utah,3527,,
6285,5120,justaguy7915,Nathan Kingston,Nathan,Kingston,64.0,active,active,2026-08-31 17:17:33,,Wide Receiver,Possession Receiver,,LON,DSFL,149,149,0,0,0,149,0,0,5,16,20,0,0,0,2,5,9300000,13.0,"Atlanta, GA",University of Georgia,0,,
6284,5119,Chopwood,Cabul Atwood Sr IIIESQ,Cabul,Atwood Sr IIIESQ,64.0,active,active,2026-08-31 16:17:07,,Tight End,Vertical Threat,,POR,DSFL,65,57,8,0,0,65,0,0,0,0,0,0,0,0,0,0,6000000,88.0,Wisconsin ,Wisconsin ,0,,
6283,5118,EvasiveVX,Lance Bullock,Lance,Bullock,64.0,active,active,2026-08-31 16:13:32,,Linebacker,Versatile LB,,NOR,DSFL,83,83,0,0,0,83,0,0,0,1,20,0,0,0,0,0,5050000,39.0,"Stone Mountain, Georgia ",FAU,0,,
6282,5116,Fitzy963,Rex Cumberbatch,Rex,Cumberbatch,64.0,active,active,2026-08-31 16:07:31,,Tight End,Blocking TE,,POR,DSFL,66,54,12,0,0,66,0,0,0,0,0,0,0,0,0,0,6500000,86.0,Massachusetts ,UMass Amherst,0,,
6281,5117,etan,Emmanuel Araw,Emmanuel,Araw,64.0,active,active,2026-08-31 16:02:06,,Safety,Center Fielder,,NOR,DSFL,138,138,0,0,0,138,0,0,0,0,20,0,0,0,0,0,15000000,1.0,"Queens, NY",Buffalo,0,,
6280,5108,WolfieCro,Ivcha Midnight,Ivcha,Midnight,64.0,active,active,2026-08-31 15:31:18,,Safety,Enforcer,,DAL,DSFL,86,57,29,0,0,86,0,0,0,0,20,0,0,0,0,0,9300000,13.0,Zagreb,Technical University of the Shannon,0,,
6279,5113,draft76,Saxon Morsax,Saxon,Morsax,64.0,active,active,2026-08-31 15:17:20,,Defensive End,Power Rusher,,NOR,DSFL,180,180,0,0,0,180,0,0,40,30,20,0,0,0,2,5,4400000,94.0,"Chicago, IL, USA",Illinois,0,,
6278,5110,fightersbane,Cornelius H. E. Dunk I,Cornelius,H. E. Dunk I,64.0,active,active,2026-08-31 15:10:31,,Linebacker,Versatile LB,,POR,DSFL,173,170,3,0,0,173,0,0,7,30,20,0,0,0,0,0,25088000,54.0,Alaskan Tundra with wolves and other creatures,would've had to leave my coverage zone to go to college,0,,
6277,5104,sgeep,Slarmy Don,Slarmy,Don,64.0,active,active,2026-08-31 15:08:10,,Defensive End,Power Rusher,,MIN,DSFL,142,131,11,0,0,142,0,0,0,15,20,0,0,0,0,0,9950000,99.0,"Tumbleweed, New Mexico",Greendale Community College,0,,
6276,5114,N_Beauregard,Blasingame Waroney,Blasingame,Waroney,64.0,active,active,2026-08-31 15:03:29,,Cornerback,Cover Corner,,NOR,DSFL,108,108,0,0,0,108,0,0,0,3,20,0,0,0,0,0,6350000,9.0,"Denver, CO",John F. Kennedy High School,0,,
6275,5112,sjwheels,James Wheeler,James,Wheeler,64.0,active,active,2026-08-31 14:53:49,,Tight End,Possession TE,,LON,DSFL,89,79,10,0,0,89,0,0,0,0,20,0,0,0,0,0,6000000,88.0,San Diego,Washington State,0,,
6274,5111,cranberry,Waffle House,Waffle,House,64.0,active,,2026-08-31 14:49:29,,Wide Receiver,Speed Receiver,,NOR,DSFL,58,50,8,0,0,58,0,0,0,0,0,0,0,0,0,0,6000000,11.0,Sri Lanka,Alabama,0,,
6273,5109,Hoikmaster,Glazed Donuts,Glazed,Donuts,64.0,active,active,2026-08-31 14:42:15,,Tight End,Vertical Threat,,DAL,DSFL,84,84,0,0,0,84,0,0,0,0,20,0,0,0,2,0,8500000,98.0,Texas,University of Oklahoma ,0,,
6272,5107,thebani,Lukas Schütze,Lukas,Schütze,64.0,active,active,2026-08-31 14:39:36,,Kicker,Accurate,,TIJ,DSFL,176,168,8,0,0,176,0,0,0,30,20,0,0,0,2,5,10400000,7.0,Stuttgart (Germany),Stanford,0,,
6271,5102,rowB,Bobby Sourdough,Bobby,Sourdough,64.0,active,,2026-08-31 14:29:22,,Defensive End,Power Rusher,,BBB,DSFL,50,50,0,0,0,50,0,0,0,0,0,0,0,0,0,0,7100000,67.0,"Fargo, North Dakota",James Madison University,0,,
6270,5103,zreakz,Jonnie Ohtani,Jonnie,Ohtani,64.0,active,active,2026-08-31 14:15:37,,Tight End,Vertical Threat,,DAL,DSFL,84,78,6,0,0,84,0,0,0,0,20,0,0,0,0,0,6100000,17.0,Corona CA,Norco College,0,,
6269,5101,Reaper,Reaper Mars,Reaper,Mars,64.0,active,,2026-08-31 13:53:18,,Linebacker,Pass Rusher,,MIN,DSFL,57,57,0,0,0,57,0,0,0,0,0,0,0,0,0,0,6100000,4.0,Michigan,The Institute,0,,
6268,5100,kevkav,Lemon Slayer,Lemon,Slayer,64.0,active,,2026-08-31 13:51:03,,Tight End,Vertical Threat,,NOR,DSFL,50,50,0,0,0,50,0,0,0,0,0,0,0,0,0,0,7000000,32.0,Ireland,ASU,0,,
6267,5099,jojio88,Joseph Fingerz,Joseph,Fingerz,64.0,active,active,2026-08-31 13:50:24,,Defensive End,Speed Rusher,,KCC,DSFL,65,52,13,0,0,65,0,0,0,0,0,0,0,0,0,0,6000000,88.0,Akron,Ohio State,0,,
6266,5098,thegreenrevolution,Frankie Casper,Frankie,Casper,64.0,active,,2026-08-31 13:46:22,,Tight End,Possession TE,,POR,DSFL,57,57,0,0,0,57,0,0,0,0,0,0,0,0,0,0,6000000,17.0,"Yuma, AZ",Arizona Western College,0,,
6265,5097,dfloyd367@gmail.com,Tug McGraw,Tug,McGraw,64.0,active,,2026-08-31 13:43:58,,Tight End,Possession TE,,BBB,DSFL,50,50,0,0,0,50,0,0,0,0,0,0,0,0,0,0,7000000,67.0,Missouri,Northwestern,0,,
6264,5085,VittiCent,Dirk Diggler,Dirk,Diggler,64.0,active,active,2026-08-31 13:41:08,,Offensive Lineman,Mauler,,TIJ,DSFL,125,115,10,0,0,125,0,0,0,13,20,0,0,0,2,5,8350000,15.0,Alabama,NC State,0,,
6263,5092,swagged,Lars Bjornsen,Lars,Bjornsen,64.0,active,,2026-08-31 13:37:21,,Kicker,Accurate,,TIJ,DSFL,50,50,0,0,0,50,0,0,0,0,0,0,0,0,0,0,7000000,76.0,Canada,Carleton Univeristy,0,,
6262,2492,Painted,=^..^= ˁ˚ᴥ˚ˀ,=^..^=,ˁ˚ᴥ˚ˀ,64.0,active,active,2026-08-31 13:31:37,,Offensive Lineman,Athletic Lineman,,POR,DSFL,135,134,1,0,0,135,0,0,0,30,20,0,0,0,0,0,73496188,77.0,"Silcon Valley, CA",University of Pheonix,0,,
6261,5088,Senatormuppet,Chuck Finley,Chuck,Finley,64.0,active,,2026-08-31 13:29:32,,Linebacker,Versatile LB,,TIJ,DSFL,50,50,0,0,0,50,0,0,0,0,0,0,0,0,0,0,7000000,56.0,Vermont,State University of New York at Albany,0,,
6260,5084,EleshXIV,Justin Time,Justin,Time,64.0,active,,2026-08-31 13:02:50,,Defensive Tackle,All-Purpose DT,,,DSFL,50,50,0,0,0,50,0,0,0,0,0,0,0,0,0,0,7000000,65.0,Chicago,Northwestern,0,,
6259,47,JBLAZE_THE_BOSS,Johnny Blaze III,Johnny,Blaze III,64.0,active,active,2026-08-29 10:24:39,,Running Back,Receiving Back,,DAL,DSFL,147,140,7,0,0,147,0,0,10,30,20,0,0,0,0,0,7950589,5.0,Boston,USC,0,,
6258,5083,Carroll03242002,Dennis FairBairan,Dennis,FairBairan,64.0,active,active,2026-08-28 22:18:35,,Wide Receiver,Speed Receiver,,BBB,DSFL,88,88,0,0,0,88,0,0,0,1,20,0,0,0,0,0,6850000,1.0,Wisconsin ,Ohio State ,0,,
6257,5082,dl_sama,David-loic Madzengue,David-loic,Madzengue,64.0,active,active,2026-08-27 11:41:05,,Linebacker,Versatile LB,,DAL,DSFL,151,151,0,0,0,151,0,0,39,14,20,0,0,0,2,5,2200000,17.0,"Pointe noire, republic of congo",ECDFS,0,,
6256,126,37thchamber,Mathieu Delacour,Mathieu,Delacour,64.0,active,active,2026-08-27 06:28:17,,Linebacker,Versatile LB,,DAL,DSFL,156,126,30,0,0,156,0,0,0,30,20,0,0,0,0,0,101780342,29.0,"Oakland, California",USC,0,,
6255,2198,GuitarMaster116,MrBeast Crypto,MrBeast,Crypto,64.0,active,active,2026-08-26 17:23:49,,Cornerback,Cover Corner,,BBB,DSFL,129,128,1,0,0,129,0,0,0,0,20,0,0,0,0,0,12147840,24.0,Nashville,University of Virginia,0,,
6254,4171,anuragb,Kairo Voss,Kairo,Voss,64.0,active,active,2026-08-25 10:57:35,,Running Back,Receiving Back,,POR,DSFL,98,98,0,0,0,98,0,0,0,0,20,0,0,0,0,0,-5070030,4.0,"Austin, Texas",Ironwood University,0,,
6253,1122,Bauer,Super Creek,Super,Creek,64.0,active,active,2026-08-25 00:25:08,,Wide Receiver,Return Specialist,,BBB,DSFL,137,137,0,0,0,137,0,0,0,30,20,0,0,0,0,0,9855341,9.0,Chicago,Texas A&M,0,,
6252,3995,JJ5,JJ When,JJ,When,64.0,active,active,2026-08-24 17:56:48,,Safety,Center Fielder,,DAL,DSFL,162,162,0,0,0,162,0,0,0,30,20,0,0,0,0,0,15458821,20.0,Chicago,Northwestern,0,,
6251,277,SwagSloth,Ignatius Quaintance,Ignatius,Quaintance,64.0,active,active,2026-08-22 08:52:57,,Wide Receiver,Slot Receiver,,DAL,DSFL,155,155,0,0,0,155,0,0,35,20,20,0,0,0,0,0,7976774,19.0,"Birmingham, AL",Penn State,0,,
6250,33,ckroyal92,Zzobot Legman,Zzobot,Legman,64.0,active,active,2026-08-21 15:02:43,,Kicker,Power,,NOR,DSFL,157,155,2,0,0,157,0,0,0,30,20,0,0,0,0,0,197648400,2.0,Dexter's Laboratory,Cal Tech,0,,
6249,4511,MichkovSzn,Bryce Reed,Bryce,Reed,64.0,active,active,2026-08-21 00:38:53,,Linebacker,Versatile LB,,KCC,DSFL,101,0,101,0,0,101,0,0,0,0,20,0,0,0,0,0,6500000,17.0,Los Angeles,Michigan State,0,,
6248,2925,ImSatanJunior,Lucius Salem II,Lucius,Salem II,64.0,active,active,2026-08-20 22:53:31,,Tight End,Vertical Threat,,LON,DSFL,161,150,11,0,0,161,0,0,0,30,20,0,0,0,2,5,38116149,66.0,Sarasota,UAB,0,,
6247,4315,scamps,edge summers,edge,summers,64.0,active,active,2026-08-20 22:33:53,,Wide Receiver,Speed Receiver,,POR,DSFL,130,105,25,0,0,130,0,0,0,0,20,0,0,0,0,0,13799000,8.0,"Reykjavík, Iceland",Slippery Rock University,0,,
6246,2224,zeagle1,Jake Ewe,Jake,Ewe,64.0,active,active,2026-08-20 22:09:43,,Offensive Lineman,Athletic Lineman,,DAL,DSFL,167,167,0,0,0,167,0,0,0,30,20,0,0,0,0,0,341688851,2.0,"Phoenix, Arizona",Arizona State,1163,,
6245,3800,JoeSteel,Thomas Sankara,Thomas,Sankara,64.0,active,active,2026-08-20 16:48:27,,Safety,Center Fielder,,KCC,DSFL,124,123,1,0,0,124,0,0,0,0,20,0,0,0,0,0,33630189,3.0,Burkina Faso,UCF,0,,
6244,5079,Rutilant,Rutilant Bootstrap,Rutilant,Bootstrap,64.0,active,active,2026-08-20 13:44:10,,Linebacker,Versatile LB,,BBB,DSFL,116,107,9,0,0,116,0,0,0,0,20,0,0,0,0,0,11900000,58.0,Louisville KY,University of Louisville,0,,
6243,828,Bigred1580,Josh Stallion,Josh,Stallion,64.0,active,active,2026-08-17 22:01:02,,Quarterback,Field General,,LON,DSFL,174,165,9,0,0,174,0,0,0,30,20,0,0,0,2,5,252431587,17.0,"Buffalo, NY",St. John Fisher University,0,,
6242,399,Bayley,Troy Kent,Troy,Kent,64.0,active,active,2026-08-17 21:48:25,,Quarterback,Field General,,LON,DSFL,157,50,107,0,0,157,0,0,0,30,20,0,0,0,0,0,178823307,8.0,"Boston, Massachusetts",UMass Lowell,0,,
6241,5077,Slippers27,Callum Bedlam,Callum,Bedlam,64.0,active,active,2026-08-16 21:15:36,,Cornerback,Physical Corner,,POR,DSFL,74,62,12,0,0,74,0,0,0,0,0,0,0,0,0,0,8700000,27.0,"Stillwater, Oklahoma",Oklahoma State,0,,
6240,5076,Arthur morgan,Arthur Morgan,Arthur,Morgan,,denied,,2026-08-16 16:56:15,,Wide Receiver,Possession Receiver,,,DSFL,50,50,0,0,0,50,0,0,0,0,0,0,1,0,0,0,1300000,3.0,Pittsburgh ,Navy,0,,
6239,5075,MaxSTATS3,Briggs Harlan,Briggs,Harlan,64.0,active,,2026-08-15 13:52:15,,Offensive Lineman,Athletic Lineman,,POR,DSFL,57,50,7,0,0,57,0,0,0,0,0,0,0,0,0,0,11800000,83.0,"Eau Claire, WI",University of Wisconsin,0,,
6238,3957,Daniel,Garlic Bread,Garlic,Bread,64.0,active,active,2026-08-14 23:38:02,,Linebacker,Pass Rusher,,POR,DSFL,165,164,1,0,0,165,0,0,0,30,20,0,0,0,0,0,236338000,58.0,New York,Loaf State University,0,,
6237,2744,g2019,Sconnie McHits Jr.,Sconnie,McHits Jr.,64.0,active,active,2026-08-14 11:10:38,,Cornerback,Physical Corner,,MIN,DSFL,173,170,3,0,0,173,0,0,0,30,20,0,0,0,2,5,35271983,19.0,"Milwaukee, WI",Wisconsin,0,,
6236,2306,ComebackZak,Fred Grouper,Fred,Grouper,64.0,active,active,2026-08-12 21:27:29,,Kicker,Power,,BBB,DSFL,123,120,3,0,0,123,0,0,0,0,20,0,0,0,0,0,31278862,1.0,Bikini Bottom,Georgia,0,,
6235,5074,Bo7,Paul Ruggsworth Sr,Paul,Ruggsworth Sr,63.0,active,active,2026-08-12 18:52:32,,Running Back,Power Back,HON,POR,DSFL,304,250,54,0,0,304,0,0,0,30,20,0,1,0,0,0,6280000,47.0,"Montgomery, Alabama",Alabama,4504,,
6234,5073,Anty,Austin Evermore,Austin,Evermore,63.0,active,,2026-07-31 23:39:33,,Tight End,Possession TE,COL,KCC,DSFL,86,76,10,0,0,86,0,0,0,0,0,0,1,0,0,0,10200000,11.0,Portland,Portland,0,,
6233,1875,iStegosauruz,General Snuffles,General,Snuffles,63.0,active,active,2026-07-30 08:34:15,,Cornerback,Cover Corner,COL,TIJ,DSFL,218,218,0,0,0,218,0,0,0,30,20,0,1,0,0,0,542272366,3.0,Farm,Washington DC Zoo,0,,
6232,5072,Jsanchez0394,Stone Hands,Stone,Hands,63.0,active,active,2026-07-29 17:06:57,,Wide Receiver,Speed Receiver,BFB,NOR,DSFL,151,145,6,0,0,151,0,0,0,0,20,0,1,0,0,0,3000000,1.0,Los Angeles,USC,0,,
6231,5071,majestic_presence,Fred McBread,Fred,McBread,63.0,active,,2026-07-29 16:52:58,,Defensive Tackle,Nose Tackle,,DAL,DSFL,50,50,0,0,0,50,0,0,0,0,0,0,1,0,0,0,1000000,70.0,"Houston, Texas",Baylor,0,,
6230,4634,Degradation,Retiring ThisSeason,Retiring,ThisSeason,63.0,retired,,2026-07-26 19:23:32,2026-08-31 08:35:47,Cornerback,Cover Corner,,,DSFL,253,250,3,0,0,253,0,0,0,0,0,0,1,0,0,0,10358700,99.0,The abyss,Retirement Home,0,,
6229,5069,Alquemar,Xavier Alabart,Xavier,Alabart,63.0,active,active,2026-07-24 20:22:15,,Cornerback,Physical Corner,NYS,LON,DSFL,198,197,1,0,0,198,0,0,0,0,20,0,1,0,0,0,8200000,12.0,"Barcelona, Spain",Universitat Politècnica de Catalunya,0,,
6228,4256,HoodKirby,Riley Khalifa,Riley,Khalifa,63.0,active,,2026-07-23 08:14:19,,Defensive Tackle,Interior Rusher,AZ,DAL,DSFL,175,154,21,0,0,175,0,0,0,0,0,0,1,0,0,0,58819223,69.0,"Bangkok, Thailand",ASU,0,,
6227,1446,Reno,Tall Green,Tall,Green,63.0,active,active,2026-07-21 09:37:03,,Linebacker,Versatile LB,SJS,KCC,DSFL,216,116,100,0,0,216,0,0,0,0,20,0,1,0,0,0,12860455,88.0,Greenland,Greenland Tech,0,,
6226,5067,John marson,John Marston,John,Marston,,denied,,2026-07-19 14:17:27,,Wide Receiver,Slot Receiver,,,DSFL,50,50,0,0,0,50,0,0,0,0,0,0,1,0,0,0,1400000,41.0,Texas,Penn state uni,0,,
6225,4769,Kermit_the_frog,John MARSTON,John,MARSTON,,denied,,2026-07-19 01:59:59,,Wide Receiver,Slot Receiver,,,DSFL,50,50,0,0,0,50,0,0,0,0,0,0,1,0,0,0,-2178000,37.0,Texas,Penn state uni,0,,
6224,1384,Ephenssta,E. Muff Montblanc,E. Muff,Montblanc,63.0,active,active,2026-07-17 10:28:04,,Tight End,Blocking TE,CTC,NOR,DSFL,276,203,73,0,0,276,0,0,0,30,20,0,1,0,0,0,37907271,29.0,"Warwickshire, UK",Cambridge,0,,
6223,5065,Lebronnnnn236,Murray Alabaster,Murray,Alabaster,63.0,active,active,2026-07-16 01:10:01,,Linebacker,Pass Rusher,NYS,TIJ,DSFL,152,152,0,0,0,152,0,0,0,5,20,0,1,0,0,0,1000000,6.0,Miami,University of Miami,0,,
6222,5064,Fergie17,Ezekiel Pancake,Ezekiel,Pancake,63.0,active,active,2026-07-13 19:59:46,,Linebacker,Versatile LB,OCO,MIN,DSFL,372,250,122,0,0,372,0,0,50,30,20,0,1,0,2,5,33500000,17.0,New Orleans,Louisiana Tech,0,,
6221,5063,Windzer,Tanji Katsumi,Tanji,Katsumi,63.0,active,active,2026-07-13 19:48:04,,Wide Receiver,Speed Receiver,OCO,MIN,DSFL,324,250,74,0,0,324,0,0,0,0,20,0,1,0,2,5,10300000,15.0,"Inaba, Japan",Deimon Devil Bats,0,,
6220,5062,SocksMaybe,Socks Maybe,Socks,Maybe,63.0,active,active,2026-07-13 18:45:48,,Cornerback,Slot Corner,NYS,KCC,DSFL,303,250,53,0,0,303,1,0,0,0,20,0,1,0,0,0,20200000,7.0,"Ajax, Ontario",UAB,0,,
6219,4503,mirrorlake_cultivator,David Faneca,David,Faneca,63.0,active,active,2026-07-13 10:01:21,,Offensive Lineman,Balanced Lineman,AZ,LON,DSFL,193,192,1,0,0,193,0,0,0,0,20,0,1,0,0,0,28410000,65.0,New Orleans,LSU,0,,
6218,3937,ihatereyson,Cora Coyne,Cora,Coyne,63.0,active,active,2026-07-12 20:39:24,,Quarterback,Field General,BAL,BBB,DSFL,259,240,19,0,0,259,0,0,0,7,20,0,1,0,0,0,-1646000,14.0,"London, England",Wyoming,0,,
6217,2080,MobiausGrander,Blazing Flash,Blazing,Flash,63.0,active,active,2026-07-11 23:32:01,,Running Back,Receiving Back,BFB,POR,ISFL,308,308,0,0,0,308,0,0,0,30,20,0,1,0,2,5,23163524,13.0,"Miami, FL",University of Miami,0,,
6216,2615,Luciddreams702,Stan Marsh,Stan,Marsh,63.0,active,active,2026-07-11 21:03:50,,Running Back,Speed Back,CTC,DAL,DSFL,253,246,7,0,0,253,0,0,0,30,20,0,1,0,0,0,37067778,27.0,South Park Colorado ,University of the Mountains ,0,,
6215,3490,baz,Colt Louis,Colt,Louis,63.0,active,active,2026-07-11 00:11:50,,Linebacker,Versatile LB,BFB,BBB,DSFL,337,250,87,0,0,337,0,0,0,30,20,0,1,0,0,0,27468000,54.0,Indianapolis,Louisville ,0,,
6214,4514,BoogShlazetti,Stuart Grande,Stuart,Grande,63.0,active,active,2026-07-09 23:28:30,,Safety,Enforcer,OSK,TIJ,DSFL,118,114,4,0,0,118,0,0,0,0,20,0,1,0,0,0,5900000,1.0,New York ,Seneca College of Applied Arts and Technology,0,,
6213,5058,Light,Barry Allen,Barry,Allen,63.0,active,active,2026-07-09 18:13:12,,Cornerback,Cover Corner,COL,NOR,DSFL,367,250,117,0,0,367,0,0,0,30,20,0,1,0,2,5,26358000,2.0,California,USC,0,,
6212,5057,PlatinumsGalaxy,Ethereal Platinum,Ethereal,Platinum,63.0,active,active,2026-07-09 13:38:28,,Kicker,Accurate,OCO,MIN,DSFL,150,145,5,0,0,150,0,0,0,0,20,0,1,0,0,0,11300000,67.0,Pittsburgh,University of Pittsburgh,0,,
6211,487,JKortesi81,Chico Churro,Chico,Churro,63.0,active,active,2026-07-09 09:47:09,,Wide Receiver,Possession Receiver,AUS,TIJ,DSFL,341,250,91,0,0,341,0,0,0,30,20,0,1,0,0,0,3066950,5.0,"Austin, TX",UTEP,446,,
6210,12,DELIRIVM,Xabier Nsue Otxoa,Xabier,Nsue Otxoa,63.0,active,active,2026-07-08 19:21:49,,Quarterback,Pocket Passer,OCO,NOR,DSFL,322,250,72,0,0,322,0,0,0,30,20,0,1,0,0,0,45853530,1.0,"San Sebastián, Spain",Coastal Carolina University,0,,
6209,5055,Toast,Harold Plylock,Harold,Plylock,63.0,active,,2026-07-08 18:05:31,,Cornerback,Physical Corner,OSK,BBB,DSFL,102,83,19,0,0,102,0,0,0,0,0,0,1,0,0,0,9072000,3.0,"O block, Chicago, Illinois",O block daycare,0,,
6208,5054,nckkss,Christopher Biscuits,Christopher,Biscuits,63.0,active,active,2026-07-08 16:25:59,,Offensive Lineman,Mauler,OSK,POR,DSFL,359,250,109,0,0,359,0,0,0,30,20,0,1,0,2,5,1252000,88.0,"London, UK",University of Portsmouth,4597,,
6207,5053,LionManMan,Ross Wewter,Ross,Wewter,63.0,active,,2026-07-08 16:09:09,,Defensive Tackle,Nose Tackle,SAR,MIN,DSFL,165,162,3,0,0,165,0,0,0,0,0,0,1,0,0,0,-1700000,98.0,Ohio ,Michigan ,0,,
6206,5052,Tarain,Ta Rain,Ta,Rain,63.0,active,,2026-07-08 13:34:45,,Tight End,Blocking TE,,BBB,DSFL,62,50,12,0,0,62,0,0,0,0,0,0,1,0,0,0,6000000,89.0,Iowa,Iowa State University,0,,
6205,5051,six_,Father Dawkins,Father,Dawkins,63.0,active,active,2026-07-07 20:16:08,,Safety,Ball Hawk,CTC,MIN,DSFL,278,250,28,0,0,278,0,0,0,0,20,0,1,0,2,5,7528000,20.0,"Trenton, NJ",Penn State,0,,
6204,5050,caninesolo,Werewolf Jones,Werewolf,Jones,63.0,active,,2026-07-07 11:05:57,,Tight End,Vertical Threat,,TIJ,DSFL,50,50,0,0,0,50,0,0,0,0,0,0,1,0,0,0,7200000,85.0,Washington DC,Maryland ,0,,
6203,5048,Muggsy,Muggsy Bogus,Muggsy,Bogus,63.0,active,,2026-07-07 03:54:07,,Tight End,Vertical Threat,,LON,DSFL,64,57,7,0,0,64,0,0,0,0,0,0,1,0,0,0,6200000,10.0,Nebraska,Nebraska,0,,
6202,632,nunccoepi,Anastasia Pearl,Anastasia,Pearl,63.0,active,active,2026-07-07 00:54:34,,Running Back,Fullback,BFB,POR,ISFL,351,270,81,0,0,351,0,0,0,30,20,0,1,0,0,0,45295045,44.0,"Rosario, Argentina",Ave Maria University,0,,
6201,5046,Packattack,Carter Catchings,Carter,Catchings,63.0,active,,2026-07-06 20:49:35,,Wide Receiver,Speed Receiver,,KCC,DSFL,64,57,7,0,0,64,0,0,0,0,0,0,1,0,0,0,6100000,11.0,Atlanta,Georgia,0,,
6200,5045,Cymraeg_atodeg,Roy L'douk,Roy,L'douk,63.0,active,active,2026-07-06 17:12:17,,Linebacker,Versatile LB,AUS,NOR,DSFL,142,141,1,0,0,142,0,0,26,0,20,0,1,0,0,0,1100000,94.0,Newport,San Diego State,0,,Competitor
6199,3133,Jaywe88,How Ma,How,Ma,63.0,active,active,2026-07-05 18:48:02,,Quarterback,Mobile,OCO,TIJ,DSFL,209,205,4,0,0,209,0,0,10,0,20,0,1,0,0,0,622206,7.0,Alabama,Ligma Tech ,0,,
6198,5044,Eddie Byrd,Eddie Byrd,Eddie,Byrd,63.0,active,active,2026-07-05 09:00:21,,Kicker,Power,AUS,LON,DSFL,192,170,22,0,0,192,0,0,0,0,20,0,1,0,0,0,1000000,29.0,North Carolina,None,0,,
6196,723,AW13,Willie Walker,Willie,Walker,63.0,active,active,2026-06-30 11:31:10,,Kicker,Power,NYS,DAL,DSFL,143,135,8,0,0,143,0,0,0,0,0,0,1,0,0,0,7089381,1.0,"North Logan, UT",Utah Tech,0,,
6195,3515,UptownCord,Rand McNally ,Rand,McNally ,63.0,active,active,2026-06-26 22:25:48,,Running Back,Power Back,COL,LON,DSFL,346,250,96,0,0,346,0,0,0,30,20,0,1,0,0,0,408011312,21.0,"Boulder, CO",University of Colorado,0,,
6194,971,TomHanks,Carl Hanratty,Carl,Hanratty,63.0,active,active,2026-06-26 14:43:03,,Running Back,Receiving Back,SAR,KCC,DSFL,361,250,111,0,0,361,0,0,0,30,20,0,1,0,2,5,21970352,34.0,"Brookline, Massachusetts",Boston College,867,,
6193,4483,o1playz,Robin D. Blinde,Robin,D. Blinde,63.0,active,active,2026-06-24 21:05:03,,Wide Receiver,Speed Receiver,SJS,KCC,DSFL,367,250,117,0,0,367,0,0,0,30,20,0,1,0,2,5,75451750,6.0,"Anaheim, California, USA",USC,4970,,
6192,5035,GingerJLD,Jimothy Kicket,Jimothy,Kicket,63.0,active,active,2026-06-23 23:51:11,,Linebacker,Versatile LB,BAL,TIJ,DSFL,353,250,103,0,0,353,0,0,0,30,20,0,1,0,0,0,5878000,74.0,"Chula Vista, CA",The Ohio State University,0,,
6191,5036,CamGoldenGun,Bjørn Tooblock,Bjørn,Tooblock,63.0,active,active,2026-06-23 23:28:25,,Offensive Lineman,Mauler,NOLA,NOR,ISFL,383,376,7,0,0,383,0,0,0,30,20,0,1,0,0,0,461665000,77.0,"Oslo, Norway",DeVry,4736,,
6190,5040,Mr. Majestyk,Vince Majestyk,Vince,Majestyk,63.0,active,,2026-06-23 03:21:44,,Running Back,Receiving Back,,MIN,DSFL,50,50,0,0,0,50,0,0,0,0,0,0,1,0,0,0,9000000,7.0,"Edna, Colorado",University of Colorado,0,,
6189,3594,toofpete,Stump Chuggins,Stump,Chuggins,63.0,active,active,2026-06-22 23:02:49,,Offensive Lineman,Mauler,NOLA,POR,DSFL,267,225,42,0,0,267,0,0,0,0,20,0,1,0,0,0,13330976,77.0,"Giddings, TX",Texas Wesleyan University,0,,
6188,5037,Roboeric562,Eric Duic,Eric,Duic,63.0,active,,2026-06-22 05:46:49,,Defensive Tackle,Interior Rusher,SAR,DAL,DSFL,79,0,79,0,0,79,0,0,0,0,0,0,1,0,0,0,7500000,22.0,"Zagreb,Croatia",Arizona State,4970,,
6187,5039,BIGTIMMY,Coltum Rhoads,Coltum,Rhoads,63.0,active,,2026-06-22 03:59:47,,Wide Receiver,Speed Receiver,,NOR,DSFL,50,50,0,0,0,50,0,0,0,0,0,0,1,0,0,0,9000000,15.0,Illinois,Stanford,2635,,
6186,5033,Definia,Billy McGlynn,Billy,McGlynn,63.0,active,active,2026-06-22 03:45:26,,Running Back,Receiving Back,SAR,NOR,DSFL,352,245,107,0,0,352,0,0,0,7,20,0,1,0,0,0,7917000,87.0,Scotland,University of West of Scotland,4736,,
6185,5038,fridayhungary,Johnny Storm,Johnny,Storm,63.0,active,active,2026-06-21 22:35:48,,Cornerback,Cover Corner,AUS,LON,DSFL,247,163,84,0,0,247,0,0,0,0,20,0,1,0,0,0,-1250000,24.0,"Longview, WA",University of Washington,3964,,
6184,5034,cdemon24,John Donaldson,John,Donaldson,62.0,active,,2026-06-18 14:18:34,,Linebacker,Pass Rusher,,DAL,DSFL,83,73,10,0,0,83,0,0,0,0,0,0,0,0,0,0,10150000,42.0,"Memphis, Tennessee",Virginia Tech,0,,
6183,5032,Spee996,Dashiell Horse,Dashiell,Horse,62.0,active,,2026-06-16 01:36:15,,Offensive Lineman,Mauler,,BBB,DSFL,77,77,0,0,0,77,0,0,0,0,0,0,0,0,0,0,6000000,64.0,South dakota ,USD,5031,,
6182,5031,Pifferfish,Tank Commander,Tank,Commander,62.0,active,active,2026-06-15 14:59:16,,Cornerback,Physical Corner,SAR,TIJ,DSFL,322,250,72,0,0,322,0,0,0,0,15,0,0,0,0,0,4856000,22.0,Stupid Town,Ball State,0,,
6181,4186,Anthony8139,Anthony Johnson,Anthony,Johnson,62.0,active,active,2026-06-04 10:20:06,,Safety,Ball Hawk,AUS,MIN,ISFL,259,259,0,0,0,259,0,0,0,0,15,0,1,0,0,0,706600,17.0,La place LA,LA tech,0,,
6180,4273,Deecee98,David Corrigan JR,David,Corrigan JR,62.0,active,active,2026-06-02 17:51:55,,Safety,Center Fielder,YKW,TIJ,DSFL,237,237,0,0,0,237,0,0,0,0,15,0,0,0,0,0,2430600,32.0,Yellowknife,Miami ,0,,
6179,5030,MazTheWall,Maziar Sardar,Maziar,Sardar,62.0,active,active,2026-05-30 00:32:06,,Linebacker,Versatile LB,SAR,NOR,ISFL,527,495,32,26,0,527,1,0,0,30,15,0,1,0,0,0,64835375,58.0,"Toronto, Canada",Queen's University ,0,,
6178,3875,SG_Vesuvius,Big Bertha,Big,Bertha,62.0,active,,2026-05-25 19:38:54,,Linebacker,Pass Rusher,AZ,LON,DSFL,241,158,83,0,0,241,0,0,0,0,15,0,0,0,0,0,9300000,99.0,"Springfield, Illinois ",Army,0,,
6177,5029,BlueWater278,Sullivan Gauthier,Sullivan,Gauthier,62.0,active,active,2026-05-25 13:09:17,,Cornerback,Cover Corner,NOLA,DAL,DSFL,280,250,30,0,0,280,0,0,0,0,15,0,0,0,0,0,4050000,10.0,"Davenport, IA",Liberty,0,,
6176,5028,BarebackAlpaca,Jay Deen,Jay,Deen,62.0,active,active,2026-05-24 20:59:39,,Safety,Ball Hawk,NYS,KCC,ISFL,396,375,21,0,0,396,0,0,0,0,15,0,1,0,0,0,12057000,13.0,"Calgary, Ab",North Dakota St,0,,
6175,5027,Darkangel2021!,Travon Austin,Travon,Austin,62.0,active,active,2026-05-22 12:45:39,,Defensive End,Power Rusher,SJS,KCC,DSFL,293,0,293,14,0,293,1,0,0,0,0,0,0,0,0,0,-1600000,90.0,Harrisburgh,Penn State,4972,,
6174,5024,TheBuster,Gord MacDonald,Gord,MacDonald,62.0,active,,2026-05-20 15:59:58,,Tight End,Possession TE,,POR,DSFL,50,50,0,0,0,50,0,0,0,0,0,0,0,0,0,0,1200000,87.0,Mouse Jaw,University of Regina,0,,
6173,5023,Killerbean2.0,tyrone bank,tyrone,bank,62.0,active,,2026-05-20 06:55:42,,Defensive End,Speed Rusher,AUS,TIJ,DSFL,115,115,0,0,0,115,0,0,0,0,0,0,0,0,0,0,2050000,1.0,new york,Penn state,0,,
6172,5021,lorenzomora94,Lencho Mysterio,Lencho,Mysterio,62.0,active,active,2026-05-19 22:32:24,,Defensive Tackle,All-Purpose DT,NYS,POR,DSFL,221,221,0,0,0,221,0,0,0,0,0,0,0,0,0,0,6900000,94.0,"Flatonia, Texas",TCU,0,,
6171,4324,IR15H0000000000,Rollin Stone,Rollin,Stone,62.0,active,active,2026-05-19 21:58:35,,Defensive End,Power Rusher,BFB,LON,ISFL,477,476,1,0,0,477,0,0,0,30,15,0,0,0,0,0,98472120,65.0,"Boulder, Colorado",Colorado School of Mines,0,,
6170,4314,Hepha,Lena Oxton,Lena,Oxton,62.0,active,active,2026-05-18 23:27:11,,Running Back,Receiving Back,OCO,TIJ,DSFL,360,250,110,0,0,360,0,0,0,0,15,0,0,0,0,0,19673140,1.0,London,Royal Air Force,0,,
6169,5019,jretzlaff,John Mullet,John,Mullet,62.0,active,,2026-05-18 21:55:02,,Offensive Lineman,Mauler,,MIN,DSFL,50,50,0,0,0,50,0,0,0,0,0,0,0,0,0,0,7000000,1.0,Badgerville,Ogdensburg U,0,,
6168,5018,Mattyba,Marco Fischer,Marco,Fischer,62.0,active,active,2026-05-18 21:52:00,,Linebacker,Versatile LB,OCO,TIJ,DSFL,321,250,71,0,0,321,0,0,0,0,0,0,0,0,0,0,15411600,13.0,St.Louis,Missouri State,0,,
6167,4208,WildBoyy,Thierry Terrington,Thierry,Terrington,62.0,active,,2026-05-18 21:08:02,,Tight End,Possession TE,OCO,KCC,DSFL,138,118,20,0,0,138,0,0,0,0,0,0,0,0,0,0,32450000,81.0,"Vancouver, BC",University of Washington,0,,
6166,5005,Autzen,Drew Mallard,Drew,Mallard,62.0,active,,2026-05-18 16:26:30,,Tight End,Possession TE,CTC,NOR,DSFL,78,78,0,0,0,78,0,0,0,0,0,0,0,0,0,0,10050000,22.0,Eugene Oregon,University of Oregon,0,,
6165,5016,CuteKitten,Kravis Telce,Kravis,Telce,62.0,active,,2026-05-18 15:36:25,,Tight End,Possession TE,,DAL,DSFL,50,50,0,0,0,50,0,0,0,0,0,0,0,0,0,0,7000000,1.0,Alaska,Ross Elementary,0,,
6164,5015,Clappyz02,Jerome Wilson,Jerome,Wilson,62.0,active,,2026-05-18 04:42:30,,Kicker,Power,,DAL,DSFL,72,50,22,0,0,72,0,0,0,0,0,0,0,0,0,0,7000000,4.0,"Buffalo, Missouri",New Mexico State,0,,
6163,5014,Johnstone68,Aj Johnstone,Aj,Johnstone,62.0,active,,2026-05-17 23:28:51,,Tight End,Possession TE,,BBB,DSFL,50,50,0,0,0,50,0,0,0,0,0,0,0,0,0,0,7000000,8.0,"Cocoa, fl",Ohio state,0,,
6162,5013,Ianyvngbandz,Yvng Bandz,Yvng,Bandz,62.0,active,,2026-05-17 21:36:47,,Wide Receiver,Slot Receiver,,MIN,DSFL,50,50,0,0,0,50,0,0,0,0,0,0,0,0,0,0,7000000,22.0,Colorado,Colorado University ,0,,
6161,5012,Shinyhiney,Finnius Munch,Finnius,Munch,62.0,active,,2026-05-17 18:27:23,,Wide Receiver,Speed Receiver,,LON,DSFL,50,50,0,0,0,50,0,0,0,0,0,0,0,0,0,0,7000000,6.0,"Baltimore, Maryland",Richmond,0,,
6160,5011,Artemis,Luis Pedro,Luis,Pedro,62.0,active,active,2026-05-15 18:26:28,,Tight End,Possession TE,COL,TIJ,DSFL,214,180,34,0,0,214,0,0,0,0,15,0,0,0,0,0,5500000,27.0,Florida,University Of Miami,0,,
6159,5010,silpheed,King Gonçalves,King,Gonçalves,62.0,active,,2026-05-15 15:16:00,,Tight End,Possession TE,,POR,DSFL,123,106,17,0,0,123,0,0,0,0,0,0,0,0,0,0,7400000,88.0,"Saint Charles, MO",Mizzou,0,,
6158,5009,PeterMinajj,Zagreus Nyxen,Zagreus,Nyxen,62.0,active,,2026-05-15 14:50:21,,Linebacker,Versatile LB,,LON,DSFL,50,50,0,0,0,50,0,0,0,0,0,0,0,0,0,0,7100000,5.0,"Milwaukee, WI",University of Wisconsin,0,,
6157,5006,Jabacon420,Jimmy Voorhees,Jimmy,Voorhees,62.0,active,active,2026-05-14 12:01:49,,Linebacker,Versatile LB,COL,MIN,DSFL,229,224,5,0,0,229,0,0,44,0,15,0,0,0,0,0,4000000,57.0,Bikini Bottom,Crystal Lake University,0,,
6156,5008,Landman25,Marcus Jackson,Marcus,Jackson,62.0,active,,2026-05-13 23:52:44,,Running Back,Speed Back,BFB,DAL,DSFL,141,141,0,0,0,141,0,0,0,0,0,0,0,0,0,0,5700000,22.0,MIAMI FL,U OF MIAMI ,0,,
6155,5004,Joe_Cool77,Chosen Juan,Chosen,Juan,62.0,active,,2026-05-13 22:13:13,,Wide Receiver,Possession Receiver,,TIJ,DSFL,116,110,6,0,0,116,0,0,0,0,0,0,0,0,0,0,2000000,1.0,"Louisville, Kentucky ",Kentucky ,0,,
6154,5007,DuckFan108,Caleb Wilder,Caleb,Wilder,62.0,active,,2026-05-13 18:24:04,,Defensive Tackle,All-Purpose DT,,NOR,DSFL,141,126,15,0,0,141,0,0,0,0,0,0,0,0,0,0,5250000,99.0,Eugene,Oregon,0,,
6153,5002,noah,Noah Eargle,Noah,Eargle,62.0,active,,2026-05-13 10:39:12,,Running Back,Speed Back,,KCC,DSFL,50,50,0,0,0,50,0,0,0,0,0,0,0,0,0,0,7000000,11.0,Evans ga,South carolina,1109,,
6152,24,Raven,Hrafn Óðinsson,Hrafn,Óðinsson,62.0,active,active,2026-05-13 06:10:02,,Running Back,Receiving Back,OSK,NOR,DSFL,541,250,291,0,0,541,0,0,0,60,15,0,0,0,2,5,81878343,37.0,"Vestmannaeyjabær, Iceland",Colorado State University,0,,
6151,5001,Mode,Torque McGork,Torque,McGork,62.0,active,,2026-05-12 23:43:23,,Linebacker,Pass Rusher,SAR,NOR,DSFL,326,249,77,0,0,326,0,0,0,0,0,0,0,0,0,0,10300000,12.0,"Bloomington, IL",Southwestern Illinois College,4926,,
6150,3457,McGriddy10,Who’s on First,Who’s on,First,62.0,active,active,2026-05-12 16:50:26,,Kicker,Accurate,AUS,KCC,DSFL,376,250,126,0,0,376,0,0,0,0,15,0,0,0,0,0,19069490,4.0,Abbott and Costello ,Kicker University,0,,
6149,5000,Colbai,Lion Trees,Lion,Trees,62.0,active,,2026-05-11 21:27:10,,Quarterback,Pocket Passer,YKW,KCC,DSFL,94,94,0,0,0,94,0,0,0,0,0,0,0,0,0,0,12500000,10.0,Pittsburgh,Robert Morris University,0,,
6148,4999,Frantik,Mike Honcho,Mike,Honcho,62.0,active,active,2026-05-11 21:22:08,,Defensive End,Power Rusher,CTC,MIN,ISFL,565,564,1,0,0,565,0,0,0,30,15,0,1,0,2,5,281504723,69.0,"Columbus, OH",Ohio State,0,,
6147,4212,YetiTaz,Jake Whelan,Jake,Whelan,62.0,active,active,2026-05-11 13:47:08,,Defensive End,Power Rusher,NYS,BBB,ISFL,482,437,45,0,0,482,0,0,0,5,15,0,1,0,0,0,7902723,98.0,San Antonio,UTSA,0,,
6146,4998,fm3509,John Finnique,John,Finnique,62.0,active,,2026-05-10 21:30:32,,Offensive Lineman,Mauler,AZ,BBB,DSFL,219,208,11,0,0,219,0,0,0,0,0,0,0,0,0,0,2350000,55.0,"Spartanburg, SC",Rutgers,0,,RoleModel
6145,4997,Spookz,Marlon Besteda,Marlon,Besteda,62.0,active,,2026-05-09 19:58:24,,Running Back,Power Back,,NOR,DSFL,50,50,0,0,0,50,0,0,0,0,0,0,0,0,0,0,7000000,15.0,Ohio ,Michigan ,0,,
6144,4995,Killerbean2261,Daniel Tyrone,Daniel,Tyrone,62.0,active,,2026-05-08 17:50:17,,Defensive End,Speed Rusher,,,DSFL,50,50,0,0,0,50,0,0,0,0,0,0,0,0,0,0,3000000,1.0,New york,UCLA,0,,
6143,3377,Eric Belmont,Booter McKickerson,Booter,McKickerson,62.0,active,,2026-05-07 04:57:26,,Offensive Lineman,Mauler,SJS,LON,DSFL,288,225,63,0,0,288,1,0,0,0,0,0,0,0,0,0,3600000,29.0,Dicks Sporting Goods,USC,0,,
6142,4290,ManningTypeAim,Payaton Manning,Payaton,Manning,62.0,active,active,2026-05-06 22:06:39,,Quarterback,Pocket Passer,BAL,DAL,DSFL,540,250,290,0,0,540,0,0,0,30,15,0,0,0,2,5,1990788,18.0,"New Orleans, Louisiana ",Tennessee ,3559,,
6141,4993,1thatguy1,Gene Eiland III,Gene,Eiland III,62.0,active,active,2026-05-04 20:16:58,,Running Back,Speed Back,,BBB,DSFL,238,236,2,0,0,238,0,0,0,0,15,0,0,0,2,0,-1950000,11.0,Nashville,Ole Miss,0,,
6140,382,TheMemeMaestro,Johnny Jenkins,Johnny,Jenkins,62.0,active,,2026-05-03 11:21:38,,Defensive End,Power Rusher,,TIJ,DSFL,206,181,25,0,0,206,0,0,0,0,0,0,0,0,0,0,8052949,1.0,"Denver, Colorado",Colorado,0,,
6139,4229,jayamshah99,Buster Baxter,Buster,Baxter,62.0,active,active,2026-05-02 19:07:24,,Linebacker,Versatile LB,BFB,LON,ISFL,530,530,0,0,0,530,0,0,0,30,15,0,1,0,0,0,312875000,9.0,Elwood City,Lakewood Elementary,0,,
6138,4991,Benniebillracks5,Benshad Kay,Benshad,Kay,62.0,active,,2026-05-02 13:47:03,,Quarterback,Mobile,,TIJ,DSFL,66,50,16,0,0,66,0,0,0,0,0,0,0,0,0,0,8000000,8.0,Fort worth ,Texas university ,0,,
6137,3606,Ultimatedestroye,Wendy Corduroy,Wendy,Corduroy,62.0,active,active,2026-05-01 19:25:20,,Running Back,Receiving Back,OCO,BBB,ISFL,514,514,0,0,0,514,0,0,0,30,15,0,1,0,0,0,30017335,2.0,"Gravity Falls, Oregon",Oregon State,3903,,ScatBack
6136,1297,Dewalt27,Glizzie McGuire,Glizzie,McGuire,62.0,active,active,2026-05-01 08:54:48,,Offensive Lineman,Athletic Lineman,CTC,KCC,ISFL,519,429,90,0,0,519,0,0,0,30,15,0,0,0,0,0,127554402,27.0,The Grill,Pepperdine University,0,,
6135,4063,omg,Lilli Gant,Lilli,Gant,62.0,active,active,2026-05-01 00:46:37,,Running Back,Receiving Back,COL,MIN,ISFL,562,561,1,0,0,562,0,0,0,30,15,0,0,0,0,0,386286521,17.0,Pinwheel Forest,Blueberry Academy ,0,,ScatBack
6134,1961,Amidships,Samuel Canales,Samuel,Canales,62.0,active,active,2026-04-30 23:32:02,,Safety,Enforcer,OSK,DAL,ISFL,542,521,21,0,0,542,0,0,0,30,15,0,0,0,0,0,447530378,34.0,Corpus Christi,Texas Tech,0,,
6133,2050,Kyamprac,Tight End Eighty-Two Jr,Tight End,Eighty-Two Jr,62.0,active,active,2026-04-30 22:08:01,,Wide Receiver,Speed Receiver,AUS,DAL,ISFL,552,485,67,53,0,552,1,0,0,30,15,0,1,0,2,5,948478134,82.0,Houston,Degrassi?,0,,
6132,4089,wetwilleh,Willeh Handsy,Willeh,Handsy,62.0,active,active,2026-04-30 17:20:49,,Wide Receiver,Possession Receiver,YKW,POR,DSFL,558,250,308,0,0,558,0,0,0,30,15,0,0,0,2,5,631450891,3.0,Mexico,Right-Arm,0,,
6131,452,Rindiee,Jalen Odunze,Jalen,Odunze,62.0,active,,2026-04-30 17:03:18,,Wide Receiver,Slot Receiver,NOLA,KCC,DSFL,279,250,29,0,0,279,0,0,0,0,0,0,0,0,0,0,2347063,1.0,"Seattle, WA",University of Washington,0,,
6130,4265,MrKrumz,Goon Summers,Goon,Summers,62.0,active,active,2026-04-30 15:57:13,,Running Back,Receiving Back,AZ,POR,ISFL,486,485,1,0,0,486,0,0,0,0,15,0,1,0,0,0,7135223,99.0,Hoenn,Petalburg City,0,,
6129,4211,kdr,Harold Carmichael,Harold,Carmichael,62.0,active,active,2026-04-30 15:31:54,,Running Back,Receiving Back,BAL,LON,ISFL,556,525,31,27,0,556,1,0,0,30,15,0,1,0,2,5,232821502,17.0,Jacksonville,Southern,0,,
6128,4263,lunaripcole,Cross Summers,Cross,Summers,62.0,active,active,2026-04-30 14:57:11,,Quarterback,Field General,AZ,POR,DSFL,554,250,304,0,0,554,0,0,0,30,15,0,0,0,0,0,90442573,17.0,Santa Ana,LSU,0,,
6127,2706,unconfident,Nutt Beers,Nutt,Beers,62.0,active,active,2026-04-30 14:51:36,,Running Back,Receiving Back,OSK,MIN,ISFL,531,531,0,0,0,531,0,0,0,30,15,0,1,0,0,0,287122640,32.0,Des Moines,UCLA,0,,
6126,2806,visceralpotamus,Pasta the Turtle II,Pasta,the Turtle II,62.0,active,active,2026-04-30 13:15:07,,Offensive Lineman,Mauler,SJS,NOR,DSFL,355,0,355,34,0,355,1,0,0,0,0,0,0,0,0,0,8660058,54.0,Swamp,Toronto North Star College,3826,,
6125,1076,BenDover,Adrian Sinclair,Adrian,Sinclair,62.0,active,active,2026-04-29 21:03:15,,Linebacker,Versatile LB,YKW,MIN,ISFL,543,535,8,0,0,543,0,0,0,30,15,0,0,0,0,0,62696408,2.0,"Truth or Consequences, NM",Clemson,1897,,
6124,4990,GoodhandswithAlstott,Bruiser Alstott,Bruiser,Alstott,62.0,active,active,2026-04-29 15:40:37,,Linebacker,Versatile LB,AZ,LON,DSFL,574,250,324,0,0,574,1,0,0,30,15,0,0,0,0,0,21109000,40.0,"Des Moines, IA",University of Michigan,0,,
6123,4147,sonicxdoom,Hyper Sonic,Hyper,Sonic,62.0,active,active,2026-04-29 13:48:12,,Running Back,Power Back,HON,MIN,DSFL,557,250,307,0,0,557,0,0,0,30,15,0,0,0,0,0,237772617,55.0,Sesame Street,Procrastination Polytechnic Institute,0,,
6122,3826,Tmoney6996,Lil Tommy Dollars,Lil Tommy,Dollars,62.0,active,active,2026-04-24 10:43:26,,Offensive Lineman,Athletic Lineman,NOLA,BBB,ISFL,556,555,1,0,0,556,0,0,0,30,15,0,0,0,0,0,330531111,69.0,New Jersey,The Ministry of Defense,4099,,
6121,3569,DL14,Paul Mclaughlin the 2nd,Paul,Mclaughlin the 2nd,61.0,active,,2026-04-22 20:05:37,,Kicker,Power,,DAL,DSFL,50,50,0,0,0,50,0,0,0,0,0,0,0,0,0,0,136271429,27.0,"Chicago, USA",Fletcher Reede School of Lying,3569,,
6120,4986,JCPro,Josh Harper,Josh,Harper,61.0,active,active,2026-04-12 21:42:55,,Safety,Center Fielder,NOLA,POR,ISFL,614,613,1,0,0,614,0,0,0,30,10,0,1,0,0,0,29670000,16.0,Missouri,LSU,0,,
6119,4985,Jilaf,Ja’Kari Blaze,Ja’Kari,Blaze,61.0,active,,2026-04-12 20:38:41,,Offensive Lineman,Mauler,,TIJ,DSFL,76,76,0,0,0,76,0,0,0,0,0,0,0,0,0,0,6050000,15.0,"Houston, Texas",Michigan Wolverines,0,,
6118,4983,Rylakn,Will Vincefork,Will,Vincefork,61.0,active,active,2026-04-09 05:45:56,,Defensive Tackle,Interior Rusher,CTC,BBB,ISFL,721,720,1,0,0,721,0,0,0,30,10,0,0,0,2,5,186304102,75.0,Melbourne Australia,University of Miami,3527,,SpeedRusher
6117,4982,ThatMobi,Desi Cotton,Desi,Cotton,61.0,active,active,2026-04-06 23:51:34,,Running Back,Fullback,NYS,TIJ,ISFL,381,381,0,0,0,381,0,0,0,10,10,0,1,0,0,0,29700000,16.0,Atlanta,Georgia Tech,0,,
6116,4981,Timbuktu,Bigg Boay,Bigg,Boay,61.0,active,,2026-04-06 20:29:17,,Offensive Lineman,Mauler,,KCC,DSFL,96,94,2,0,0,96,0,0,0,0,0,0,0,0,0,0,2100000,99.0,"Chicken, Alaska",Rutgers,0,,
6115,2670,Beck,MayBe In-Active,MayBe,In-Active,61.0,active,active,2026-04-05 12:30:05,,Offensive Lineman,Mauler,CTC,TIJ,ISFL,620,600,20,0,0,620,0,0,0,0,10,0,0,0,0,0,10720144,69.0,McDonalds Farms,School of Hard Knocks,0,,
6114,4980,EASTERN30,Evans Okatcha,Evans,Okatcha,61.0,active,,2026-04-05 01:09:08,,Linebacker,Versatile LB,,MIN,DSFL,108,94,14,0,0,108,0,0,0,0,0,0,0,0,0,0,8500000,2.0,"Duluth , MN ",MInnesota St Mankato,0,,
6113,3313,Arctic,Horsehead Grasshopper,Horsehead,Grasshopper,61.0,active,,2026-04-01 21:54:57,,Offensive Lineman,Mauler,BFB,TIJ,DSFL,130,117,13,0,0,130,0,0,0,0,0,0,0,0,0,0,7003784,67.0,"Lima, Peru",North Carolina State University,0,,
6112,4978,Vewdew,Samuel Frost,Samuel,Frost,61.0,active,active,2026-03-31 22:53:42,,Linebacker,Pass Rusher,SAR,KCC,ISFL,711,700,11,0,0,711,0,0,0,30,10,0,1,0,2,5,5672830,96.0,"Laramie, WY",North Texas,0,,
6111,4977,KingSnoutKisser,Nariz Consuelo,Nariz,Consuelo,61.0,active,,2026-03-31 00:43:39,,Defensive Tackle,Nose Tackle,NYS,LON,DSFL,290,249,41,0,0,290,0,0,0,0,0,0,0,0,0,0,5800000,67.0,"San Antonio, TX",North Southwest Texas A&M Tech,3527,,
6110,4976,NickYoungFan,Nick Young,Nick,Young,61.0,active,,2026-03-30 20:29:16,,Cornerback,Slot Corner,,LON,DSFL,78,50,28,0,0,78,0,0,0,0,0,0,0,0,0,0,9150000,6.0,San Antonio,Texas A&M,0,,
6109,4975,RecoilIt,Deacon Graves,Deacon,Graves,61.0,active,,2026-03-30 18:23:21,,Offensive Lineman,Athletic Lineman,BFB,BBB,DSFL,400,250,150,0,0,400,0,0,0,0,0,0,0,0,0,0,1122000,69.0,"Bremerton, WA",University of Florida,0,,
6108,3998,SensibleDictator,Tyler Higbee III,Tyler,Higbee III,61.0,active,active,2026-03-30 11:53:22,,Tight End,Possession TE,COL,NOR,ISFL,675,550,125,0,0,675,0,0,0,30,10,0,0,0,0,0,135698734,89.0,Tennessee,Western Kentucky,0,,
6107,4974,Cstewart,Ardy Sexton,Ardy,Sexton,61.0,active,,2026-03-30 08:49:53,,Defensive Tackle,All-Purpose DT,,POR,DSFL,267,250,17,0,0,267,0,0,0,0,0,0,0,0,0,0,-1666000,40.0,ILL,Mizzou,0,,
6106,4972,dbdahmir,Jeremiah James,Jeremiah,James,61.0,active,active,2026-03-28 14:34:05,,Safety,Enforcer,OCO,KCC,ISFL,380,380,0,0,0,380,0,0,0,0,10,0,0,0,0,0,-1820000,31.0,"Williamsport, PA",Penn State,0,,
6105,4971,EthanTheHeathen,Titus Duke,Titus,Duke,61.0,active,,2026-03-26 21:25:03,,Tight End,Possession TE,,LON,DSFL,76,76,0,0,0,76,0,0,0,0,0,0,0,0,0,0,6850000,88.0,"Marquette, Michigan",Bowling Green,0,,
6104,4970,Bloodless,Dante Von Wolfe,Dante,Von Wolfe,61.0,active,active,2026-03-26 20:05:11,,Wide Receiver,Speed Receiver,NYS,TIJ,ISFL,742,735,7,0,0,742,0,0,30,30,10,0,0,0,0,0,366118692,10.0,Canada,Balls Deep University,0,,
6103,4969,JET12TEX,Treyvon Reddick,Treyvon,Reddick,61.0,active,,2026-03-26 10:45:32,,Running Back,Power Back,YKW,TIJ,DSFL,290,250,40,0,0,290,0,0,0,0,0,0,0,0,0,0,4600000,53.0,dallas ,ohio state ,0,,
6102,4968,purp,Darius Njigba,Darius,Njigba,61.0,active,,2026-03-25 22:21:29,,Wide Receiver,Possession Receiver,AUS,NOR,DSFL,117,91,26,0,0,117,0,0,0,0,0,0,0,0,0,0,6950000,21.0,Philadelphia ,Penn State,0,,
6101,4967,titanfan22,Stud McStiffarm,Stud,McStiffarm,61.0,active,,2026-03-25 20:51:47,,Running Back,Power Back,,MIN,DSFL,133,133,0,0,0,133,0,0,0,0,0,0,0,0,0,0,4250000,4.0,United States,Pumped University,0,,
6100,4966,KingHairy,Blair James,Blair,James,61.0,active,,2026-03-25 19:03:54,,Cornerback,Slot Corner,,NOR,DSFL,225,225,0,0,0,225,0,0,0,0,0,0,0,0,0,0,250000,17.0,"Auckland, NZ",University of Miami,0,,
6099,4965,Insaneguy06,Caleb Austin,Caleb,Austin,61.0,active,,2026-03-25 14:35:56,,Wide Receiver,Slot Receiver,,LON,DSFL,76,76,0,0,0,76,0,0,0,0,0,0,0,0,0,0,6250000,15.0,"Dallas, Texas",Oregon,0,,
6098,4964,quwertzi,Felix Anderson,Felix,Anderson,61.0,active,,2026-03-25 12:53:22,,Offensive Lineman,Athletic Lineman,AUS,LON,DSFL,99,70,29,0,0,99,0,0,0,0,0,0,0,0,0,0,11800000,52.0,"Providence, RI",Yale,0,,
6097,4962,srektrader,Gim Lou,Gim,Lou,61.0,active,,2026-03-24 23:57:05,,Tight End,Vertical Threat,,MIN,DSFL,72,72,0,0,0,72,0,0,0,0,0,0,0,0,0,0,7400000,17.0,Malaysia,None,0,APAC,
6096,4961,JonWane12,Alejandro Rodriguez,Alejandro,Rodriguez,61.0,active,active,2026-03-24 23:51:39,,Linebacker,Versatile LB,SAR,NOR,ISFL,631,625,6,0,0,631,0,0,0,3,10,0,0,0,0,0,1965000,57.0,Mexico,Miss State,0,World,Competitor
6095,4960,BagleTwembo,No Jackson,No,Jackson,61.0,active,,2026-03-24 23:09:14,,Running Back,Receiving Back,,POR,DSFL,77,49,28,0,0,77,0,0,0,0,0,0,0,0,0,0,6000000,34.0,Rapid City,Georgia Tech,3527,West (US),
6094,4957,OnlyOneOD,Scottie Barnes,Scottie,Barnes,61.0,active,,2026-03-24 22:28:31,,Offensive Lineman,Athletic Lineman,AZ,DAL,ISFL,401,400,1,0,0,401,0,0,0,0,0,0,0,0,0,0,210650,76.0,"Santa Cruz, CA",UCSC,0,West (US),
6093,4958,Ping-pong ball89,Bumble Maddy,Bumble,Maddy,61.0,active,,2026-03-24 22:19:43,,Tight End,Vertical Threat,,NOR,DSFL,50,50,0,0,0,50,0,0,0,0,0,0,0,0,0,0,7000000,32.0,Maine,Texas,0,Northeast (US),
6092,3713,slumped64,Pretty Mofo,Pretty,Mofo,61.0,active,active,2026-03-24 22:16:31,,Running Back,Receiving Back,NOLA,KCC,DSFL,459,250,209,0,0,459,0,0,0,17,10,0,0,0,0,0,-1813950,88.0,New York,Syracuse,0,Northeast (US),
6091,4954,NeonMage,Elias Chantrelle,Elias,Chantrelle,61.0,active,,2026-03-24 20:29:35,,Cornerback,Physical Corner,SJS,NOR,DSFL,408,250,158,0,0,408,0,0,0,0,0,0,0,0,0,0,19700000,23.0,"Crestview, Florida",Alabama,0,Southeast (US),
6090,4955,WWGokudo,Jenkem Juggz,Jenkem,Juggz,61.0,active,,2026-03-24 20:28:04,,Running Back,Power Back,,NOR,DSFL,101,87,14,0,0,101,0,0,0,0,0,0,0,0,0,0,9200000,22.0,"Tucson, AZ",UNM,0,Southwest (US),
6089,4953,Andersoncamp,Lachlan Inn,Lachlan,Inn,61.0,active,,2026-03-24 19:04:28,,Safety,Ball Hawk,,LON,DSFL,50,50,0,0,0,50,0,0,0,0,0,0,0,0,0,0,7200000,27.0,Atlanta ,Syracuse ,0,Southeast (US),
6088,2800,By-Tor,Gumdrop Ballbuster,Gumdrop,Ballbuster,61.0,active,active,2026-03-24 16:33:28,,Kicker,Power,NOLA,POR,DSFL,540,250,290,0,0,540,0,0,0,4,10,0,0,0,0,0,2535445,5.0,Yo Mama's Kitchen,Hard Knocks,0,World,
6087,4946,Mr. Soup,Billy Dimeballz,Billy,Dimeballz,61.0,active,active,2026-03-24 16:22:05,,Cornerback,Cover Corner,BFB,KCC,ISFL,696,696,0,0,0,696,0,0,0,30,10,0,1,0,2,5,97373000,10.0,"Youngstown, OH",The Ohio State University,0,Midwest (US),
6086,4949,Candrew2nd,Mister Fister,Mister,Fister,61.0,active,,2026-03-24 16:10:45,,Tight End,Vertical Threat,,POR,DSFL,76,50,26,0,0,76,0,0,0,0,0,0,0,0,0,0,6050000,85.0,"Lake Worth, FL",Notre Dame,0,Southeast (US),
6085,4948,Skyvid,Lewis Ratskin,Lewis,Ratskin,61.0,active,,2026-03-24 15:53:51,,Running Back,Receiving Back,,KCC,DSFL,50,50,0,0,0,50,0,0,0,0,0,0,0,0,0,0,7000000,40.0,Detroit ,Department of Corrections ,0,Midwest (US),
6084,4947,Nova_Skunk,Nova Skunk,Nova,Skunk,61.0,active,,2026-03-24 14:25:42,,Tight End,Possession TE,,TIJ,DSFL,50,50,0,0,0,50,0,0,0,0,0,0,0,0,0,0,7000000,24.0,North Carolina,UNC Chapel Hill,0,Southeast (US),
6083,4944,epiclac,Ahpik Sauzes,Ahpik,Sauzes,61.0,retired,,2026-03-24 12:34:19,2026-05-21 08:21:04,Tight End,Possession TE,,,DSFL,235,201,34,0,0,235,0,0,0,0,0,0,0,0,0,0,-1250000,2.0,"Cincinnati, Ohio",Triton University,4943,Midwest (US),
6082,4942,LimuEmu38,Demo Player,Demo,Player,61.0,active,,2026-03-24 11:36:43,,Cornerback,Cover Corner,,MIN,DSFL,75,75,0,0,0,75,0,0,0,0,0,0,0,0,0,0,6500000,3.0,Boston,Purdue,0,Northeast (US),
6081,4943,Tubbles,Meat Wad,Meat,Wad,61.0,active,active,2026-03-24 11:25:44,,Offensive Lineman,Mauler,SJS,NOR,ISFL,431,430,1,0,0,431,0,0,0,0,10,0,1,0,0,0,650000,55.0,"Cleveland, Ohio",University of Illinois at Urbana-Champaign,0,Midwest (US),
6080,3282,Gadget,Discord Polls,Discord,Polls,61.0,active,active,2026-03-24 06:43:08,,Defensive Tackle,Nose Tackle,CTC,TIJ,DSFL,367,250,117,0,0,367,0,0,0,30,10,0,0,0,0,0,36225283,67.0,Isfl Rookie Server,Rutgers,0,World,
6079,4937,Jeremiah23,Brad Roberson,Brad,Roberson,61.0,active,,2026-03-24 05:30:06,,Quarterback,Gunslinger,,LON,DSFL,50,49,1,0,0,50,0,0,0,0,0,0,0,0,0,0,7000000,8.0,"Arizona, USA", Central Michigan,0,Southwest (US),
6078,4935,louw_declercq,Louw de Clercq,Louw,de Clercq,61.0,active,,2026-03-24 03:42:33,,Tight End,Vertical Threat,,POR,DSFL,140,102,38,0,0,140,0,0,0,0,0,0,0,0,0,0,-500000,84.0,Cape Town,Ohio State,0,World,
6077,4934,Shiny Albatross,Orion Flynn,Orion,Flynn,61.0,active,,2026-03-24 03:33:51,,Tight End,Possession TE,AUS,DAL,DSFL,397,250,147,0,0,397,0,0,0,0,0,0,0,0,0,0,8284000,83.0,"Tacoma, WA",University of Washington,0,West (US),
6076,4933,lordvita,Demo L'ition,Demo,L'ition,61.0,active,active,2026-03-24 01:26:02,,Linebacker,Versatile LB,CTC,BBB,ISFL,720,720,0,0,0,720,1,0,0,30,10,0,0,0,2,5,2443095,80.0,Luxembourg,Zeno International School of Hair Design,1739,EuroCan,Competitor
6075,4932,chuckspadina23,Kamini Hall,Kamini,Hall,61.0,active,,2026-03-24 00:22:55,,Safety,Ball Hawk,,MIN,DSFL,51,50,1,0,0,51,0,0,0,0,0,0,0,0,0,0,6550000,23.0,North Charleston,Florida,0,Southeast (US),
6074,4911,Jpoup,Quatro Quatro,Quatro,Quatro,61.0,active,,2026-03-24 00:21:48,,Defensive End,Power Rusher,,MIN,DSFL,130,113,17,0,0,130,0,0,0,0,0,0,0,0,0,0,7100000,4.0,Los Angeles,SJSU,0,West (US),
6073,4903,eieiron,Alvin Green,Alvin,Green,61.0,active,,2026-03-23 23:45:39,,Offensive Lineman,Athletic Lineman,,BBB,DSFL,72,50,22,0,0,72,0,0,0,0,0,0,0,0,0,0,7000000,14.0,California,Santa Clara,0,West (US),
6072,4931,Ahauschildt,Tank Stevenson,Tank,Stevenson,61.0,active,,2026-03-23 23:24:32,,Defensive End,Power Rusher,,BBB,DSFL,50,50,0,0,0,50,0,0,0,0,0,0,0,0,0,0,7000000,68.0,Toronto,UBC,0,EuroCan,
6071,4929,Toasty13,Dixie Normus,Dixie,Normus,61.0,active,,2026-03-23 23:12:48,,Tight End,Vertical Threat,,DAL,DSFL,72,72,0,0,0,72,0,0,0,0,0,0,0,0,0,0,7000000,88.0,"Kansas City, Missouri",University of Iowa,0,Southwest (US),
6070,4909,Realmrter,Ace Son,Ace,Son,61.0,active,,2026-03-23 23:06:55,,Wide Receiver,Slot Receiver,,POR,DSFL,81,81,0,0,0,81,0,0,0,0,0,0,0,0,0,0,8300000,15.0,Los Angeles,USC,0,West (US),
6069,4925,jayblob11,Hehe Clinton-Wiener,Hehe,Clinton-Wiener,61.0,active,active,2026-03-23 22:20:58,,Offensive Lineman,Athletic Lineman,AZ,POR,DSFL,534,250,284,0,0,534,0,0,0,4,10,0,0,0,0,0,9306900,73.0,"Miami, FL",Florida State University,0,Southeast (US),
6068,4924,JustRelaxin52,Landon James,Landon,James,61.0,active,,2026-03-23 21:22:15,,Defensive Tackle,All-Purpose DT,,BBB,DSFL,50,50,0,0,0,50,0,0,0,0,0,0,0,0,0,0,7000000,52.0,"Scottsdale, Arizona",University of Findlay,0,Southwest (US),
6067,4926,stankpicklez,Shembo Hawthorn,Shembo,Hawthorn,61.0,active,active,2026-03-23 21:20:14,,Linebacker,Versatile LB,AZ,TIJ,ISFL,639,635,4,0,0,639,1,0,0,0,10,0,0,0,0,0,20874000,7.0,"East St. Louis, IL",Southern Illinois University,0,Midwest (US),
6066,4923,Flintlock,Flint Lock,Flint,Lock,61.0,retired,,2026-03-23 20:51:38,2026-03-23 21:21:27,Quarterback,Field General,,,,77,77,0,0,0,77,0,0,0,0,0,0,0,0,0,0,0,19.0,New Hampshire,UNH,0,,
6065,4922,shagz,Jimmy Parham,Jimmy,Parham,61.0,active,,2026-03-23 20:25:02,,Safety,Center Fielder,OSK,TIJ,DSFL,145,144,1,0,0,145,0,0,0,0,0,0,0,0,0,0,9250000,10.0,miami,ohio state ,0,Southeast (US),
6064,4921,vdvrl,vdv rl,vdv,rl,61.0,active,,2026-03-23 19:24:30,,Wide Receiver,Speed Receiver,,TIJ,DSFL,50,50,0,0,0,50,0,0,0,0,0,0,0,0,0,0,7000000,1.0,Phoenix,Oregon,0,Southwest (US),
6063,4919,mossyoak84,Wolfgang Mickleson,Wolfgang,Mickleson,61.0,active,,2026-03-23 18:59:48,,Safety,Center Fielder,,LON,DSFL,50,50,0,0,0,50,0,0,0,0,0,0,0,0,0,0,7000000,84.0,Canada,Ucla,0,EuroCan,
6062,4917,INC,Isaac Montagne,Isaac,Montagne,61.0,active,,2026-03-23 18:28:26,,Wide Receiver,Speed Receiver,,NOR,DSFL,76,50,26,0,0,76,0,0,0,0,0,0,0,0,0,0,6050000,7.0,"Fort Worth, TX",Arkansas,0,Southwest (US),
6061,4916,buckleup,Jack Wynn,Jack,Wynn,61.0,active,,2026-03-23 18:15:22,,Tight End,Possession TE,,POR,DSFL,105,95,10,0,0,105,0,0,0,0,0,0,0,0,0,0,7100000,82.0,California,UC Berkeley,0,West (US),
6060,4915,MellahYellah,Joby Mattheux,Joby,Mattheux,61.0,active,active,2026-03-23 18:06:56,,Wide Receiver,Possession Receiver,NYS,BBB,ISFL,423,405,18,0,0,423,0,0,0,11,10,0,1,0,0,0,1646800,15.0,"Tulsa, Oklahoma",Ole Miss,0,Southwest (US),
6059,4913,SteveAmHydrogen,Aaron Bell,Aaron,Bell,61.0,active,,2026-03-23 17:41:26,,Tight End,Possession TE,,KCC,DSFL,77,77,0,0,0,77,0,0,0,0,0,0,0,0,0,0,6000000,80.0,New Jersey,Northeastern University ,0,Northeast (US),
6058,4912,uncleSam355,Sammie Burkett,Sammie,Burkett,61.0,active,,2026-03-23 16:59:52,,Defensive End,Power Rusher,OCO,LON,ISFL,156,130,26,0,0,156,0,0,0,0,0,0,0,0,0,0,9306000,97.0,"Winchester, Massachusetts",Arizona State University,0,Northeast (US),
6057,1999,WildfireMicro,Agent Eight,Agent,Eight,61.0,active,,2026-03-23 16:51:41,,Wide Receiver,Slot Receiver,,DAL,DSFL,357,250,107,0,0,357,0,0,0,0,0,0,0,0,0,0,15289037,18.0,Inkopolis ,Western Kentucky ,0,World,
6056,4910,UnbiasedBrownsFan,Jurgen Minouts,Jurgen,Minouts,61.0,active,,2026-03-23 16:24:39,,Safety,Enforcer,,MIN,DSFL,50,50,0,0,0,50,0,0,0,0,0,0,0,0,0,0,7000000,1.0,"Steubenville, Ohio",University of American Samoa,0,Midwest (US),
6055,4907,gsharp,Jayne Cobb,Jayne,Cobb,61.0,active,active,2026-03-23 15:36:45,,Tight End,Possession TE,BFB,MIN,DSFL,598,250,348,59,0,598,1,0,0,0,10,0,0,0,0,0,9898000,21.0,Washington DC,University of Virginia,0,Northeast (US),
6054,4906,BigDiesel72,Big Daddy Diesel,Big Daddy,Diesel,61.0,active,,2026-03-23 15:18:41,,Offensive Lineman,Athletic Lineman,,BBB,DSFL,50,50,0,0,0,50,0,0,0,0,0,0,0,0,0,0,7400000,72.0,"Melbourne, Australia",Oregon,0,APAC,
6053,4905,ndtait,Fletcher McQuad,Fletcher,McQuad,61.0,active,,2026-03-23 14:46:51,,Offensive Lineman,Mauler,,DAL,DSFL,50,50,0,0,0,50,0,0,0,0,0,0,0,0,0,0,7000000,66.0,"Boone, NC",Tennessee ,0,Southeast (US),
6052,4899,ZeeDub,Lathyrus Sativus,Lathyrus,Sativus,61.0,active,,2026-03-23 13:30:47,,Defensive End,Power Rusher,,TIJ,DSFL,73,73,0,0,0,73,0,0,0,0,0,0,0,0,0,0,6500000,95.0,"Chicago, IL",Tulane,0,Midwest (US),
6051,4898,Alfred_Marshall,Cam Mclovin,Cam,Mclovin,61.0,active,,2026-03-23 12:13:36,,Quarterback,Field General,,NOR,DSFL,81,81,0,0,0,81,0,0,0,0,0,0,0,0,0,0,8300000,25.0,2000.02.03,UNLV,0,World,
6050,4897,nathanielbuce,Bubba Flex,Bubba,Flex,61.0,active,active,2026-03-23 00:25:00,,Linebacker,Versatile LB,CTC,MIN,DSFL,381,250,131,0,0,381,0,0,0,12,10,0,0,0,0,0,-1694000,54.0,"Detroit, MI",Mizzou,4504,Midwest (US),
6049,3745,Crazytomato,Crazy Tomato III,Crazy,Tomato III,61.0,active,,2026-03-21 17:07:14,,Linebacker,Pass Rusher,OCO,TIJ,ISFL,264,252,12,0,0,264,0,0,0,0,0,0,0,0,0,0,1295687,71.0,Vancouver Canada,UBC,0,EuroCan,
6048,4892,secondskin,Paul Knowwell,Paul,Knowwell,61.0,active,active,2026-03-18 21:58:19,,Defensive End,Power Rusher,NOLA,DAL,ISFL,668,660,8,0,0,668,1,0,0,30,10,0,0,0,2,5,11615000,52.0,Vermont,University of Florida,4633,Northeast (US),
6047,4896,lonestarr,Rico Carbonara,Rico,Carbonara,61.0,active,active,2026-03-18 16:53:56,,Safety,Enforcer,YKW,POR,ISFL,475,471,4,0,0,475,1,0,0,0,10,0,1,0,0,0,3622000,7.0,"Phoenix, Arizona",Arizona State University,2272,Southwest (US),
6046,4895,flabbydrip84,Jaquavius Dingle,Jaquavius,Dingle,61.0,active,,2026-03-18 10:23:23,,Cornerback,Cover Corner,,LON,DSFL,50,50,0,0,0,50,0,0,0,0,0,0,0,0,0,0,7400000,84.0,Uganda,Pitt,3408,World,
6045,4894,TigerishFiber,Sean Bobby,Sean,Bobby,61.0,active,,2026-03-17 08:48:48,,Defensive End,Power Rusher,,POR,ISFL,144,144,0,0,0,144,0,0,0,0,0,0,0,0,0,0,-500000,93.0,Ontario,UW madison,4893,EuroCan,
6044,1278,frithjofr,Ugarth son of Ugarth,Ugarth,son of Ugarth,61.0,active,active,2026-03-14 21:43:45,,Tight End,Vertical Threat,OSK,KCC,DSFL,429,250,179,0,0,429,0,0,0,0,0,0,0,0,0,0,3033630,39.0,New Orleans,Tulane,4227,Southwest (US),
6043,4893,keaton,Natan Gunner,Natan,Gunner,61.0,active,,2026-03-12 15:37:40,,Wide Receiver,Slot Receiver,,KCC,DSFL,200,200,0,0,0,200,0,0,0,0,0,0,0,0,0,0,-1900000,67.0,Cedarburg Wisconsin,UW Madison,0,Midwest (US),
6042,4891,ttg.mxrc,Marc Eagle,Marc,Eagle,61.0,active,,2026-03-08 19:17:31,,Tight End,Vertical Threat,,DAL,DSFL,87,107,-20,0,0,107,0,0,0,0,0,0,0,0,0,0,4100000,85.0,Texas,Texas,0,Southwest (US),
6041,3194,infern8,DROP TABLE PLAYERS,DROP TABLE,PLAYERS,61.0,active,active,2026-03-07 12:34:52,,Running Back,Speed Back,SJS,BBB,ISFL,736,735,1,0,0,736,0,0,0,30,10,0,0,0,0,0,562132820,55.0,"Cape Canaveral, FL",MIT,0,Southeast (US),
6040,4890,Dylanpausin,Dylan Munoz,Dylan,Munoz,61.0,active,,2026-03-07 09:28:16,,Defensive Tackle,Interior Rusher,OSK,KCC,DSFL,274,244,30,0,0,274,1,0,0,0,0,0,0,0,0,0,1361200,5.0,New York,LSU,3844,Northeast (US),
6039,2203,UberBJ,Nightmare Polimilk,Nightmare,Polimilk,61.0,active,active,2026-03-06 20:01:07,,Wide Receiver,Speed Receiver,SJS,DAL,ISFL,723,685,38,35,0,723,1,0,0,22,10,0,1,0,0,0,3690600,15.0,Johto,Viridian Gym,0,World,DeepThreat
6038,305,Oles,Tyler Oles 4,Tyler,Oles 4,61.0,active,active,2026-03-06 19:57:26,,Wide Receiver,Speed Receiver,OSK,NOR,ISFL,704,700,4,0,0,704,1,0,0,30,10,0,1,0,0,0,31145397,72.0,Baltimore MD,Maryland,0,Northeast (US),DeepThreat
6037,3135,TwoSocks,Squid Ink,Squid,Ink,61.0,active,active,2026-03-06 18:44:20,,Linebacker,Versatile LB,AUS,BBB,ISFL,506,250,256,0,0,506,0,0,0,0,10,0,1,0,0,0,6307076,44.0,"Bar Harbor, Maine",University of Maine,3527,Northeast (US),
6036,4117,DocLars,Tony Delvecchio,Tony,Delvecchio,61.0,active,active,2026-03-06 15:44:18,,Quarterback,Field General,NYS,LON,ISFL,758,740,18,0,0,763,0,0,0,60,10,0,1,0,0,0,114647242,15.0,"Staten Island, NY",Rutgers,0,Northeast (US),
6035,3757,RobJG2,Marvin  The Paranoid Android ,Marvin ,The Paranoid Android ,61.0,active,active,2026-03-06 07:51:43,,Defensive Tackle,Nose Tackle,SJS,POR,ISFL,739,730,9,0,0,739,0,0,0,30,10,0,0,0,0,0,219139550,99.0,Sirius Cybernetics Corporation,Sirius,0,World,SpeedRusher
6034,4889,foshizzlemynizzle,Kawasaki Eagle,Kawasaki,Eagle,61.0,active,active,2026-03-06 06:21:55,,Wide Receiver,Speed Receiver,HON,MIN,DSFL,682,250,432,0,0,682,0,0,0,30,10,0,0,0,2,5,79119864,1.0,Greenland,Homeschooled,0,EuroCan,
6033,2245,Asked Madden,Changeling Mordecai,Changeling,Mordecai,61.0,active,active,2026-03-06 03:27:14,,Offensive Lineman,Athletic Lineman,SJS,POR,ISFL,723,719,4,0,0,723,0,0,0,30,10,0,0,0,0,0,59576600,50.0,Medium Skyfowl Settlement,Dungeon Crawler World,0,World,
6032,2160,Swanty,Swantavius Steel,Swantavius,Steel,61.0,active,active,2026-03-06 03:11:56,,Offensive Lineman,Mauler,SAR,BBB,ISFL,536,535,1,0,0,536,0,0,0,0,10,0,0,0,2,5,8692208,55.0,"Kirkland, WA",University of Washington,0,West (US),
6031,3022,Aleris,Pokemon Gotothepolls,Pokemon,Gotothepolls,61.0,active,active,2026-03-05 11:23:54,,Safety,Center Fielder,BAL,DAL,ISFL,537,535,2,0,0,537,0,0,0,0,10,0,0,0,0,0,4833385,17.0,"Saint John, New Brunswick",UMaine,1197,EuroCan,
6030,2923,TheNC206,Colby Lopez,Colby,Lopez,61.0,active,active,2026-03-05 03:30:07,,Offensive Lineman,Balanced Lineman,OSK,MIN,ISFL,359,351,8,0,0,359,0,0,0,0,10,0,1,0,0,0,11040560,14.0,"Davenport, Iowa",UCLA,0,Midwest (US),
6029,1135,woelkers,B.D. Steiner,B.D.,Steiner,61.0,active,active,2026-03-04 23:25:10,,Linebacker,Pass Rusher,COL,DAL,ISFL,612,584,28,0,0,612,1,0,0,0,0,0,0,0,0,0,8176762,32.0,"Savannah, GA",South Carolina,0,Southeast (US),
6028,3778,Triceracop,Bettercall Quasar,Bettercall,Quasar,61.0,active,active,2026-03-04 14:17:28,,Quarterback,Field General,OSK,KCC,DSFL,734,250,484,0,0,734,0,0,0,30,10,0,0,0,0,0,64364065,37.0,Syndicate Space,Borant Law,0,World,
6027,4887,Ghamss,Mr. Snoops,Mr.,Snoops,61.0,active,active,2026-03-04 14:01:06,,Running Back,Speed Back,AUS,KCC,ISFL,774,755,19,0,0,774,1,0,0,30,10,0,0,0,2,5,26250980,29.0,"Batan Rouge, Louisiana",University of Louisiana,0,Southwest (US),
6026,3195,bold ni wally,Synth V,Synth,V,61.0,active,active,2026-03-04 00:52:18,,Linebacker,Coverage LB,AUS,POR,ISFL,733,731,2,0,0,733,0,0,0,30,10,0,0,0,0,0,155527765,39.0,"Tokyo, Japan",Bowling Management College,0,APAC,
6025,1158,.Laser,Grant Iridian III,Grant,Iridian III,61.0,active,active,2026-03-03 12:36:58,,Running Back,Receiving Back,NOLA,LON,ISFL,729,727,2,0,0,729,0,0,0,30,10,0,0,0,2,5,58628325,37.0,California,Microslop University,0,West (US),ScatBack
6024,3551,Cycro,Kendall Morgan,Kendall,Morgan,61.0,active,active,2026-03-02 18:43:58,,Wide Receiver,Possession Receiver,CTC,LON,ISFL,720,713,7,0,0,720,0,0,0,30,10,0,0,0,2,5,12145334,10.0,"Angel Grove, CA",UCLA,3101,West (US),SlotReceiver
6023,2268,Southie,Da'Coldest Williams,Da'Coldest,Williams,61.0,active,active,2026-03-02 15:46:31,,Linebacker,Versatile LB,BAL,POR,ISFL,742,741,1,0,0,742,0,0,0,30,10,0,0,0,2,5,3215340,15.0,"Houston, Texas",University Of Pittsburgh,0,Southwest (US),BullRusher
6022,3527,LtHudz,Michelan Shello,Michelan,Shello,61.0,active,active,2026-02-28 23:30:26,,Running Back,Receiving Back,CTC,BBB,ISFL,764,755,9,0,0,771,0,0,0,30,10,0,0,0,2,5,96921987,32.0,Mediterranean Sea,Full Snail University,0,EuroCan,RawTalent;ScatBack
6021,4886,literallyleech,Billy Slaughter II,Billy,Slaughter II,61.0,active,,2026-02-27 01:33:22,,Safety,Enforcer,,DAL,DSFL,50,50,0,0,0,50,0,0,0,0,0,0,0,0,0,0,9000000,30.0,"Dallas, TX",Texas A&M,0,Southwest (US),
6020,582,speculadora,Duquan Feldman,Duquan,Feldman,61.0,active,active,2026-02-25 15:12:33,,Wide Receiver,Possession Receiver,COL,MIN,ISFL,593,532,61,58,0,593,1,0,0,20,10,0,1,0,0,0,10604601,14.0,"Los Angeles, CA",UCLA,271,West (US),
6019,3035,Kw1,Kaior Washington,Kaior,Washington,60.0,active,,2026-02-17 20:59:40,,Safety,Enforcer,,,DSFL,72,50,22,0,0,72,0,0,0,0,0,0,0,0,0,0,9200000,4.0,"Eugene , Oregon",Ohio State,0,West (US),
6018,4884,sscolm,Jason Decay,Jason,Decay,60.0,active,,2026-02-16 22:26:07,,Tight End,Possession TE,,,DSFL,77,50,27,0,0,77,0,0,0,0,0,0,0,0,0,0,6000000,88.0,"Evansville, IN",USI,0,Midwest (US),
6017,4883,Hendrix Cobberson,Isaac Cobb,Isaac,Cobb,60.0,active,,2026-02-15 23:32:40,,Wide Receiver,Possession Receiver,,,DSFL,196,175,21,0,0,196,0,0,0,0,0,0,0,0,0,0,-200000,34.0,"Mississauga, ON",Boston College,0,EuroCan,
6016,4882,saitoman,King Von,King,Von,60.0,active,,2026-02-15 23:09:29,,Linebacker,Versatile LB,,,DSFL,265,250,15,0,0,265,0,0,0,0,0,0,0,0,0,0,0,33.0,O Block,Ohio State,0,World,
6015,4881,LimoTee,Timothy Lee,Timothy,Lee,60.0,active,,2026-02-14 04:29:04,,Kicker,Accurate,YKW,,DSFL,147,145,2,0,0,147,0,0,0,0,0,0,0,0,0,0,10250000,21.0,Adelaide,Notre Dame,0,APAC,
6014,4878,Pete Jones,Jah Love,Jah,Love,60.0,active,,2026-02-11 16:03:54,,Tight End,Possession TE,,,DSFL,50,50,0,0,0,50,0,0,0,0,0,0,0,0,0,0,1000000,81.0,"Chicago, Illinois",Wisconsin,0,Midwest (US),
6013,4880,GravynCarrots,Brandon Starks,Brandon,Starks,60.0,active,,2026-02-10 10:01:28,,Linebacker,Pass Rusher,,,DSFL,149,145,4,0,0,149,0,0,0,0,0,0,0,0,0,0,5100000,42.0,Minnesota ,LSU,0,Midwest (US),
6012,4876,hensleypj,Big Henz,Big,Henz,60.0,active,,2026-02-04 14:08:01,,Offensive Lineman,Balanced Lineman,,,DSFL,82,77,5,0,0,82,0,0,0,0,0,0,0,0,0,0,10000000,78.0,Tennessee,ETSU,0,Southeast (US),
6011,4875,Complete_Golding,Invictus White,Invictus,White,60.0,active,,2026-02-04 12:16:56,,Linebacker,Versatile LB,,,DSFL,50,50,0,0,0,50,0,0,0,0,0,0,0,0,0,0,7000000,4.0,"Corinth, Mississippi",Ole Miss,0,Southeast (US),
6010,4874,MrDiggySmalls,Diggy Fresh,Diggy,Fresh,60.0,active,active,2026-02-03 22:52:33,,Safety,Ball Hawk,SJS,BBB,ISFL,704,701,3,0,0,704,1,0,0,0,10,0,0,0,0,0,13900000,21.0,"San Jose, CA",University of Nebraska-Lincoln,0,West (US),Perceptive
6009,4871,Maestro,Giacomo Aperol,Giacomo,Aperol,60.0,active,,2026-02-02 10:22:31,,Defensive End,Power Rusher,,,DSFL,215,214,1,0,0,215,0,0,0,0,0,0,0,0,0,0,9832000,91.0,"Milan, Italy",Richmond,0,EuroCan,
6008,4870,BaatezuLegion,Jake Lawson,Jake,Lawson,60.0,active,active,2026-02-01 22:49:53,,Offensive Lineman,Mauler,SAR,NOR,ISFL,912,900,12,0,0,912,0,0,0,30,10,0,0,0,2,5,24799090,56.0,"Bloomington, Indiana",Indiana,0,Midwest (US),
6007,4867,cardamombadgers,Paul Anderson,Paul,Anderson,60.0,active,,2026-02-01 12:35:19,,Defensive End,Power Rusher,,DAL,DSFL,90,81,9,0,0,90,0,0,0,0,0,0,0,0,0,0,11600000,92.0,"Milwaukee, WI",Wisconsin,0,Midwest (US),
6006,4866,Backer50,Maxwell Silverhammer,Maxwell,Silverhammer,60.0,active,active,2026-02-01 11:26:07,,Defensive Tackle,Interior Rusher,AZ,POR,ISFL,909,906,3,0,0,909,1,0,0,30,10,0,0,0,2,5,56988260,50.0,"Chicago, Illinois",Illinois,0,Midwest (US),SpeedRusher
6005,4865,Tooswavy420,King Love,King,Love,60.0,active,,2026-02-01 01:39:21,,Wide Receiver,Slot Receiver,,,DSFL,50,50,0,0,0,50,0,0,0,0,0,0,0,0,0,0,7000000,2.0,Michigan,Michiga.,0,Midwest (US),
6004,4859,alomo,Awesome McCool,Awesome,McCool,60.0,active,active,2026-02-01 01:27:25,,Offensive Lineman,Athletic Lineman,BAL,BBB,ISFL,588,580,8,0,0,588,1,0,0,0,10,0,0,0,2,3,7336667,65.0,"Chicago, IL",Iowa,0,Midwest (US),
6003,4860,ebang,Tofa Niutupuivaha,Tofa,Niutupuivaha,60.0,active,,2026-02-01 00:31:35,,Offensive Lineman,Athletic Lineman,,,DSFL,180,168,12,0,0,180,0,0,0,0,0,0,0,0,0,0,-1850000,74.0,Laie HI,Notre Dame,3527,APAC,
6002,4862,barrh86,Brad Turtleton,Brad,Turtleton,60.0,active,,2026-02-01 00:22:33,,Defensive End,Speed Rusher,,,DSFL,79,78,1,0,0,79,0,0,0,0,0,0,0,0,0,0,10000000,98.0,Chicago,Ohio State,0,Midwest (US),
6001,4858,TenpointBuc,Kickolas Cage,Kickolas,Cage,60.0,active,active,2026-02-01 00:07:36,,Offensive Lineman,Mauler,SAR,,ISFL,365,327,38,34,0,365,1,0,0,0,10,0,1,0,0,0,2300000,67.0,"Scottsdale, Arizona",Arizona State,0,Southwest (US),
6000,4856,Dk0ta,Dakota Maltby,Dakota,Maltby,60.0,active,,2026-01-31 22:17:57,,Linebacker,Versatile LB,,,DSFL,74,72,2,0,0,74,0,0,0,0,0,0,0,0,0,0,7000000,51.0,"El Paso, Texas",Arizona State University,0,Southwest (US),
5999,4853,GaiusRufus,Lynn Starr,Lynn,Starr,60.0,active,,2026-01-31 21:57:07,,Tight End,Possession TE,,,DSFL,72,50,22,0,0,72,0,0,0,0,0,0,0,0,0,0,7000000,84.0,"Wheaton, IL",Wisconsin,0,Midwest (US),
5998,4855,InspectorDabbit,Fireball Jones,Fireball,Jones,60.0,active,,2026-01-31 21:56:22,,Cornerback,Cover Corner,,,DSFL,269,246,23,0,0,269,0,0,0,0,0,0,0,0,0,0,6600000,9.0,"Honolulu, Hawaii",University of Miami,0,APAC,
5997,3463,AJW,David Bruno,David,Bruno,60.0,active,active,2026-01-31 19:49:48,,Tight End,Possession TE,CTC,DAL,ISFL,709,709,0,0,0,709,0,0,0,0,10,0,0,0,2,5,1726360,89.0,Toronto,Bowling Green,0,EuroCan,ReceivingTE
5996,4851,ocho,Peter Griffin,Peter,Griffin,60.0,active,active,2026-01-31 18:46:09,,Defensive Tackle,Nose Tackle,BAL,MIN,ISFL,569,530,39,0,0,569,0,0,0,10,10,0,0,0,0,0,865000,68.0,"Quahog, RI",Quahog College,3457,Northeast (US),
5995,4852,Shinobi_24,Anders Hones,Anders,Hones,60.0,active,,2026-01-31 18:27:39,,Defensive End,Speed Rusher,,,DSFL,96,80,16,0,0,96,0,0,0,0,0,0,0,0,0,0,10300000,24.0,Chicago,Vanderbilt ,0,midwest (US),
5994,4845,Procidia,Procidiaa Johnson,Procidiaa,Johnson,60.0,active,,2026-01-31 16:38:45,,Defensive End,Power Rusher,,,DSFL,87,49,38,0,0,87,0,0,0,0,0,0,0,0,0,0,8650000,94.0,Chicago,University of Wisconsin ,0,midwest (US),
5993,4846,Ayybacon,Liter O'Cola,Liter,O'Cola,60.0,active,,2026-01-31 16:28:19,,Wide Receiver,Slot Receiver,,,DSFL,50,50,0,0,0,50,0,0,0,0,0,0,0,0,0,0,7000000,7.0,Chicago,Hollywood's Premier Acting School,0,midwest (US),
5992,4844,GinjaNinja304,Doug Hoid,Doug,Hoid,60.0,active,,2026-01-31 15:59:20,,Running Back,Receiving Back,,,DSFL,129,97,32,0,0,129,0,0,0,0,0,0,0,0,0,0,4100000,4.0,Chicago,University of Illinois,0,Midwest (US),
5991,4831,Wolfpaw,Bigg Mannus,Bigg,Mannus,60.0,active,active,2026-01-31 13:28:22,,Offensive Lineman,Mauler,NOLA,BBB,ISFL,455,448,7,0,0,455,0,0,0,30,10,0,0,0,0,0,29168000,99.0,New York,Harvard,0,Northeast (US),
5990,4837,Art Vandelay,Art Vandelay,Art,Vandelay,60.0,active,active,2026-01-31 13:05:53,,Safety,Center Fielder,BFB,,ISFL,566,510,56,56,0,566,1,0,0,0,10,0,1,0,0,0,-1450000,77.0,Connecticut,The Ohio State University,0,Northeast (US),
5989,4840,wolfmn8989,Ryan Wolf,Ryan,Wolf,60.0,active,active,2026-01-31 13:04:16,,Linebacker,Versatile LB,SJS,KCC,ISFL,933,930,3,0,0,933,0,0,0,30,10,0,0,0,2,5,268867379,54.0,California,UCLA,0,West (US),BullRusher;Competitor
5988,4839,anjro,Dee Nye,Dee,Nye,60.0,active,active,2026-01-31 12:59:58,,Running Back,Receiving Back,HON,LON,ISFL,913,825,88,86,0,913,1,0,0,30,10,0,0,0,0,0,145365125,99.0,"Seattle, WA",Washington,0,West (US),RawTalent;ScatBack
5987,4838,Mad Jasper,Mad Jasper,Mad,Jasper,60.0,active,,2026-01-31 12:49:42,,Running Back,Receiving Back,,,DSFL,81,76,5,0,0,81,0,0,0,0,0,0,0,0,0,0,10050000,7.0,Illinois,SIU,0,Midwest (US),
5986,4836,Nave1080,Aurelius Thomas,Aurelius,Thomas,60.0,active,,2026-01-31 12:38:35,,Safety,Ball Hawk,BFB,,ISFL,399,249,150,0,0,399,0,0,0,0,0,0,1,0,0,0,6800000,12.0,Buffalo,University of Buffalo,0,Northeast (US),
5985,4834,Tbags24,Donnie Swaggonough,Donnie,Swaggonough,60.0,active,,2026-01-31 11:51:37,,Safety,Ball Hawk,,,DSFL,127,108,19,0,0,127,0,0,0,0,0,0,0,0,0,0,2250000,2.0,Bristol,UConn ,0,EuroCan,
5984,4833,ATaff,Terd Ferguson,Terd,Ferguson,60.0,active,,2026-01-31 10:57:04,,Offensive Lineman,Athletic Lineman,,,DSFL,90,80,10,0,0,90,0,0,0,0,0,0,0,0,0,0,8300000,69.0,"Milwaukee, WI",UW Green Bay,0,Midwest (US),
5983,4827,knickyung,Hugh Mungus,Hugh,Mungus,60.0,active,,2026-01-31 07:59:13,,Linebacker,Versatile LB,,,DSFL,83,77,6,0,0,83,0,0,0,0,0,0,0,0,0,0,10100000,59.0,"Saginaw, MI",Saginaw Valley State University,0,Midwest (US),
5982,4828,fucknuts69,Nut Sack,Nut,Sack,60.0,active,,2026-01-31 07:46:32,,Tight End,Possession TE,,,DSFL,72,50,22,0,0,72,0,0,0,0,0,0,0,0,0,0,7000000,44.0,Texas,TCU,0,Southwest (US),
5981,4826,Fire,Florian Bauer,Florian,Bauer,60.0,active,,2026-01-31 06:01:56,,Safety,Enforcer,,,DSFL,299,250,49,0,0,299,1,0,0,0,0,0,0,0,0,0,4500000,17.0,"Würzburg, Germany",JMU,0,EuroCan,
5980,4824,ayyhh,Ayyhh Ayh,Ayyhh,Ayh,60.0,active,,2026-01-31 00:46:26,,Running Back,Receiving Back,,,DSFL,75,75,0,0,0,75,0,0,0,0,0,0,0,0,0,0,6500000,14.0,"Lexington, Kentucky",Kentucky,0,Southeast (US),
5979,4821,snowbao,Grant Price,Grant,Price,60.0,active,,2026-01-31 00:14:46,,Safety,Ball Hawk,,,DSFL,112,103,9,0,0,112,0,0,0,0,0,0,0,0,0,0,7200000,41.0,Denver,Marshall,4822,Southwest (US),
5978,4822,GrayGrayK,Grayson Kelly,Grayson,Kelly,60.0,active,,2026-01-31 00:14:31,,Safety,Enforcer,,,DSFL,84,72,12,0,0,84,0,0,0,0,0,0,0,0,0,0,11000000,27.0,San Diego,Marshall,4821,West (US),
5977,4819,krokshut,Krokadilious Hut,Krokadilious,Hut,60.0,active,active,2026-01-31 00:10:35,,Defensive Tackle,Interior Rusher,AZ,POR,ISFL,586,540,46,45,0,586,1,0,0,0,10,0,1,0,0,0,6500000,14.0,Atlanta,Georgia Tech,0,Southeast (US),
5976,4820,spartansqurl,Atticus Furby,Atticus,Furby,60.0,active,active,2026-01-30 23:45:12,,Offensive Lineman,Balanced Lineman,AUS,BBB,ISFL,537,535,2,0,0,537,0,0,0,0,10,0,0,0,0,0,1750000,99.0,"Bodo, Norway",Kent St,0,EuroCan,
5975,4807,Jm1tch11,Squash Mitchell,Squash,Mitchell,60.0,active,active,2026-01-30 21:54:36,,Linebacker,Pass Rusher,CTC,LON,ISFL,916,915,1,0,0,916,0,0,2,30,10,0,0,0,2,5,17647165,11.0,Minnesota,Midwest Remedial,0,Midwest (US),SpeedRusher
5974,4815,McKbearcat,Archer Jewell,Archer,Jewell,60.0,active,,2026-01-30 21:01:09,,Defensive End,Power Rusher,,,DSFL,90,86,4,0,0,90,0,0,0,0,0,0,0,0,0,0,9700000,93.0,Louisville Kentucky,Louisville,0,Southeast (US),
5973,4816,chicey,Slider Glovington III,Slider,Glovington III,60.0,active,active,2026-01-30 20:57:04,,Tight End,Possession TE,NYS,BBB,ISFL,586,524,62,58,0,586,1,0,0,0,10,0,1,0,0,0,4961000,9.0,"Brisbane, Australia",Alabama,4814,APAC,
5972,4814,GedgeBrah,Glover Slidington,Glover,Slidington,60.0,active,active,2026-01-30 20:44:34,,Linebacker,Versatile LB,NYS,BBB,ISFL,894,880,14,0,0,894,0,0,0,30,10,0,0,0,0,0,75869840,55.0,Columbus,Wisconsin,0,Midwest (US),
5971,4812,ShyGuy15,Caius Ellis,Caius,Ellis,60.0,active,,2026-01-30 20:37:12,,Cornerback,Slot Corner,,,DSFL,50,50,0,0,0,50,0,0,0,0,0,0,0,0,0,0,7000000,15.0,"Des Moines, Iowa",Iowa,0,Midwest (US),
5970,4811,Kdug,Keith Donaldson,Keith,Donaldson,60.0,active,,2026-01-30 20:22:06,,Cornerback,Physical Corner,,,DSFL,81,76,5,0,0,81,0,0,0,0,0,0,0,0,0,0,10050000,5.0,Indianapolis,Indiana University,0,Midwest (US),
5969,4810,DazeCC,Cam Daze,Cam,Daze,60.0,active,,2026-01-30 19:57:50,,Defensive End,Power Rusher,,DAL,DSFL,84,75,9,0,0,84,0,0,0,0,0,0,0,0,0,0,10050000,1.0,Chattanooga TN,Alabama,0,Southeast (US),
5968,4808,Dosman,Bill Sandwich,Bill,Sandwich,60.0,active,active,2026-01-30 19:23:15,,Offensive Lineman,Balanced Lineman,SAR,LON,ISFL,462,460,2,0,0,462,0,0,0,0,0,0,0,0,0,0,3000000,42.0,Scone,St Norbert,0,World,
5967,4806,PidgeyDestined,Bubba Gump,Bubba,Gump,60.0,active,active,2026-01-30 17:53:18,,Wide Receiver,Speed Receiver,CTC,MIN,ISFL,933,930,3,0,0,933,0,0,50,30,10,0,0,0,2,5,121490223,11.0,Ohio,West Virginia University ,0,Midwest (US),Athlete;DeepThreat
5966,4802,xyan,Eizo Xyan,Eizo,Xyan,60.0,active,active,2026-01-30 17:20:31,,Tight End,Possession TE,YKW,TIJ,ISFL,935,885,50,0,0,935,0,0,0,30,10,0,0,0,2,5,110682965,17.0,"Louisville, KY",University of Louisville,2874,Southeast (US),ReceivingTE
5965,4803,lazerdave,Julius David-Cain,Julius,David-Cain,60.0,active,,2026-01-30 17:15:31,,Kicker,Accurate,,,DSFL,57,56,1,0,0,57,0,0,0,0,0,0,0,0,0,0,6700000,6.0,Arkansas,University of Arkansas,0,Southwest (US),
5964,4801,panther552312,Ahdee Pembroke,Ahdee,Pembroke,60.0,active,,2026-01-30 16:16:07,,Wide Receiver,Speed Receiver,,,DSFL,65,57,8,0,0,65,0,0,0,0,0,0,0,0,0,0,8100000,55.0,"Altus, Oklahoma",Oklahoma State University,3527,Southwest (US),
5963,4798,crippuld13,Hingle McCringleberry,Hingle,McCringleberry,60.0,active,,2026-01-30 15:32:13,,Quarterback,Mobile,,,DSFL,50,49,1,0,0,50,0,0,0,0,0,0,0,0,0,0,7000000,69.0,Omaha,Penn st,0,West (US),
5962,4796,car,Demarcus Rudius,Demarcus,Rudius,60.0,active,,2026-01-30 12:37:14,,Defensive End,Speed Rusher,,,DSFL,128,115,13,0,0,128,0,0,0,0,0,0,0,0,0,0,2300000,91.0,Marciot,Alabama,0,World,
5961,4795,Blckbbyjesus,Turndown Service,Turndown,Service,60.0,active,,2026-01-29 22:07:06,,Offensive Lineman,Athletic Lineman,COL,MIN,ISFL,578,560,18,0,0,578,0,0,0,0,10,0,0,0,0,0,3100000,64.0,USA,Central Michigan,4531,World,
5960,2118,bigbluex02,Johnny Zyns,Johnny,Zyns,60.0,active,active,2026-01-27 19:47:38,,Kicker,Accurate,BFB,DAL,ISFL,712,690,22,0,0,712,0,0,0,0,10,0,0,0,0,0,5750000,6.0,"Panama City, FL",Ole Miss,2306,Southeast (US),SteelToeBoots
5959,4792,GBuse24,Greg Buse,Greg,Buse,60.0,active,active,2026-01-27 18:05:56,,Wide Receiver,Possession Receiver,,,DSFL,383,250,133,0,0,383,0,0,0,0,0,0,0,0,0,0,1800000,24.0,"Auburn, Indiana",THE Ohio State University,0,Midwest (US),
5958,3564,crash1005,Dennis Dunn,Dennis,Dunn,60.0,active,active,2026-01-25 20:58:31,,Cornerback,Physical Corner,OSK,DAL,ISFL,759,655,104,0,0,759,0,0,0,30,10,0,0,0,0,0,380883358,31.0,"Atwater, Ca, Usa",University of Nevada,0,West (US),
5957,4791,JimdulifAA,Jimmy Fournier,Jimmy,Fournier,60.0,active,,2026-01-25 13:53:09,,Linebacker,Coverage LB,,,DSFL,118,104,14,0,0,118,1,0,0,0,0,0,0,0,0,0,6550000,21.0,Québec,Indiana hosiers,0,EuroCan,
5956,4790,Lefty,Darius Rene,Darius,Rene,60.0,active,,2026-01-25 11:24:23,,Defensive End,Power Rusher,NYS,NOR,ISFL,329,327,2,0,0,329,0,0,0,0,0,0,0,0,0,0,1000000,88.0,"Georgia, USA",Georgia,0,Southeast (US),
5955,4157,sparks,Mike Smitty,Mike,Smitty,60.0,active,,2026-01-24 18:58:28,,Offensive Lineman,Mauler,SJS,DAL,ISFL,349,349,0,0,0,349,1,0,0,0,0,0,0,0,0,0,564000,71.0,Alabama,USC,0,Southeast (US),
5954,4167,SonOfCar,Mr. Frog,Mr.,Frog,60.0,active,,2026-01-24 13:55:07,,Defensive Tackle,All-Purpose DT,,,DSFL,435,250,185,0,0,435,0,0,0,0,0,0,0,0,0,0,7406285,43.0,"Philadelphia, PA",Smiling Friends University,0,Northeast (US),
5953,1124,TubbyTim69,TheCFL IsBetter,TheCFL,IsBetter,60.0,active,active,2026-01-24 13:45:27,,Offensive Lineman,Athletic Lineman,CTC,NOR,ISFL,449,449,0,0,0,449,1,0,0,0,10,0,0,0,0,0,57080426,58.0,Winnipeg ,University of Manitoba,0,EuroCan,
5952,3342,Lumosityfan,Sage Rosencopter,Sage,Rosencopter,60.0,active,active,2026-01-24 10:43:57,,Quarterback,Pocket Passer,AUS,DAL,ISFL,892,822,70,0,0,892,0,0,44,30,10,0,0,0,0,0,160664142,18.0,"Houston, TX",University of Houston,0,Southwest (US),
5951,4154,wildcatbandit,Crusher Casket,Crusher,Casket,60.0,active,active,2026-01-24 09:27:36,,Linebacker,Versatile LB,AUS,NOR,ISFL,708,660,48,0,0,708,0,0,0,0,10,0,0,0,2,3,5104000,66.0,"Tuttle, OK",Oklahoma State,3826,Southwest (US),
5950,2409,TheSparkyDee,Willie Hitt,Willie,Hitt,60.0,active,active,2026-01-23 22:51:06,,Defensive End,Power Rusher,YKW,POR,ISFL,642,590,52,31,0,642,1,0,0,30,10,0,1,0,0,0,66765080,5.0,"Flint, MI",Ferris State University,0,Midwest (US),
5949,4227,Sevrin,Servin Cakes,Servin,Cakes,60.0,active,active,2026-01-23 21:20:23,,Offensive Lineman,Athletic Lineman,SJS,KCC,ISFL,800,793,7,0,0,800,0,0,0,30,10,0,0,0,2,5,18482100,88.0,"Buffalo, NY",Oklahoma State,0,Northeast (US),
5948,4788,ThisSeemsFishy,Shayne Bottom,Shayne,Bottom,60.0,active,,2026-01-23 18:38:47,,Wide Receiver,Speed Receiver,YKW,,DSFL,342,250,92,0,0,342,0,0,0,0,0,0,0,0,0,0,5000000,8.0,Florida,ASU,0,Southeast (US),
5947,1646,bjkman,Richard Patterson,Richard,Patterson,60.0,active,active,2026-01-19 21:21:01,,Offensive Lineman,Mauler,CTC,LON,ISFL,773,750,23,0,0,773,0,0,0,4,10,0,1,0,0,0,13533500,21.0,"La Crosse, WI",Yale,0,Midwest (US),
5946,1097,Buttersqauch101,Matthew Mady,Matthew,Mady,60.0,active,active,2026-01-18 23:19:50,,Wide Receiver,Speed Receiver,YKW,NOR,ISFL,895,895,0,0,0,895,0,0,0,30,10,0,0,0,2,5,71457798,86.0,"Papillion, NE",Big Horn,0,Northeast (US),DeepThreat
5945,3408,Starchychaff,Sapp Warren,Sapp,Warren,60.0,active,active,2026-01-15 22:14:15,,Linebacker,Coverage LB,OCO,KCC,ISFL,323,320,3,0,0,323,0,0,0,10,10,0,0,0,0,0,10473100,99.0,Oakland,Miami,0,West (US),
5944,3612,nasbase,Elijah Knock,Elijah,Knock,60.0,active,active,2026-01-14 11:43:03,,Safety,Ball Hawk,OSK,BBB,ISFL,724,710,14,0,0,724,0,0,0,9,10,0,1,0,0,0,4555416,1.0,"Honolulu, HI",Hawaii,0,APAC,
5943,2175,GlimsTC,Reggie Bau,Reggie,Bau,60.0,active,active,2026-01-12 21:12:57,,Cornerback,Cover Corner,NYS,BBB,ISFL,865,865,0,0,0,865,1,0,0,30,10,0,0,0,0,0,90339366,14.0,"Denham Springs, Louisiana",University of Louisiana at Lafayette,0,Southwest (US),Perceptive
5942,554,STZ,Izaak Athens,Izaak,Athens,60.0,active,,2026-01-12 20:41:30,,Cornerback,Cover Corner,BFB,,DSFL,403,250,153,0,0,403,0,0,0,0,0,0,0,0,0,0,5550000,24.0,"Easton, PA",Penn State,0,Northeast (US),
5941,4201,jacobcarson877,Bleebs Blunkinchuns,Bleebs,Blunkinchuns,60.0,active,active,2026-01-12 07:42:12,,Safety,Ball Hawk,SAR,NOR,ISFL,753,720,33,0,0,753,0,0,0,0,10,0,0,0,0,0,-841875,11.0,"Dinkytown, Minnesota",Oregon,3666,Midwest (US),
5940,2811,Big Newff,Swimmy Neutron,Swimmy,Neutron,60.0,active,,2026-01-11 09:24:48,,Kicker,Power,SJS,NOR,ISFL,361,345,16,0,0,361,1,0,0,0,0,0,0,0,0,0,4743390,37.0,"St. John's, Newfoundland",Arizona State,0,EuroCan,
5939,4778,QuarkyOne,It'sPolamalu Polahmaloo,It'sPolamalu,Polahmaloo,60.0,active,active,2026-01-10 23:02:22,,Safety,Ball Hawk,COL,MIN,ISFL,542,535,7,0,0,542,0,0,0,0,10,0,0,0,0,0,2850000,43.0,"Middletown, CT",University of Southern California,4777,Northeast (US),
5938,4206,Hacob,. Sackadelic,.,Sackadelic,60.0,active,active,2026-01-10 00:07:53,,Linebacker,Pass Rusher,NYS,KCC,ISFL,937,937,0,0,0,937,1,0,0,30,10,0,0,0,2,5,50800000,25.0,"Compton, CA",University of South Carolina,0,West (US),SpeedRusher
5937,4706,ISFL CEO,ILuvYuri ILuvYuriKssing,ILuvYuri,ILuvYuriKssing,,denied,,2026-01-09 23:31:22,,Wide Receiver,Slot Receiver,,,,50,50,0,0,0,50,0,0,0,0,0,0,1,0,0,0,8926000,38.0,Lost Kingdom of Mu Dial the number 1-200 (ILOVEYURIKISSING) for more information,Scmoochie Woochie University for Community College Dropouts,0,,
5936,3106,Agent Chaos,Thasma Dickson,Thasma,Dickson,60.0,active,,2026-01-08 20:18:55,,Linebacker,Versatile LB,,DAL,DSFL,404,250,154,0,0,404,0,0,0,0,0,0,0,0,0,0,42850000,57.0,Strawberry Land,Alabama,0,World,
5935,1902,SwankyPants31,Dee Flowers,Dee,Flowers,60.0,active,active,2026-01-08 20:16:30,,Linebacker,Pass Rusher,OSK,DAL,ISFL,862,825,37,0,0,862,0,0,0,30,10,0,0,0,0,0,133366203,59.0,"Charleston, WV",West Virginia,0,Northeast (US),SpeedRusher
5934,3126,Twenty6,Glinro Grayborn,Glinro,Grayborn,60.0,active,active,2026-01-08 11:37:55,,Defensive Tackle,Nose Tackle,COL,POR,ISFL,826,825,1,0,0,826,0,0,0,30,10,0,0,0,0,0,272424647,26.0,"Uppsala, Sweden",n/a,0,EuroCan,BullRusher;SpeedRusher
5933,2872,KaleSalad,Pickle Rick,Pickle,Rick,60.0,active,active,2026-01-08 10:08:23,,Cornerback,Physical Corner,SJS,KCC,ISFL,928,925,3,0,0,928,0,0,0,30,10,0,0,0,0,0,16577903,2.0,Toronto,Acadia University,0,EuroCan,Perceptive;PressCorner
5932,4187,bfan8475,Left Bench,Left,Bench,60.0,active,active,2026-01-07 21:08:43,,Wide Receiver,Speed Receiver,AUS,LON,ISFL,897,890,7,0,0,897,0,0,0,30,10,0,0,0,0,0,109192493,1.0,Italy,Ball State University,0,EuroCan,Athlete;DeepThreat
5931,4099,ACynicalGamer,Monsieur Bonejangles,Monsieur,Bonejangles,60.0,active,active,2026-01-06 20:07:24,,Offensive Lineman,Athletic Lineman,NOLA,LON,ISFL,918,825,93,0,0,934,1,0,0,60,10,0,0,0,2,5,131919887,52.0,New Orleans,LSU,0,Southwest (US),
5930,3195,bold ni wally,Synth V,Synth,V,60.0,retired,active,2026-01-06 16:53:58,2026-01-24 21:52:31,Linebacker,Coverage LB,,,,139,138,1,0,0,139,0,0,0,0,0,0,0,0,0,0,155527765,39.0,"Tokyo, Japan",Bowling Management College,0,,
5929,2073,CementHands,Geoff Peterson,Geoff,Peterson,60.0,active,active,2026-01-06 12:19:55,,Wide Receiver,Speed Receiver,AZ,POR,ISFL,909,905,4,0,0,909,0,0,0,30,10,0,0,0,0,0,43461788,77.0,Future Earth,Skynet Technological Institute,867,World,DeepThreat;RoleModel
5928,867,slothfacekilla,Isaac TeSlooth,Isaac,TeSlooth,60.0,active,active,2026-01-06 12:02:33,,Wide Receiver,Speed Receiver,NOLA,POR,ISFL,921,920,1,0,0,921,0,0,0,30,10,0,0,0,0,0,77538151,18.0,Jupiter (the planet),The Academy of Magical Arts,0,World,DeepThreat
5927,3954,oknom,Boss Nassty,Boss,Nassty,60.0,active,active,2026-01-05 14:48:29,,Cornerback,Cover Corner,CTC,MIN,ISFL,922,922,0,0,0,922,1,0,0,30,10,0,0,0,2,5,10589964,8.0,"Shreveport, LA",Coastal Carolina,0,West (US),Perceptive;ShutDownCorner
5926,2284,ThunderTitan82,Darian Blackfyre,Darian,Blackfyre,60.0,active,active,2026-01-05 14:09:58,,Safety,Center Fielder,SJS,KCC,ISFL,719,710,9,0,0,719,0,0,0,30,10,0,0,0,0,0,661025512,33.0,"Honolulu, Hawaii",USC,0,APAC,
5925,4156,AustinP0027,Master Shake,Master,Shake,60.0,active,active,2026-01-05 09:05:56,,Quarterback,Field General,NOLA,POR,ISFL,975,967,8,0,0,975,0,0,0,30,10,0,0,0,2,5,842651549,1.0,New Jersey,Night School,0,Northeast (US),GameManager
5924,2742,Greenbaynathan,Fletcher Claflin,Fletcher,Claflin,60.0,active,active,2026-01-04 22:42:37,,Defensive Tackle,Nose Tackle,NOLA,MIN,ISFL,669,616,53,50,0,669,1,0,0,0,10,0,0,0,0,0,2838729,27.0,Syracuse NY,Syracuse,0,Northeast (US),
5923,4786,babufrik,Babu Frik,Babu,Frik,60.0,active,active,2026-01-04 21:50:37,,Offensive Lineman,Athletic Lineman,BAL,NOR,ISFL,393,390,3,0,0,393,1,0,0,0,10,0,0,0,0,0,500000,89.0,denver,CU Boulder,4785,Southwest (US),
5922,4785,Grilledtwinkiez,Newman Douglas,Newman,Douglas,60.0,active,,2026-01-04 21:32:20,,Cornerback,Cover Corner,CTC,POR,ISFL,606,578,28,0,0,606,0,0,0,0,0,0,0,0,0,0,101750,11.0,"Greenbay, WI",Wisconsin,2744,Midwest (US),
5921,1321,LiathTheSquirrel,Gold ship,Gold,ship,60.0,active,active,2026-01-04 20:08:20,,Cornerback,Cover Corner,NOLA,TIJ,ISFL,929,920,9,0,0,929,1,0,0,30,10,0,0,0,2,5,13438195,15.0,"Mother Farm, Japan",Tracen Academy,0,APAC,ShutDownCorner
5920,3964,roquefort,Cutty Von Turbo,Cutty,Von Turbo,60.0,active,active,2026-01-04 19:20:25,,Tight End,Vertical Threat,OCO,LON,ISFL,929,929,0,0,0,929,0,0,0,30,10,0,0,0,0,0,118077953,44.0,Antarctica, University of St Andrews,0,World,ReceivingTE
5919,2083,Rusfan,Thomas The Tank,Thomas,The Tank,60.0,active,active,2026-01-02 00:23:16,,Tight End,Vertical Threat,HON,MIN,ISFL,931,930,1,0,0,931,0,0,0,30,10,0,0,0,0,0,69840837,88.0,The Fires of War,The Island of Sodor,0,World,ReceivingTE
5918,1770,yonggarius,Robot Sunfish II,Robot,Sunfish II,60.0,active,active,2026-01-01 21:28:16,,Defensive Tackle,Nose Tackle,SJS,KCC,ISFL,802,795,7,0,0,802,1,0,0,30,10,0,0,0,0,0,267834825,48.0,Seoul,N/a,0,APAC,BullRusher;Competitor;SpeedRusher
5917,4784,xzumex,Tyler Jacobs,Tyler,Jacobs,60.0,active,,2026-01-01 12:09:33,,Running Back,Receiving Back,,DAL,DSFL,50,50,0,0,0,50,0,0,0,0,0,0,0,0,0,0,4000000,11.0,"Ocala, FL",University of Miami,0,Southeast (US),
5916,4692,Chris,Hester (pops) Mayes,Hester (pops),Mayes,60.0,active,active,2025-12-28 17:06:10,,Safety,Center Fielder,,,DSFL,278,250,28,0,0,278,1,0,0,0,10,0,0,0,0,0,3400000,7.0,North Carolina,Yo mama,0,Southeast (US),
5915,4783,Yaworski12,TJ Bowser,TJ,Bowser,59.0,active,,2025-12-23 10:45:47,,Wide Receiver,Speed Receiver,,,DSFL,311,250,61,0,0,311,0,0,0,0,0,0,0,0,0,0,2300000,12.0,South Carolina,University of South Carolina,0,Southeast (US),
5914,4782,Dire12,Wyatt Syksy,Wyatt,Syksy,59.0,active,active,2025-12-22 14:10:45,,Defensive End,Power Rusher,YKW,MIN,ISFL,940,850,90,0,0,940,1,0,0,12,10,0,0,0,2,5,6703150,63.0,Helsinki ,University of Helsinki,0,EuroCan,
5913,4781,RiceyWriter,Bug Chingus,Bug,Chingus,59.0,active,active,2025-12-20 17:49:08,,Safety,Ball Hawk,AUS,POR,ISFL,898,895,3,0,0,898,0,0,0,0,10,0,0,0,0,0,4315925,21.0,"South Hill, Washington USA",UCLA,0,West (US),Perceptive
5912,4779,FFPPirate,Flash M'Johnson,Flash,M'Johnson,59.0,active,active,2025-12-18 19:09:54,,Cornerback,Cover Corner,SJS,LON,ISFL,1058,1035,23,0,0,1058,1,0,0,30,10,0,0,0,2,5,16950000,9.0,"Gary, indiana",Indiana Hoosiers,4100,Midwest (US),Athlete;Competitor;Perceptive;ShutDownCorner
5911,1060,Starboy,Caleb Ranger,Caleb,Ranger,59.0,active,active,2025-12-15 13:10:39,,Quarterback,Field General,BFB,BBB,ISFL,1004,1004,0,0,0,1004,0,0,0,60,10,0,0,0,0,0,61947256,16.0,"Fort Worth, TX",Houston,0,Southwest (US),GameManager
5910,1343,siddhus,James Boxman,James,Boxman,59.0,active,active,2025-12-15 09:06:39,,Linebacker,Pass Rusher,SJS,BBB,ISFL,992,990,2,0,0,992,1,0,0,6,10,0,0,0,2,5,2777750,71.0,"San Jose, CA",UCLA,0,West (US),Athlete;SpeedRusher
5909,4777,Jetsqb101,Dale Cooper,Dale,Cooper,59.0,active,active,2025-12-13 20:59:13,,Wide Receiver,Speed Receiver,BFB,DAL,ISFL,802,800,2,0,0,802,0,0,0,0,10,0,0,0,0,0,9195000,90.0,Philadelphia,Haverford,4596,Northeast (US),
5908,3313,Arctic,Robert Robertson,Robert,Robertson,59.0,retired,,2025-12-12 23:53:23,2026-04-01 21:35:49,Safety,Enforcer,,,,158,128,30,0,0,158,0,0,0,0,0,0,0,0,0,0,7003784,67.0,"Los Angeles, California",UCLA,0,West (US),
5907,2843,Dirtybird,Bentley Ryan,Bentley,Ryan,59.0,active,,2025-12-12 22:38:20,,Linebacker,Pass Rusher,,,DSFL,89,79,10,0,0,86,0,0,0,0,0,0,0,0,0,0,13300000,12.0,Alabama,alabama,0,Southeast (US),
5906,4000,Honoredmexican,Domo Arigato,Domo,Arigato,59.0,active,active,2025-12-11 22:41:45,,Defensive Tackle,Interior Rusher,HON,NOR,ISFL,882,825,57,0,0,882,0,0,0,26,10,0,0,0,0,0,12520000,67.0,"Tokyo, Japan",From the Peaks of Mount Fuji ,0,APAC,SpeedRusher
5905,4776,camnio12,Terrance Love,Terrance,Love,59.0,active,,2025-12-11 21:53:59,,Running Back,Speed Back,,,DSFL,216,216,0,0,0,216,0,0,0,0,0,0,0,0,0,0,2800000,6.0,"Sacramento, California",Tulane,0,West (US),
5903,2887,LANEFROST,Lane Frost IV,Lane,Frost IV,59.0,active,,2025-12-09 01:21:18,,Wide Receiver,Return Specialist,OCO,,ISFL,467,250,217,0,0,467,0,0,0,0,0,0,0,0,0,0,8220988,11.0,"Lane, Oklahoma",Sul Ross State,0,Southwest (US),
5901,4772,White Hawk,Lucas Mouthwash,Lucas,Mouthwash,59.0,active,,2025-12-08 13:35:14,,Quarterback,Gunslinger,,,DSFL,57,56,1,0,0,97,0,0,0,0,0,0,0,0,0,0,6600000,19.0,"Fairbanks, Alaska",Liberty University,0,APAC,
5900,552,Sopath,Lion Deadmarsh,Lion,Deadmarsh,59.0,active,,2025-12-08 01:33:02,,Defensive Tackle,Interior Rusher,,,DSFL,164,154,10,0,0,154,0,0,0,0,0,0,0,0,0,0,8565400,90.0,"Portland, Oregon",Oregon,0,West (US),
5899,4771,Zilent,Dexter Bishop-Wallace,Dexter,Bishop-Wallace,59.0,active,,2025-12-07 13:46:14,,Linebacker,Pass Rusher,,,DSFL,50,50,0,0,0,50,0,0,0,0,0,0,0,0,0,0,7200000,26.0,"Desoto, Louisiana ",Texas Tech,0,Southwest (US),
5898,4770,BelieveAy,Candice Flyn,Candice,Flyn,59.0,active,,2025-12-06 16:53:15,,Wide Receiver,Speed Receiver,,,DSFL,299,250,49,0,0,299,0,0,0,0,0,0,0,0,0,0,2200000,11.0,Los Angeles,Streamer University,4546,West (US),
5897,4769,Kermit_the_frog,Kermit The frog,Kermit,The frog,59.0,retired,,2025-12-04 16:43:49,2026-07-19 01:58:26,Running Back,Power Back,,,DSFL,291,250,41,0,0,291,1,0,0,0,0,0,0,0,0,0,-2178000,88.0,Hopewell pa,Penn state uni,0,Northeast (US),
5896,4768,Crog,Yama End,Yama,End,59.0,active,active,2025-12-03 18:17:17,,Safety,Ball Hawk,CTC,NOR,ISFL,610,608,2,0,0,610,0,0,0,0,0,0,0,0,0,0,2428500,29.0,"Buffalo, NY",University at Buffalo,0,Northeast (US),
5895,3114,FL4K__,Stankle McQuade,Stankle,McQuade,59.0,active,active,2025-12-02 21:45:56,,Running Back,Speed Back,CTC,KCC,ISFL,1082,1030,52,0,0,1082,0,0,0,30,10,0,0,0,2,5,181387488,1.0,New Jersey,College of Running Around,0,Northeast (US),RawTalent
5894,3902,fetty,Ji Antpeen,Ji,Antpeen,59.0,active,,2025-12-02 19:26:32,,Offensive Lineman,Mauler,COL,DAL,ISFL,405,259,146,39,0,405,1,0,0,0,0,0,0,0,0,0,19888550,27.0,"Tokyo, Japan",Longwood University,0,APAC,
5893,2676,Dolphins,Patrick Murphy,Patrick,Murphy,59.0,active,,2025-12-01 23:18:34,,Defensive End,Speed Rusher,,,DSFL,280,250,30,0,0,280,0,0,0,0,0,0,0,0,0,0,67218449,99.0,"Dublin, Ireland",Notre Dame,0,EuroCan,
5892,4668,chaserck,Nick Kirkland,Nick,Kirkland,59.0,active,,2025-12-01 19:43:45,,Wide Receiver,Possession Receiver,,,DSFL,80,49,31,0,0,72,0,0,0,0,0,0,0,0,0,0,11000000,24.0,"Sacramento, CA",Oregon,2352,West (US),
5891,4514,BoogShlazetti,Konto Stelios,Konto,Stelios,59.0,retired,active,2025-11-29 20:18:36,2026-07-09 23:00:41,Linebacker,Versatile LB,,,DSFL,267,250,17,0,0,267,0,0,0,0,0,0,0,0,0,0,5900000,47.0,Wisconsin,Wisconsin,0,Midwest (US),
5890,3573,wizard_literal,Acrylic Block,Acrylic,Block,59.0,active,active,2025-11-28 18:40:08,,Offensive Lineman,Mauler,YKW,TIJ,ISFL,999,980,19,0,0,999,0,0,0,30,10,0,0,0,0,0,305526534,1.0,Red Bubble,ISFL Merch Store,0,World,
5889,2246,Egglton,Benny Sanderson,Benny,Sanderson,59.0,active,active,2025-11-28 18:31:25,,Cornerback,Cover Corner,YKW,POR,ISFL,551,547,4,0,0,551,0,0,0,0,10,0,0,0,0,0,4693000,44.0,"Lafayette, LA",LSU,1158,Southeast (US),
5888,3469,Solarslayer,Jackson Olsen,Jackson,Olsen,59.0,active,,2025-11-27 23:45:04,,Cornerback,Cover Corner,,,DSFL,250,249,1,0,0,250,0,0,0,0,0,0,0,0,0,0,14018700,13.0,Nevada,UNR,0,Southwest (US),
5887,4766,Brianesh73,Brian Eshleman,Brian,Eshleman,59.0,active,active,2025-11-27 19:51:35,,Linebacker,Pass Rusher,COL,LON,ISFL,1001,1001,0,0,0,1001,0,0,0,30,10,0,0,0,0,0,19912450,58.0,"Greenville, SC",South Carolina,0,Southeast (US),Athlete;SpeedRusher
5886,4765,ajj2410,Thunder McQueen,Thunder,McQueen,59.0,active,active,2025-11-27 02:16:24,,Wide Receiver,Speed Receiver,SJS,BBB,ISFL,1057,1055,2,0,0,1057,0,0,0,11,10,0,0,0,2,5,243150,1.0,Australia,The Ohio State,1158,APAC,Athlete;DeepThreat
5885,4228,The.Pat,Goe Kool,Goe,Kool,59.0,active,active,2025-11-25 22:06:54,,Defensive Tackle,Interior Rusher,YKW,BBB,ISFL,718,700,18,0,0,718,0,0,0,0,10,0,0,0,0,0,4689473,22.0,"Minneapolis, MN",Purdue,0,Midwest (US),BullRusher
5884,4764,corror,Blake Byrne,Blake,Byrne,59.0,active,,2025-11-25 13:00:04,,Tight End,Vertical Threat,,,DSFL,99,93,6,0,0,93,0,0,0,0,0,0,0,0,0,0,10000000,71.0,"Fontana, CA",San Diego State,0,West (US),
5883,3985,kahri,The Labubu,The,Labubu,59.0,active,active,2025-11-24 20:47:13,,Kicker,Power,NYS,LON,ISFL,641,610,31,0,0,641,0,0,0,0,10,0,0,0,0,0,17050000,67.0,Labubu Town,Labubu University,0,World,
5882,2423,SirBongo,Clifford Wilson Jr,Clifford,Wilson Jr,59.0,active,,2025-11-23 13:04:45,,Offensive Lineman,Mauler,,KCC,ISFL,270,255,15,0,0,270,0,0,0,0,0,0,0,0,0,0,7829550,57.0,"Oshkosh, Wi",Badger,0,Midwest (US),
5881,1231,FleshBagSoup,Valdo Caeserius,Valdo,Caeserius,59.0,active,,2025-11-23 06:40:07,,Defensive Tackle,Nose Tackle,,,DSFL,368,250,118,0,0,368,0,0,0,0,0,0,0,0,0,0,6559540,96.0,USA,None,0,World,
5880,4762,MaxSuperset,Hardbody Mayhem,Hardbody,Mayhem,59.0,active,,2025-11-23 01:02:58,,Tight End,Blocking TE,,TIJ,ISFL,415,340,75,0,0,415,1,0,0,0,0,0,0,0,0,0,7714450,22.0,"Mesa, AZ",Florida,0,Southwest (US),
5879,4099,ACynicalGamer,Mister Bonejangles,Mister,Bonejangles,59.0,retired,active,2025-11-22 16:44:55,2026-01-06 20:06:15,Quarterback,Field General,,,,224,200,24,0,0,208,0,0,0,0,0,0,0,0,0,0,131919887,13.0,New Orleans,LSU,0,,
5878,1073,Mooty99,Edmund Blackadder,Edmund,Blackadder,59.0,active,active,2025-11-22 14:42:35,,Cornerback,Cover Corner,AUS,MIN,ISFL,1035,1028,7,0,0,1035,0,0,0,0,10,0,0,0,2,5,8559070,4.0,York,Oxford University,0,EuroCan,Competitor;Perceptive;ShutDownCorner
5877,3434,ItsFrenchie,Bo Tteur,Bo,Tteur,59.0,active,active,2025-11-22 12:25:43,,Kicker,Accurate,CTC,BBB,ISFL,452,452,0,0,0,452,0,0,0,0,10,0,0,0,0,0,32974853,1.0,"Sherbrooke, QC",Université de Sherbrooke,0,EuroCan,
5876,2295,OrbitingDeath,Sexy Poodle,Sexy,Poodle,59.0,active,active,2025-11-22 10:58:49,,Kicker,Accurate,OSK,KCC,ISFL,1108,1090,18,0,0,1108,0,0,0,30,10,0,0,0,0,0,956698801,6.0,"Busan, South Korea",Kyungnam High School,0,APAC,BionicLeg;SteelToeBoots
5875,4761,FarelBrightsword,Farel Brightsword,Farel,Brightsword,59.0,active,,2025-11-22 01:25:07,,Tight End,Possession TE,,,DSFL,50,50,0,0,0,50,0,0,0,0,0,0,0,0,0,0,7000000,28.0,Seattle,Bowling Green,0,West (US),
5874,4760,Ovenbakedbread,Bernard Burns,Bernard,Burns,59.0,active,,2025-11-21 23:20:45,,Cornerback,Cover Corner,,,DSFL,76,76,0,0,0,76,0,0,0,0,0,0,0,0,0,0,6050000,6.0,Indiana,Indiana,0,Midwest (US),
5873,4759,u-s-u-r-p,Bishop Rockman,Bishop,Rockman,59.0,active,,2025-11-21 21:37:26,,Defensive Tackle,All-Purpose DT,,,DSFL,195,187,8,0,0,195,0,0,0,0,0,0,0,0,0,0,10400000,9.0,"Oacoma, SD",Nebraska,0,West (US),
5872,4758,Wayne Kerr,Wayne Kerr,Wayne,Kerr,59.0,active,,2025-11-21 19:27:52,,Quarterback,Gunslinger,,,DSFL,50,50,0,0,0,50,0,0,0,0,0,0,0,0,0,0,7000000,19.0,"Virginia Beach, Virginia",Kentucky,4758,Northeast (US),
5871,4757,Galdegir,Jason Knight,Jason,Knight,59.0,active,,2025-11-21 17:04:06,,Kicker,Accurate,,,DSFL,50,50,0,0,0,50,0,0,0,0,0,0,0,0,0,0,7000000,17.0,Canada,Mcgill,0,EuroCan,
5870,4756,logana225,Logan Alvis,Logan,Alvis,59.0,active,,2025-11-21 16:59:25,,Safety,Ball Hawk,,,DSFL,50,50,0,0,0,50,0,0,0,0,0,0,0,0,0,0,7000000,14.0,"Rogersville, TN",Tennessee Tech,0,Southeast (US),
5869,4754,Proverbs 3:5,Mosiah Tahi,Mosiah,Tahi,59.0,active,,2025-11-21 00:11:25,,Tight End,Possession TE,,,DSFL,126,116,10,0,0,120,0,0,0,0,0,0,0,0,0,0,12977500,35.0,South Dakota,Brigham Young University ,0,West (US),
5868,4747,Immaculate,Saxon Thacubee,Saxon,Thacubee,59.0,active,,2025-11-20 21:43:44,,Defensive End,Power Rusher,COL,MIN,ISFL,481,464,17,0,0,481,0,0,0,0,0,0,0,0,0,0,4000000,99.0,"Bryan, TX",Texas A&M,0,Southwest (US),
5867,4751,Krieg,Krieg Mira,Krieg,Mira,59.0,active,,2025-11-20 18:43:17,,Wide Receiver,Possession Receiver,,,DSFL,437,250,187,0,0,437,0,0,0,0,0,0,0,0,0,0,15016000,14.0,"Austin, Texas",University of Houston,0,Southwest (US),
5866,4750,chaerb,Bowen Arrow,Bowen,Arrow,59.0,active,,2025-11-20 17:34:36,,Cornerback,Physical Corner,,,DSFL,235,234,1,0,0,235,0,0,0,0,0,0,0,0,0,0,2100000,22.0,"Little Canada, MN",Anoka County Technical College,0,Midwest (US),
5865,4748,Alex_Duquesne,Alex Duquesne,Alex,Duquesne,59.0,active,,2025-11-20 15:48:54,,Safety,Center Fielder,,,DSFL,233,233,0,0,0,233,0,0,0,0,0,0,0,0,0,0,100000,13.0,Savannah,Georgia,0,Southeast (US),
5864,4746,CD6405,Donkey Brainz,Donkey,Brainz,59.0,retired,,2025-11-20 14:34:56,2026-03-29 23:02:25,Safety,Enforcer,AUS,NOR,,314,250,64,0,0,314,0,0,0,0,0,0,0,0,0,0,2300000,7.0,South Carolina,South Carolina ,0,Southeast (US),
5863,4742,djfunkstar,Wyler Tarren,Wyler,Tarren,59.0,active,,2025-11-20 13:05:29,,Tight End,Possession TE,,,DSFL,104,90,14,0,0,93,0,0,0,0,0,0,0,0,0,0,8100000,83.0,"Peachtree City, GA",Penn State,0,Southeast (US),
5862,4162,Dev0,Richard McDonald,Richard,McDonald,59.0,active,active,2025-11-19 20:38:47,,Safety,Center Fielder,YKW,DAL,ISFL,1137,1125,12,0,0,1137,1,0,0,60,10,0,0,0,2,5,42280294,14.0,"San Bernardino,  California ",High School drop out,0,West (US),CenterFielder;Competitor
5861,3893,Prismz,Hunter Jackson,Hunter,Jackson,59.0,active,,2025-11-18 16:35:54,,Safety,Center Fielder,,,DSFL,282,250,32,0,0,282,1,0,0,0,0,0,0,0,0,0,1200000,22.0,Indiana,Purdue,0,Midwest (US),
5860,4738,Lpapi,Buster Forceps,Buster,Forceps,59.0,active,active,2025-11-18 14:47:48,,Linebacker,Versatile LB,NOLA,DAL,ISFL,1130,1130,0,0,0,1130,0,0,0,30,10,0,0,0,2,5,148900000,92.0,San Diego,SDSU,4737,West (US),BullRusher;Competitor
5859,4735,FuriousChicken,Pronking Chicken,Pronking,Chicken,59.0,active,active,2025-11-18 12:42:26,,Linebacker,Versatile LB,SAR,MIN,ISFL,922,880,42,0,0,922,1,0,0,0,10,0,0,0,0,0,1590000,59.0,"Limburg, Netherlands",The farm down the road,0,EuroCan,BullRusher
5858,4737,ReadySalted,John Waffle,John,Waffle,59.0,active,active,2025-11-18 11:30:02,,Quarterback,Field General,CTC,KCC,ISFL,1135,1134,1,0,0,1135,0,0,0,30,10,0,0,0,2,5,27283000,29.0,London,Clemson,0,EuroCan,GameManager
5857,4736,McLumberjack,Mons Morè,Mons,Morè,59.0,active,active,2025-11-18 09:38:01,,Wide Receiver,Speed Receiver,NOLA,KCC,ISFL,1149,1149,0,0,0,1149,0,0,0,30,10,0,0,0,2,5,47458011,67.0,Brigham City,BYU,0,EuroCan,Athlete;DeepThreat
5856,4734,Lubotty,Davey Andrews,Davey,Andrews,59.0,active,active,2025-11-18 07:41:39,,Cornerback,Slot Corner,BAL,BBB,ISFL,690,690,0,0,0,690,0,0,0,0,10,0,0,0,2,5,4150000,25.0,Miami,Florida,3490,Southeast (US),
5855,4733,piza,Viktor Andersson,Viktor,Andersson,59.0,active,,2025-11-17 19:11:43,,Kicker,Accurate,AUS,MIN,ISFL,377,352,25,0,0,377,0,0,0,0,0,0,0,0,0,0,2400000,98.0,"Uppsala, Sweden",Auburn University,0,EuroCan,
5854,4732,Dtx_jojo,Jojo Freak,Jojo,Freak,59.0,active,,2025-11-17 18:34:35,,Linebacker,Versatile LB,,,DSFL,79,77,2,0,0,77,0,0,0,0,0,0,0,0,0,0,10000000,55.0,Texas,Army ,0,Southwest (US),
5853,4731,Gallade081,Oliver Closeoffe,Oliver,Closeoffe,59.0,active,active,2025-11-16 16:30:47,,Safety,Ball Hawk,NOLA,POR,ISFL,620,620,0,0,0,620,1,0,0,0,10,0,0,0,0,0,1500000,96.0,"Unalaska, Alaska",University of Phoenix,0,APAC,
5852,1424,BRNXB0MBERS,K. Yobagoya MacArthur,K. Yobagoya,MacArthur,59.0,active,active,2025-11-11 15:50:54,,Wide Receiver,Speed Receiver,HON,LON,ISFL,961,950,11,0,0,961,0,0,0,0,10,0,0,0,0,0,23472063,18.0,"Lexington, KY",University of Kentucky,2165,Southeast (US),DeepThreat
5851,4730,skeezer36,Zakwavious Hellfire,Zakwavious,Hellfire,59.0,active,,2025-11-10 10:24:02,,Defensive Tackle,Nose Tackle,,,DSFL,57,57,0,0,0,57,0,0,0,0,0,0,0,0,0,0,8000000,69.0,"Parkway Gardens, Illinois",Ohio State,0,Midwest (US),
5850,4729,Lance,Caelum Rex,Caelum,Rex,59.0,active,,2025-11-09 22:36:52,,Running Back,Power Back,,,DSFL,50,50,0,0,0,50,0,0,0,0,0,0,0,0,0,0,7000000,21.0,San diego,Auburn,0,West (US),
5849,2082,Z-Whiz,Golly Oo-De-Lally,Golly,Oo-De-Lally,59.0,active,active,2025-11-08 22:16:09,,Safety,Center Fielder,AZ,TIJ,ISFL,855,848,7,0,0,855,0,0,0,0,10,0,0,0,0,0,5050425,42.0,Sherwood Forest,Nottingham University,0,EuroCan,
5848,4317,JoeHoe3121,Davoin Shower-Handel,Davoin,Shower-Handel,59.0,active,active,2025-11-07 20:42:08,,Running Back,Receiving Back,NYS,NOR,ISFL,746,746,0,0,0,746,0,0,0,0,10,0,0,0,2,5,2502000,23.0,"Hattiesburg, Mississippi",Texas Tech Red Raiders,0,Southeast (US),ScatBack
5847,4728,Risingstar123,Flash Gordon,Flash,Gordon,59.0,active,,2025-11-07 18:20:58,,Running Back,Power Back,,,DSFL,77,55,22,0,0,77,0,0,0,0,0,0,0,0,0,0,8500000,20.0,Chicago,South Florida,0,Midwest (US),
5846,3966,Soviet Sexpot,Lightning McQueen,Lightning,McQueen,59.0,active,active,2025-11-07 13:07:32,,Running Back,Receiving Back,AZ,DAL,ISFL,1119,1025,94,0,0,1119,0,0,0,30,10,0,0,0,2,5,277353505,95.0,"Radiator Springs, AZ",Valvoline,0,Southwest (US),RawTalent;ScatBack
5845,794,WALDO,Cookout Tray,Cookout,Tray,59.0,active,active,2025-11-06 21:59:09,,Running Back,Receiving Back,SJS,TIJ,ISFL,1108,1105,3,0,0,1108,0,0,0,30,10,0,0,0,2,5,53094653,10.0,"Wilmington, North Carolina",UNCW,794,Southeast (US),Athlete;RawTalent;ScatBack
5844,2091,abh89,Harlan Andrews,Harlan,Andrews,59.0,active,active,2025-11-06 21:01:29,,Cornerback,Physical Corner,SAR,NOR,ISFL,1102,1045,57,52,0,1102,1,0,0,30,10,0,0,0,0,0,334134252,54.0,"Miami, FL",University of Florida,0,Southeast (US),Competitor;Perceptive;PressCorner
5843,3240,bechtudo,Jason Beaty,Jason,Beaty,59.0,active,active,2025-11-04 11:12:24,,Tight End,Possession TE,NOLA,BBB,ISFL,1108,1100,8,0,0,1108,0,0,0,30,10,0,0,0,2,5,57768150,1.0,"Alzey, Germany",Tennessee,0,EuroCan,ReceivingTE
5842,2333,negs,Big Bis,Big,Bis,59.0,active,active,2025-11-01 18:11:30,,Offensive Lineman,Mauler,CTC,POR,ISFL,932,930,2,0,0,932,1,0,0,30,10,0,0,0,0,0,72624510,52.0,Sweden,William Paterson,0,EuroCan,TenaciousBlocker
5841,4726,CheeseConeys,Richard Dixon,Richard,Dixon,58.0,active,active,2025-10-31 17:51:44,,Defensive Tackle,All-Purpose DT,SAR,POR,ISFL,1177,1135,42,0,0,1177,0,0,0,30,8,0,0,0,0,0,37364380,97.0,"Cincinnati, OH",University of Cincinnati,0,Midwest (US),BullRusher;Competitor;SpeedRusher
5840,4725,phoenix2838,Ozzy LaChance,Ozzy,LaChance,58.0,retired,,2025-10-29 21:48:26,2026-04-09 21:43:40,Wide Receiver,Slot Receiver,,,,306,250,56,0,0,306,0,0,0,0,0,0,0,0,0,0,3798800,85.0,"Davenport, IA",Liberty,0,Midwest (US),
5839,4723,fweliiii,Water Boy,Water,Boy,58.0,active,active,2025-10-20 15:48:58,,Safety,Center Fielder,YKW,DAL,ISFL,1089,1080,9,0,0,1089,0,0,0,0,8,0,0,0,2,5,4427475,9.0,Home,home school,4089,World,CenterFielder;Competitor
5838,4722,slasherr,Dijon Robinson,Dijon,Robinson,58.0,active,active,2025-10-20 14:14:18,,Running Back,Receiving Back,COL,TIJ,ISFL,1278,1270,8,0,0,1278,0,0,0,30,8,0,0,0,0,0,103157960,7.0,United States,Texas,0,World,Athlete;RawTalent;RoleModel;ScatBack
5837,4119,Muddym13,Muddy Rivers,Muddy,Rivers,58.0,active,,2025-10-17 16:16:43,,Wide Receiver,Possession Receiver,OCO,MIN,ISFL,648,633,15,0,0,648,0,0,0,0,0,0,0,0,0,0,130444601,85.0,Detroit,Central Michigan ,0,Midwest (US),SlotReceiver
5836,4474,Viking8712,CTE Purple,CTE,Purple,58.0,active,,2025-10-15 09:47:33,,Running Back,Power Back,,,DSFL,217,196,21,0,0,217,0,0,0,0,0,0,0,0,0,0,8182000,44.0,The Wilderness of Canada,N/A,0,EuroCan,
5835,4720,IconOfSin,Svatoslav Čech,Svatoslav,Čech,58.0,active,,2025-10-12 23:16:38,,Kicker,Accurate,,,DSFL,107,84,23,0,0,107,0,0,0,0,0,0,0,0,0,0,3000000,3.0,Prague,University of South Florida,0,EuroCan,
5834,4719,Garbear000,Tame Brady,Tame,Brady,58.0,active,,2025-10-12 04:27:19,,Running Back,Receiving Back,,LON,ISFL,333,325,8,0,0,331,1,0,0,0,0,0,0,0,0,0,7142150,15.0,San Jose,Stanford,0,West (US),
5833,4718,iGreatScott,Deek Waters,Deek,Waters,58.0,active,active,2025-10-08 16:53:36,,Cornerback,Physical Corner,SAR,POR,ISFL,621,621,0,0,0,621,1,0,0,0,8,0,0,0,0,0,-1000000,11.0,"Abilene, TX",Rice University,0,Southwest (US),
5832,723,AW13,Tip Manzardo,Tip,Manzardo,58.0,retired,active,2025-10-06 23:41:50,2026-06-30 11:27:39,Tight End,Possession TE,,,DSFL,483,250,233,0,0,483,0,0,0,0,0,0,0,0,0,0,7089381,87.0,"Gilbert, AZ",Arizona State,0,Southwest (US),
5831,4717,DripSun,Demo Player,Demo,Player,58.0,active,,2025-10-06 18:01:02,,Defensive Tackle,Interior Rusher,,,DSFL,50,50,0,0,0,50,0,0,0,0,0,0,0,0,0,0,7000000,11.0,Des Moines,Iowa State,0,Midwest (US),
5830,4716,rytin6543,Sir Sacksalot,Sir,Sacksalot,58.0,active,,2025-10-03 00:42:22,,Defensive End,Power Rusher,,TIJ,ISFL,362,250,112,0,0,362,0,0,0,0,0,0,0,0,0,0,350000,99.0,"Orlando, Florida",UCF,0,Southeast (US),
5829,3903,DigDoug11,Titus Tortuga,Titus,Tortuga,58.0,active,active,2025-10-02 13:23:14,,Wide Receiver,Speed Receiver,OSK,TIJ,ISFL,1264,1210,54,0,0,1264,1,0,0,30,8,0,0,0,2,5,43866666,23.0,Galapagos ,Crawlifornia State University,0,World,Athlete;DeepThreat;RoleModel
5828,4712,Godhead,Chubby Chuddy,Chubby,Chuddy,58.0,active,,2025-09-28 21:39:24,,Defensive End,Power Rusher,,,DSFL,76,76,0,0,0,76,0,0,0,0,0,0,0,0,0,0,6250000,77.0,"Dublin, Ohio",Ohio State,1028,Midwest (US),
5827,4711,DixieGnormus,MJ Football,MJ,Football,58.0,active,active,2025-09-28 18:42:43,,Linebacker,Versatile LB,AZ,TIJ,ISFL,596,588,8,0,0,596,0,0,0,0,8,0,0,0,0,0,8300000,23.0,Wisconsin,Wisconsin,0,Midwest (US),
5826,3306,dustywilson22,Bud Wolf,Bud,Wolf,58.0,active,active,2025-09-28 12:09:56,,Cornerback,Cover Corner,YKW,LON,ISFL,785,770,15,0,0,785,1,0,0,0,8,0,0,0,0,0,5881750,24.0,"Fairplains, North Carolina",UCONN,0,Southeast (US),ShutDownCorner
5825,1486,juniped,Juni Panda Jr.,Juni,Panda Jr.,58.0,active,active,2025-09-28 11:39:23,,Offensive Lineman,Athletic Lineman,YKW,BBB,ISFL,818,790,28,0,0,818,1,0,0,0,8,0,0,0,0,0,4986136,22.0,Sweden,NC State,0,EuroCan,
5824,1717,PMoney,TzTok Jad,TzTok,Jad,58.0,active,active,2025-09-27 16:32:17,,Offensive Lineman,Mauler,HON,NOR,ISFL,713,690,23,0,0,713,0,0,0,0,8,0,0,0,0,0,9355399,72.0,Mor Ul Rek,Tzhaar Fight Caves,0,World,
5823,4162,Dev0,Richard McDonald,Richard,McDonald,58.0,retired,active,2025-09-27 16:25:23,2025-11-17 12:20:40,Linebacker,Pass Rusher,,,,223,200,23,0,0,218,0,0,0,0,0,0,0,0,0,0,42280294,14.0,"San Bernardino, California",Drop out,0,West (US),
5822,2214,zaynzk,Rub Dedd,Rub,Dedd,58.0,active,active,2025-09-27 08:24:16,,Defensive Tackle,Nose Tackle,COL,LON,ISFL,1054,1045,9,0,0,1054,0,0,0,30,8,0,0,0,0,0,311923635,83.0,New York,Auburn,0,Northeast (US),BullRusher;Competitor;Perceptive;SpeedRusher
5821,2243,Jimi64,Alvin Norton,Alvin,Norton,58.0,active,,2025-09-26 23:14:44,,Defensive Tackle,Interior Rusher,BFB,KCC,ISFL,273,249,24,0,0,273,0,0,0,0,0,0,0,0,0,0,58190396,91.0,"San Antonio, Texas",Texas Tech,0,Southwest (US),
5820,2274,frazzle14,Tony Yeboah Jr,Tony,Yeboah Jr,58.0,active,active,2025-09-17 03:26:28,,Defensive End,Speed Rusher,AUS,NOR,ISFL,812,735,77,0,0,812,0,0,0,0,8,0,0,0,2,5,360695,12.0,"Frankfurt, Germany",Penn State,0,EuroCan,
5819,4710,admiralballtr8s,Hugh Jassman,Hugh,Jassman,58.0,active,active,2025-09-15 18:19:56,,Linebacker,Versatile LB,YKW,BBB,ISFL,1294,1230,64,0,0,1294,0,0,0,30,8,0,0,0,0,0,28670834,74.0,"Portland, OR",University of Oregon,0,West (US),BullRusher;Competitor;RoleModel
5818,594,Drizzy,Michael Nkiah,Michael,Nkiah,58.0,active,active,2025-09-15 06:41:09,,Wide Receiver,Speed Receiver,SAR,KCC,ISFL,934,920,14,0,0,934,0,0,0,0,8,0,0,0,0,0,12692615,12.0,"Sarasota, FL",UCF,0,Southwest (US),Athlete;DeepThreat
5817,4709,EurovisionAmity,Dr. Squid,Dr.,Squid,58.0,active,active,2025-09-12 23:15:22,,Running Back,Receiving Back,NYS,TIJ,ISFL,1046,1010,36,0,0,1046,1,0,0,30,8,0,0,0,0,0,15904000,29.0,Stockholm Sweden,NC State,0,EuroCan,RawTalent;ScatBack
5816,2458,FootballIsCool,Tree Joe Greene,Tree Joe,Greene,58.0,active,active,2025-09-12 23:09:59,,Defensive Tackle,Nose Tackle,SAR,MIN,ISFL,1169,1115,54,0,0,1169,0,0,0,0,8,0,0,0,0,0,1782016,35.0,Da Woods,Evergreen,0,World,BullRusher;Competitor;SpeedRusher
5815,1641,RussDrivesTheBus,Catrick Meowmes,Catrick,Meowmes,58.0,active,active,2025-09-12 17:17:29,,Quarterback,Field General,SJS,MIN,ISFL,1291,1260,31,0,0,1291,0,0,0,30,8,0,0,0,0,0,580214420,13.0,"Butts Wynd, Scotland",Arizona,0,EuroCan,Athlete;GameManager;RoleModel
5814,2833,Pocketsand007,Dale Gribble,Dale,Gribble,58.0,active,,2025-09-12 10:32:51,,Wide Receiver,Speed Receiver,,DAL,ISFL,417,250,167,0,0,417,0,0,0,0,0,0,0,0,0,0,4129700,24.0,"Arlen, TX",Texas A&M,3515,Southwest (US),
5813,4708,BOS,Marvin Bumgarner,Marvin,Bumgarner,58.0,active,active,2025-09-11 23:45:38,,Running Back,Receiving Back,BAL,POR,ISFL,905,900,5,0,0,905,0,0,0,4,8,0,0,0,2,0,-1909200,6.0,Steelville Missouri ,Mizzou ,0,Southwest (US),RawTalent;ScatBack
5812,4706,ISFL CEO,Tongue XL0-Thunderlips9,Tongue,XL0-Thunderlips9,58.0,retired,,2025-09-11 05:19:00,2026-01-01 01:23:13,Tight End,Possession TE,,,,129,55,74,0,0,129,0,0,0,0,0,0,0,0,0,0,8926000,89.0,Velikolukskiy Myasokombinat,#1 OVERALL PICK STATE UNIVERSITY,0,APAC,
5811,3223,Gage2,Cleon Riley,Cleon,Riley,58.0,active,,2025-09-09 17:51:54,,Linebacker,Versatile LB,NYS,POR,ISFL,1000,930,70,0,0,1000,1,0,0,0,0,0,0,0,0,0,3701324,2.0,"London,Ontario",Georgia Tech,0,EuroCan,BullRusher
5810,3981,Fangorn,Echoing Thunder,Echoing,Thunder,58.0,active,active,2025-09-09 07:54:32,,Cornerback,Physical Corner,AZ,LON,ISFL,1334,1295,39,0,0,1334,1,0,0,30,8,0,0,0,2,5,224151450,13.0,Standing Rock Sioux Reservation,University of Colorado Boulder,0,West (US),Athlete;Competitor;Perceptive;PressCorner;RoleModel
5809,4705,Zi215,Jackson Travis,Jackson,Travis,58.0,active,,2025-09-09 03:45:06,,Safety,Center Fielder,,,DSFL,80,57,23,0,0,80,0,0,0,0,0,0,0,0,0,0,17500000,10.0,Athens GA,Florida St,0,Southeast (US),
5808,3408,Starchychaff,J. Jonah Jameson,J. Jonah,Jameson,58.0,retired,active,2025-09-08 20:42:11,2026-01-15 22:11:15,Defensive End,Run Stuffer,,NOR,,98,98,0,0,0,98,0,0,0,0,0,0,0,0,0,0,10473100,95.0,Spiderverse,Daily Bugle,0,World,
5807,2211,xenosthelegend,Tokai Teio,Tokai,Teio,58.0,active,active,2025-09-08 15:38:21,,Running Back,Power Back,YKW,POR,ISFL,1287,1287,0,0,0,1287,0,0,0,30,8,0,0,0,0,0,6056635,3.0,"Niikappu, Hokkaido, Japan",Tracen Academy,0,APAC,Athlete;RawTalent;ScatBack
5806,3195,bold ni wally,Miko Iino,Miko,Iino,58.0,retired,active,2025-09-08 13:24:06,2025-09-15 20:26:58,Quarterback,Scrambler,,,,67,64,3,0,0,67,0,0,0,0,0,0,0,0,0,0,155527765,55.0,May 5th,Shuchiin Academy,0,,
5805,3101,lordcoolcats,Earl Grey,Earl,Grey,57.0,active,active,2025-09-08 12:29:36,,Cornerback,Cover Corner,CTC,MIN,ISFL,1410,1270,140,70,0,1410,1,0,0,30,8,0,0,0,0,0,11588579,33.0,"Northumberland, England","Trinity College, Cambridge",0,EuroCan,Athlete;Perceptive;RoleModel;ShutDownCorner
5804,2931,Dindog,LtHudz’s Left-Foot,LtHudz’s,Left-Foot,58.0,active,active,2025-09-08 11:34:05,,Running Back,Power Back,AUS,MIN,ISFL,1113,1095,18,0,0,1113,0,0,0,30,8,0,0,0,0,0,43522334,32.0,Missouri ,Logan University of Chiropractic,0,Southwest (US),Athlete;RawTalent;ScatBack
5803,830,Rise of Smitty,King Smitty,King,Smitty,58.0,active,,2025-09-06 20:21:18,,Running Back,Speed Back,,,,60,57,3,0,0,60,0,0,0,0,0,0,0,0,0,0,4032335,28.0,"Monroe, Washington",SMU,0,West (US),
5802,4704,Dinoshark1649,Sean Johnson,Sean,Johnson,58.0,active,,2025-09-06 17:52:47,,Linebacker,Versatile LB,,,DSFL,50,50,0,0,0,50,0,0,0,0,0,0,0,0,0,0,9000000,7.0,Rhode Island,Ohio State,0,Northeast (US),
5801,3870,Dynamicmlb_42,Thomas Singletary,Thomas,Singletary,58.0,active,active,2025-09-04 21:43:11,,Wide Receiver,Slot Receiver,BFB,DAL,ISFL,482,477,5,0,0,482,0,0,0,0,8,0,0,0,0,0,2786000,1.0,Chicago IL,Ohio University,0,Midwest (US),
5800,4703,Zare Jonathan,Donte Kendricks,Donte,Kendricks,57.0,active,,2025-09-04 15:32:07,,Wide Receiver,Speed Receiver,,,DSFL,265,250,15,0,0,265,0,0,0,0,0,0,0,0,0,0,1500000,22.0,"Missouri, USA",San Jose State University,0,Southwest (US),
5799,4702,JakeTE10,Brock Lesnar,Brock,Lesnar,57.0,active,active,2025-08-28 13:34:02,,Linebacker,Pass Rusher,SJS,KCC,ISFL,1239,1205,34,0,0,1239,1,0,0,0,8,0,0,0,0,0,10278940,59.0,Seaside heights,Coastal carolina,0,Northeast (US),Athlete;SpeedRusher
5798,4701,DUB DUB,Dub Dubbuthain II,Dub,Dubbuthain II,57.0,active,,2025-08-24 18:03:05,,Quarterback,Gunslinger,,,,50,50,0,0,0,50,0,0,0,0,0,0,0,0,0,0,1000000,15.0,Las Vegas,Michigan,0,Southwest (US),
5797,4700,princetonrhodes,Princeton Rhodes,Princeton,Rhodes,57.0,active,,2025-08-23 09:35:35,,Wide Receiver,Speed Receiver,,,,72,72,0,0,0,72,0,0,0,0,0,0,0,0,0,0,7000000,1.0,Florida ,Miami university ,0,Southeast (US),
5796,4699,jeremiahlucas,Jeremiah Lucas,Jeremiah,Lucas,57.0,active,,2025-08-21 19:58:53,,Wide Receiver,Possession Receiver,,,DSFL,80,77,3,0,0,80,0,0,0,0,0,0,0,0,0,0,6912000,1.0,Florida ,Florida State ,0,Southeast (US),
5795,2323,DApolloS,Dan Smith,Dan,Smith,57.0,active,active,2025-08-15 12:35:48,,Running Back,Receiving Back,SAR,DAL,ISFL,1307,1295,12,0,0,1307,0,0,0,30,8,0,0,0,0,0,15738630,25.0,"Melbourne, Australia",South Harmon Institute of Technology,0,World,Athlete;RawTalent;ScatBack
5794,4697,Mikemart,Mickey Martino,Mickey,Martino,57.0,active,active,2025-08-14 16:29:03,,Offensive Lineman,Mauler,COL,NOR,ISFL,790,665,125,117,0,790,1,0,0,0,8,0,0,0,0,0,22020000,15.0,"New York, New York",Syracuse,0,Northeast (US),
5793,40,Law,DJ Law II,DJ,Law II,57.0,active,active,2025-08-13 20:37:46,,Safety,Center Fielder,BAL,NOR,ISFL,893,868,25,0,0,893,1,0,0,0,8,0,0,0,0,0,5274000,9.0,Athens,Miami,0,EuroCan,
5792,4696,Anukar,Anukar Reed,Anukar,Reed,57.0,active,,2025-08-11 02:04:20,,Wide Receiver,Possession Receiver,SJS,TIJ,ISFL,719,675,44,0,0,719,0,0,0,0,0,0,0,0,0,0,6838115,23.0,San Antonio,Baylor,0,Southwest (US),
5791,4695,BoOsH,Ottor Sorby,Ottor,Sorby,57.0,active,active,2025-08-10 15:24:03,,Cornerback,Cover Corner,NYS,BBB,ISFL,1331,1320,11,0,0,1331,0,0,0,30,8,0,0,0,2,5,66250000,41.0,"Oslo, Norway",University of Inland Norway,0,EuroCan,Athlete;Competitor;Perceptive;RoleModel;ShutDownCorner
5790,4694,grilledcheesesandies,Grilled Cheese Sandies,Grilled Cheese,Sandies,57.0,active,active,2025-08-09 15:38:33,,Linebacker,Versatile LB,NYS,POR,ISFL,1147,1140,7,0,0,1147,1,0,0,30,8,0,0,0,0,0,62196980,55.0,Florida,UofC,0,Southeast (US),BullRusher;Competitor;RoleModel
5789,4692,Chris,Joshua Frederick,Joshua,Frederick,57.0,retired,active,2025-08-09 11:43:30,2025-12-28 17:03:33,Running Back,Power Back,,MIN,,193,191,2,0,0,193,0,0,0,0,0,0,0,0,0,0,3400000,7.0,"Montreal,Quebec",Dogwater Community College,4116,EuroCan,
5788,4691,Deaner20,Deaner Christiansen,Deaner,Christiansen,57.0,active,,2025-08-09 11:30:26,,Defensive End,Speed Rusher,,,DSFL,170,158,12,0,0,170,0,0,0,0,0,0,0,0,0,0,25000,50.0,tampa fl,USF,0,Southeast (US),
5787,4690,Barz,Maximillian Maximus,Maximillian,Maximus,57.0,active,,2025-08-09 06:20:06,,Defensive End,Power Rusher,,,,50,50,0,0,0,50,0,0,0,0,0,0,0,0,0,0,7000000,25.0,"London, UK","St Mary's University, Twickenham",0,EuroCan,
5786,4689,Venhail,Will Clamp,Will,Clamp,57.0,active,active,2025-08-09 00:03:39,,Cornerback,Cover Corner,SJS,LON,ISFL,629,629,0,0,0,629,0,0,0,0,8,0,0,0,0,0,-1500000,25.0,Miami,Florida State University,0,Southeast (US),
5785,4687,SticksNJones,Sasha Kai,Sasha,Kai,57.0,active,,2025-08-08 20:53:00,,Cornerback,Slot Corner,,,DSFL,84,83,1,0,0,84,0,0,0,0,0,0,0,0,0,0,9000000,88.0,San Francisco,Texas Tech,0,West (US),
5784,4685,Brohdr,Ziggy Zigzagwellerton,Ziggy,Zigzagwellerton,57.0,retired,,2025-08-08 19:46:43,2025-10-13 20:44:36,Running Back,Speed Back,,POR,,237,237,0,0,0,237,0,0,0,0,0,0,0,0,0,0,-1850000,88.0,Mariana Trench,Atlantis University,4618,,
5783,4686,ItsWave,um uh,um,uh,57.0,active,,2025-08-08 19:43:37,,Quarterback,Gunslinger,,,,72,50,22,0,0,72,0,0,0,0,0,0,0,0,0,0,7000000,16.0,hell,body block university,4655,World,
5782,4682,DadiBlanki,Jaxon Cortez,Jaxon,Cortez,57.0,active,,2025-08-08 16:40:07,,Running Back,Speed Back,,,,74,72,2,0,0,74,0,0,0,0,0,0,0,0,0,0,7000000,4.0,"Miami, FL",University of Florida,0,Southeast (US),
5781,4683,Luddite,Zaius Doctor,Zaius,Doctor,57.0,active,,2025-08-08 16:32:19,,Cornerback,Slot Corner,,,,50,50,0,0,0,50,0,0,0,0,0,0,0,0,0,0,7000000,45.0,"Borneo, Indonesia",Arizona,0,APAC,
5780,4680,Flick Davis,Flick Davis,Flick,Davis,57.0,active,active,2025-08-08 15:43:59,,Offensive Lineman,Athletic Lineman,NYS,MIN,ISFL,636,636,0,0,0,636,1,0,0,2,8,0,0,0,0,0,3250000,76.0,Buffalo,Tennessee,0,Northeast (US),
5779,4681,joeronnymo,joeronnymo bueno,joeronnymo,bueno,57.0,active,,2025-08-08 15:19:33,,Wide Receiver,Speed Receiver,,POR,ISFL,545,520,25,0,0,529,0,0,0,0,0,0,0,0,0,0,16431000,13.0,"Miami, FL",San Diego State,0,Southeast (US),DeepThreat
5778,3232,PurplePiratePoo,Joe Pigott,Joe,Pigott,57.0,active,active,2025-08-08 08:17:55,,Defensive End,Run Stuffer,NYS,NOR,ISFL,1269,1240,29,0,0,1269,1,0,0,0,0,0,0,0,0,0,44800580,39.0,"Maidstone, UK",Illinois,0,EuroCan,BullRusher;Competitor;Perceptive;RoleModel
5777,369,BOOM™,Jean Claude Goddamn,Jean Claude,Goddamn,57.0,active,active,2025-08-07 01:20:22,,Linebacker,Versatile LB,YKW,POR,ISFL,1386,1180,206,0,0,1386,1,0,0,0,8,0,0,0,2,5,4851720,97.0,"Climax, Michigan",Michigan,0,Midwest (US),BullRusher;Competitor
5776,2583,IceBear32,Tee Deez,Tee,Deez,57.0,active,active,2025-08-06 15:16:17,,Cornerback,Cover Corner,HON,DAL,ISFL,1444,1320,124,0,0,1444,0,0,0,30,8,0,0,0,0,0,63740704,32.0,Honolulu,Ball State ,0,APAC,Athlete;Competitor;Perceptive;RoleModel;ShutDownCorner
5775,4679,mejh87,Seamus Lebowski,Seamus,Lebowski,57.0,retired,,2025-08-05 21:45:07,2025-09-27 13:11:13,Tight End,Possession TE,,,,131,114,17,0,0,131,0,0,0,0,0,0,0,0,0,0,450000,4.0,Dublin,University of Phoenix,0,,
5774,4678,FriendStefani,Friend Stefani,Friend,Stefani,57.0,active,,2025-08-05 21:36:57,,Safety,Center Fielder,BFB,,ISFL,314,250,64,0,0,306,0,0,0,0,0,0,0,0,0,0,8500000,7.0,"Zelienople, PA",University of Pittsburgh,0,Northeast (US),
5773,3973,Brad Woof,Vlad Wolf,Vlad,Wolf,57.0,active,active,2025-08-04 10:49:58,,Quarterback,Field General,HON,NOR,ISFL,1418,1260,158,0,0,1418,0,0,0,30,8,0,0,0,0,0,160737235,2.0,"Nome, AK",University of Alaska Fairbanks,0,APAC,Athlete;GameManager;RoleModel
5772,4677,leo_gonzo_04,Leo Gonzalez,Leo,Gonzalez,57.0,active,,2025-08-03 00:25:43,,Cornerback,Slot Corner,BFB,,ISFL,316,249,67,0,0,316,0,0,0,0,0,0,0,0,0,0,9100000,88.0,"Huntsville, AL",Alabama,0,Southeast (US),
5771,2999,domffl,Doorholder Numberthree,Doorholder,Numberthree,57.0,active,active,2025-08-02 20:35:32,,Tight End,Blocking TE,NOLA,BBB,ISFL,915,855,60,0,0,915,1,0,0,0,8,0,0,0,0,0,4368190,39.0,Oxford,Oxford,0,EuroCan,BlockingTE
5770,3995,JJ5,JJ Who,JJ,Who,57.0,retired,active,2025-08-02 14:32:14,2026-08-24 17:52:13,Running Back,Power Back,,,DSFL,212,165,47,0,0,212,0,0,0,0,0,0,0,0,0,0,15458821,22.0,Sinnoh,The School For Big Runningbacks,0,World,
5769,3888,thewhovian,. Torchwood,.,Torchwood,57.0,active,active,2025-08-02 12:48:27,,Cornerback,Physical Corner,NOLA,MIN,ISFL,1340,1295,45,0,0,1340,1,0,0,30,8,0,0,0,0,0,112660628,91.0,Cardiff,UNIT,0,EuroCan,Athlete;Competitor;Perceptive;PressCorner;RoleModel
5768,4676,rocket raccoon,aidan weir,aidan,weir,57.0,active,,2025-08-01 23:33:20,,Kicker,Power,,,DSFL,83,80,3,0,0,83,0,0,0,0,0,0,0,0,0,0,5800000,18.0,texas,texas,4637,Southwest (US),
5767,4675,JZasl,Parker Jackson,Parker,Jackson,57.0,active,,2025-08-01 03:09:40,,Quarterback,Gunslinger,,,,82,50,32,0,0,82,0,0,0,0,0,0,0,0,0,0,10000000,9.0,Michigan,Michigan Wolverines,0,Midwest (US),
5766,4673,6god757,Andre Pope,Andre,Pope,57.0,active,,2025-07-28 20:58:17,,Linebacker,Versatile LB,,,,226,226,0,0,0,226,0,0,0,0,0,0,0,0,0,0,2450000,96.0,"Virginia Beach, VA",Miami,0,Southeast (US),
5765,4672,Joe36,Joe Reed Jr.,Joe,Reed Jr.,57.0,active,,2025-07-28 17:20:00,,Running Back,Speed Back,,,,50,50,0,0,0,50,0,0,0,0,0,0,0,0,0,0,7000000,9.0,"Carverdale,Tx",TSU,0,Southwest (US),
5764,4671,Joe28,Joe Reed Jr.,Joe,Reed Jr.,,denied,,2025-07-28 16:38:58,,Running Back,Speed Back,,,,50,50,0,0,0,50,0,0,0,0,0,0,0,0,0,0,1000000,9.0,Carverdale,TSU,0,,
5763,3849,Bazooka_Joe,Purdy 'PP' Penix,Purdy 'PP',Penix,57.0,active,active,2025-07-28 15:17:18,,Quarterback,Field General,BAL,MIN,ISFL,1482,1260,222,0,0,1482,0,0,0,30,8,0,0,0,0,0,36926350,9.0,"Lucerne, Switzerland",University of Washington,3428,EuroCan,Athlete;GameManager;RoleModel
5762,4667,DarkTaker,Robert Krohn,Robert,Krohn,57.0,active,active,2025-07-21 15:30:09,,Running Back,Fullback,YKW,BBB,ISFL,915,905,10,0,0,915,0,0,0,0,8,0,0,0,0,0,7600000,40.0,Maryland,Maryland Terrapins,0,Northeast (US),
5761,4666,xblcommish,XBL Commish,XBL,Commish,57.0,active,,2025-07-21 11:31:11,,Wide Receiver,Speed Receiver,,,DSFL,120,116,4,0,0,120,0,0,0,0,0,0,0,0,0,0,2100000,19.0,"Jersey City, NJ",LSU,0,Northeast (US),
5760,4665,e13,Tyrus Clay,Tyrus,Clay,57.0,active,,2025-07-19 19:51:43,,Running Back,Power Back,,,DSFL,92,92,0,0,0,92,0,0,0,0,0,0,0,0,0,0,8300000,13.0,Oakland CA,Penn State,0,West (US),
5759,1419,hannahg32,JJJJJJJJJJJ JJJJJJJJJJJ,JJJJJJJJJJJ,JJJJJJJJJJJ,57.0,active,,2025-07-18 21:52:57,,Kicker,Accurate,,,ISFL,227,210,17,0,0,217,0,0,0,0,0,0,0,0,0,0,14959031,22.0,"Jōsō, Japan",Joetsu University of Education,0,APAC,
5758,2205,ajtigger,Amoeboid Changeling,Amoeboid,Changeling,57.0,active,active,2025-07-18 15:51:09,,Offensive Lineman,Athletic Lineman,OSK,LON,ISFL,1067,1060,7,0,0,1067,0,0,0,0,8,0,0,0,0,0,656440,21.0,Lorwyn,Stryxhaven,0,World,TenaciousBlocker
5757,271,Ben,Ben Savea,Ben,Savea,57.0,active,active,2025-07-18 00:55:34,,Defensive Tackle,Nose Tackle,BAL,TIJ,ISFL,904,895,9,0,0,904,0,0,0,0,8,0,0,0,0,0,-169410,99.0,Ōtautahi/Christchurch,LSU,0,EuroCan,BullRusher;SpeedRusher
5756,2874,TubaDeus,- GEQBUS,-,GEQBUS,57.0,active,active,2025-07-17 23:35:28,,Quarterback,Field General,YKW,DAL,ISFL,1514,1260,254,0,0,1514,0,0,0,30,8,0,0,0,0,0,652785490,14.0,"Capistrano Beach, CA",USC,0,West (US),Athlete;GameManager;RoleModel
5755,3828,Bamford13,Gods Comma,Gods,Comma,57.0,active,active,2025-07-17 23:32:31,,Cornerback,Physical Corner,AZ,LON,ISFL,1436,1295,141,0,0,1436,0,0,0,30,8,0,0,0,0,0,1260052409,81.0,Santa Barbara,Rice,0,West (US),Athlete;Competitor;Perceptive;PressCorner;RoleModel
5754,2461,firstfray,King Ghidorah,King,Ghidorah,57.0,active,active,2025-07-17 16:56:35,,Offensive Lineman,Athletic Lineman,OSK,KCC,ISFL,1496,1280,216,0,0,1496,1,0,0,30,8,0,0,0,0,0,180917885,3.0,Outer Space,Kaiju University,0,World,RoleModel;TenaciousBlocker
5753,2102,SchwarzNarr,Melvin the Moosebacca,Melvin the,Moosebacca,57.0,active,,2025-07-15 11:18:36,,Linebacker,Coverage LB,COL,NOR,ISFL,857,849,8,0,0,857,0,0,0,0,0,0,0,0,0,0,72140498,77.0,Kashyyyk,Test of Ascension,1197,World,Perceptive
5752,4664,Tebowbaby,Tim Tebow,Tim,Tebow,57.0,active,,2025-07-15 04:30:01,,Quarterback,Field General,,,,50,50,0,0,0,50,0,0,0,0,0,0,0,0,0,0,9000000,1.0,Phillipines,Florida,0,APAC,
5751,4663,johnlindbe11,John Borieo,John,Borieo,57.0,active,active,2025-07-13 20:04:12,,Kicker,Power,SAR,BBB,ISFL,675,640,35,0,0,675,1,0,0,0,8,0,0,0,0,0,2850000,11.0,"Naples, Florida",Michigan State Spartans,0,Southeast (US),
5750,4662,Lenzqt,Julian Russell,Julian,Russell,56.0,active,,2025-07-08 06:23:58,,Wide Receiver,Slot Receiver,,,DSFL,40,50,-10,0,0,50,0,0,0,0,0,0,0,0,0,0,7000000,14.0,"Vancouver, British Columbia",University of Victoria Vikes,0,EuroCan,
5749,3932,griis,Lrrr Jinkins,Lrrr,Jinkins,56.0,active,,2025-06-27 12:26:11,,Offensive Lineman,Mauler,,,,76,89,-13,0,0,97,0,0,0,0,0,0,0,0,0,0,7345386,54.0,Omicron Persei 8,Mars University,3919,World,
5748,4661,Villn,Elijah Miller,Elijah,Miller,56.0,active,,2025-06-22 13:30:28,,Safety,Enforcer,,,DSFL,68,84,-16,0,0,84,0,0,0,0,0,0,0,0,0,0,9000000,28.0,Chicago,Auburn,3844,Midwest (US),
5747,4659,N0HBDY,Roger Frontier,Roger,Frontier,56.0,active,,2025-06-19 13:50:21,,Defensive End,Power Rusher,,BBB,ISFL,313,390,-77,0,0,391,0,0,0,0,0,0,0,0,0,0,3302200,1.0,Wasau,Wisconsin,0,Midwest (US),
5746,4658,davios28,Donkeys Walking,Donkeys,Walking,56.0,active,,2025-06-18 20:59:03,,Wide Receiver,Speed Receiver,,,DSFL,40,50,-10,0,0,50,0,0,0,0,0,0,0,0,0,0,7000000,72.0,Australia,australia,0,World,
5745,2339,ThePope,Krieg Lupercal,Krieg,Lupercal,56.0,active,,2025-06-16 12:02:16,,Defensive End,Power Rusher,,KCC,ISFL,330,404,-74,0,0,412,0,0,0,0,0,0,0,0,0,0,3450001,13.0,Germany,Colorado School of Mines,0,EuroCan,
5744,734,BaseScoutX1,Ricardo Queso,Ricardo,Queso,56.0,active,,2025-06-14 16:03:30,,Cornerback,Cover Corner,,,DSFL,73,77,-4,0,0,91,0,0,0,0,0,0,0,0,0,0,16396150,5.0,Florida,South Central Lower Alabama Technical State Fightin' Snappers,0,Southeast (US),
5743,4656,Joriel,Jonathon Jameston,Jonathon,Jameston,56.0,active,active,2025-06-13 13:09:06,,Running Back,Receiving Back,AZ,LON,ISFL,1292,1265,27,0,0,1535,1,0,0,30,8,0,0,0,0,0,23868750,24.0,"Boulder, Colorado",Boston College,4638,Southwest (US),Athlete;RawTalent;ScatBack
5742,4655,AdamEPlays,Adam Plays,Adam,Plays,56.0,active,active,2025-06-13 09:58:05,,Linebacker,Versatile LB,NOLA,LON,ISFL,1069,1040,29,0,0,1302,0,0,0,0,8,0,0,0,0,0,23061900,61.0,Iowa,Iowa State,4638,Midwest (US),BullRusher;Competitor
5741,4186,Anthony8139,Trey Demungas,Trey,Demungas,56.0,retired,active,2025-06-13 09:28:37,2026-06-04 10:17:39,Safety,Ball Hawk,,,DSFL,310,250,60,0,0,298,0,0,0,0,0,0,0,0,0,0,706600,25.0,Baton Rouge La,ULL,0,Southwest (US),
5740,4654,tnerT,Trent Butterfingers,Trent,Butterfingers,56.0,active,active,2025-06-13 00:57:56,,Defensive End,Power Rusher,AUS,DAL,ISFL,1188,1185,3,0,0,1443,0,0,0,0,8,0,0,0,0,0,17665920,91.0,Washington,Washington State,0,West (US),BullRusher;Competitor;Perceptive;RoleModel
5739,4653,TheAmericanPineapple,Dirty Lyle,Dirty,Lyle,56.0,retired,active,2025-06-12 22:35:06,2026-09-05 17:52:41,Cornerback,Physical Corner,NYS,TIJ,ISFL,1116,1107,9,0,0,1384,1,0,0,0,0,0,0,0,0,0,52195167,17.0,Arizona,UNM,0,Southwest (US),Athlete;Competitor;Perceptive;PressCorner
5738,4652,KevinPineapple,DeVoin Shaurhandel,DeVoin,Shaurhandel,56.0,active,,2025-06-12 20:44:11,,Running Back,Power Back,,,,61,50,11,0,0,76,0,0,0,0,0,0,0,0,0,0,6050000,15.0,"Atlanta, GA",Florida State University ,0,Southeast (US),
5737,4651,bearcat0711,Brad Barker,Brad,Barker,56.0,active,,2025-06-12 18:09:18,,Running Back,Power Back,,,,40,50,-10,0,0,50,0,0,0,0,0,0,0,0,0,0,7000000,5.0,Oregon,Oregon,0,West (US),
5736,4650,Rjm2492,Billy Monbro,Billy,Monbro,56.0,active,,2025-06-12 01:03:44,,Offensive Lineman,Mauler,YKW,KCC,ISFL,363,363,0,0,0,453,1,0,0,0,0,0,0,0,0,0,800000,55.0,"New Orleans, LA",LSU,0,Southwest (US),
5735,4649,Snapples,B.C. Snapple,B.C.,Snapple,56.0,active,active,2025-06-11 20:48:44,,Linebacker,Versatile LB,AUS,BBB,ISFL,972,970,2,0,0,1182,0,0,0,0,8,0,0,0,2,0,60443566,18.0,New York,Alabama,0,Northeast (US),BullRusher
5734,4648,qwerty13542,Student Loans,Student,Loans,56.0,active,,2025-06-11 16:55:05,,Offensive Lineman,Athletic Lineman,SJS,,ISFL,538,538,0,0,0,672,1,0,0,0,0,0,0,0,0,0,3152500,15.0,San Diego,UCLA,0,West (US),
5733,4647,Hoops4days,Niwde Sodanarg,Niwde,Sodanarg,56.0,active,,2025-06-11 15:59:32,,Offensive Lineman,Balanced Lineman,,DAL,ISFL,150,174,-24,0,0,187,0,0,0,0,0,0,0,0,0,0,12490000,15.0,Kentucky,University of Kentucky,0,Southeast (US),
5732,4646,Bravestland,Aaron Roy,Aaron,Roy,56.0,active,,2025-06-11 14:43:27,,Wide Receiver,Speed Receiver,,,,42,50,-8,0,0,52,0,0,0,0,0,0,0,0,0,0,7000000,21.0,"Lamesa, TX",Texas Tech,0,Southwest (US),
5731,4644,Enyx,Alex Enyx,Alex,Enyx,56.0,active,,2025-06-11 13:39:41,,Safety,Ball Hawk,,,DSFL,172,197,-25,0,0,215,0,0,0,0,0,0,0,0,0,0,10550000,33.0,New Orleans,Western Virginia,0,Southwest (US),
5730,4645,idoesntexist,Jimothy Small,Jimothy,Small,56.0,active,,2025-06-11 13:30:54,,Offensive Lineman,Mauler,,NOR,ISFL,160,189,-29,0,0,200,0,0,0,0,0,0,0,0,0,0,7500000,66.0,"New York, NY",Georgia Tech,0,Northeast (US),
5729,4643,captainstan,Sven Gramersdorf,Sven,Gramersdorf,56.0,active,,2025-06-11 11:10:25,,Linebacker,Pass Rusher,,,,54,0,54,0,0,67,1,0,0,0,0,0,0,0,0,0,3000000,43.0,"Lincoln, Nebraska",UNL,0,West (US),
5728,4642,Tiger2112,Manflatten Project,Manflatten,Project,56.0,retired,,2025-06-11 09:41:54,2025-08-05 08:11:13,Defensive End,Power Rusher,,,,148,148,0,0,0,148,0,0,0,0,0,0,0,0,0,0,400000,72.0,"Anderson, SC",Clemson University,0,,
5727,4637,Bajin,Bajin Inui,Bajin,Inui,56.0,active,active,2025-06-11 09:35:19,,Defensive Tackle,Interior Rusher,OSK,MIN,ISFL,1351,1270,81,0,0,1599,0,0,0,30,8,0,0,0,2,5,330165715,54.0,Kassel,Mannheim,3743,EuroCan,BullRusher;Competitor;Perceptive;RoleModel;SpeedRusher
5726,4641,bbplay13,Lawrence Junior,Lawrence,Junior,56.0,active,,2025-06-11 09:30:36,,Running Back,Speed Back,,,,59,73,-14,0,0,73,0,0,0,0,0,0,0,0,0,0,6550000,13.0,Philadelphia,Temple,0,Northeast (US),
5725,4638,Vumion,Devon Lynch,Devon,Lynch,56.0,active,active,2025-06-11 09:11:22,,Safety,Center Fielder,HON,LON,ISFL,1280,1280,0,0,0,1525,0,0,0,30,8,0,0,0,0,0,29261450,47.0,Tucson AZ,U of A,0,Southwest (US),Athlete;CenterFielder;Competitor;RoleModel
5724,4636,Bearen,Theodore Espen,Theodore,Espen,56.0,active,active,2025-06-11 07:14:15,,Safety,Ball Hawk,NYS,NOR,ISFL,1120,1105,15,0,0,1334,0,0,0,30,8,0,0,0,2,5,136310012,13.0,England,Sleepytown ,0,EuroCan,Athlete;Perceptive
5723,4635,jthedominator,Orrin Rockwell,Orrin,Rockwell,56.0,active,,2025-06-11 02:47:34,,Safety,Center Fielder,,,DSFL,98,122,-24,0,0,122,0,0,0,0,0,0,0,0,0,0,3650000,10.0,Parker CO,BYU,0,Southwest (US),
5722,4634,Degradation,Vince Morrigan,Vince,Morrigan,56.0,retired,,2025-06-11 01:24:46,2026-07-26 01:05:53,Running Back,Receiving Back,,KCC,ISFL,1472,1097,375,146,0,1472,1,0,0,0,0,0,0,0,0,0,10358700,22.0,"Mississauga; Ontario, Canada",Hood University,0,EuroCan,RawTalent;RoleModel;ScatBack
5721,4633,Turd Ferguson,Turd Ferguson,Turd,Ferguson,56.0,active,active,2025-06-10 23:31:56,,Defensive Tackle,Interior Rusher,NOLA,KCC,ISFL,1346,1270,76,0,0,1593,0,0,0,30,8,0,0,0,2,5,36668640,69.0,Massachusetts,UMASS,0,Northeast (US),BullRusher;Competitor;Perceptive;RoleModel;SpeedRusher
5720,4632,Gingar77,Gingar Toaster,Gingar,Toaster,56.0,active,,2025-06-10 22:33:38,,Tight End,Possession TE,,,,278,250,28,0,0,347,0,0,0,0,0,0,0,0,0,0,11032000,77.0,Canada,Bionics Laboratory,0,EuroCan,
5719,4183,Honeybagerman,Howie Feltersnatch,Howie,Feltersnatch,56.0,denied,,2025-06-10 21:55:35,,Quarterback,Gunslinger,,,,50,29,21,0,0,50,0,0,0,0,0,0,0,0,0,0,7000000,17.0,051688,Virginia Tech,0,,
5718,3718,Water,Drake Rider,Drake,Rider,56.0,active,active,2025-06-10 21:10:13,,Offensive Lineman,Athletic Lineman,NYS,NOR,ISFL,977,955,22,0,0,1194,1,0,0,0,8,0,0,0,0,0,6650000,2.0,Moorpark,USC,0,West (US),TenaciousBlocker
5717,4630,Monklock,Deleria Dillon,Deleria,Dillon,56.0,active,,2025-06-10 19:43:58,,Defensive End,Power Rusher,,,DSFL,111,132,-21,0,0,138,0,0,0,0,0,0,0,0,0,0,-700000,77.0,Bainbridge,Syracuse University ,0,West (US),
5716,4629,bobtrek,Steve Dave,Steve,Dave,56.0,active,active,2025-06-10 18:50:51,,Cornerback,Cover Corner,COL,NOR,ISFL,1316,1270,46,0,0,1567,1,0,0,30,8,0,0,0,2,5,102615000,42.0,"Asheville, NC",Badgelor University,0,Southeast (US),Athlete;Competitor;Perceptive;ShutDownCorner
5715,4626,PrimePotatoes,Devonte Kingston,Devonte,Kingston,56.0,active,,2025-06-10 18:18:58,,Wide Receiver,Speed Receiver,,,DSFL,81,84,-3,0,0,101,0,0,0,0,0,0,0,0,0,0,13500000,10.0,"Cleveland, Ohio",Akron,0,Midwest (US),
5714,4625,Stratdaddy,Dwayne Johnson V,Dwayne,Johnson V,56.0,active,,2025-06-10 17:50:58,,Wide Receiver,Possession Receiver,,,,40,50,-10,0,0,50,0,0,0,0,0,0,0,0,0,0,7000000,40.0,Dominican Republic ,Notre Dame,0,World,
5713,4623,Silentkill,Moe Monee,Moe,Monee,56.0,active,,2025-06-10 17:38:12,,Tight End,Possession TE,,,DSFL,65,72,-7,0,0,81,0,0,0,0,0,0,0,0,0,0,8200000,44.0,Omaha,University of Nebraska,0,West (US),
5712,4622,tjk2fp,James Simm,James,Simm,56.0,active,,2025-06-10 17:33:10,,Defensive End,Speed Rusher,,,DSFL,62,77,-15,0,0,77,0,0,0,0,0,0,0,0,0,0,7000000,99.0,"Green Bay, Wisconsin",University of Virginia,0,Midwest (US),
5711,4624,HolyKnightJeanne,Luna Moon,Luna,Moon,56.0,active,,2025-06-10 17:32:41,,Cornerback,Slot Corner,,,,40,50,-10,0,0,50,0,0,0,0,0,0,0,0,0,0,7000000,31.0,Munich Germany ,LSU,0,EuroCan,
5710,4619,KickinBucket,Hunter Northwood,Hunter,Northwood,56.0,active,,2025-06-10 17:20:12,,Linebacker,Pass Rusher,,,DSFL,120,150,-30,0,0,150,0,0,0,0,0,0,0,0,0,0,2300000,27.0,"Toledo, Ohio",University of Toledo,0,Midwest (US),
5709,4621,boycec55,Brock Rockwell,Brock,Rockwell,56.0,active,,2025-06-10 16:50:40,,Linebacker,Versatile LB,,,DSFL,184,220,-36,0,0,229,0,0,0,0,0,0,0,0,0,0,8200000,55.0,"Oswego, NY",Syracuse,0,Northeast (US),
5708,4620,Amaziah,Sam Waymon,Sam,Waymon,56.0,active,active,2025-06-10 16:40:34,,Kicker,Power,COL,MIN,ISFL,762,690,72,0,0,920,0,0,0,0,8,0,0,0,2,3,3357875,2.0,"Memphis, TN",Rhodes College,0,Southeast (US),
5707,4618,Quitolis,Drew Winemaker,Drew,Winemaker,56.0,active,active,2025-06-10 16:37:54,,Cornerback,Physical Corner,COL,POR,ISFL,1326,1295,31,0,0,1577,0,0,0,30,8,0,0,0,0,0,61953860,22.0,Vermont,CONN,0,Northeast (US),Athlete;Competitor;Perceptive;PressCorner;RoleModel
5706,4616,xrTForces,Pete Keltrops,Pete,Keltrops,56.0,active,,2025-06-10 15:18:52,,Cornerback,Cover Corner,,,,293,250,43,0,0,366,0,0,0,0,0,0,0,0,0,0,9600000,22.0,South Korea,Pitt,0,APAC,
5705,4614,ak1knight,Alex Knight,Alex,Knight,56.0,active,,2025-06-10 14:47:23,,Safety,Ball Hawk,,,,64,74,-10,0,0,79,0,0,0,0,0,0,0,0,0,0,9100000,13.0,Salt Lake City,Utah,0,Southwest (US),
5704,4612,Walksinwoods,Jasper Arndt,Jasper,Arndt,56.0,active,,2025-06-10 14:06:12,,Running Back,Power Back,,,DSFL,80,89,-9,0,0,100,0,0,0,0,0,0,0,0,0,0,10260000,23.0,"Palmyra, Pa",Penn State,0,Northeast (US),
5703,4611,ChiefBast,Kenrith Kristalonso,Kenrith,Kristalonso,56.0,active,,2025-06-10 13:46:51,,Offensive Lineman,Athletic Lineman,NYS,KCC,ISFL,359,357,2,0,0,448,1,0,0,0,0,0,0,0,0,0,2700000,77.0,"Liverpool, UK",Notre Dame,0,EuroCan,
5702,3020,jaypc8237,Alejandro Alonso,Alejandro,Alonso,56.0,active,active,2025-06-10 11:21:26,,Quarterback,Field General,SAR,POR,ISFL,1202,1160,42,0,0,1460,0,0,0,0,8,0,0,0,0,0,1451548,73.0,"Barcelona, Spain",Michigan,0,EuroCan,GameManager
5701,4607,Jimmy Taylor,Jimmy Taylor,Jimmy,Taylor,56.0,active,,2025-06-09 18:20:59,,Safety,Enforcer,,,,64,79,-15,0,0,80,0,0,0,0,0,0,0,0,0,0,5100000,24.0,"Hamilton, Ohio",Ohio State,0,Midwest (US),
5700,1999,WildfireMicro,Joey Miller,Joey,Miller,56.0,retired,,2025-06-09 11:45:46,2026-03-23 16:46:39,Defensive Tackle,Nose Tackle,,POR,,887,885,2,0,0,887,1,0,0,0,0,0,0,0,0,0,15289037,45.0,Cincinnati Ohio,LSU,0,Midwest (US),BullRusher
5699,4606,gracieblais,Mercedes Lambrogini,Mercedes,Lambrogini,56.0,active,active,2025-06-08 15:16:44,,Defensive Tackle,Nose Tackle,COL,BBB,ISFL,1186,1180,6,0,0,1402,0,0,0,30,8,0,0,0,0,0,50462000,23.0,"Jasper, AL",Jefferson State,4480,APAC,BullRusher;Competitor;Perceptive;SpeedRusher
5698,3140,Nathan,Marquees Acho III,Marquees,Acho III,56.0,retired,active,2025-06-07 21:41:12,2026-09-05 17:59:34,Offensive Lineman,Mauler,HON,TIJ,ISFL,590,580,10,0,0,726,1,0,0,0,0,0,0,0,0,0,92116825,50.0,"Massachusetts, United States",Syracuse,0,Northeast (US),
5697,2637,MMFLEX,Drew McPewPewPew Jr,Drew,McPewPewPew Jr,56.0,active,active,2025-06-07 15:02:39,,Quarterback,Field General,OCO,KCC,ISFL,1306,1260,46,0,0,1552,0,0,0,30,8,0,0,0,0,0,73541521,3.0,"Los Angeles, CA",UCLA,0,West (US),Athlete;GameManager;RoleModel
5696,2196,r0tzbua,Canada Goose,Canada,Goose,56.0,active,active,2025-06-07 13:09:20,,Offensive Lineman,Mauler,BAL,TIJ,ISFL,1081,1030,51,0,0,1308,0,0,0,0,8,0,0,0,0,0,14555360,66.0,"Sudbury, ON",Sudbury Community College,0,EuroCan,
5695,4605,Deuce2400,Daunte Terry,Daunte,Terry,56.0,active,,2025-06-07 04:13:58,,Wide Receiver,Speed Receiver,,,,40,50,-10,0,0,50,0,0,0,0,0,0,0,0,0,0,7000000,4.0,"San Diego, CA",Florida ,0,West (US),
5694,3793,homercrates,1234567890 Creakis,1234567890,Creakis,56.0,active,active,2025-06-06 23:12:54,,Offensive Lineman,Athletic Lineman,YKW,KCC,ISFL,1272,1110,162,150,0,1502,1,0,0,30,8,0,0,0,2,5,132314412,11.0,The Moon,no college stupid,0,World,TenaciousBlocker
5693,798,Shaggy28,CJ Henderson,CJ,Henderson,56.0,banned,,2025-05-30 23:47:12,,Tight End,Vertical Threat,,,,358,250,108,0,0,358,0,0,0,0,0,0,0,0,0,0,22175000,82.0,Colorado,Colorado University ,0,,
5692,3804,lock180,Blimblob Smorgusborg,Blimblob,Smorgusborg,56.0,active,active,2025-05-30 19:21:47,,Cornerback,Physical Corner,OSK,LON,ISFL,1264,1260,4,0,0,1499,1,0,0,30,8,0,0,0,0,0,415399416,7.0,"Hollywood, CA",Harvard (Elementary),0,West (US),Athlete;Competitor;Perceptive;PressCorner;RoleModel
5691,4602,thewildhog,Hog Wilder,Hog,Wilder,56.0,active,,2025-05-28 20:05:14,,Wide Receiver,Speed Receiver,,,DSFL,40,50,-10,0,0,50,0,0,0,0,0,0,0,0,0,0,7000000,12.0,"Kingston, Ontario",Queen's University,3743,EuroCan,
5690,4601,Rodger Goodell,Demo Player,Demo,Player,,denied,,2025-05-27 22:33:03,,Tight End,Vertical Threat,,,,50,50,0,0,0,50,0,0,0,0,0,0,0,0,0,0,1000000,8.0,"Jamestown, ny ",Washington and Jefferson college ,,,
5689,153,enigmatic,Alessandro Mutombo,Alessandro,Mutombo,56.0,active,,2025-05-27 19:01:19,,Offensive Lineman,Mauler,COL,NOR,ISFL,825,824,1,0,0,1031,0,0,0,0,0,0,0,0,0,0,54367240,11.0,"Cagliari, Italy",Temple,2050,EuroCan,
5688,4600,Chig Bungus,Chig Bungus,Chig,Bungus,56.0,active,,2025-05-27 13:14:35,,Offensive Lineman,Balanced Lineman,,,DSFL,87,108,-21,0,0,108,0,0,0,0,0,0,0,0,0,0,4300000,17.0,Vatican City,ASU,3743,EuroCan,
5687,4599,Decalk,Eustice Babycakes,Eustice,Babycakes,56.0,active,,2025-05-27 13:09:37,,Tight End,Vertical Threat,,,DSFL,111,138,-27,0,0,138,0,0,0,0,0,0,0,0,0,0,5500000,17.0,Iowa,Middlebury,3743,Midwest (US),
5686,4598,bnhershy,Jean Sauvé,Jean,Sauvé,56.0,active,,2025-05-27 13:03:39,,Kicker,Accurate,,,DSFL,80,50,30,0,0,100,0,0,0,0,0,0,0,0,0,0,5150000,17.0,Montreal,UdeM,3743,EuroCan,
5685,3620,AriaEXE,Cynthia Clair,Cynthia,Clair,56.0,active,,2025-05-26 16:52:24,,Offensive Lineman,Mauler,AUS,NOR,ISFL,628,627,1,0,0,784,0,0,0,0,0,0,0,0,0,0,12019989,60.0,"Speedway, IN, USA",University of Indianapolis,,Midwest (US),
5684,1236,Frostbite,Silas Santana,Silas,Santana,56.0,active,active,2025-05-26 01:57:57,,Cornerback,Physical Corner,AUS,TIJ,ISFL,1275,1245,30,0,0,1514,0,0,0,30,8,0,0,0,0,0,6976573,24.0,Atlanta,Florida State University ,,Southeast (US),Athlete;Competitor;Perceptive;PressCorner
5683,3765,Allstar20890,Corey Coleman,Corey,Coleman,56.0,active,active,2025-05-25 17:39:09,,Wide Receiver,Speed Receiver,COL,NOR,ISFL,849,840,9,0,0,1033,0,0,0,0,8,0,0,0,0,0,36950000,19.0,"Dallas, Texas",Baylor,4206,Southwest (US),
5682,4597,DivogoJota,Shnitzel Radda,Shnitzel,Radda,56.0,active,active,2025-05-24 10:39:37,,Offensive Lineman,Athletic Lineman,AZ,BBB,ISFL,1301,1280,21,0,0,1591,0,0,0,0,8,0,0,0,0,0,11419493,1.0,"Hamburg, Germany",The Culinary Institute of America,3826,EuroCan,RoleModel;TenaciousBlocker
5681,4576,sliceruser,Alexandros Mograine,Alexandros,Mograine,56.0,active,active,2025-05-23 13:33:27,,Wide Receiver,Speed Receiver,BAL,POR,ISFL,1046,1045,1,0,0,1280,0,0,0,0,8,0,0,0,0,0,-423750,25.0,Toronto ON/Canada,Toronto,2490,EuroCan,Athlete;DeepThreat
5680,3172,Reedy0rNot,Archie Creakis,Archie,Creakis,56.0,active,,2025-05-22 19:02:00,,Offensive Lineman,Mauler,,TIJ,ISFL,372,396,-24,0,0,464,1,0,0,0,0,0,0,0,0,0,8142700,2.0,Unknown ,Annwn University ,3182,World,
5679,1594,ForSucksFake,Brick Tupp,Brick,Tupp,56.0,active,active,2025-05-22 17:09:11,,Offensive Lineman,Mauler,BFB,LON,ISFL,853,833,20,0,0,1040,0,0,0,0,8,0,0,0,0,0,77010267,73.0,"Canton, Ohio",Yale,,Midwest (US),
5678,3844,captainsb,Steve's Lava Kaiju,Steve's,Lava Kaiju,56.0,active,active,2025-05-21 23:42:44,,Offensive Lineman,Mauler,OSK,DAL,ISFL,1287,1245,42,0,0,1577,0,0,0,0,8,0,0,0,0,0,-134913,78.0,"Midport Village, The Overlord",Midport Village College,,World,RoleModel;TenaciousBlocker
5677,3183,SmittyHextall,Carlin Creakis,Carlin,Creakis,56.0,active,,2025-05-21 12:50:33,,Safety,Enforcer,CTC,LON,ISFL,481,481,0,0,0,601,1,0,0,0,0,0,0,0,0,0,9761450,3.0,Anwnn,Anwnn Community College,,World,
5676,3567,TheRake,Brick Grabowski,Brick,Grabowski,56.0,active,active,2025-05-21 12:18:55,,Running Back,Power Back,NOLA,DAL,ISFL,1057,1050,7,0,0,1293,0,0,0,0,8,0,0,0,0,0,29638444,10.0,"Pittsburgh, Pennsylvania",Penn State,3172,Northeast (US),Athlete;RawTalent;ScatBack
5675,3182,soevil,Wyntir Creakis,Wyntir,Creakis,56.0,active,active,2025-05-21 11:46:18,,Cornerback,Physical Corner,HON,KCC,ISFL,1333,1295,38,0,0,1577,0,0,0,30,8,0,0,0,2,5,12254290,1.0,Unknown,Aincrad University,3172,World,Athlete;Competitor;Perceptive;PressCorner;RoleModel
5674,954,nickyvmlp,Big Strong,Big,Strong,56.0,active,,2025-05-21 01:36:48,,Defensive End,Power Rusher,CTC,DAL,ISFL,685,685,0,0,0,856,0,0,0,0,0,0,0,0,0,0,83535068,98.0,"Olympia, Washington",Pacific Lumberjack Academy,,West (US),BullRusher
5673,4596,Dame,Jackson Waters,Jackson,Waters,55.0,active,,2025-05-20 12:22:46,,Wide Receiver,Speed Receiver,,,DSFL,306,504,-198,0,0,507,1,0,0,0,0,0,0,0,0,0,4476830,13.0,Oregon,Oregon,3919,West (US),DeepThreat
5672,4584,Daleks,Rok Košir,Rok,Košir,56.0,active,active,2025-05-18 17:28:19,,Wide Receiver,Return Specialist,YKW,TIJ,ISFL,1192,1165,27,0,0,1460,0,0,0,0,8,0,0,0,0,0,25900000,2.0,Slovenia,University of Potica,Domffl and Tmoney6996,EuroCan,RoleModel
5671,4595,WhatAboutBigBob,Robert Bolig,Robert,Bolig,56.0,active,active,2025-05-18 11:12:27,,Defensive Tackle,All-Purpose DT,SJS,MIN,ISFL,431,428,3,0,0,519,0,0,0,0,8,0,0,0,0,0,2750000,78.0,"Lewistown, Pennsylvania",Penn State University,,Northeast (US),
5670,1643,ZootTX,Tex Richards,Tex,Richards,56.0,active,active,2025-05-16 08:02:03,,Linebacker,Pass Rusher,NOLA,DAL,ISFL,1345,1255,90,0,0,1592,0,0,0,30,8,0,0,0,2,5,245922010,54.0,"Amarillo, Texas",West Texas A&M,,Southwest (US),Athlete;RoleModel;SpeedRusher
5669,4594,K-dog,K Dog,K,Dog,,denied,,2025-05-15 22:55:17,,Wide Receiver,Possession Receiver,,,,50,50,0,0,0,50,0,0,0,0,0,0,0,0,0,0,1000000,1.0,the Pound ,THe Pound University ,,,
5668,1454,Vulfzilla,Colonel Panic,Colonel,Panic,56.0,active,active,2025-05-15 15:13:25,,Linebacker,Pass Rusher,BAL,NOR,ISFL,1063,1060,3,0,0,1297,1,0,0,0,8,0,0,0,0,0,7550150,11.0,"Louisville, KY",University of Kentucky,,Southeast (US),Athlete;SpeedRusher
5667,1609,Blasoon,Daud Ramza,Daud,Ramza,56.0,active,active,2025-05-15 12:08:03,,Safety,Center Fielder,SAR,POR,ISFL,1330,1295,35,0,0,1573,0,0,0,30,8,0,0,0,2,5,120416515,25.0,"Anaheim, CA",Washington,,West (US),Athlete;CenterFielder;Competitor;RoleModel
5666,363,loco,Big Bot Mk2,Big,Bot Mk2,55.0,retired,,2025-05-12 16:28:35,2026-09-05 12:31:05,Offensive Lineman,Mauler,,,,102,152,-50,0,0,170,0,0,0,0,0,0,0,0,0,0,37883750,10.0,Lab,Computer School ,363,World,
5665,4593,stxllar1,Jeremiah Mission,Jeremiah,Mission,55.0,active,,2025-05-12 08:20:16,,Linebacker,Versatile LB,,,ISFL,197,313,-116,0,0,327,0,0,0,0,0,0,0,0,0,0,3400000,14.0,"Hot Springs, Arkansas",University of North Texas ,,Southwest (US),
5664,4592,SamEagle76,Gyurn Vlommfeldt,Gyurn,Vlommfeldt,55.0,active,active,2025-05-09 11:21:10,,Linebacker,Pass Rusher,OSK,DAL,ISFL,1007,991,16,0,0,1389,0,0,0,30,8,0,0,0,0,0,10401100,42.0,"Ludington, MI",Western Michigan University,,Midwest (US),Athlete;SpeedRusher
5663,4591,KErmitThefrog,Kermit The frog,Kermit,The frog,,denied,,2025-05-08 10:48:25,,Wide Receiver,Possession Receiver,,,,50,50,0,0,0,50,0,0,0,0,0,0,0,0,0,0,1000000,12.0,pen,pit,,,
5662,4590,KingAC247,Austen Clark,Austen,Clark,55.0,retired,,2025-05-07 17:58:06,2026-09-05 12:31:05,Wide Receiver,Speed Receiver,,,,89,146,-57,0,0,147,0,0,0,0,0,0,0,0,0,0,1650000,7.0,Fairfield Iowa ,Iowa,,Midwest (US),
5661,4588,Im2Klutch,Daenerys Targaryen,Daenerys,Targaryen,55.0,active,active,2025-05-06 12:44:50,,Linebacker,Versatile LB,OSK,BBB,ISFL,768,768,0,0,0,1192,0,0,0,0,0,0,0,0,0,0,4142900,11.0,Burlington,Southern New Hampshire,3377,EuroCan,BullRusher
5660,4587,Lebron James,Lebron James,Lebron,James,55.0,retired,,2025-05-06 10:27:58,2026-09-05 12:31:05,Wide Receiver,Possession Receiver,,,,44,72,-28,0,0,72,0,0,0,0,0,0,0,0,0,0,1000000,23.0,Akron Ohio,St. Vincent-St. Mary High School,,Midwest (US),
5659,4586,Daveyboy17,Alex Stain,Alex,Stain,55.0,retired,,2025-05-04 21:55:49,2026-09-05 12:31:05,Defensive Tackle,Interior Rusher,,,,87,142,-55,0,0,144,0,0,0,0,0,0,0,0,0,0,8000000,17.0,America ,NIU,,World,
5658,3943,bigdolla,Reiner Braun,Reiner,Braun,55.0,active,,2025-05-04 20:19:27,,Defensive End,Power Rusher,,MIN,ISFL,174,290,-116,0,0,290,0,0,0,0,0,0,0,0,0,0,-600000,74.0,"Berlin, Germany",Penn State,,EuroCan,
5657,4585,jayteee3,Jay Tee,Jay,Tee,55.0,retired,,2025-05-04 15:57:05,2026-09-05 12:31:05,Running Back,Speed Back,,,,95,148,-53,0,0,157,0,0,0,0,0,0,0,0,0,0,0,3.0,San Diego,Miami,,West (US),
5656,2308,ToastCharger,Kilian Liam,Kilian,Liam,55.0,active,active,2025-05-03 12:47:49,,Defensive Tackle,Nose Tackle,BAL,KCC,ISFL,869,850,19,0,0,1231,1,0,0,0,8,0,0,0,0,0,24058123,83.0,Ireland,Notre Dame,4525,EuroCan,BullRusher;Competitor;SpeedRusher
5655,4583,Suckiest Sucker,JUST HOOFIT,JUST,HOOFIT,55.0,retired,,2025-05-03 09:44:48,2025-06-08 00:08:45,Kicker,Power,,,,134,130,4,0,0,134,0,0,0,0,0,0,0,0,0,0,5100000,69.0,"Fairbanks, AK",Fairbanks,,,
5654,4582,rukamaru_,Yuta Akiyama,Yuta,Akiyama,55.0,retired,,2025-05-03 00:06:53,2026-09-05 12:31:05,Cornerback,Cover Corner,,,,32,50,-18,0,0,52,0,0,0,0,0,0,0,0,0,0,7000000,13.0,Kiyosato,Kansai,2423,APAC,
5653,26,Waters,Bingle Johnson,Bingle,Johnson,55.0,retired,,2025-05-02 21:36:14,2026-09-05 12:31:05,Wide Receiver,Speed Receiver,,,,49,76,-27,0,0,81,0,0,0,0,0,0,0,0,0,0,17918700,18.0,Montreal Quebec Canada,Concordia University,1266,EuroCan,
5652,2807,Jobin,Chork Nguyen,Chork,Nguyen,55.0,retired,,2025-05-01 16:25:23,2026-09-05 12:31:05,Defensive Tackle,Nose Tackle,,,,30,49,-19,0,0,50,0,0,0,0,0,0,0,0,0,0,13100000,5.0,"Gary, IN",Gary Community College,43,Midwest (US),
5651,1977,notorioustig,Mr. Tickles,Mr.,Tickles,55.0,active,,2025-05-01 16:01:47,,Offensive Lineman,Mauler,BAL,NOR,ISFL,288,288,0,0,0,478,1,0,0,0,0,0,0,0,0,0,9585600,94.0,International waters,University of American Samoa Law School,4520,World,
5650,4580,sytarah,Sharnaz Iqbal,Sharnaz,Iqbal,55.0,retired,,2025-05-01 13:56:26,2026-09-05 12:31:05,Tight End,Vertical Threat,,,,111,185,-74,0,0,185,0,0,0,0,0,0,0,0,0,0,12000000,87.0,"Ottawa, Canada",Ohio State University,4520,EuroCan,
5649,2423,SirBongo,Logan Renslow,Logan,Renslow,55.0,retired,,2025-04-30 23:31:00,2025-11-23 13:00:33,Safety,Enforcer,,DAL,,248,466,-218,0,0,474,0,0,0,0,0,0,0,0,0,0,7829550,22.0,"Eau Claire, Wisconsin",Carroll University,,Midwest (US),
5648,409,bluesfan55,Punto McKickerman VI,Punto,McKickerman VI,55.0,active,,2025-04-29 13:38:29,,Kicker,Accurate,OCO,TIJ,ISFL,381,381,0,0,0,634,0,0,0,0,0,0,0,0,0,0,17195780,15.0,"Voorhees Township, NJ",Rutgers,,Northeast (US),
5647,2818,LordEscanor,Smoke Moore,Smoke,Moore,55.0,active,,2025-04-29 09:48:11,,Linebacker,Versatile LB,BFB,TIJ,ISFL,387,387,0,0,0,645,1,0,0,0,0,0,0,0,0,0,7300530,7.0,Mississippi , University of Illinois Urbana-Champaign,,Southeast (US),
5646,1266,Gwdjohnson,John Chicken-Jockey,John,Chicken-Jockey,55.0,active,,2025-04-28 20:52:46,,Offensive Lineman,Athletic Lineman,NOLA,LON,ISFL,585,584,1,0,0,917,0,0,0,0,0,0,0,0,0,0,66201660,33.0,"Southlake, Texas",University of Texas,,Southwest (US),
5645,4579,Master Chef,Founding Father,Founding,Father,55.0,active,,2025-04-28 19:48:57,,Offensive Lineman,Mauler,,LON,ISFL,475,475,0,0,0,728,0,0,0,0,0,0,0,0,0,0,-1916667,16.0,America,Charleston,1875,World,
5644,4578,Nick Richardson 721,Nick Richardson,Nick,Richardson,55.0,retired,,2025-04-28 16:03:47,2026-09-05 12:31:05,Linebacker,Pass Rusher,,,,93,153,-60,0,0,153,0,0,0,0,0,0,0,0,0,0,2850000,13.0,St. Louis,Ohio State,,Southwest (US),
5643,1438,RotticusScott,Gunkst Shreeve,Gunkst,Shreeve,55.0,active,,2025-04-27 22:23:34,,Running Back,Speed Back,,,DSFL,324,515,-191,0,0,540,0,0,0,0,0,0,0,0,0,0,1615840,29.0,Maine,University of Maine,,Northeast (US),
5642,1511,Briedaqueduc,Tytus Gilley,Tytus,Gilley,55.0,active,active,2025-04-27 21:11:44,,Offensive Lineman,Athletic Lineman,HON,BBB,ISFL,793,792,1,0,0,1132,0,0,0,0,8,0,0,0,0,0,1832383,70.0,"Hamilton, Canada",Wisconsin,1266,EuroCan,
5641,43,Gooney,Buzz Lightjim,Buzz,Lightjim,55.0,retired,,2025-04-27 21:05:11,2026-09-05 12:31:05,Offensive Lineman,Athletic Lineman,,,,117,180,-63,0,0,194,0,0,0,0,0,0,0,0,0,0,1500000,99.0,Outer Space,UChineese,2332,World,
5640,2332,good_ole_kimmy,Connor Wojak,Connor,Wojak,55.0,active,,2025-04-27 21:05:09,,Offensive Lineman,Athletic Lineman,AZ,KCC,ISFL,413,412,1,0,0,687,0,0,0,0,0,0,0,0,0,0,14550050,70.0,Cincinnati,University of Cincinnati,,Midwest (US),
5639,2557,jackkmart,Boss Chud,Boss,Chud,55.0,active,,2025-04-27 20:46:26,,Offensive Lineman,Balanced Lineman,AUS,NOR,ISFL,453,452,1,0,0,735,0,0,0,0,0,0,0,0,0,0,215950,59.0,Jacksonville Beach,Jacksonville University,,Southeast (US),
5638,4577,Dhaldar,Danish Jain,Danish,Jain,55.0,active,,2025-04-24 14:34:49,,Wide Receiver,Slot Receiver,,,DSFL,195,250,-55,0,0,325,0,0,0,0,0,0,0,0,0,0,8826200,21.0,India,IIT,,APAC,
5637,3586,Sizz,Felix Fortuna,Felix,Fortuna,55.0,active,active,2025-04-24 03:49:42,,Defensive Tackle,Nose Tackle,HON,POR,ISFL,1124,1113,11,0,0,1549,0,0,0,30,8,0,0,0,2,5,4948321,99.0,Philadelphia ,Gang Green Uni,3126,Northeast (US),BullRusher;Competitor;Perceptive;SpeedRusher
5636,3161,BrettManJD,John Rex,John,Rex,55.0,active,,2025-04-21 12:21:17,,Linebacker,Versatile LB,OCO,TIJ,ISFL,315,315,0,0,0,526,0,0,0,0,0,0,0,0,0,0,2300000,47.0,"Omaha, NE",University of Nebraska-Omaha,,West (US),
5635,4575,Summerstood,Oopsie Wrongball,Oopsie,Wrongball,55.0,active,active,2025-04-20 06:51:25,,Linebacker,Versatile LB,HON,LON,ISFL,1047,1045,2,0,0,1535,0,0,0,0,8,0,0,0,2,0,85001120,28.0,"North Sentinel Island, India",Indian Institute of Accidental Sciences,3559,APAC,BullRusher;Competitor
5634,4574,BigfootXVI,Hefty Tank,Hefty,Tank,55.0,active,active,2025-04-18 14:14:57,,Offensive Lineman,Balanced Lineman,SAR,KCC,ISFL,325,324,1,0,0,473,0,0,0,0,8,0,0,0,0,0,50000,61.0,"Pennsylvania, United States",Penn State,,Northeast (US),
5633,4573,Redsolokupp,Hunter Smith,Hunter,Smith,55.0,retired,,2025-04-18 06:46:46,2026-09-05 12:31:05,Kicker,Power,,,,30,45,-15,0,0,50,0,0,0,0,0,0,0,0,0,0,8000000,42.0,"Palm Desert, California ",NAU,,West (US),
5632,2044,Fantobens,Teddy Fantobens,Teddy,Fantobens,55.0,active,,2025-04-17 18:25:32,,Defensive Tackle,Interior Rusher,NOLA,TIJ,ISFL,350,350,0,0,0,582,1,0,0,0,0,0,0,0,0,0,7200000,99.0,"Tampa, Florida",South Harmon Institute of Technology ,3985,Southeast (US),
5631,4571,stixvim,Obi-Wan Picknobi,Obi-Wan,Picknobi,55.0,active,active,2025-04-17 17:40:47,,Safety,Center Fielder,COL,MIN,ISFL,816,798,18,0,0,1274,0,0,0,0,8,0,0,0,0,0,9454150,31.0,"Wilson, NC",North Carolina State,4504,Southeast (US),CenterFielder;Competitor
5630,4570,Ltblackgrizzly,Steven Matthews,Steven,Matthews,55.0,active,active,2025-04-17 15:54:28,,Linebacker,Pass Rusher,HON,NOR,ISFL,1046,1045,1,0,0,1482,0,0,0,0,8,0,0,0,2,5,20464260,44.0,South Carolina,Clemson,,Southeast (US),Athlete;SpeedRusher
5629,4567,ColonelSaunders,Conner Beck,Conner,Beck,55.0,active,active,2025-04-16 11:30:46,,Cornerback,Cover Corner,BAL,LON,ISFL,1065,1047,18,0,0,1461,0,0,0,30,8,0,0,0,0,0,2460280,23.0,"Columbus, OH",Ohio State,4566,Midwest (US),Athlete;Competitor;Perceptive;ShutDownCorner
5628,4566,JohnFranklinKennedy,Richard Shoes,Richard,Shoes,55.0,active,,2025-04-16 10:36:47,,Cornerback,Cover Corner,,,DSFL,234,250,-16,0,0,388,0,0,0,0,0,0,0,0,0,0,10000000,72.0,Philadelphia,University of High Class Swag,,Northeast (US),
5627,4555,USCDani,Aaron Sterling,Aaron,Sterling,55.0,active,,2025-04-15 21:53:50,,Kicker,Accurate,,KCC,ISFL,206,330,-124,0,0,342,0,0,0,0,0,0,0,0,0,0,2105050,6.0,"Chicago, IL",USC,,Midwest (US),
5626,4562,theman8998,Colin Kelly,Colin,Kelly,55.0,retired,,2025-04-15 21:10:17,2026-09-05 12:31:05,Wide Receiver,Possession Receiver,,,,47,50,-3,0,0,77,0,0,0,0,0,0,0,0,0,0,6000000,80.0,Las Vegas,UNLV,,Southwest (US),
5625,4559,zanderhart21,Zander Hart,Zander,Hart,55.0,retired,,2025-04-15 16:57:35,2026-09-05 12:31:05,Wide Receiver,Speed Receiver,,,,59,97,-38,0,0,97,0,0,0,0,0,0,0,0,0,0,4950000,11.0,Deerfield Wi,Wisconsin,,Midwest (US),
5624,3944,CR225,Gumbo Trashman,Gumbo,Trashman,55.0,active,,2025-04-15 15:37:29,,Offensive Lineman,Athletic Lineman,BAL,NOR,ISFL,370,370,0,0,0,616,1,0,0,0,0,0,0,0,0,0,4072500,94.0,New Orleans,South Louisiana Community College,,Southwest (US),
5623,645,Mongoose87,Worf Moghson,Worf,Moghson,55.0,active,active,2025-04-15 12:27:54,,Safety,Ball Hawk,NOLA,BBB,ISFL,818,813,5,0,0,1189,0,0,0,0,8,0,0,0,0,0,4425550,9.0,Qo'noS,Starfleet Avademy,,World,Competitor;Perceptive
5622,4558,LuluAnum,Lay Zeph,Lay,Zeph,55.0,retired,,2025-04-15 11:49:50,2026-09-05 12:31:05,Tight End,Vertical Threat,,,,30,50,-20,0,0,50,0,0,0,0,0,0,0,0,0,0,7000000,12.0,"Broward County, Florida ",Keiser University,,Southwest (US),
5621,4557,merjanic,Zander Hilty,Zander,Hilty,55.0,retired,,2025-04-15 10:34:56,2026-09-05 12:31:05,Wide Receiver,Speed Receiver,,,,56,92,-36,0,0,92,0,0,0,0,0,0,0,0,0,0,5200000,88.0,Dallas,LSU,4206,Southwest (US),
5620,4556,Squid,Calvin Calamari,Calvin,Calamari,55.0,active,active,2025-04-15 09:24:14,,Wide Receiver,Speed Receiver,OSK,MIN,ISFL,852,852,0,0,0,1298,0,0,0,0,8,0,0,0,0,0,2312780,8.0,"Perth, Australia",LSU,,World,Athlete;DeepThreat
5619,4550,Mira_Linnea,Nathaniel Reed,Nathaniel,Reed,55.0,retired,,2025-04-15 01:02:13,2026-09-05 12:31:05,Wide Receiver,Possession Receiver,,,,30,50,-20,0,0,50,0,0,0,0,0,0,0,0,0,0,7500000,86.0,"Seattle, Washington",Iowa,4548,West (US),
5618,4554,Chinook,Anthony Hill,Anthony,Hill,55.0,retired,,2025-04-14 23:17:06,2026-09-05 12:31:05,Running Back,Speed Back,,,,46,76,-30,0,0,76,0,0,0,0,0,0,0,0,0,0,8000000,2.0,Bend oregon,Oregon,,West (US),
5617,3600,Weaves,Oliver Clozeoff,Oliver,Clozeoff,55.0,active,active,2025-04-14 22:46:10,,Wide Receiver,Speed Receiver,CTC,DAL,ISFL,861,857,4,0,0,1254,1,1,0,0,8,0,0,0,0,0,9095375,91.0,"Osaka, Japan",Tokyo Institute of Technology,3515,APAC,Athlete;DeepThreat
5616,1197,IsaStarcrossed,Kylo When,Kylo,When,55.0,active,active,2025-04-14 22:31:15,,Offensive Lineman,Mauler,COL,MIN,ISFL,609,592,17,0,0,990,1,0,0,0,8,0,0,0,0,0,269936954,1.0,Death Star,Tatooine,,World,
5615,4553,LilGainz901,Krish Gainz,Krish,Gainz,55.0,retired,,2025-04-14 22:23:05,2026-09-05 12:31:05,Running Back,Receiving Back,,,,130,191,-61,0,0,216,0,0,0,0,0,0,0,0,0,0,15460000,22.0,"Toronto, Canada",Texas,,EuroCan,
5614,3102,sathona,Vendetta -,Vendetta,-,55.0,active,active,2025-04-14 22:17:00,,Defensive Tackle,Nose Tackle,BFB,NOR,ISFL,371,369,2,0,0,538,0,0,0,30,8,0,0,0,0,0,-1057070,1.0,Corellia,Nerfherder University,,World,
5613,2102,SchwarzNarr,- Chewbacca,-,Chewbacca,55.0,retired,,2025-04-14 22:08:48,2025-05-24 13:36:01,Tight End,Blocking TE,,,,188,165,23,0,0,188,0,0,0,0,0,0,0,0,0,0,72140498,77.0,Kashyyyk,University of Michigan,1034,,
5612,1034,SDCore,Storm Trooper,Storm,Trooper,55.0,active,,2025-04-14 21:47:26,,Cornerback,Cover Corner,,NOR,ISFL,204,250,-46,0,0,339,0,0,0,0,0,0,0,0,0,0,22774990,1.0,Death Star,Death Star,,World,
5611,4551,SpartanGibbles,Trunk Gibbles,Trunk,Gibbles,55.0,active,active,2025-04-14 20:59:07,,Tight End,Possession TE,AUS,TIJ,ISFL,596,595,1,0,0,848,0,0,0,0,8,0,0,0,0,0,1638200,53.0,"Grand Rapids, MI",Lake Superior State University,1739,Midwest (US),
5610,4549,rainzyyy,Nico Ramsey,Nico,Ramsey,55.0,active,,2025-04-14 20:52:13,,Linebacker,Versatile LB,,,DSFL,156,250,-94,0,0,259,0,0,0,0,0,0,0,0,0,0,13350000,19.0,"Austin, TX",University of Miami,,Southwest (US),
5609,3875,SG_Vesuvius,Mo Ward,Mo,Ward,55.0,retired,,2025-04-14 19:39:29,2026-05-25 19:36:25,Defensive End,Power Rusher,,LON,ISFL,609,577,32,0,0,609,0,0,0,0,0,0,0,0,0,0,9300000,22.0,Dallas-Fort Worth,University of Houston,,Southwest (US),
5608,4548,SMFJ,Scott Justice,Scott,Justice,55.0,active,,2025-04-14 19:24:41,,Running Back,Receiving Back,,,,189,249,-60,0,0,315,0,0,0,0,0,0,0,0,0,0,2000000,19.0,"Roseville, Michigan",Michigan State,,Midwest (US),
5607,4547,JDub_55Real,Jay Dub,Jay,Dub,55.0,retired,,2025-04-14 19:10:58,2026-09-05 12:31:05,Tight End,Possession TE,,,,141,228,-87,0,0,235,0,0,0,0,0,0,0,0,0,0,2100000,12.0,Dallas,Texas,,Southwest (US),
5606,886,gucci,Rod Kimble,Rod,Kimble,55.0,active,active,2025-04-14 19:08:33,,Wide Receiver,Speed Receiver,COL,TIJ,ISFL,955,945,10,0,0,1447,0,0,0,0,8,0,0,0,0,0,3224939,33.0,"Tacoma, WA, USA",Walla Walla Community College,1875,West (US),Athlete;DeepThreat
5605,4546,uhnp,Alex Baudelaire,Alex,Baudelaire,55.0,active,active,2025-04-14 17:42:55,,Cornerback,Physical Corner,BAL,BBB,ISFL,1144,1140,4,0,0,1575,1,0,0,30,8,0,0,0,0,0,73877695,1.0,"Los Angeles, California",University of Southern California,,West (US),Athlete;Competitor;Perceptive;PressCorner
5604,4544,rrf_1,Ganymede Moon,Ganymede,Moon,55.0,active,active,2025-04-14 14:54:28,,Running Back,Power Back,SAR,TIJ,ISFL,1172,1140,32,0,0,1607,0,0,0,30,8,0,0,0,2,5,177951680,34.0,"Sitka, Alaska",Oregon,,APAC,Athlete;RawTalent;ScatBack
5603,4543,loaner,Art Emis,Art,Emis,55.0,retired,,2025-04-14 12:30:36,2026-09-05 12:31:05,Safety,Ball Hawk,,,,47,77,-30,0,0,77,0,0,0,0,0,0,0,0,0,0,7000000,1.0,Forsen,Forsen,,EuroCan,
5602,2414,Retuperkele,Rúben Ira,Rúben,Ira,55.0,active,,2025-04-14 08:20:20,,Wide Receiver,Speed Receiver,,KCC,ISFL,363,594,-231,0,0,607,0,0,0,0,0,0,0,0,0,0,6696160,30.0,Portugal,Idk,2224,EuroCan,
5601,207,Jiggly_333,Rachel Morimura,Rachel,Morimura,55.0,active,active,2025-04-13 03:44:36,,Running Back,Power Back,BFB,BBB,ISFL,747,745,2,0,0,1124,0,0,0,0,8,0,0,0,0,0,-152273,13.0,Chicago,DePaul University,,Midwest (US),Athlete;RawTalent
5600,4541,Roflstrike,Cornelius  Crosby,Cornelius ,Crosby,55.0,retired,,2025-04-12 13:16:36,2026-09-05 12:31:05,Linebacker,Versatile LB,,,,141,222,-81,0,0,233,0,0,0,0,0,0,0,0,0,0,6400000,68.0,Nebraska,UNL,,West (US),
5599,4540,wcowden,Gut McNair,Gut,McNair,55.0,retired,,2025-04-12 09:24:28,2026-09-05 12:31:05,Linebacker,Versatile LB,,,,44,50,-6,0,0,72,0,0,0,0,0,0,0,0,0,0,8000000,34.0,"Birmingham, AL",Alabama,,Southeast (US),
5598,4538,mt2sailor737,Blake Shuffleton,Blake,Shuffleton,55.0,retired,,2025-04-11 16:40:45,2026-09-05 12:31:05,Tight End,Possession TE,,,,30,50,-20,0,0,50,0,0,0,0,0,0,0,0,0,0,7000000,85.0,Iowa,US Naval Academy,,Midwest (US),
5597,4537,ariusae,Jordan Saint Ariusae,Jordan,Saint Ariusae,55.0,retired,,2025-04-11 13:31:12,2026-09-05 12:31:05,Defensive End,Power Rusher,,,,30,30,0,0,0,50,0,0,0,0,0,0,0,0,0,0,7000000,9.0,"Cardiff, Wales, UK",UNC,,EuroCan,
5596,4536,Popeye Jones,Popeye Jones,Popeye,Jones,55.0,retired,,2025-04-10 19:33:07,2026-09-05 12:31:05,Tight End,Vertical Threat,,,,63,103,-40,0,0,103,0,0,0,0,0,0,0,0,0,0,2250000,35.0,Prestonsburg ,University of Kentucky ,,Southeast (US),
5595,4535,Bullthorn,Christopher Miller,Christopher,Miller,55.0,retired,,2025-04-10 16:24:52,2026-09-05 12:31:05,Offensive Lineman,Athletic Lineman,,,,65,105,-40,0,0,107,0,0,0,0,0,0,0,0,0,0,6000000,77.0,"Cincinnati, OH",Miami (OH),3527,Midwest (US),
5594,4534,GourdofDirectors,Raheem Rozier,Raheem,Rozier,55.0,active,active,2025-04-10 16:23:33,,Safety,Enforcer,,POR,ISFL,327,327,0,0,0,497,1,0,0,0,8,0,0,0,0,0,500000,51.0,"Ottumwa, Iowa",University of Nebraska,3951,Midwest (US),
5593,4533,Oak,Lars Oaktree,Lars,Oaktree,55.0,active,,2025-04-10 15:33:16,,Safety,Center Fielder,OCO,DAL,ISFL,321,321,0,0,0,535,0,0,0,0,0,0,0,0,0,0,9953550,42.0,"Stockholm, Sweden",University of Michigan,,EuroCan,
5592,4531,Dman9417,Dalton Gross,Dalton,Gross,55.0,active,active,2025-04-10 15:17:48,,Wide Receiver,Speed Receiver,AZ,NOR,ISFL,1131,1130,1,0,0,1550,0,0,0,30,8,0,0,0,0,0,147527260,42.0,"Buffalo, NY",Michigan,,Northeast (US),Athlete;DeepThreat;RoleModel
5591,4530,bursleyjustice,Jesus Correa,Jesus,Correa,55.0,retired,,2025-04-10 14:02:18,2026-09-05 12:31:05,Defensive End,Speed Rusher,,,,114,187,-73,0,0,188,0,0,0,0,0,0,0,0,0,0,11000000,7.0,Ann Arbor,University of Michigan,,Midwest (US),
5590,4529,Gazebo The 1st,Pierogi Grubson,Pierogi,Grubson,55.0,retired,,2025-04-10 13:47:20,2026-09-05 12:31:05,Defensive Tackle,Nose Tackle,,,,70,116,-46,0,0,116,0,0,0,0,0,0,0,0,0,0,2450000,40.0,Paris (OH),The OSU,,Midwest (US),
5589,4526,speedy blurr,Speedy Blurr,Speedy,Blurr,55.0,retired,,2025-04-10 00:31:57,2026-09-05 12:31:05,Wide Receiver,Speed Receiver,,,,114,189,-75,0,0,190,0,0,0,0,0,0,0,0,0,0,11450000,2.0,"California,compton",Duke,,West (US),
5588,4525,lore,Scott Pilgrim,Scott,Pilgrim,55.0,active,,2025-04-10 00:29:54,,Running Back,Receiving Back,,KCC,ISFL,522,521,1,0,0,869,1,0,0,0,0,0,0,0,0,0,14300000,11.0,"Orangeville, ON",Naranja Academy,,EuroCan,ScatBack
5587,4520,aleks,Mega Man Battle Network,Mega Man,Battle Network,55.0,active,,2025-04-10 00:28:00,,Offensive Lineman,Athletic Lineman,YKW,BBB,ISFL,345,345,0,0,0,554,1,0,0,0,0,0,0,0,0,0,12134000,77.0,"Suva, Fiji",Fiji National University,,APAC,
5586,4515,Corncob_10,Ethan Cornish,Ethan,Cornish,55.0,retired,,2025-04-10 00:25:40,2026-09-05 12:31:05,Linebacker,Versatile LB,,,,128,212,-84,0,0,212,0,0,0,0,0,0,0,0,0,0,4000000,10.0,Australia,UCLA,,World,
5585,4512,yaboydae,DaLynn Turner,DaLynn,Turner,55.0,retired,,2025-04-10 00:18:56,2026-09-05 12:31:05,Wide Receiver,Possession Receiver,,,,30,50,-20,0,0,50,0,0,0,0,0,0,0,0,0,0,11000000,8.0,"Seattle, WA",Washington,,West (US),
5584,4514,BoogShlazetti,Stelio Kontos,Stelio,Kontos,55.0,retired,active,2025-04-10 00:15:37,2025-11-29 17:01:02,Safety,Enforcer,,,,222,220,2,0,0,222,0,0,0,0,0,0,0,0,0,0,5900000,21.0,Florida,Penn State,,Southeast (US),
5583,4524,ismat,Random Joe,Random,Joe,55.0,retired,active,2025-04-10 00:12:19,2026-09-05 15:15:09,Running Back,Receiving Back,,POR,ISFL,444,624,-180,0,0,725,0,0,0,0,0,0,0,0,0,0,497111000,64.0,"Seattle, WA",UW,,West (US),Athlete
5582,4519,Dash,Dash Jackson,Dash,Jackson,55.0,active,active,2025-04-10 00:08:53,,Wide Receiver,Speed Receiver,NYS,LON,ISFL,1157,1142,15,0,0,1609,0,0,0,30,8,0,0,0,0,0,33934837,88.0,"Boston, MA",Florida,,Northeast (US),Athlete;DeepThreat
5581,4518,DarthDaevin,Fuego Toro,Fuego,Toro,55.0,active,,2025-04-09 23:59:45,,Defensive End,Speed Rusher,OCO,LON,ISFL,369,369,0,0,0,614,1,0,0,0,0,0,0,0,0,0,10670000,42.0,"Dallas, TX",Tarrant County College,,Southwest (US),
5580,1851,.simo,Corey Worthington,Corey,Worthington,55.0,active,,2025-04-09 20:45:49,,Kicker,Accurate,AZ,LON,ISFL,403,395,8,0,0,652,0,0,0,0,0,0,0,0,0,0,16072223,2.0,Brisbane,Temple,,World,
5579,2987,micool132,Agnes McPiepe,Agnes,McPiepe,55.0,active,active,2025-04-09 20:45:49,,Safety,Center Fielder,AZ,NOR,ISFL,910,905,5,0,0,1350,0,0,0,0,8,0,0,0,0,0,11497200,96.0,Oregon,Rutgers University,,West (US),Athlete
5577,2342,Faelax,Emil Skovgaard,Emil,Skovgaard,55.0,retired,,2025-04-09 20:45:49,2026-09-05 12:31:05,Safety,Center Fielder,,,,69,106,-37,0,0,114,0,0,0,0,0,0,0,0,0,0,27403300,25.0,"Buffalo, New York, USA",Hawai'i at Manoa,,Northeast (US),
5576,3743,lemonoppy,Kim Minjeong,Kim,Minjeong,55.0,active,active,2025-04-09 20:45:49,,Running Back,Receiving Back,OSK,DAL,ISFL,1197,1195,2,0,0,1653,0,0,30,30,8,0,0,0,2,5,801316003,1.0,"Busan, South Korea",Ewha Womans University,,APAC,Athlete;RawTalent;ScatBack
5575,3830,OrangeJulius,Cold Brewlius,Cold,Brewlius,55.0,active,,2025-04-09 20:45:49,,Linebacker,Versatile LB,BFB,LON,ISFL,677,675,2,0,0,1071,0,0,0,0,0,0,0,0,0,0,129363576,11.0,"San Francisco, CA",CTC U,,West (US),
5574,3666,swoosh,Dino Nuggets Jr.,Dino,Nuggets Jr.,55.0,active,active,2025-04-09 20:45:49,,Running Back,Receiving Back,BAL,DAL,ISFL,1192,1055,137,134,0,1644,1,0,0,30,8,0,0,0,2,5,13934386,1.0,"Portland, Oregon",University of Oregon,,West (US),Athlete;RawTalent;ScatBack
5573,3538,jdc4654,Sir Shrek,Sir,Shrek,55.0,active,active,2025-04-09 20:45:49,,Defensive Tackle,Nose Tackle,AUS,NOR,ISFL,1012,1005,7,0,0,1361,0,0,50,30,8,0,0,0,0,0,57993039,94.0,"Loch Laggan, Scotland",University of Edinburgh,,EuroCan,BullRusher
5572,2737,Michiganonymous,Mobius Stripp,Mobius,Stripp,55.0,active,active,2025-04-09 20:45:49,,Defensive End,Speed Rusher,SAR,DAL,ISFL,920,920,0,0,0,1309,0,0,0,0,8,0,0,0,2,5,4747144,96.0,"Ithaca, NY",Cornell,,Northeast (US),SpeedRusher
5570,2976,ctots,Rusty Rags,Rusty,Rags,55.0,retired,active,2025-04-09 20:45:49,2026-09-08 12:27:32,Offensive Lineman,Athletic Lineman,OSK,MIN,ISFL,493,490,3,0,0,787,0,0,0,0,0,0,0,0,0,0,37905520,60.0,"Erlanger, KY",Oregon,,Southeast (US),
5569,1866,TheCC,Norlina Halfpillow,Norlina,Halfpillow,55.0,active,active,2025-04-09 20:45:49,,Linebacker,Pass Rusher,YKW,KCC,ISFL,1133,1125,8,0,0,1570,0,0,0,30,8,0,0,0,0,0,321788905,44.0,"Raleigh, NC",Notre Dame,,Southeast (US),Athlete;SpeedRusher
5568,3153,Charple,Blocked On Discord,Blocked,On Discord,55.0,active,active,2025-04-09 20:45:49,,Running Back,Fullback,CTC,NOR,ISFL,768,767,1,0,0,1129,1,0,0,30,8,0,0,0,0,0,8372650,44.0,"Seattle, WA",,,West (US),BlockingFB
5566,562,infinitempg,Wolfie McDummy III,Wolfie,McDummy III,55.0,active,active,2025-04-09 20:45:49,,Wide Receiver,Speed Receiver,BAL,DAL,ISFL,1110,1100,10,0,0,1549,0,0,0,30,8,0,0,0,0,0,1251369640,32.0,"Piscataway, NJ",Rutgers University,,Northeast (US),Athlete;DeepThreat
5565,1350,roastfuego,Flapjack McKringleShnoz,Flapjack,McKringleShnoz,55.0,active,,2025-04-09 20:45:49,,Wide Receiver,Possession Receiver,,KCC,ISFL,412,549,-137,0,0,664,0,0,0,0,0,0,0,0,0,0,19410608,86.0,Parts Unknown,,,World,
5562,3475,ThreeToeSloth,Slater Williamson,Slater,Williamson,55.0,active,active,2025-04-09 20:45:49,,Wide Receiver,Slot Receiver,SAR,POR,ISFL,978,975,3,0,0,1402,0,0,0,0,8,0,0,0,0,0,16413400,17.0,Rockhampton,Arizona State,,World,Athlete;SlotReceiver
5557,3133,Jaywe88,Financial Planning,Financial,Planning,55.0,retired,active,2025-04-09 20:45:49,2026-07-05 18:44:35,Linebacker,Coverage LB,,TIJ,ISFL,524,522,2,0,0,524,1,0,0,0,0,0,0,0,0,0,622206,41.0,Atlanta,Syracuse,,Southeast (US),
5556,3559,CROney3,Noa Yu II,Noa,Yu II,55.0,active,active,2025-04-09 20:45:49,,Quarterback,Field General,AZ,LON,ISFL,1189,1160,29,0,0,1648,0,0,0,30,8,0,0,0,0,0,704902207,3.0,"Osaka, Japan",THE No. U,,APAC,GameManager
5555,1661,Tesla,Princess Leia Organa,Princess,Leia Organa,55.0,active,active,2025-04-09 20:45:49,,Quarterback,Field General,COL,BBB,ISFL,1135,1134,1,0,0,1561,0,0,0,30,8,0,0,0,0,0,199341187,13.0,China,Penn State,,APAC,Athlete;GameManager
5554,3559,CROney3,Noa Yu,Noa,Yu,54.0,retired,active,2025-04-09 20:45:49,,Quarterback,Field General,,,,250,0,250,0,0,241,0,0,0,0,0,0,0,0,0,0,704902207,29.0,"Kyoto, Japan",Hawaii,,,
5553,4459,kas,Kas Jones,Kas,Jones,54.0,retired,,2025-04-09 20:45:49,2026-05-16 11:40:44,Wide Receiver,Speed Receiver,,,DSFL,40,50,-10,0,0,50,0,0,0,0,0,0,0,0,0,0,6000000,99.0,Antarctica,Michigan State,,World,
5552,3778,Triceracop,Bigman Blastoise,Bigman,Blastoise,54.0,retired,active,2025-04-09 20:45:49,2026-03-04 14:15:17,Safety,Ball Hawk,,LON,,1325,1305,20,0,0,1325,1,0,0,0,0,0,0,0,0,0,64364065,77.0,Pallet Town,Kanto University,,World,Athlete;Competitor;Perceptive;RoleModel
5551,1222,CLG Rampage,Wesley Orion,Wesley,Orion,54.0,active,active,2025-04-09 20:45:49,,Offensive Lineman,Athletic Lineman,HON,LON,ISFL,720,700,20,0,0,1353,0,0,0,0,8,0,0,0,2,0,37719714,44.0,"Manchester, New Hampshire",Harvard,,Northeast (US),
5550,4488,gareyakers,Garey Akers,Garey,Akers,54.0,retired,,2025-04-09 20:45:49,2026-05-16 11:40:44,Kicker,Accurate,,,DSFL,40,50,-10,0,0,50,0,0,0,0,0,0,0,0,0,0,5000000,29.0,"Albuquerque, New Mexico",Baylor,,Southwest (US),
5549,4501,GGGGGG,Jalen Carter,Jalen,Carter,54.0,retired,,2025-04-09 20:45:49,2026-05-16 11:40:44,Wide Receiver,Speed Receiver,,,DSFL,40,50,-10,0,0,50,0,0,0,0,0,0,0,0,0,0,7000000,99.0,"Houston, Texas",Texas A&M,,Southwest (US),
5548,4505,trillium,Timmins Pennymile,Timmins,Pennymile,54.0,retired,,2025-04-09 20:45:49,2026-05-16 11:40:44,Wide Receiver,Speed Receiver,,,DSFL,62,72,-10,0,0,77,0,0,0,0,0,0,0,0,0,0,8729900,75.0,"Toronto, Canada",University of Virginia,,EuroCan,
5547,1446,Reno,Wallace Big,Wallace,Big,54.0,retired,active,2025-04-09 20:45:49,2026-03-14 15:47:47,Offensive Lineman,Balanced Lineman,,LON,,921,905,16,0,0,921,0,0,0,0,0,0,0,0,0,0,12860455,13.0,"Boston, Massachusetts",University of Phoenix,,Northeast (US),
5546,4462,Southworth,Marc Southworth,Marc,Southworth,54.0,retired,,2025-04-09 20:45:49,2025-09-11 09:21:51,Cornerback,Cover Corner,,LON,,240,238,2,0,0,240,0,0,0,0,0,0,0,0,0,0,700000,24.0,Belleville,South Florida,,,
5545,3433,scudmuffin19,Pegme Amadeus,Pegme,Amadeus,54.0,active,active,2025-04-09 20:45:49,,Offensive Lineman,Mauler,HON,LON,ISFL,525,525,0,0,0,870,0,0,0,0,8,0,0,0,2,5,2730550,21.0,"Naboo, Austria",Cambridge,,EuroCan,
5544,4503,mirrorlake_cultivator,Minkah Polamalu,Minkah,Polamalu,54.0,retired,active,2025-04-09 20:45:49,2026-07-13 09:54:42,Safety,Center Fielder,,LON,ISFL,521,521,0,0,0,777,0,0,0,0,0,0,0,0,0,0,28410000,26.0,Pittsburgh,Pitt,,Northeast (US),
5543,4493,SolventPlanet,Xavier Ali,Xavier,Ali,54.0,retired,,2025-04-09 20:45:49,2026-05-16 11:40:44,Running Back,Speed Back,,,DSFL,40,50,-10,0,0,50,0,0,0,0,0,0,0,0,0,0,7100000,99.0,"Detroit, USA",MSU,,Midwest (US),
5541,3704,ADMsmith,Jack Michaels,Jack,Michaels,54.0,retired,,2025-04-09 20:45:49,2026-05-16 11:40:44,Defensive End,Speed Rusher,,,DSFL,100,123,-23,0,0,124,0,0,0,0,0,0,0,0,0,0,13300000,12.0,"Mansfield, Ohio",Akron,,Midwest (US),
5540,2589,Zephyrus1128,Zephyr Williams,Zephyr,Williams,54.0,retired,active,2025-04-09 20:45:49,2026-09-07 18:13:27,Linebacker,Coverage LB,OCO,DAL,ISFL,572,570,2,0,0,1178,0,0,0,0,8,0,0,0,0,0,27866095,8.0,"Byron Center, Michigan",Michigan State,,Midwest (US),
5539,4483,o1playz,Jauan Jennings,Jauan,Jennings,54.0,retired,active,2025-04-09 20:45:49,2026-05-30 22:05:17,Offensive Lineman,Athletic Lineman,,DAL,ISFL,429,415,14,0,0,521,1,0,0,0,0,0,0,0,0,0,75451750,95.0,"Cowan, Tennessee",Tennessee,,Southeast (US),
5538,2535,Exilate,Captain Checkdown,Captain,Checkdown,54.0,active,,2025-04-09 20:45:49,,Tight End,Possession TE,,DAL,ISFL,224,426,-202,0,0,532,0,0,0,0,0,0,0,0,0,0,49491165,88.0,"Jackson, MI",Ole Miss,,Midwest (US),
5537,4453,hillshavehats,Joshua Hunchak,Joshua,Hunchak,54.0,active,,2025-04-09 20:45:49,,Linebacker,Pass Rusher,,DAL,ISFL,372,530,-158,0,0,885,1,0,0,0,0,0,0,0,0,0,15506200,3.0,Lethbridge,University of Calgary,,EuroCan,
5536,2390,Seymour,Bean Beanman IV,Bean,Beanman IV,54.0,active,,2025-04-09 20:45:49,,Wide Receiver,Speed Receiver,,DAL,ISFL,490,699,-209,0,0,1164,0,0,0,0,0,0,0,0,0,0,19766370,11.0,"Toronto, Canada",Campbell University,,EuroCan,DeepThreat
5535,4471,Zac2211,Cameron Frier,Cameron,Frier,54.0,retired,,2025-04-09 20:45:49,2026-09-05 12:31:05,Defensive End,Speed Rusher,,,,147,280,-133,0,0,350,0,0,0,0,0,0,0,0,0,0,4600000,32.0,"Orlando, Florida",Florida State University,,Southeast (US),
5534,4478,PorgBoi,Max Ryder Colt,Max,Ryder Colt,54.0,retired,,2025-04-09 20:45:49,2025-10-02 23:24:52,Running Back,Receiving Back,,DAL,,250,517,-267,0,0,537,1,0,0,0,0,0,0,0,0,0,5782450,11.0,"Santa Fe, New Mexico",Stanford University,,,
5533,3931,jreed12,Drew LaChance,Drew,LaChance,54.0,active,active,2025-04-09 20:45:49,,Cornerback,Slot Corner,HON,,ISFL,827,825,2,0,0,1326,0,0,0,30,8,0,0,0,2,5,32742276,25.0,"Atlantic City, New Jersey",Cambridge School of Law,,Northeast (US),Perceptive
5532,4473,ScreenedFall59,Grant Wistrom,Grant,Wistrom,54.0,retired,,2025-04-09 20:45:49,2026-05-16 11:40:44,Defensive End,Power Rusher,,,DSFL,70,84,-14,0,0,87,0,0,0,0,0,0,0,0,0,0,13786000,65.0,"Joplin, MO",Nebraska,,Southwest (US),
5531,4500,LALLAREN_1,Rodwin Dionicio,Rodwin,Dionicio,54.0,retired,,2025-04-09 20:45:49,,Tight End,Vertical Threat,,,,80,50,30,0,0,80,0,0,0,0,0,0,0,0,0,0,10316650,21.0,Kalmar,Temple,,,
5530,4486,Derek knight,Derek Ward jr,Derek,Ward jr,54.0,active,active,2025-04-09 20:45:49,,Offensive Lineman,Mauler,,TIJ,ISFL,246,242,4,0,0,465,1,0,0,1,8,0,0,0,0,0,3550000,8.0,Californian,Michigan,,West (US),
5529,4489,Jojo_James_Legoat,High Wattage,High,Wattage,54.0,retired,,2025-04-09 20:45:49,2026-05-16 11:40:44,Wide Receiver,Possession Receiver,,,DSFL,40,50,-10,0,0,50,0,0,0,0,0,0,0,0,0,0,6000000,42.0,Italy,Wisconsin,,EuroCan,
5528,4487,hibiscuslacroix,Marc-Andre Lacroix,Marc-Andre,Lacroix,54.0,retired,,2025-04-09 20:45:49,2026-05-16 11:40:44,Defensive End,Power Rusher,,,DSFL,40,50,-10,0,0,50,0,0,0,0,0,0,0,0,0,0,6000000,8.0,New Orleans,LSU,,Southwest (US),
5527,4460,Birbboips4,Roberto Pierre,Roberto,Pierre,54.0,retired,,2025-04-09 20:45:49,2026-05-16 11:40:44,Tight End,Vertical Threat,,,DSFL,40,50,-10,0,0,50,0,0,0,0,0,0,0,0,0,0,5000000,34.0,New Jersey,Auburn,,Northeast (US),
5526,3636,Tylertokesome04,Charlie Kelly,Charlie,Kelly,54.0,active,active,2025-04-09 20:45:49,,Linebacker,Pass Rusher,BAL,TIJ,ISFL,566,566,0,0,0,1169,0,0,0,0,0,0,0,0,0,0,-1812920,0.0,"Philadelphia, PA",Philadelphia School of Bird Law,,Northeast (US),
5525,4451,pizzly,Pizzly Husk,Pizzly,Husk,54.0,active,,2025-04-09 20:45:49,,Cornerback,Slot Corner,,TIJ,ISFL,263,375,-112,0,0,624,0,0,0,0,0,0,0,0,0,0,7177590,14.0,Nebraska,Nebraska,,West (US),
5524,4481,Zag,Reno Vega,Reno,Vega,54.0,active,active,2025-04-09 20:45:49,,Cornerback,Physical Corner,OSK,TIJ,ISFL,935,935,0,0,0,1567,0,0,0,30,8,0,0,0,0,0,125268370,15.0,"Elko, Nevada",Notre Dame,,Southwest (US),Competitor;Perceptive
5523,4468,Shiamus,Oh Haewon,Oh,Haewon,54.0,active,active,2025-04-09 20:45:49,,Wide Receiver,Speed Receiver,AUS,TIJ,ISFL,702,701,1,0,0,1282,0,0,0,0,8,0,0,0,0,0,4924862,70.0,"Incheon, South Korea",Cal Poly: San Luis Obispo,,APAC,DeepThreat
5522,220,Muford,Forcing ToOsaka,Forcing,ToOsaka,54.0,active,,2025-04-09 20:45:49,,Quarterback,Field General,OSK,TIJ,ISFL,824,824,0,0,0,1588,0,0,0,0,0,0,0,0,0,0,45192618,17.0,"Chicago, IL",University of Chicago,,Midwest (US),
5521,4498,William2,William Cramer,William,Cramer,54.0,retired,,2025-04-09 20:45:49,2026-05-16 11:40:44,Offensive Lineman,Athletic Lineman,,,DSFL,58,72,-14,0,0,72,0,0,0,0,0,0,0,0,0,0,20600000,29.0,USA,Ohio State University,,World,
5520,4494,Samx,Pterodactyl Steve,Pterodactyl,Steve,54.0,retired,,2025-04-09 20:45:49,2026-05-16 11:40:44,Tight End,Blocking TE,,,DSFL,40,0,40,0,0,50,0,0,0,0,0,0,0,0,0,0,7000000,79.0,Finland,N/A,,EuroCan,
5519,4477,Gee2Grand,MJ Woodson,MJ,Woodson,54.0,retired,,2025-04-09 20:45:49,2026-05-16 11:40:44,Safety,Ball Hawk,,,DSFL,40,50,-10,0,0,50,0,0,0,0,0,0,0,0,0,0,7000000,12.0,Florida,Florida,,Southeast (US),
5518,4454,dannythegoat,Daniel Martin,Daniel,Martin,54.0,retired,,2025-04-09 20:45:49,2026-05-16 11:40:44,Offensive Lineman,Balanced Lineman,,,DSFL,46,50,-4,0,0,57,0,0,0,0,0,0,0,0,0,0,12100000,89.0,St,Texas A&M,,World,
5517,3678,Chicken Lips,Randy Beavers,Randy,Beavers,54.0,retired,active,2025-04-09 20:45:49,2026-09-17 10:24:51,Running Back,Receiving Back,,,ISFL,331,292,39,0,0,781,0,0,0,0,0,0,0,0,0,0,121925814,21.0,The Dam,Florida State University,,World,
5516,1163,Opera_Phantom,Jay Cue IV,Jay,Cue IV,54.0,active,active,2025-04-09 20:45:49,,Linebacker,Versatile LB,AZ,MIN,ISFL,937,920,17,0,0,1640,0,0,0,0,8,0,0,0,2,5,56142558,10.0,Portugal,Gustavus Adolphus College,,EuroCan,BullRusher
5515,4465,Griff,Griffin Stone,Griffin,Stone,54.0,active,active,2025-04-09 20:45:49,,Wide Receiver,Speed Receiver,HON,MIN,ISFL,981,981,0,0,0,1619,0,0,0,30,8,0,0,0,2,5,213834861,9.0,"Knoxville, TN",University of Tennessee,,Southeast (US),Athlete;DeepThreat
5514,3957,Daniel,Trevor Simian,Trevor,Simian,54.0,retired,active,2025-04-09 20:45:49,2026-08-13 16:21:20,Quarterback,Field General,,,ISFL,1152,1135,17,0,0,1581,0,0,0,0,0,0,0,0,0,0,236338000,6.0,Monkey,Pittsburg State University,,World,GameManager
5513,3826,Tmoney6996,LMoney Pickarelli,LMoney,Pickarelli,54.0,retired,active,2025-04-09 20:45:49,2026-04-12 13:55:16,Safety,Center Fielder,,MIN,,218,1295,-1077,0,0,1518,0,0,0,0,0,0,0,0,0,0,330531111,36.0,"Relic Castle, Unova",Unova University,,World,Athlete;CenterFielder;Competitor;RoleModel
5512,4504,Nol15736,Max Payne,Max,Payne,54.0,retired,active,2025-04-09 20:45:49,2026-09-05 15:10:22,Defensive Tackle,Nose Tackle,OSK,MIN,ISFL,888,888,0,0,0,1582,0,0,0,0,0,0,0,0,0,0,86724640,99.0,"Pittsburgh, PA",Princeton,,Northeast (US),BullRusher;SpeedRusher
5511,3951,Jackienape,Ms. Frizzle,Ms.,Frizzle,54.0,active,active,2025-04-09 20:45:49,,Tight End,Possession TE,BFB,MIN,ISFL,762,755,7,0,0,1427,1,0,0,0,8,0,0,0,0,0,159556492,69.0,PBS,Walkerville College,,World,
5510,1739,Thor,Zamir Kehla III,Zamir,Kehla III,54.0,active,active,2025-04-09 20:45:49,,Cornerback,Physical Corner,SAR,NOR,ISFL,960,960,0,0,0,1602,0,0,0,30,8,0,0,0,0,0,317484323,27.0,"Austin, TX",UNC,,Southwest (US),Athlete;Competitor;Perceptive;PressCorner
5509,3751,bernardhibou,Vlad The Inhaler,Vlad,The Inhaler,54.0,active,active,2025-04-09 20:45:49,,Linebacker,Versatile LB,AZ,NOR,ISFL,884,884,0,0,0,1417,0,0,45,30,8,0,0,0,2,5,255059375,76.0,Transylvania,Cluj-Napoca Collegiate,,EuroCan,
5508,2688,oilmandan,Laramie Rose,Laramie,Rose,54.0,active,active,2025-04-09 20:45:49,,Linebacker,Coverage LB,HON,NOR,ISFL,799,785,14,0,0,1576,0,0,0,0,8,0,0,0,0,0,54701826,4.0,"Calgary, Alberta",SAIT,,EuroCan,Competitor;Perceptive
5507,4133,FatherOf4our,Christian Johnson,Christian,Johnson,54.0,retired,,2025-04-09 20:45:49,2026-05-16 11:40:44,Defensive Tackle,Interior Rusher,,,DSFL,94,116,-22,0,0,117,0,0,0,0,0,0,0,0,0,0,0,9.0,"Lexington, KY",Western Kentucky University,,Southeast (US),
5506,723,AW13,Axel Bradley,Axel,Bradley,54.0,retired,active,2025-04-09 20:45:49,2025-10-06 23:37:19,Wide Receiver,Return Specialist,,,,250,250,0,0,0,355,0,0,0,0,0,0,0,0,0,0,7089381,12.0,"Eagle Mountain, UT",BYU,,,
5505,3870,Dynamicmlb_42,Spock McEatMyDust,Spock,McEatMyDust,54.0,retired,active,2025-04-09 20:45:49,2025-09-04 21:26:52,Running Back,Receiving Back,,,,250,250,0,0,0,382,0,0,0,0,0,0,0,0,0,0,2786000,1.0,San Francisco,Starfleet Academy,,,
5504,4464,BigToe,Kenny Powers,Kenny,Powers,54.0,retired,,2025-04-09 20:45:49,2026-05-16 11:40:44,Tight End,Vertical Threat,,,DSFL,40,50,-10,0,0,50,0,0,0,0,0,0,0,0,0,0,6000000,24.0,"Green Bag, WI",Florida,,Midwest (US),
5503,25,RavensFanFromOntario,Druss Delnoch,Druss,Delnoch,54.0,retired,,2025-04-09 20:45:49,2026-05-16 11:40:44,Wide Receiver,Possession Receiver,,,DSFL,40,50,-10,0,0,50,0,0,0,0,0,0,0,0,0,0,14902966,63.0,Drenan,San Jose State,,World,
5502,4461,Zamrael,Caleb Alexander,Caleb,Alexander,54.0,retired,,2025-04-09 20:45:49,2026-05-16 11:40:44,Cornerback,Physical Corner,,,DSFL,40,50,-10,0,0,50,0,0,0,0,0,0,0,0,0,0,7000000,8.0,Tampa Florida,USC,,Southeast (US),
5501,4497,Kermit the frog,Kermit the frog,Kermit,the frog,54.0,retired,,2025-04-09 20:45:49,,Wide Receiver,Possession Receiver,,,,50,0,50,0,0,50,0,0,0,0,0,0,0,0,0,0,2600000,8.0,Hopewell pa,Pittsburgh,,,
5500,4457,Dakota.B,Mike Honcho,Mike,Honcho,54.0,retired,,2025-04-09 20:45:49,2026-05-16 11:40:44,Running Back,Speed Back,,,DSFL,116,144,-28,0,0,145,0,0,0,0,0,0,0,0,0,0,6800000,32.0,Oroville,WSU,,West (US),
5499,4476,TooSweet,Francisco Villalona,Francisco,Villalona,54.0,active,active,2025-04-09 20:45:49,,Cornerback,Physical Corner,BFB,POR,ISFL,694,694,0,0,0,1414,1,0,0,0,0,0,0,0,0,0,18845380,29.0,"Roswell, New Mexico",UCLA,,Southwest (US),
5498,4475,Hawkeye,Adam Vittori,Adam,Vittori,54.0,active,active,2025-04-09 20:45:49,,Kicker,Power,YKW,POR,ISFL,530,514,16,0,0,998,0,0,0,0,8,0,0,0,0,0,27476190,24.0,"Salem, Indiana",Indiana,,Midwest (US),
5497,4492,Casey,Hawk DeBeau,Hawk,DeBeau,54.0,active,active,2025-04-09 20:45:49,,Running Back,Power Back,YKW,POR,ISFL,953,952,1,0,0,1595,0,0,0,30,8,0,0,0,0,0,65441317,20.0,"Tucson, Arizona",Arizona State,,Southwest (US),RawTalent;RoleModel;ScatBack
5496,2272,itztimg,Bryan Jones,Bryan,Jones,54.0,active,active,2025-04-09 20:45:49,,Linebacker,Versatile LB,BFB,POR,ISFL,873,865,8,0,0,1434,0,0,0,30,8,0,0,0,0,0,76995220,95.0,"Minneapolis, MN",Minnesota,,Midwest (US),BullRusher;Competitor;RoleModel
5495,1257,Hallmonitor_20,Honorary Uce,Honorary,Uce,54.0,active,,2025-04-09 20:45:49,,Linebacker,Versatile LB,,POR,ISFL,198,376,-178,0,0,470,1,0,0,0,0,0,0,0,0,0,11409593,5.0,"Davenport, IA",Southern University,,Midwest (US),
5494,4467,Seany148,Artemis Claire Ozolina,Artemis,Claire Ozolina,54.0,active,active,2025-04-09 20:45:49,,Running Back,Fullback,OSK,,ISFL,441,441,0,0,0,972,0,0,0,0,0,0,0,0,0,0,3670200,24.0,"Rīga, Latvia",University of Alabama,,EuroCan,BlockingFB
5493,950,ValorX77,Videl Valor,Videl,Valor,54.0,retired,active,2025-04-09 20:45:49,2026-09-06 17:48:24,Wide Receiver,Speed Receiver,SAR,KCC,ISFL,909,907,2,0,0,1595,1,0,0,0,8,0,0,0,0,0,671610608,66.0,"Baltimore, MD",Penn State,,Northeast (US),
5492,3671,somecoach,Spice Gardner,Spice,Gardner,54.0,retired,,2025-04-09 20:45:49,,Cornerback,Cover Corner,,,,250,250,0,0,0,202,0,0,0,0,0,0,0,0,0,0,52590500,13.0,"Detroit, Michigan",Cincinnati,,,
5491,4466,Raf_TML,Athena Mackenzie,Athena,Mackenzie,54.0,active,active,2025-04-09 20:45:49,,Kicker,Accurate,NOLA,KCC,ISFL,736,690,46,0,0,1355,0,0,0,30,8,0,0,0,0,0,36689730,88.0,"Lesbos, Greece",Michigan State,,EuroCan,
5490,4452,rainyday0_0,Tex King,Tex,King,54.0,retired,,2025-04-09 20:45:49,2026-05-16 11:40:44,Running Back,Power Back,,,DSFL,40,50,-10,0,0,50,0,0,0,0,0,0,0,0,0,0,8000000,95.0,Utah,University of Utah,,Southwest (US),
5489,4491,Michael,Manni Maulwurf,Manni,Maulwurf,54.0,retired,,2025-04-09 20:45:49,2026-05-16 11:40:44,Offensive Lineman,Mauler,,,DSFL,40,50,-10,0,0,50,0,0,0,0,0,0,0,0,0,0,7000000,2.0,Bäcker,Kindertagesstätte Kleine Zappelzwerge,,EuroCan,
5488,4470,dj_doubledos_22,DJ Hayes,DJ,Hayes,54.0,retired,,2025-04-09 20:45:49,2026-07-11 11:29:19,Safety,Ball Hawk,,,,128,212,-84,0,0,212,0,0,0,0,0,0,0,0,0,0,-1850000,22.0,"Baton Rouge, LA",LSU,,Southwest (US),
5487,4511,MichkovSzn,Dan Smith,Dan,Smith,54.0,retired,active,2025-04-09 20:45:49,2026-07-28 14:56:24,Offensive Lineman,Mauler,,KCC,ISFL,291,291,0,0,0,460,0,0,0,0,0,0,0,0,0,0,6500000,78.0,Wyoming,Oklahoma State,,West (US),
5486,4456,JECarp23,Grog Strongjaw,Grog,Strongjaw,54.0,retired,,2025-04-09 20:45:49,2026-05-16 11:40:44,Defensive Tackle,Interior Rusher,,,DSFL,80,84,-4,0,0,99,0,0,0,0,0,0,0,0,0,0,4000000,3.0,Westrun,Braving Grounds University,,World,
5485,3203,Aford9910,Aaron Ford JR,Aaron,Ford JR,54.0,active,,2025-04-09 20:45:49,,Offensive Lineman,Mauler,NOLA,KCC,ISFL,268,267,1,0,0,567,1,0,0,0,0,0,0,0,0,0,-770750,73.0,"Dallas,TX",Oklahoma ,,Southwest (US),
5484,4482,CaptClutch381,Bobby Bocher,Bobby,Bocher,54.0,retired,,2025-04-09 20:45:49,2026-05-16 11:40:44,Safety,Center Fielder,,,DSFL,40,50,-10,0,0,50,0,0,0,0,0,0,0,0,0,0,7000000,97.0,Louisiana,South Central Louisiana State,,Southwest (US),
5483,3516,jollyjiggs,Bonkers Disco,Bonkers,Disco,54.0,retired,,2025-04-09 20:45:49,2026-07-11 11:29:19,Defensive End,Run Stuffer,,,DSFL,121,200,-79,0,0,201,0,0,0,0,0,0,0,0,0,0,12287914,20.0,"Miami, FL",Simulation Football Commnity College,,Southwest (US),
5482,4496,Disdain4jerry,Javon Briskett,Javon,Briskett,54.0,retired,,2025-04-09 20:45:49,2026-05-16 11:40:44,Running Back,Power Back,,,DSFL,112,140,-28,0,0,140,0,0,0,0,0,0,0,0,0,0,7000000,12.0,"Allen, Texas",Texas,,Southwest (US),
5481,4463,princejeremiah,Willom hill,Willom,hill,54.0,active,,2025-04-09 20:45:49,,Offensive Lineman,Athletic Lineman,,BBB,ISFL,334,469,-135,0,0,709,1,0,0,0,0,0,0,0,0,0,3000000,95.0,from a football,Football,,World,
5480,4508,Kewl,Dawson Jackson,Dawson,Jackson,54.0,active,,2025-04-09 20:45:49,,Kicker,Power,,BBB,ISFL,179,339,-160,0,0,431,0,0,0,0,0,0,0,0,0,0,4350000,13.0,"Tampa Bay, Florida",Missouri,,Southeast (US),
5479,1426,jeffie43,Park Sujin,Park,Sujin,54.0,active,,2025-04-09 20:45:49,,Cornerback,Cover Corner,OCO,BBB,ISFL,390,390,0,0,0,927,0,0,0,0,0,0,0,0,0,0,13083003,24.0,"Toronto, ON",Florida State University,,EuroCan,
5478,4474,Viking8712,Maxx Baker,Maxx,Baker,54.0,retired,,2025-04-09 20:45:49,2025-10-15 09:40:46,Cornerback,Physical Corner,,BBB,,250,250,0,0,0,398,0,0,0,0,0,0,0,0,0,0,8182000,29.0,"Huntsville, Canada",Queen's University,,,
5477,3800,JoeSteel,Multiliki Waialiki,Multiliki,Waialiki,54.0,retired,active,2025-04-09 20:45:49,2026-08-18 08:20:19,Linebacker,Pass Rusher,,BBB,ISFL,556,545,11,0,0,788,1,0,0,0,0,0,0,0,0,0,33630189,33.0,"Chongqing, China",University of Georgia,,APAC,
5476,4455,robstien,Faramir Took,Faramir,Took,54.0,active,,2025-04-09 20:45:49,,Safety,Ball Hawk,HON,BBB,ISFL,479,470,9,0,0,1007,1,0,0,0,0,0,0,0,0,0,4982550,78.0,Ohio,Michigan,,Midwest (US),
5475,3316,CeeKay,La'induh Trenches,La'induh,Trenches,54.0,active,,2025-04-09 20:45:49,,Safety,Center Fielder,,BBB,ISFL,217,309,-92,0,0,516,0,0,0,0,0,0,0,0,0,0,130227631,10.0,"Gretna, Louisiana",Notre Dame,,Southwest (US),
5474,4480,CowboyBlender,Rick Diggersbee,Rick,Diggersbee,54.0,active,active,2025-04-09 20:45:49,,Offensive Lineman,Athletic Lineman,BFB,BBB,ISFL,922,921,1,0,0,1529,1,0,0,30,8,0,0,0,0,0,300475900,65.0,"McAllen, Texas",Vanderbilt Univrsity,,Southwest (US),RoleModel;TenaciousBlocker
5473,4509,Drake_Maye,Drake Maye,Drake,Maye,54.0,retired,,2025-04-09 20:45:49,2026-07-11 11:29:19,Wide Receiver,Speed Receiver,,,DSFL,132,220,-88,0,0,220,0,0,0,0,0,0,0,0,0,0,13838000,10.0,"Raleigh, NC",UNC,,Southeast (US),
5472,2694,Twinsfan87,Jeremy Harrison,Jeremy,Harrison,54.0,retired,,2025-04-09 20:45:49,2026-05-16 11:40:44,Kicker,Accurate,,,DSFL,104,75,29,0,0,129,0,0,0,0,0,0,0,0,0,0,20758200,18.0,Detroit,LSU,,Midwest (US),
5471,4479,Monkee9084,Brian Burton,Brian,Burton,54.0,retired,,2025-04-09 20:45:49,,Safety,Center Fielder,,,,50,0,50,0,0,79,0,0,0,0,0,0,0,0,0,0,10200000,21.0,"Portland, Maine",Rutgers,,,
5470,4507,Benshad,Bush Bobby,Bush,Bobby,54.0,retired,,2025-04-09 20:45:49,,Wide Receiver,Speed Receiver,,,,50,0,50,0,0,50,0,0,0,0,0,0,0,0,0,0,6200000,9.0,Fort worth,USC,,,
5469,3377,Eric Belmont,Raw Cheese Mcpickle Jr.,Raw Cheese,Mcpickle Jr.,53.0,retired,,2025-04-09 20:45:49,2026-05-07 04:52:40,Wide Receiver,Slot Receiver,COL,LON,,446,444,2,0,0,555,0,0,0,0,0,0,0,0,0,0,3600000,1.0,"Dublin, Ireland",Notre Dame,,EuroCan,
5468,2730,CptGoosar,Adolin Suresan,Adolin,Suresan,53.0,retired,,2025-04-09 20:45:49,2026-07-11 11:29:19,Running Back,Speed Back,,,,129,250,-121,0,0,305,0,0,0,0,0,0,0,0,0,0,41962093,18.0,Ithaca,SMU,,Northeast (US),
5467,2166,Kotasa,Gerry Atrick,Gerry,Atrick,53.0,active,active,2025-04-09 20:45:49,,Offensive Lineman,Athletic Lineman,AZ,LON,ISFL,402,402,0,0,0,1122,0,0,0,0,8,0,0,0,0,0,151189380,65.0,"DeKalb, Illinois",Northern Illinois University,,Midwest (US),
5466,1592,mithrandir,Bear Witten,Bear,Witten,53.0,retired,,2025-04-09 20:45:49,2026-08-28 06:41:11,Offensive Lineman,Athletic Lineman,,DAL,ISFL,508,499,9,0,0,986,0,0,0,0,0,0,0,0,0,0,5540681,54.0,"Jackson, Wyoming",University of Wyoming,,West (US),
5465,2592,bowl0,Ban Hammer,Ban,Hammer,53.0,active,active,2025-04-09 20:45:49,,Running Back,Receiving Back,HON,TIJ,ISFL,657,657,0,0,0,1518,0,0,0,30,8,0,0,0,0,0,445044525,42.0,Virginia,Old Dominion University,,Southeast (US),ScatBack
5464,3606,Ultimatedestroye,Riptide Hurricane,Riptide,Hurricane,53.0,retired,active,2025-04-09 20:45:49,2026-05-01 11:18:39,Linebacker,Versatile LB,NOLA,TIJ,,497,485,12,0,0,606,0,0,0,0,0,0,0,0,0,0,30017335,51.0,Atlanta,Georgia Tech,,Southeast (US),
5463,2101,Skindog44,Ezra Torrent,Ezra,Torrent,53.0,active,active,2025-04-09 20:45:49,,Wide Receiver,Speed Receiver,OCO,MIN,ISFL,404,395,9,0,0,1357,0,0,0,0,8,0,0,0,0,0,1727332,97.0,San Jose,Wisconsin,,West (US),DeepThreat
5462,1919,SnowyWolfz,Garcia Bear,Garcia,Bear,53.0,retired,,2025-04-09 20:45:49,2026-07-11 11:29:19,Safety,Center Fielder,,,,138,234,-96,0,0,326,0,0,0,0,0,0,0,0,0,0,8555760,99.0,North Pole,Garlic State University,,World,
5461,4326,Stylon,Stylon Grissom,Stylon,Grissom,53.0,retired,,2025-04-09 20:45:49,2026-05-16 11:40:44,Wide Receiver,Speed Receiver,,,DSFL,57,93,-36,0,0,94,0,0,0,0,0,0,0,0,0,0,4500000,98.0,Memphis,Tennessee,,Southeast (US),
5460,3880,Coachsj35,Phantom Ghost,Phantom,Ghost,53.0,retired,active,2025-04-09 20:45:49,2026-09-07 17:34:25,Linebacker,Versatile LB,BFB,MIN,ISFL,393,393,0,0,0,1087,0,0,0,0,0,0,0,0,0,0,7375800,52.0,"Johnsonville, Texas",Texas,,Southwest (US),
5459,2474,shrub02,Shrub Adub,Shrub,Adub,53.0,active,,2025-04-09 20:45:49,,Offensive Lineman,Mauler,,NOR,ISFL,215,358,-143,0,0,851,1,0,0,0,0,0,0,0,0,0,15217718,7.0,"Winslow, Arizona",University of Arizona,,Southwest (US),
5458,4394,Pyro182,Kevin Kirkpatrick,Kevin,Kirkpatrick,53.0,active,active,2025-04-09 20:45:49,,Linebacker,Pass Rusher,CTC,NOR,ISFL,323,313,10,0,0,767,0,0,0,0,8,0,0,0,0,0,1170000,18.0,"Louisville, Kentucky",Indiana State,,Southeast (US),
5457,186,RainDelay,Aurelius Brooks,Aurelius,Brooks,53.0,active,,2025-04-09 20:45:49,,Wide Receiver,Speed Receiver,OCO,NOR,ISFL,335,335,0,0,0,1253,0,0,0,0,0,0,0,0,0,0,19093902,8.0,"Conway, SC",Coastal Carolina ,,Southeast (US),DeepThreat
5456,4449,DJ_Fire_Dragon,CJ Foley,CJ,Foley,53.0,retired,,2025-04-09 20:45:49,2026-05-16 11:40:44,Wide Receiver,Speed Receiver,,,DSFL,60,96,-36,0,0,99,0,0,0,0,0,0,0,0,0,0,12500000,30.0,"Dartmouth, NS",Florida,,EuroCan,
5455,1098,Lowlycrib,Tyron Brackenridge III,Tyron,Brackenridge III,53.0,active,active,2025-04-09 20:45:49,,Linebacker,Versatile LB,BAL,POR,ISFL,546,545,1,0,0,1315,0,0,0,0,8,0,0,0,0,0,3466477,12.0,"Toronto, Canada",University Of Maryland,,EuroCan,BullRusher
5454,4392,hhh81,Ryama D. Yugo,Ryama,D. Yugo,53.0,active,active,2025-04-09 20:45:49,,Linebacker,Versatile LB,COL,KCC,ISFL,557,550,7,0,0,1305,1,0,0,0,8,0,0,0,0,0,8525144,43.0,The New World,Rutgers,3919,World,
5453,3757,RobJG2,Dwayne Swanson,Dwayne,Swanson,53.0,retired,active,2025-04-09 20:45:49,2026-02-25 21:47:54,Cornerback,Cover Corner,,KCC,,299,1320,-1021,0,0,1508,0,0,0,0,0,0,0,0,0,0,219139550,2.0,"Missoula, Montana",Wisconsin,,West (US),Athlete;Competitor;Perceptive;RoleModel;ShutDownCorner
5452,2902,Will3,Inigo Sudworth,Inigo,Sudworth,53.0,retired,,2025-04-09 20:45:49,2026-05-16 11:40:44,Tight End,Possession TE,,,DSFL,90,120,-30,0,0,150,0,0,0,0,0,0,0,0,0,0,29500000,33.0,"Texas, United States",Texas,,Southwest (US),
5451,4400,CodeK29,Chucky McDavid,Chucky,McDavid,53.0,retired,,2025-04-09 20:45:49,2026-07-11 11:29:19,Running Back,Receiving Back,,,DSFL,130,245,-115,0,0,307,0,0,0,0,0,0,0,0,0,0,15750000,21.0,"Madison, WI",Wisconsin,,Midwest (US),
5450,3626,Jason Kranz,Xantheliu Vornschpültz,Xantheliu,Vornschpültz,53.0,retired,,2025-04-09 20:45:49,2026-09-05 12:31:05,Linebacker,Pass Rusher,,,,98,250,-152,0,0,384,0,0,0,0,0,0,0,0,0,0,13000000,7.0,Germany,Franciscan University of Steubenville,,EuroCan,
5449,2890,Bubba,Thorfinn Vinland,Thorfinn,Vinland,53.0,retired,active,2025-04-09 20:45:49,2026-09-06 15:18:02,Offensive Lineman,Mauler,BFB,BBB,ISFL,514,514,0,0,0,1517,1,0,0,0,0,0,0,0,0,0,35646847,39.0,"Eugene, OR",Oregon,,West (US),
5448,2198,GuitarMaster116,GM Mellott,GM,Mellott,53.0,retired,active,2025-04-09 20:45:49,2026-08-26 16:49:37,Running Back,Receiving Back,,BBB,ISFL,812,790,22,0,0,1486,1,0,0,0,0,0,0,0,0,0,12147840,25.0,"Front Royal, VA",JMU,,Southeast (US),Athlete
5447,2395,kmatt,Ivan Ivanov Jr,Ivan,Ivanov Jr,53.0,retired,,2025-04-09 20:45:49,2026-05-16 11:40:44,Offensive Lineman,Balanced Lineman,,,DSFL,132,175,-43,0,0,220,0,0,0,0,0,0,0,0,0,0,9253210,14.0,Osaka,Tennessee,,APAC,
5446,3021,rickymartin_irl,Kicky Martin,Kicky,Martin,53.0,retired,active,2025-04-09 20:45:49,2026-09-18 19:33:00,Kicker,Accurate,HON,,ISFL,351,335,16,0,0,884,0,0,0,0,8,0,0,0,0,0,2550000,89.0,Puerto Kicko,Kickigan State,,World,
5445,2080,MobiausGrander,Zero Escape,Zero,Escape,53.0,retired,active,2025-04-09 20:45:49,2026-07-11 23:25:46,Safety,Ball Hawk,,,ISFL,692,692,0,0,0,1372,0,0,0,0,0,0,0,0,0,0,23163524,57.0,"Miami, FL",Florida,,Southeast (US),Athlete;Competitor;Perceptive
5444,294,manicmav36,Football Catcherman,Football,Catcherman,53.0,active,active,2025-04-09 20:45:49,,Wide Receiver,Speed Receiver,,,ISFL,382,620,-238,0,0,1258,0,0,0,0,0,0,0,0,0,0,6920793,13.0,"Why, Arizona, USA",Delaware,,Southwest (US),DeepThreat
5443,3711,DoubleDub,Line Man,Line,Man,53.0,retired,,2025-04-09 20:45:49,2026-07-11 11:29:19,Offensive Lineman,Mauler,,,ISFL,145,206,-61,0,0,342,0,0,0,0,0,0,0,0,0,0,9809708,99.0,Moline,OLU,,Midwest (US),
5442,402,JuOSu,Tom Turbo,Tom,Turbo,53.0,active,active,2025-04-09 20:45:49,,Running Back,Receiving Back,BFB,,ISFL,594,580,14,0,0,1546,0,0,0,0,8,0,0,0,0,0,-977735,97.0,"Vienna, Austria",Vienna,,EuroCan,
5441,4439,vinball,Larry Bagina,Larry,Bagina,53.0,retired,,2025-04-09 20:45:49,,Cornerback,Cover Corner,,,,50,0,50,0,0,50,0,0,0,0,0,0,0,0,0,0,1000000,24.0,"Denver, CO",University of Kansas,,,
5440,4391,Ksksm,Jakari Wright,Jakari,Wright,53.0,retired,,2025-04-09 20:45:49,,Safety,Ball Hawk,,,,50,0,50,0,0,50,0,0,0,0,0,0,0,0,0,0,6000000,7.0,"Atlanta, Georgia",UGA,,,
5439,4438,Jagg102,R2D2 WAAAAAAAAAAAAA,R2D2,WAAAAAAAAAAAAA,53.0,retired,,2025-04-09 20:45:49,,Defensive End,Speed Rusher,,,,50,0,50,0,0,50,0,0,0,0,0,0,0,0,0,0,6300000,77.0,Naboo,Harvard,,,
5438,4424,Jojjixx,Jo Jo,Jo,Jo,53.0,retired,,2025-04-09 20:45:49,,Running Back,Speed Back,,,,50,0,50,0,0,50,0,0,0,0,0,0,0,0,0,0,7000000,2.0,Manchester,Penn State,,,
5437,4186,Anthony8139,Trey Stover,Trey,Stover,53.0,retired,active,2025-04-09 20:45:49,,Running Back,Power Back,,,,50,0,50,0,0,200,0,0,0,0,0,0,0,0,0,0,706600,24.0,Pearland,LSU,,,
5436,4440,eshak2,Ibo Eshak,Ibo,Eshak,53.0,retired,,2025-04-09 20:45:49,,Cornerback,Cover Corner,,,,50,0,50,0,0,50,0,0,0,0,0,0,0,0,0,0,7000000,22.0,"San Francisco, CA",Vermont,,,
5435,4388,LaVini rondo,Vini Rondo,Vini,Rondo,53.0,retired,,2025-04-09 20:45:49,,Wide Receiver,Possession Receiver,,,,50,0,50,0,0,50,0,0,0,0,0,0,0,0,0,0,6700000,1.0,"São Paulo, Brazil",Florida Gators,,,
5434,4389,0oofy,Dimer Dillon,Dimer,Dillon,53.0,retired,,2025-04-09 20:45:49,,Offensive Lineman,Athletic Lineman,,,,50,0,50,0,0,50,0,0,0,0,0,0,0,0,0,0,7300000,15.0,Wilmington,Georgia,,,
5433,4390,Krokaine,Timmy Tingus,Timmy,Tingus,53.0,retired,,2025-04-09 20:45:49,,Linebacker,Pass Rusher,,,,50,0,50,0,0,72,0,0,0,0,0,0,0,0,0,0,7100000,41.0,Rock Springs. Wyoming,Coastal Carolina,,,
5432,4393,footballman321,kevin Karaisnksi,kevin,Karaisnksi,53.0,retired,,2025-04-09 20:45:49,,Wide Receiver,Speed Receiver,,,,50,0,50,0,0,50,0,0,0,0,0,0,0,0,0,0,0,33.0,"Hopewell, pa",penn state,,,
5431,4448,Gary_S,Gary Subuild,Gary,Subuild,53.0,retired,,2025-04-09 20:45:49,,Linebacker,Pass Rusher,,,,50,0,50,0,0,50,0,0,0,0,0,0,0,0,0,0,500000,95.0,Madagascar,Mizzou,,,
5430,3943,bigdolla,Vincent Martinez,Vincent,Martinez,53.0,retired,,2025-04-09 20:45:49,,Cornerback,Cover Corner,,,,50,0,50,0,0,107,0,0,0,0,0,0,0,0,0,0,-600000,28.0,Canada,Penn State,,,
5429,4423,Firehavoc,Earl Pumpkins,Earl,Pumpkins,53.0,retired,,2025-04-09 20:45:49,,Offensive Lineman,Athletic Lineman,SJS,,,50,0,50,0,0,75,0,0,0,0,0,0,0,0,0,0,10500000,66.0,"Mesa, AZ",Texas Tech,,,
5428,4402,MrMonkey131,Connor Pike,Connor,Pike,53.0,retired,,2025-04-09 20:45:49,,Wide Receiver,Speed Receiver,,,,50,0,50,0,0,50,0,0,0,0,0,0,0,0,0,0,6200000,8.0,"Cape Cod, MA",Western Kentucky,,,
5427,4399,Trubuckifan,BUMBO BONKORSKI,BUMBO,BONKORSKI,53.0,retired,,2025-04-09 20:45:49,,Defensive Tackle,Nose Tackle,,,,50,0,50,0,0,50,0,0,0,0,0,0,0,0,0,0,7000000,99.0,PARTS UNKOWN,None,,,
5426,4396,Taco,Richard Powers,Richard,Powers,53.0,retired,,2025-04-09 20:45:49,,Defensive End,Nose Tackle DT,,,,50,0,50,0,0,54,0,0,0,0,0,0,0,0,0,0,7000000,4.0,"Simi Valley, Ca",Michigan,,,
5425,4395,Badgermordakin,Ulysses Nixons,Ulysses,Nixons,53.0,retired,,2025-04-09 20:45:49,,Safety,Ball Hawk,,,,50,0,50,0,0,57,0,0,0,0,0,0,0,0,0,0,8000000,31.0,Chicago,University of Illinois,,,
5424,4398,Hetoxy,Amby Ratfish,Amby,Ratfish,53.0,retired,,2025-04-09 20:45:49,,Safety,Enforcer,,,,50,0,50,0,0,50,0,0,0,0,0,0,0,0,0,0,5100000,4.0,"Bellingham, WA",Western Washington University,,,
5423,4447,Oatex,Alex Bridges,Alex,Bridges,53.0,retired,,2025-04-09 20:45:49,,Running Back,Receiving Back,,,,50,0,50,0,0,77,0,0,0,0,0,0,0,0,0,0,6000000,5.0,United States,University of North Carolina,,,
5422,4368,mystictoejam,Isaac Fuse,Isaac,Fuse,52.0,retired,,2025-04-09 20:45:49,2026-07-11 11:29:19,Wide Receiver,Possession Receiver,,,DSFL,148,467,-319,0,0,583,0,0,0,0,0,0,0,0,0,0,37965000,9.0,"Los Angeles, CA",Mizzou,,West (US),
5421,4342,Butteryicarus,Shiyun Lin,Shiyun,Lin,52.0,retired,,2025-04-09 20:45:49,2026-05-16 11:40:44,Running Back,Receiving Back,,,DSFL,114,250,-136,0,0,269,0,0,0,0,0,0,0,0,0,0,22200000,95.0,"Guanying, Eryuan County, Yunnan, People",National University of Singapore,,APAC,
5420,2838,Trempale,Da'Truest Rusha,Da'Truest,Rusha,52.0,retired,,2025-04-09 20:45:49,2026-07-11 11:29:19,Offensive Lineman,Balanced Lineman,,,ISFL,106,176,-70,0,0,417,0,0,0,0,0,0,0,0,0,0,24105151,52.0,Munich,South Dakota State,,EuroCan,
5419,4167,SonOfCar,Shakir Hodges-Allen,Shakir,Hodges-Allen,52.0,retired,,2025-04-09 20:45:49,2026-01-24 13:46:02,Wide Receiver,Speed Receiver,,MIN,,724,724,0,0,0,902,0,0,0,0,0,0,0,0,0,0,7406285,5.0,"Fort Wayne, IN",Indiana,,Midwest (US),
5418,4351,McScootie,Justin Time,Justin,Time,52.0,retired,,2025-04-09 20:45:49,2025-12-03 15:04:59,Offensive Lineman,Mauler,,,,250,168,82,0,0,285,1,0,0,0,0,0,0,0,0,0,2500000,87.0,"Toronto, Ontario, Canada",University of Toronto,,EuroCan,
5417,3453,Hydrium,Magical Liopleurodon,Magical,Liopleurodon,52.0,retired,,2025-04-09 20:45:49,2026-07-11 11:29:19,Safety,Ball Hawk,,,DSFL,101,249,-148,0,0,396,0,0,0,0,0,0,0,0,0,0,9350001,4.0,Candy Mountain,Candy Mountain University,,World,
5416,3457,McGriddy10,Brady SonKisser,Brady,SonKisser,52.0,retired,active,2025-04-09 20:45:49,2026-05-12 16:47:39,Cornerback,Cover Corner,,KCC,,771,759,12,0,0,1135,0,0,0,0,0,0,0,0,0,0,19069490,9.0,"Austin, Texas",University of Arizona,,Southwest (US),ShutDownCorner
5415,4359,Flamingmedal,Bamba Jamin,Bamba,Jamin,52.0,retired,,2025-04-09 20:45:49,2026-07-11 11:29:19,Linebacker,Versatile LB,,,ISFL,105,248,-143,0,0,414,0,0,0,0,0,0,0,0,0,0,8600000,89.0,"Bay City, Michigan",Michigan State,,Midwest (US),
5414,399,Bayley,Wilson Goatobert,Wilson,Goatobert,52.0,retired,active,2025-04-09 20:45:49,2026-08-17 21:21:08,Running Back,Receiving Back,,KCC,ISFL,705,661,44,0,0,1586,1,0,0,0,0,0,0,0,0,0,178823307,8.0,Tottenham Hotspur Stadium,James Madison University,,EuroCan,ScatBack
5413,2855,Lowkey,Mo Love,Mo,Love,52.0,active,,2025-04-09 20:45:49,,Wide Receiver,Speed Receiver,,KCC,ISFL,155,515,-360,0,0,1223,0,0,0,0,0,0,0,0,0,0,22800000,70.0,"Philadelphia, Pennsylvania",Penn State,,Northeast (US),
5412,4386,Aze2sleepy,George Mcmaster,George,Mcmaster,52.0,retired,,2025-04-09 20:45:49,2026-05-16 11:40:44,Cornerback,Physical Corner,,,DSFL,120,249,-129,0,0,285,0,0,0,0,0,0,0,0,0,0,10990800,99.0,Calgary,Army,,EuroCan,
5411,33,ckroyal92,Tackle Merchant™,Tackle,Merchant™,52.0,retired,active,2025-04-09 20:45:49,2026-08-21 14:58:03,Safety,Center Fielder,,,ISFL,679,678,1,0,0,1531,0,0,0,0,0,0,0,0,0,0,197648400,34.0,"Wyomissing, PA",The House of Hope,,Northeast (US),
5410,4362,GUCCI_BO,Zen Olson,Zen,Olson,52.0,retired,,2025-04-09 20:45:49,2026-07-11 11:29:19,Cornerback,Cover Corner,,,,126,400,-274,0,0,500,0,0,0,0,0,0,0,0,0,0,12385000,21.0,Washington D,James Madison,,Northeast (US),Competitor
5409,2565,Urq660,Bjarni Hjalmarsson,Bjarni,Hjalmarsson,52.0,retired,,2025-04-09 20:45:49,2026-09-01 11:16:47,Defensive Tackle,Nose Tackle,,,ISFL,648,614,34,0,0,1479,0,0,0,0,0,0,0,0,0,0,47834036,92.0,"Reykjavik, Iceland",OSU,,EuroCan,BullRusher;SpeedRusher
5408,3919,amjohnson636,Joseph Coolio,Joseph,Coolio,52.0,active,active,2025-04-09 20:45:49,,Running Back,Receiving Back,OCO,,ISFL,309,305,4,0,0,1439,1,0,0,0,8,0,0,0,0,0,16188761,4.0,"Kumamoto, Japan",UCONN,,APAC,
5407,3408,Starchychaff,Dan Bacle,Dan,Bacle,52.0,retired,active,2025-04-09 20:45:49,2025-09-08 20:39:04,Offensive Lineman,Athletic Lineman,,,,250,439,-189,0,0,443,0,0,0,0,0,0,0,0,0,0,10473100,80.0,"New York, New York",Syracuse,,,
5406,4364,dannuic,Jerald Chuprig,Jerald,Chuprig,52.0,active,,2025-04-09 20:45:49,,Safety,Center Fielder,OCO,,ISFL,297,297,0,0,0,1394,0,0,0,0,0,0,0,0,0,0,38760868,33.0,"Topeka, KS",Hawai'i at Manoa,,Southwest (US),Athlete
5405,4354,Breeze837,Demar Harris,Demar,Harris,52.0,retired,,2025-04-09 20:45:49,2026-09-05 12:31:05,Cornerback,Physical Corner,,,,131,258,-127,0,0,889,1,0,0,0,0,0,0,0,0,0,15414000,18.0,East Lansing,Louisiana,,Midwest (US),
5404,3745,Crazytomato,Crazy Tomato II,Crazy,Tomato II,52.0,retired,,2025-04-09 20:45:49,2026-03-21 16:26:19,Wide Receiver,Speed Receiver,BFB,,,611,610,1,0,0,916,0,0,0,0,0,0,0,0,0,0,1295687,71.0,Vancouver,UBC,,EuroCan,
5403,613,cpetrella,Brian Schwabl,Brian,Schwabl,52.0,retired,,2025-04-09 20:45:49,2026-07-11 11:29:19,Running Back,Receiving Back,,,ISFL,129,214,-85,0,0,508,0,0,0,0,0,0,0,0,0,0,8024872,96.0,Rhode Island,Rhode Island,,Northeast (US),
5402,3490,baz,Count Sevem,Count,Sevem,52.0,retired,active,2025-04-09 20:45:49,2026-07-11 23:25:46,Safety,Center Fielder,,,ISFL,543,543,0,0,0,1494,0,0,0,0,0,0,0,0,0,0,27468000,7.0,Romania,Counting University,,EuroCan,
5401,2232,ztarwarz,Mako Shark,Mako,Shark,52.0,active,,2025-04-09 20:45:49,,Defensive End,Speed Rusher,HON,,ISFL,363,363,0,0,0,1485,0,0,0,0,0,0,0,0,0,0,1055626620,42.0,Bermuda Triangle,Wilderness U,,World,Perceptive
5400,4372,Dmac1200,Dixon Yamada,Dixon,Yamada,52.0,retired,,2025-04-09 20:45:49,2026-08-28 08:41:43,Cornerback,Cover Corner,,,ISFL,630,612,18,0,0,1571,0,0,0,0,0,0,0,0,0,0,901314,21.0,North Carolina,Syracuse,,Southeast (US),ShutDownCorner
5399,762,LGMForever,Scoober Bert,Scoober,Bert,52.0,retired,,2025-04-09 20:45:49,2026-07-11 11:29:19,Cornerback,Cover Corner,,,,132,415,-283,0,0,519,1,0,0,0,0,0,0,0,0,0,18796935,70.0,"Queens, New York",Rutgers,,Northeast (US),
5398,2457,Pib,Fairly Smart,Fairly,Smart,52.0,retired,,2025-04-09 20:45:49,2026-09-05 12:31:05,Offensive Lineman,Athletic Lineman,,,,146,292,-146,0,0,801,0,0,0,0,0,0,0,0,0,0,1210212,55.0,"Hull, UK",OSU,,EuroCan,
5397,1107,SabaDonutMan,Benji Raga,Benji,Raga,52.0,active,active,2025-04-09 20:45:49,,Defensive Tackle,Interior Rusher,AZ,,ISFL,487,487,0,0,0,1654,0,0,0,30,8,0,0,0,0,0,218261669,60.0,Palo Alto,Oregon,,West (US),SpeedRusher
5396,277,SwagSloth,Braxton East,Braxton,East,52.0,retired,active,2025-04-09 20:45:49,2026-08-22 08:40:30,Defensive End,Power Rusher,,,ISFL,537,525,12,0,0,1318,0,0,0,0,0,0,0,0,0,0,7976774,39.0,"New Orleans, LA",Louisiana Tech,,Southwest (US),
5395,4373,Ostaf,Jack White,Jack,White,52.0,retired,,2025-04-09 20:45:49,2026-09-05 12:31:05,Offensive Lineman,Mauler,,,,138,459,-321,0,0,987,0,0,0,0,0,0,0,0,0,0,12312500,97.0,Utah,Utah Valley,,Southwest (US),
5394,2584,Fronk,Brick Pudding,Brick,Pudding,52.0,retired,active,2025-04-09 20:45:49,2026-09-08 15:37:28,Cornerback,Cover Corner,,,ISFL,293,292,1,0,0,1449,1,0,0,0,0,0,0,0,0,0,240912286,13.0,Cobbler,Louisiana State University,,World,
5393,800,mcgriddleluver,Max Ralph,Max,Ralph,52.0,retired,,2025-04-09 20:45:49,2026-09-05 12:31:05,Tight End,Vertical Threat,,,,98,324,-226,0,0,726,1,0,0,0,0,0,0,0,0,0,5045700,80.0,Ohio,Stanford,,Midwest (US),ReceivingTE
5392,1384,Ephenssta,Blueberry Muffin,Blueberry,Muffin,52.0,retired,active,2025-04-09 20:45:49,2026-07-17 10:25:11,Offensive Lineman,Mauler,,,ISFL,384,384,0,0,0,1368,0,0,0,0,0,0,0,0,0,0,37907271,36.0,"Denver, CO",Colorado School of Mines,,Southwest (US),
5391,1875,iStegosauruz,Baron von Froggington,Baron,von Froggington,52.0,retired,active,2025-04-09 20:45:49,2026-07-30 08:32:29,Running Back,Fullback,,,ISFL,691,549,142,0,0,1487,1,0,0,0,0,0,0,0,0,0,542272366,1.0,Lillypad,Marsh,,World,BlockingFB
5390,2322,Hordle,Lee Rushmore,Lee,Rushmore,52.0,retired,,2025-04-09 20:45:49,2026-07-11 11:29:19,Running Back,Receiving Back,,,,149,575,-426,0,0,588,0,0,0,0,0,0,0,0,0,0,12087183,88.0,"Rochester, New York",University of Buffalo,,Northeast (US),ScatBack
5389,4376,TheElasticBandit,Dante Escobar,Dante,Escobar,52.0,retired,,2025-04-09 20:45:49,2026-03-21 09:15:15,Safety,Ball Hawk,,,,130,184,-54,0,0,216,1,0,0,0,0,0,0,0,0,0,3900000,12.0,"Salerno, Italy",Baylor,,EuroCan,
5388,4371,LGLAC613,Jimmy John Rushmore,Jimmy John,Rushmore,52.0,active,,2025-04-09 20:45:49,,Defensive Tackle,Interior Rusher,BFB,,ISFL,157,155,2,0,0,1245,1,0,0,0,0,0,0,0,0,0,51435483,65.0,North Carolina,UTEP,,Southeast (US),
5387,3428,Aneeqs,Hawk Too-Me,Hawk,Too-Me,52.0,active,,2025-04-09 20:45:49,,Cornerback,Cover Corner,,,ISFL,177,576,-399,0,0,1201,0,0,0,0,0,0,0,0,0,0,-968670,32.0,"Lugano, Switzerland",The University of Glarus,,EuroCan,
5386,4350,Eli Cunning,Axel Creed,Axel,Creed,52.0,retired,,2025-04-09 20:45:49,,Linebacker,Versatile LB,,,,50,0,50,0,0,50,0,0,0,0,0,0,0,0,0,0,4000000,52.0,"Ding Dong, Texas",LSU,,,
5385,4352,GrïmR3æpêr,Grïm R3ÆPËR,Grïm,R3ÆPËR,52.0,retired,,2025-04-09 20:45:49,,Safety,Center Fielder,,,,50,0,50,0,0,111,0,0,0,0,0,0,0,0,0,0,10000000,10.0,Hamilton,McMaster,,,
5384,4367,Cdemp,C Demp,C,Demp,52.0,retired,,2025-04-09 20:45:49,,Running Back,Power Back,,,,50,0,50,0,0,54,0,0,0,0,0,0,0,0,0,0,6000000,13.0,Seattle,Washington,,,
5383,4380,Johncenafan225,Lucky Leafeon,Lucky,Leafeon,52.0,retired,,2025-04-09 20:45:49,,Safety,Center Fielder,,,,50,0,50,0,0,50,0,0,0,0,0,0,0,0,0,0,1000000,23.0,"Tokyo, Japan",Excel Pokemon University,,,
5382,4347,Void7,Oliver Tischman,Oliver,Tischman,52.0,retired,,2025-04-09 20:45:49,,Offensive Lineman,Athletic Lineman,,,,50,0,50,0,0,50,0,0,0,0,0,0,0,0,0,0,7000000,76.0,Washington State,BYU,,,
5381,4349,DefinetlyNotDom,Chavez Spain,Chavez,Spain,52.0,retired,,2025-04-09 20:45:49,,Wide Receiver,Speed Receiver,,,,50,0,50,0,0,50,0,0,0,0,0,0,0,0,0,0,7000000,1.0,Canada,Duke,,,
5380,4358,texas,Kaleb Manning,Kaleb,Manning,52.0,retired,,2025-04-09 20:45:49,,Running Back,Power Back,,,,50,0,50,0,0,77,0,0,0,0,0,0,0,0,0,0,8100000,9.0,"West Point, Mississippi",Ole Miss,,,
5379,4366,Ocepige,Jakub Zalewski,Jakub,Zalewski,52.0,retired,,2025-04-09 20:45:49,,Linebacker,Pass Rusher,,,,50,0,50,0,0,50,0,0,0,0,0,0,0,0,0,0,6000000,37.0,"Łódź, Poland",Eastern Illinois University,,,
5378,4383,sillyhawk6822,Bobby Lighthouse,Bobby,Lighthouse,52.0,retired,,2025-04-09 20:45:49,,Linebacker,Pass Rusher,,,,50,0,50,0,0,50,0,0,0,0,0,0,0,0,0,0,6300000,99.0,"Albuquerque, NM",N.M. State,,,
5377,2689,Adrest245,Texas McAllister,Texas,McAllister,52.0,retired,,2025-04-09 20:45:49,,Running Back,Power Back,,,,50,0,50,0,0,50,0,0,0,0,0,0,0,0,0,0,21200000,19.0,"Beaver, Oklahoma",University of Oklahoma,,,
5376,4344,lihuncho1,Camron Golden,Camron,Golden,52.0,retired,,2025-04-09 20:45:49,,Wide Receiver,Speed Receiver,,,,50,0,50,0,0,50,0,0,0,0,0,0,0,0,0,0,7000000,22.0,Gary Indiana,Ohio State,,,
5375,4355,NastyNatiNation,Kook Leekly,Kook,Leekly,52.0,retired,,2025-04-09 20:45:49,,Linebacker,Versatile LB,,,,50,0,50,0,0,50,0,0,0,0,0,0,0,0,0,0,7000000,59.0,"Cincinnati, Ohio",Ball So Hard University,,,
5374,4365,Prepsly,Moussa Teboho,Moussa,Teboho,52.0,retired,,2025-04-09 20:45:49,,Defensive End,Speed Rusher,,,,50,0,50,0,0,57,0,0,0,0,0,0,0,0,0,0,6200000,54.0,United States of America,Illinois,,,
5373,4382,Teddy_Bradshaw,Teddy Bradshaw,Teddy,Bradshaw,52.0,retired,,2025-04-09 20:45:49,,Quarterback,Scrambler,,,,50,0,50,0,0,72,0,0,0,0,0,0,0,0,0,0,11000000,12.0,"Shreveport, La",LA Tech,,,
5372,4378,Martycharlie,Marty charlie,Marty,charlie,52.0,retired,,2025-04-09 20:45:49,,Wide Receiver,Speed Receiver,,,,50,0,50,0,0,50,0,0,0,0,0,0,0,0,0,0,6000000,64.0,Seattle,Alabama,,,
5371,4384,EthanSea611,Ethan Ashcroft,Ethan,Ashcroft,52.0,retired,,2025-04-09 20:45:49,,Wide Receiver,Speed Receiver,,,,50,0,50,0,0,50,0,0,0,0,0,0,0,0,0,0,1000000,16.0,Edmonton,UofA,,,
5370,4360,Telandra,Telandra Reyes,Telandra,Reyes,52.0,retired,,2025-04-09 20:45:49,,Running Back,Speed Back,,,,50,0,50,0,0,50,0,0,0,0,0,0,0,0,0,0,7000000,35.0,Colombia,Ohio State University,,,
5369,4348,Greasy Gary,Nathan Droog,Nathan,Droog,52.0,retired,,2025-04-09 20:45:49,,Kicker,Power,,,,50,0,50,0,0,50,0,0,0,0,0,0,0,0,0,0,6500000,69.0,"Toronto, ON",University of Western Ontario,,,
5368,4345,drewz2002,Drew Zimmy,Drew,Zimmy,52.0,retired,,2025-04-09 20:45:49,,Safety,Ball Hawk,,,,50,0,50,0,0,50,0,0,0,0,0,0,0,0,0,0,7000000,21.0,Arizona,Arizona State,,,
5367,4361,teddyswol,Brock Landers,Brock,Landers,52.0,retired,,2025-04-09 20:45:49,,Running Back,Speed Back,,,,50,0,50,0,0,50,0,0,0,0,0,0,0,0,0,0,6000000,35.0,"Omaha, Nebraska",Nebraska,,,
5366,4369,RaiderReign,Hans O’Stone,Hans,O’Stone,52.0,retired,,2025-04-09 20:45:49,,Wide Receiver,Speed Receiver,,,,50,0,50,0,0,50,0,0,0,0,0,0,0,0,0,0,7000000,89.0,"Monroe, LA",UCLA,,,
5365,4374,5lbsOfPez,Gerald Swan,Gerald,Swan,52.0,retired,,2025-04-09 20:45:49,,Linebacker,Pass Rusher,,,,50,0,50,0,0,50,0,0,0,0,0,0,0,0,0,0,6000000,17.0,American Fork,Utah Valley University,,,
5364,4357,ethhuy,Ethan Huynh,Ethan,Huynh,52.0,retired,,2025-04-09 20:45:49,,Tight End,Vertical Threat,,,,50,0,50,0,0,50,0,0,0,0,0,0,0,0,0,0,6000000,80.0,Fort Worth,Texas A&M,,,
5363,4375,djuunk,David Kupp,David,Kupp,52.0,retired,,2025-04-09 20:45:49,,Linebacker,Versatile LB,,,,50,0,50,0,0,111,0,0,0,0,0,0,0,0,0,0,8600000,6.0,"La Crescenta, CA",San Jose State University,,,
5362,4353,Klopklop,Klop Klop,Klop,Klop,52.0,retired,,2025-04-09 20:45:49,,Tight End,Vertical Threat,,,,50,0,50,0,0,50,0,0,0,0,0,0,0,0,0,0,7000000,85.0,Cincinnati,University of Cincinnati,,,
5361,4317,JoeHoe3121,DeAndre Reeler,DeAndre,Reeler,51.0,retired,active,2025-04-09 20:45:49,2025-11-03 00:39:10,Defensive Tackle,Nose Tackle,,TIJ,,250,370,-120,0,0,396,0,0,0,0,0,0,0,0,0,0,2502000,5.0,Houston,Notre Dame,,Southwest (US),
5360,1365,Kyle,Karl Idlewyld,Karl,Idlewyld,51.0,retired,,2025-04-09 20:45:49,2026-03-21 09:15:15,Wide Receiver,Speed Receiver,,,,108,250,-142,0,0,254,0,0,0,0,0,0,0,0,0,0,12370691,33.0,"DeSoto, Texas",SMU,,Southwest (US),
5359,4324,IR15H0000000000,Brick Wall,Brick,Wall,51.0,retired,active,2025-04-09 20:45:49,2026-05-19 21:06:37,Defensive End,Run Stuffer,,KCC,ISFL,697,685,12,0,0,1606,1,0,0,0,0,0,0,0,0,0,98472120,67.0,"Rock, Wisconsin",George Mason University,,Midwest (US),Perceptive
5358,2306,ComebackZak,Senior Seau,Senior,Seau,51.0,retired,active,2025-04-09 20:45:49,2026-08-12 18:14:23,Defensive Tackle,Interior Rusher,,,ISFL,399,388,11,0,0,1530,1,0,0,0,0,0,0,0,0,0,31278862,55.0,"Los Angeles, California",USC,,West (US),
5357,3564,crash1005,Ignacio de la Serna,Ignacio,de la Serna,51.0,retired,active,2025-04-09 20:45:49,2026-01-25 20:52:23,Running Back,Power Back,,,,905,905,0,0,0,1342,0,0,0,0,0,0,0,0,0,0,380883358,44.0,"San Jose, California",LSU,,West (US),
5356,4171,anuragb,Ethan Shadow Jr.,Ethan,Shadow Jr.,51.0,retired,active,2025-04-09 20:45:49,2026-05-13 22:15:18,Linebacker,Versatile LB,,,,435,424,11,0,0,1229,0,0,0,0,0,0,0,0,0,0,-5070030,14.0,"Ontario, California",Tennessee,,West (US),
5355,4314,Hepha,Kai Ware,Kai,Ware,51.0,retired,active,2025-04-09 20:45:49,2026-05-18 23:18:52,Cornerback,Cover Corner,,,ISFL,403,355,48,0,0,1276,0,0,0,0,0,0,0,0,0,0,19673140,6.0,"Grand Blanc, Michigan",Western Michigan,,Midwest (US),
5354,4298,Pelochyta,Paulie Wag,Paulie,Wag,51.0,active,active,2025-04-09 20:45:49,,Defensive Tackle,Nose Tackle,OCO,,ISFL,309,309,0,0,0,1593,0,0,0,30,8,0,0,0,2,5,137901670,30.0,Georgia,Pallet Town,,Southeast (US),BullRusher;SpeedRusher
5353,1251,Murtsi,Abstract Geometry,Abstract,Geometry,51.0,retired,,2025-04-09 20:45:49,2026-07-07 14:18:36,Linebacker,Versatile LB,,,ISFL,788,756,32,0,0,1644,0,0,0,0,0,0,0,0,0,0,428894411,13.0,"Helsinki, Finland",USC,,EuroCan,
5352,3594,toofpete,Ben Yay,Ben,Yay,51.0,retired,active,2025-04-09 20:45:49,2026-06-22 22:21:55,Wide Receiver,Speed Receiver,,,ISFL,409,383,26,0,0,1255,0,0,0,0,0,0,0,0,0,0,13330976,89.0,Bruce White,LSU,,World,DeepThreat
5351,1221,UpperNet,Bug Jones,Bug,Jones,51.0,retired,,2025-04-09 20:45:49,2026-05-16 11:40:44,Offensive Lineman,Mauler,,,DSFL,103,168,-65,0,0,404,1,0,0,0,0,0,0,0,0,0,4408820,24.0,"Riverside, California",Kennesaw State,,West (US),
5350,2744,g2019,Cyrus MacDougall,Cyrus,MacDougall,51.0,retired,active,2025-04-09 20:45:49,2026-08-14 10:46:39,Offensive Lineman,Mauler,,MIN,ISFL,410,409,1,0,0,1402,1,0,0,0,0,0,0,0,0,0,35271983,19.0,"Dartmouth, Nova Scotia",N/A,,EuroCan,
5349,4302,Matt Turk,Matt Turk,Matt,Turk,51.0,retired,,2025-04-09 20:45:49,2026-09-05 12:31:05,Safety,Ball Hawk,,,,74,366,-292,0,0,1287,0,0,0,0,0,0,0,0,0,0,69951105,73.0,"Columbus, Ohio",OSU,,Midwest (US),
5348,487,JKortesi81,Jack Crackerjack,Jack,Crackerjack,51.0,retired,active,2025-04-09 20:45:49,2026-07-09 09:19:16,Quarterback,Field General,,,ISFL,794,744,50,0,0,1569,0,0,0,0,0,0,0,0,0,0,3066950,12.0,"Nashville, Tennessee",Arkansas,,Southeast (US),
5347,4315,scamps,john scamps,john,scamps,51.0,retired,active,2025-04-09 20:45:49,2026-05-11 21:04:13,Linebacker,Pass Rusher,,,,645,630,15,0,0,1131,1,0,0,0,0,0,0,0,0,0,13799000,68.0,detroit,Campbell,,Midwest (US),SpeedRusher
5346,2224,zeagle1,Xander Le Roux,Xander,Le Roux,51.0,retired,active,2025-04-09 20:45:49,2026-08-20 22:07:58,Wide Receiver,Slot Receiver,,,ISFL,491,446,45,0,0,1570,0,0,0,0,0,0,0,0,0,0,341688851,8.0,"Morlaix, France",Arizona State,,EuroCan,
5345,1486,juniped,Ghost Panda,Ghost,Panda,51.0,retired,active,2025-04-09 20:45:49,2025-09-28 11:33:04,Linebacker,Pass Rusher,,,,250,1195,-945,0,0,1200,1,0,0,0,0,0,0,0,0,0,4986136,22.0,"Ystad, Sweden",NC State,,,Athlete;RoleModel;SpeedRusher
5344,3250,Lemorse7,Big Strong Red Panda,Big Strong,Red Panda,51.0,retired,,2025-04-09 20:45:49,2026-07-11 11:29:19,Tight End,Blocking TE,,,,88,412,-324,0,0,577,0,0,0,0,0,0,0,0,0,0,100000,22.0,"Japan,",NC State,,APAC,
5343,582,speculadora,Al Porpoise,Al,Porpoise,51.0,retired,active,2025-04-09 20:45:49,2026-02-25 14:51:29,Defensive Tackle,All-Purpose DT,,,,301,301,0,0,0,501,0,0,0,0,0,0,0,0,0,0,10604601,9.0,"Winston-Salem, NC",Clemson,,Southeast (US),
5342,4335,Froste39,Gavin Girard,Gavin,Girard,51.0,retired,,2025-04-09 20:45:49,2026-07-11 11:29:19,Safety,Ball Hawk,,,ISFL,125,250,-125,0,0,987,0,0,0,0,0,0,0,0,0,0,10178900,14.0,"Inverness, Scotland",Duke,,EuroCan,
5341,47,JBLAZE_THE_BOSS,Jamal Slick Jr.,Jamal,Slick Jr.,51.0,retired,active,2025-04-09 20:45:49,2026-08-29 09:21:23,Wide Receiver,Speed Receiver,,,ISFL,185,185,0,0,0,1099,0,0,0,0,0,0,0,0,0,0,7950589,99.0,"Boston, MA",Boston College,,Northeast (US),
5340,3551,Cycro,Peaquod Von Turbo,Peaquod,Von Turbo,51.0,retired,active,2025-04-09 20:45:49,2026-03-02 14:41:39,Quarterback,Scrambler,,,,1071,1015,56,0,0,1470,0,0,0,0,0,0,0,0,0,0,12145334,7.0,Antarctica,Boise State,,World,Athlete;Dualthreat
5339,3468,Akoustique,Miguel Caballero Rojo,Miguel,Caballero Rojo,51.0,retired,,2025-04-09 20:45:49,2026-01-23 21:17:13,Defensive Tackle,Nose Tackle,,,,801,800,1,0,0,1271,1,0,0,0,0,0,0,0,0,0,40645780,26.0,"Salamanca, Spain",Salamanca,,EuroCan,
5338,4341,dead_potato_,Justin Fern,Justin,Fern,51.0,retired,,2025-04-09 20:45:49,2026-09-05 12:31:05,Offensive Lineman,Mauler,,,,77,370,-293,0,0,846,1,0,0,0,0,0,0,0,0,0,-1900000,64.0,"Oakland, CA",UC Berkeley,,West (US),
5337,4337,pboomg,John Kick,John,Kick,51.0,retired,,2025-04-09 20:45:49,2026-07-11 11:29:19,Kicker,Accurate,,,ISFL,86,280,-194,0,0,680,0,0,0,0,0,0,0,0,0,0,7250000,8.0,"Greenville, NC",ECU,,Southeast (US),
5336,3609,Jacky,Mike Ross,Mike,Ross,51.0,retired,,2025-04-09 20:45:49,2026-05-16 11:40:44,Offensive Lineman,Athletic Lineman,,,DSFL,114,189,-75,0,0,447,0,0,0,0,0,0,0,0,0,0,11215188,21.0,"Brooklyn, New York",Florida State University,,Northeast (US),
5335,3022,Aleris,Rocket Toss,Rocket,Toss,51.0,retired,active,2025-04-09 20:45:49,2026-03-02 19:35:16,Tight End,Blocking TE,,,,704,690,14,0,0,837,0,0,0,0,0,0,0,0,0,0,4833385,3.0,"Colorado Springs, CO",San Jose State,,Southwest (US),
5334,2020,24redcrayons,Ford F150,Ford,F150,51.0,retired,,2025-04-09 20:45:49,2026-03-21 09:15:15,Running Back,Receiving Back,,,,140,250,-110,0,0,332,0,0,0,0,0,0,0,0,0,0,25712745,1.0,"Dearborn, MI",Michigan,,Midwest (US),
5333,3553,18situaseans,Quincy Robinson,Quincy,Robinson,51.0,retired,,2025-04-09 20:45:49,2026-09-05 12:31:05,Running Back,Receiving Back,,,,86,700,-614,0,0,1346,0,0,0,0,0,0,0,0,0,0,-1746765,28.0,"San Diego, CA",San Diego State,,West (US),
5332,4308,RoyRivers,Roy Rivers,Roy,Rivers,51.0,active,active,2025-04-09 20:45:49,,Kicker,Accurate,BAL,,ISFL,308,300,8,0,0,1636,1,0,0,30,8,0,0,0,2,5,107536065,21.0,New Orleans,LSU,,Southwest (US),
5331,1321,LiathTheSquirrel,Jeff Land Shark,Jeff,Land Shark,51.0,retired,active,2025-04-09 20:45:49,2026-01-04 19:58:30,Running Back,Receiving Back,,,,250,825,-575,0,0,1074,1,0,0,0,0,0,0,0,0,0,13438195,25.0,Staten Island New York,Columbia,,Northeast (US),RawTalent;ScatBack
5330,4320,blake729,Blake Haden,Blake,Haden,51.0,retired,,2025-04-09 20:45:49,,Linebacker,Coverage LB,,,,50,0,50,0,0,50,0,0,0,0,0,0,0,0,0,0,7000000,35.0,London,Oregon,,,
5329,4332,DopiestMonkey,Edwardo Hitstick,Edwardo,Hitstick,51.0,retired,,2025-04-09 20:45:49,,Linebacker,Versatile LB,,,,50,0,50,0,0,57,0,0,0,0,0,0,0,0,0,0,0,33.0,"Plano, TX",Texas,,,
5328,4334,tellybear,Clam Casino,Clam,Casino,51.0,retired,,2025-04-09 20:45:49,,Offensive Lineman,Balanced Lineman,,,,50,0,50,0,0,107,0,0,0,0,0,0,0,0,0,0,9200000,58.0,"Detroit, Michigan",University of Michigan,,,
5327,4310,originallaserbeam,Beam Xavier,Beam,Xavier,51.0,retired,,2025-04-09 20:45:49,,Wide Receiver,Speed Receiver,,,,50,0,50,0,0,57,0,0,0,0,0,0,0,0,0,0,6000000,13.0,"Boston, MA",Boston College,,,
5326,4309,Mason,Mason Roberts,Mason,Roberts,51.0,retired,,2025-04-09 20:45:49,,Wide Receiver,Slot Receiver,,,,50,0,50,0,0,50,0,0,0,0,0,0,0,0,0,0,7000000,89.0,Illinois,Illinois,,,
5325,4325,YG17,Travis Avery,Travis,Avery,51.0,retired,,2025-04-09 20:45:49,,Wide Receiver,Speed Receiver,,,,50,0,50,0,0,50,0,0,0,0,0,0,0,0,0,0,0,23.0,Los Angeles,Florida State University,,,
5324,4339,Rengoku,Bacon Morales,Bacon,Morales,51.0,retired,,2025-04-09 20:45:49,,Defensive End,Power Rusher,,,,50,0,50,0,0,142,0,0,0,0,0,0,0,0,0,0,-600000,71.0,"Corona, Queens",LSU,,,
5323,4313,oozeysludge,Cornelius McManama,Cornelius,McManama,51.0,retired,,2025-04-09 20:45:49,,Defensive Tackle,All-Purpose DT,,,,50,0,50,0,0,79,0,0,0,0,0,0,0,0,0,0,11100000,76.0,"Missoula, Montana",UCLA,,,
5322,4295,LeAlvaroBoi,Chavo De La Crúz,Chavo,De La Crúz,51.0,retired,,2025-04-09 20:45:49,,Linebacker,Pass Rusher,,,,50,0,50,0,0,74,0,0,0,0,0,0,0,0,0,0,11000000,62.0,"Guadalajara, Jalisco,  Mexico",Universidad Nacional Autónoma de México,,,
5321,4322,Kilowat,Lasso Jones,Lasso,Jones,51.0,retired,,2025-04-09 20:45:49,,Running Back,Power Back,,,,50,0,50,0,0,170,0,0,0,0,0,0,0,0,0,0,5324200,24.0,"Austin, Texas",University Of Texas,,,
5320,4311,BrokenMacintosh,Wayne Kerr,Wayne,Kerr,51.0,retired,,2025-04-09 20:45:49,,Kicker,Accurate,,,,50,0,50,0,0,50,0,0,0,0,0,0,0,0,0,0,6000000,6.0,Chicago,Penn State,,,
5319,4294,MikeyKnuckelz,Mikey Knuckelz,Mikey,Knuckelz,51.0,retired,,2025-04-09 20:45:49,,Defensive End,Power Rusher,,,,50,0,50,0,0,173,0,0,0,0,0,0,0,0,0,0,11300000,99.0,San Diego,San Diego State,,,
5318,4329,Wumbus,Boone Summers,Boone,Summers,51.0,retired,,2025-04-09 20:45:49,,Wide Receiver,Speed Receiver,,,,50,0,50,0,0,54,0,0,0,0,0,0,0,0,0,0,0,11.0,Santa Ana,Arizona State University (Online),,,
5317,4299,bandojax,Jackson Bando,Jackson,Bando,51.0,retired,,2025-04-09 20:45:49,,Linebacker,Pass Rusher,,,,50,0,50,0,0,50,0,0,0,0,0,0,0,0,0,0,7000000,99.0,Twin falls Idaho,Notre dame,,,
5316,4323,TorenceH,Loki Brickstone,Loki,Brickstone,51.0,retired,,2025-04-09 20:45:49,,Running Back,Speed Back,,,,50,0,50,0,0,50,0,0,0,0,0,0,0,0,0,0,7000000,30.0,"Helsinki, Finland",University of Minnesota,,,
5315,4328,Tknorland1,Dak Pikkins Summers,Dak,Pikkins Summers,51.0,retired,,2025-04-09 20:45:49,,Cornerback,Cover Corner,,,,50,0,50,0,0,50,0,0,0,0,0,0,0,0,0,0,7100000,21.0,Santa ana,Alabama State,,,
5314,4307,Samthemancub,Sam Wazinski,Sam,Wazinski,51.0,retired,,2025-04-09 20:45:49,,Cornerback,Cover Corner,,,,50,0,50,0,0,50,0,0,0,0,0,0,0,0,0,0,6000000,22.0,Colorado,boulder,,,
5313,4331,Nameless1,Nameless One,Nameless,One,51.0,retired,,2025-04-09 20:45:49,,Tight End,Possession TE,,,,50,0,50,0,0,57,0,0,0,0,0,0,0,0,0,0,0,89.0,Amarillo,UTEP,,,
5312,3251,koty_k,Jerome Bettis Jr.,Jerome,Bettis Jr.,51.0,retired,,2025-04-09 20:45:49,,Running Back,Power Back,,,,50,0,50,0,0,203,0,0,0,0,0,0,0,0,0,0,2755950,36.0,"Detroit, MI",Notre Dame,,,
5311,2457,Pib,UntilTDL Only,UntilTDL,Only,51.0,retired,,2025-04-09 20:45:49,,Offensive Lineman,Athletic Lineman,,,,50,0,50,0,0,93,0,0,0,0,0,0,0,0,0,0,1210212,69.0,Sunderland,The University of Sunderland,,,
5310,4312,Bigolac,Clint Backmatter,Clint,Backmatter,51.0,retired,,2025-04-09 20:45:49,,Running Back,Receiving Back,,,,50,0,50,0,0,57,0,0,0,0,0,0,0,0,0,0,7500000,30.0,Lime Ridge,St. Norbert,,,
5309,2615,Luciddreams702,Eric Cartman,Eric,Cartman,50.0,retired,active,2025-04-09 20:45:49,2026-05-16 11:40:44,Offensive Lineman,Mauler,,,DSFL,135,222,-87,0,0,460,0,0,0,0,0,0,0,0,0,0,37067778,69.0,South Park,South Park,,Southwest (US),
5308,1740,jdourtled,Baldimir Fraudiola,Baldimir,Fraudiola,50.0,retired,,2025-04-09 20:45:49,2026-03-21 09:15:15,Tight End,Blocking TE,,,,121,475,-354,0,0,476,0,0,0,0,0,0,0,0,0,0,18376870,27.0,"Austin, Texas",Doot Universary,,Southwest (US),BlockingTE
5307,4231,Megsychan,Akane Saruta,Akane,Saruta,50.0,retired,,2025-04-09 20:45:49,2026-09-05 12:31:05,Safety,Enforcer,,,,0,278,-278,0,0,1466,0,0,0,0,0,0,0,0,0,0,42805440,4.0,"Kyoto, Japan",Kwansei Gakuin Universitzy,,APAC,BoxSafety
5306,4214,Seven Arrows,Golden Ericksen,Golden,Ericksen,50.0,retired,,2025-04-09 20:45:49,2026-03-21 22:17:29,Wide Receiver,Speed Receiver,,,,512,511,1,0,0,1431,0,0,0,0,0,0,0,0,0,0,1664060,87.0,Sacramento,Arizona,,West (US),Athlete;DeepThreat
5305,1076,BenDover,Pasta Rockmann,Pasta,Rockmann,50.0,retired,active,2025-04-09 20:45:49,2026-03-13 19:51:25,Quarterback,Field General,,,,599,599,0,0,0,1360,0,0,0,0,0,0,0,0,0,0,62696408,3.0,"Chicken, Alaska",Doot,,APAC,Athlete
5304,4274,Existentialistic,Juan Futman,Juan,Futman,50.0,retired,,2025-04-09 20:45:49,2026-05-16 11:40:44,Kicker,Power,,,DSFL,92,183,-91,0,0,557,0,0,0,0,0,0,0,0,0,0,-476000,96.0,X-City,Hero,,World,
5303,828,Bigred1580,William Strong,William,Strong,50.0,retired,active,2025-04-09 20:45:49,2026-08-11 15:38:30,Running Back,Receiving Back,,,ISFL,352,342,10,0,0,1462,0,0,0,0,0,0,0,0,0,0,252431587,7.0,"Fargo, ND",South Dakota State,,West (US),
5302,4228,The.Pat,Joe Cool,Joe,Cool,50.0,retired,active,2025-04-09 20:45:49,2025-11-25 21:33:26,Wide Receiver,Speed Receiver,,,,250,586,-336,0,0,937,0,0,0,0,0,0,0,0,0,0,4689473,11.0,"Minneapolis, MN",Purdue Boilermakers,,Midwest (US),
5301,4255,SoySavant,Traffic Cone,Traffic,Cone,50.0,retired,,2025-04-09 20:45:49,2026-09-05 12:31:05,Offensive Lineman,Mauler,,,,0,318,-318,0,0,1531,0,0,0,0,0,0,0,0,0,0,16394106,73.0,"Akron, Ohio",I Promise,,Midwest (US),
5300,4243,Alf,Linz O'Fare,Linz,O'Fare,50.0,retired,,2025-04-09 20:45:49,2026-05-16 11:40:44,Safety,Ball Hawk,,,DSFL,97,194,-97,0,0,766,0,0,0,0,0,0,0,0,0,0,7699500,10.0,Virginia,OSU,,Southeast (US),
5299,2833,Pocketsand007,Ethan Baker,Ethan,Baker,50.0,retired,,2025-04-09 20:45:49,2025-09-12 10:23:46,Defensive Tackle,Interior Rusher,,,,250,425,-175,0,0,490,0,0,0,0,0,0,0,0,0,0,4129700,12.0,"Crescent city, CA",Michigan,,,
5298,4209,parky,Victoire Absolue,Victoire,Absolue,50.0,retired,,2025-04-09 20:45:49,2026-05-16 11:40:44,Safety,Enforcer,,,DSFL,144,287,-143,0,0,1097,0,0,0,0,0,0,0,0,0,0,4234150,63.0,"Nice, FR",LSU,,EuroCan,
5297,4227,Sevrin,Sevrin Quinn,Sevrin,Quinn,50.0,retired,active,2025-04-09 20:45:49,2026-01-23 21:07:25,Linebacker,Pass Rusher,,,,554,553,1,0,0,1206,0,0,0,0,0,0,0,0,0,0,18482100,88.0,"Buffalo, NY",Louisiana State University,,Northeast (US),
5296,1665,qWest,I.Q. Bowman,I.Q.,Bowman,50.0,retired,,2025-04-09 20:45:49,2026-09-05 12:31:05,Cornerback,Physical Corner,,,,0,231,-231,0,0,1603,0,0,0,0,0,0,0,0,0,0,154121585,3.0,"Boise, ID",Washington,,West (US),
5295,4210,Commaperiod,Confurius DeThwilson,Confurius,DeThwilson,50.0,retired,,2025-04-09 20:45:49,2026-09-05 12:31:05,Offensive Lineman,Mauler,,,,0,204,-204,0,0,1637,1,0,0,0,0,0,0,0,0,0,141083820,4.0,"Seattle, WA, USA",Notre Dame,,West (US),
5294,2409,TheSparkyDee,David Hudgens IV,David,Hudgens IV,50.0,retired,active,2025-04-09 20:45:49,2026-01-23 21:37:15,Defensive Tackle,Nose Tackle,,,,511,511,0,0,0,970,0,0,0,0,0,0,0,0,0,0,66765080,43.0,"Mackinac Island, MI",Duke,,Midwest (US),BullRusher;SpeedRusher
5293,253,124715,Jurisprudence Jones,Jurisprudence,Jones,50.0,retired,,2025-04-09 20:45:49,2026-01-23 21:02:10,Offensive Lineman,Mauler,,,,106,250,-144,0,0,251,0,0,0,0,0,0,0,0,0,0,483014098,24.0,ymh,Texas A&M,,World,
5292,4213,KnowledgeBoy,Okuyasu Nijimura,Okuyasu,Nijimura,50.0,retired,,2025-04-09 20:45:49,2026-07-11 11:29:19,Defensive Tackle,Nose Tackle,,,ISFL,135,316,-181,0,0,1273,1,0,0,0,0,0,0,0,0,0,1000000,10.0,"Morioh, S City, M Prefecture, Japan",Morioh University,,APAC,SpeedRusher
5291,2670,Beck,Tee Bone,Tee,Bone,50.0,retired,active,2025-04-09 20:45:49,2026-04-05 10:42:19,Linebacker,Pass Rusher,,,,357,347,10,0,0,1298,0,0,0,0,0,0,0,0,0,0,10720144,99.0,Prairie Farms,School of Hard Knocks,,World,
5290,4246,cinco de la tarde,Federico Cinco,Federico,Cinco,50.0,retired,,2025-04-09 20:45:49,2026-05-16 11:40:44,Running Back,Power Back,,,DSFL,114,538,-424,0,0,896,0,0,0,0,0,0,0,0,0,0,12808571,5.0,"Granada, Spain",Seattle University,,EuroCan,RawTalent;ScatBack
5289,2058,RDBSouthPaw,Larton Hilnka,Larton,Hilnka,50.0,retired,,2025-04-09 20:45:49,2026-03-21 09:15:15,Tight End,Blocking TE,,,,92,280,-188,0,0,361,0,0,0,0,0,0,0,0,0,0,14533920,39.0,"Debrecen, Hungary",Syracuse,,EuroCan,
5288,4007,Schnee,Benjamin Abenduct,Benjamin,Abenduct,50.0,retired,,2025-04-09 20:45:49,2026-05-16 11:40:44,Defensive Tackle,All-Purpose DT,,,DSFL,86,407,-321,0,0,679,0,0,0,0,0,0,0,0,0,0,24200000,64.0,Massachusetts,University of Rhode Island,,Northeast (US),
5287,462,toivo,America South America,America,South America,50.0,retired,,2025-04-09 20:45:49,2026-05-16 11:40:44,Kicker,Accurate,,,DSFL,123,409,-286,0,0,862,0,0,0,0,0,0,0,0,0,0,17361225,33.0,Brazil,Eastern Carolina,,World,
5286,2706,unconfident,Honda Civic,Honda,Civic,50.0,retired,active,2025-04-09 20:45:49,2026-04-30 14:10:21,Offensive Lineman,Mauler,AUS,,,728,725,3,0,0,1604,0,0,0,0,0,0,0,0,0,0,287122640,11.0,"Tokyo, Japan",LSU,,APAC,
5285,4216,Knif3yMan87,JC Tomlinson,JC,Tomlinson,50.0,retired,,2025-04-09 20:45:49,2026-07-11 11:29:19,Defensive Tackle,Interior Rusher,,,ISFL,74,183,-109,0,0,1448,0,0,0,0,0,0,0,0,0,0,17226653,97.0,"Philadelphia, PA",Temple,,Northeast (US),Perceptive
5284,4211,kdr,JamesIsRunning Wilder,JamesIsRunning,Wilder,50.0,retired,active,2025-04-09 20:45:49,2026-04-30 15:19:02,Running Back,Receiving Back,,,,729,720,9,0,0,1589,0,0,0,0,0,0,0,0,0,0,232821502,32.0,"Running Water, NY",Mizzou,,Northeast (US),Athlete;RawTalent;ScatBack
5283,4290,ManningTypeAim,Prime Sanders,Prime,Sanders,50.0,retired,active,2025-04-09 20:45:49,2026-05-06 21:58:44,Cornerback,Cover Corner,NOLA,,,377,377,0,0,0,1495,0,0,0,0,0,0,0,0,0,0,1990788,21.0,"Fort Myers, Florida, U",Louisiana State University,,Southeast (US),
5282,4263,lunaripcole,Dalinar Summers,Dalinar,Summers,50.0,retired,active,2025-04-09 20:45:49,2026-04-30 14:49:47,Running Back,Receiving Back,,,,777,766,11,0,0,1564,0,0,0,0,0,0,0,0,0,0,90442573,29.0,Santa Ana,UCLA,,West (US),RawTalent;ScatBack
5281,1619,Big Edd,Skee Yee,Skee,Yee,50.0,retired,,2025-04-09 20:45:49,2025-12-29 12:06:02,Defensive Tackle,Interior Rusher,,,,250,315,-65,0,0,526,0,0,0,0,0,0,0,0,0,0,76813847,2.0,Timbuktu,Doot,,World,
5280,4283,moonchildxox,Luna Moon,Luna,Moon,50.0,retired,,2025-04-09 20:45:49,2026-03-21 09:15:15,Offensive Lineman,Mauler,,,,137,227,-90,0,0,538,1,0,0,0,0,0,0,0,0,0,11136781,39.0,L,UCLA,,World,
5279,916,Air Crou,Guess Who,Guess,Who,50.0,retired,,2025-04-09 20:45:49,2026-05-16 11:40:44,Linebacker,Versatile LB,,,DSFL,83,386,-303,0,0,652,1,0,0,0,0,0,0,0,0,0,45899623,99.0,"Nea Ionia, Greece",University of Piraeus,,EuroCan,
5278,4247,BlitzAce71,Jack Cannon,Jack,Cannon,50.0,retired,,2025-04-09 20:45:49,2026-07-11 11:29:19,Safety,Center Fielder,,,,75,611,-536,0,0,1268,1,0,0,0,0,0,0,0,0,0,61149498,15.0,"Austin, TX",Texas,,Southwest (US),
5277,4273,Deecee98,David Corrigan,David,Corrigan,50.0,retired,active,2025-04-09 20:45:49,2026-06-02 17:48:47,Cornerback,Cover Corner,,,ISFL,201,191,10,0,0,1288,0,0,0,0,0,0,0,0,0,0,2430600,23.0,"Glasgow ,Scotland",Turnover,,EuroCan,
5276,979,br0_0ker,Pizza Monster,Pizza,Monster,50.0,retired,,2025-04-09 20:45:49,2026-07-11 11:29:19,Defensive Tackle,Nose Tackle,,,ISFL,115,274,-159,0,0,1470,1,0,0,0,0,0,0,0,0,0,119964781,26.0,The Kitchen,The Fridge,,World,
5275,4256,HoodKirby,Thurman Waters,Thurman,Waters,50.0,retired,,2025-04-09 20:45:49,2026-03-21 09:15:15,Defensive Tackle,Interior Rusher,,,,105,407,-302,0,0,414,0,0,0,0,0,0,0,0,0,0,58819223,18.0,Brisbane,Lincoln,,World,
5274,4226,Daileyj6,Jonathan Dailey,Jonathan,Dailey,50.0,retired,,2025-04-09 20:45:49,2026-03-21 09:15:15,Defensive Tackle,Interior Rusher,,,,124,488,-364,0,0,488,0,0,0,0,0,0,0,0,0,0,14675000,12.0,"Jacksonville, FL",Florida,,Southeast (US),
5273,2199,slate,Alexander Hordle Jr.,Alexander,Hordle Jr.,50.0,retired,,2025-04-09 20:45:49,2026-05-16 11:40:44,Linebacker,Versatile LB,,,DSFL,149,296,-147,0,0,807,0,0,0,0,0,0,0,0,0,0,54636907,8.0,"Lake Forest, IL",Lake Forest,,Midwest (US),
5272,4276,Cuffy,John Myers,John,Myers,50.0,retired,,2025-04-09 20:45:49,2026-03-21 09:15:15,Wide Receiver,Speed Receiver,,,,116,192,-76,0,0,454,0,0,0,0,0,0,0,0,0,0,4600000,32.0,Newfoundland Canada,Mizzou,,EuroCan,
5271,3113,DREAMSLOTH,Challah Famer,Challah,Famer,50.0,retired,,2025-04-09 20:45:49,2026-05-16 11:40:44,Wide Receiver,Speed Receiver,,,DSFL,130,260,-130,0,0,1030,0,0,0,0,0,0,0,0,0,0,194350584,33.0,"Schwäbisch Gmünd, Baden-Württemberg, Deutschland",Hochschule fur Gestaltung Schwabisch Gmünd,,EuroCan,
5270,1314,JaytheGreat,Jake Spears,Jake,Spears,50.0,retired,,2025-04-09 20:45:49,2026-05-24 07:20:04,Linebacker,Versatile LB,,,ISFL,240,240,0,0,0,1099,0,0,0,0,0,0,0,0,0,0,40795430,32.0,"Detroit, Michigan",Michigan,,Midwest (US),BullRusher;Competitor
5269,4208,WildBoyy,Jensen Wild,Jensen,Wild,50.0,retired,,2025-04-09 20:45:49,2026-03-21 09:15:15,Kicker,Accurate,,,,137,224,-87,0,0,539,0,0,0,0,0,0,0,0,0,0,32450000,32.0,Seattle,Mizzou,,West (US),
5268,4281,Bradkipp,Kipp Summers,Kipp,Summers,50.0,retired,,2025-04-09 20:45:49,2026-07-11 11:29:19,Cornerback,Cover Corner,,,,64,318,-254,0,0,1216,0,0,0,0,0,0,0,0,0,0,19028620,21.0,Santa Ana,UCLA,,West (US),Competitor
5267,1979,DarknessRising,Swantavius Feet-Lover,Swantavius,Feet-Lover,50.0,retired,,2025-04-09 20:45:49,2026-09-05 12:31:05,Linebacker,Coverage LB,,,,0,394,-394,0,0,1329,0,0,0,0,0,0,0,0,0,0,1151759325,77.0,Port Vila,Vanuatu,,APAC,Perceptive
5266,4212,YetiTaz,Holden Affart,Holden,Affart,50.0,retired,active,2025-04-09 20:45:49,2026-01-17 22:53:15,Defensive Tackle,Nose Tackle,,,,250,624,-374,0,0,810,1,0,0,0,0,0,0,0,0,0,7902723,12.0,"San Antonio, Texas",UTSA,,Southwest (US),
5265,4206,Hacob,Feka Ohi Kau,Feka,Ohi Kau,50.0,retired,active,2025-04-09 20:45:49,2026-01-10 00:00:01,Tight End,Vertical Threat,,,,250,955,-705,0,0,1316,0,0,0,0,0,0,0,0,0,0,50800000,94.0,"Fagalilika, Niue",St Clements,,APAC,ReceivingTE
5264,4248,scottyw13,Scott Wickerd,Scott,Wickerd,50.0,retired,,2025-04-09 20:45:49,2026-05-16 11:40:44,Wide Receiver,Speed Receiver,,,DSFL,105,495,-390,0,0,786,0,0,0,0,0,0,0,0,0,0,1229573,13.0,"Binghamton, New York",Oregon,,Northeast (US),
5263,4218,midknight,Taonga Kofi,Taonga,Kofi,50.0,retired,,2025-04-09 20:45:49,2026-03-25 19:08:43,Safety,Enforcer,COL,,,411,411,0,0,0,1280,0,0,0,0,0,0,0,0,0,0,49000793,11.0,South Africa,LSU,,World,BoxSafety;Competitor
5262,1482,rapideagle,Casper Constantine,Casper,Constantine,50.0,retired,,2025-04-09 20:45:49,2026-03-21 09:15:15,Cornerback,Cover Corner,,,,145,458,-313,0,0,572,0,0,0,0,0,0,0,0,0,0,28063740,99.0,"Lawrence, Kansas",Iowa,,Southwest (US),
5261,17,Symmetrik,Sebastian Rosenthal,Sebastian,Rosenthal,50.0,retired,,2025-04-09 20:45:49,2026-08-30 12:39:26,Linebacker,Pass Rusher,,,ISFL,372,360,12,0,0,1564,0,0,0,0,0,0,0,0,0,0,29331023,90.0,"Cologne, Germany",Syracuse,,EuroCan,
5260,4265,MrKrumz,Kal Summers Jr,Kal,Summers Jr,50.0,retired,active,2025-04-09 20:45:49,2026-04-13 19:45:07,Wide Receiver,Speed Receiver,,,,267,262,5,0,0,1054,0,1,0,0,0,0,0,0,0,0,7135223,0.0,Santa Ana,UCLA,,West (US),DeepThreat
5259,4250,Smurph,SuperNintendo Chalmers,SuperNintendo,Chalmers,50.0,retired,,2025-04-09 20:45:49,2026-05-16 11:40:44,Cornerback,Cover Corner,,,DSFL,105,209,-104,0,0,582,0,0,0,0,0,0,0,0,0,0,0,21.0,Pumpkintown SC,East Carolina,,Southeast (US),
5258,4222,TheDrapFather,Jordan Drapal,Jordan,Drapal,50.0,retired,,2025-04-09 20:45:49,2026-03-21 09:15:15,Offensive Lineman,Athletic Lineman,,,,111,185,-74,0,0,437,0,0,0,0,0,0,0,0,0,0,19519600,12.0,"Lincoln, NE",Nebraska,,West (US),
5257,3434,ItsFrenchie,Blo Cage,Blo,Cage,50.0,retired,active,2025-04-09 20:45:49,2025-11-22 12:22:43,Kicker,Accurate,,,,250,415,-165,0,0,634,0,0,0,0,0,0,0,0,0,0,32974853,5.0,"Manicouagan, QC",Laval,,EuroCan,
5256,2302,Tayjay,Chunky Campbell Soup,Chunky,Campbell Soup,50.0,retired,,2025-04-09 20:45:49,2026-07-11 11:29:19,Defensive Tackle,Nose Tackle,,,,76,350,-274,0,0,886,0,0,0,0,0,0,0,0,0,0,105524165,66.0,Campbell Alabama,Campbell,,Southeast (US),
5255,4229,jayamshah99,Travis Novak,Travis,Novak,50.0,retired,active,2025-04-09 20:45:49,2026-05-02 19:01:14,Wide Receiver,Speed Receiver,,,,800,793,7,0,0,1622,0,0,0,0,0,0,0,0,0,0,312875000,27.0,"Owatonna, MN",Wilderness U,,Midwest (US),Athlete
5254,2490,dude_man,No Pix,No,Pix,50.0,retired,,2025-04-09 20:45:49,2026-07-10 23:25:29,Cornerback,Cover Corner,,,ISFL,511,505,6,0,0,1622,1,0,0,0,0,0,0,0,0,0,723377250,10.0,"Boring, OR",Oregon,,West (US),
5253,4219,jackxburdick,Tommy Wholotta,Tommy,Wholotta,50.0,retired,,2025-04-09 20:45:49,,Defensive End,Power Rusher,,,,50,0,50,0,0,50,0,0,0,0,0,0,0,0,0,0,12000000,65.0,"Omaha, Nebraska",University of Wisconsin,,,
5252,4264,ClayAbby,Jack Wolf,Jack,Wolf,50.0,retired,,2025-04-09 20:45:49,,Kicker,Accurate,,,,50,0,50,0,0,162,0,0,0,0,0,0,0,0,0,0,16500000,4.0,"Pueblo, CO",CSU Pueblo,,,
5251,4270,schlonz75,James Richmay,James,Richmay,50.0,retired,,2025-04-09 20:45:49,,Defensive End,Speed Rusher,,,,50,0,50,0,0,82,0,0,0,0,0,0,0,0,0,0,16000000,96.0,Hamburg,Hamburg University,,,
5250,4284,GarySnailWilson,Carl Wheezer,Carl,Wheezer,50.0,retired,,2025-04-09 20:45:49,,Wide Receiver,Slot Receiver,,,,50,0,50,0,0,267,0,0,0,0,0,0,0,0,0,0,3530800,6.0,Retroville,Iowa State,,,
5249,4225,Afbgd8712,Landon Henry,Landon,Henry,50.0,retired,,2025-04-09 20:45:49,,Running Back,Receiving Back,,,,50,0,50,0,0,50,0,0,0,0,0,0,0,0,0,0,11000000,46.0,"Scarborough, Maine",Oregon,,,
5248,4233,CarmCarm,Carmen Murphy,Carmen,Murphy,50.0,retired,,2025-04-09 20:45:49,,Offensive Lineman,Athletic Lineman,,,,50,0,50,0,0,86,0,0,0,0,0,0,0,0,0,0,13900000,74.0,"Phenix City, AL",Iowa,,,
5247,4241,HokieBird15,Geno Starman,Geno,Starman,50.0,retired,,2025-04-09 20:45:49,,Safety,Center Fielder,,,,50,0,50,0,0,50,0,0,0,0,0,0,0,0,0,0,12000000,9.0,VA,Virginia Tech,,,
5246,4245,tdor1313,Tyler Duncan,Tyler,Duncan,50.0,retired,,2025-04-09 20:45:49,,Defensive Tackle,All-Purpose DT,,,,50,0,50,0,0,67,0,0,0,0,0,0,0,0,0,0,17500000,94.0,USA,The Ohio State University,,,
5245,3943,bigdolla,J.J. Enterfeltd,J.J.,Enterfeltd,50.0,retired,,2025-04-09 20:45:49,,Linebacker,Versatile LB,,,,50,0,50,0,0,62,0,0,0,0,0,0,0,0,0,0,-600000,97.0,Pittsburgh,South Park Elementary,,,
5244,1692,DrChops,Blitz McTackleton,Blitz,McTackleton,50.0,retired,,2025-04-09 20:45:49,,Safety,Enforcer,,,,50,0,50,0,0,92,0,0,0,0,0,0,0,0,0,0,63020499,88.0,"Fargo, ND",Hard Knocks,,,
5243,4223,josephnsabel,Joey Sabel,Joey,Sabel,50.0,retired,,2025-04-09 20:45:49,,Offensive Lineman,Athletic Lineman,,,,50,0,50,0,0,50,0,0,0,0,0,0,0,0,0,0,12000000,57.0,New Jersey,Syracuse,,,
5242,4260,Bort,Nomore Bort,Nomore,Bort,50.0,retired,,2025-04-09 20:45:49,,Wide Receiver,Possession Receiver,,,,50,0,50,0,0,50,0,0,0,0,0,0,0,0,0,0,12000000,88.0,"Butte, MT",LSU,,,
5241,4261,Dvonte,D’Vonte White,D’Vonte,White,50.0,retired,,2025-04-09 20:45:49,,Wide Receiver,Possession Receiver,,,,50,0,50,0,0,50,0,0,0,0,0,0,0,0,0,0,11200000,89.0,Altanta,Lsu,,,
5240,4271,Moonwater21,Roland Deschain,Roland,Deschain,50.0,retired,,2025-04-09 20:45:49,,Tight End,Possession TE,,,,50,0,50,0,0,50,0,0,0,0,0,0,0,0,0,0,12000000,88.0,Gilead,Gunslinger University,,,
5239,4259,bachirafan,Meguru Bachira,Meguru,Bachira,50.0,retired,,2025-04-09 20:45:49,,Safety,Ball Hawk,,,,50,0,50,0,0,588,0,0,0,0,0,0,0,0,0,0,13349273,8.0,"Chiba, Kanto, Japan",Blue Lock,,,
5238,4268,bigpeters,Sol Majestic,Sol,Majestic,50.0,retired,,2025-04-09 20:45:49,,Wide Receiver,Possession Receiver,,,,50,0,50,0,0,137,0,0,0,0,0,0,0,0,0,0,17100000,37.0,"Madison, WI",Iowa,,,
5237,4289,JordanWCarter,Don Wilkins,Don,Wilkins,50.0,retired,,2025-04-09 20:45:49,,Wide Receiver,Speed Receiver,,,,50,0,50,0,0,50,0,0,0,0,0,0,0,0,0,0,100000,47.0,"Garland, Texas",University of Dallas,,,
5236,4239,garryr,Garry R,Garry,R,50.0,retired,,2025-04-09 20:45:49,,Tight End,Vertical Threat,,,,50,0,50,0,0,50,0,0,0,0,0,0,0,0,0,0,12000000,80.0,London,UCLA,,,
5235,777,PSanchez55,Chris Garnica,Chris,Garnica,50.0,retired,,2025-04-09 20:45:49,,Defensive End,Speed Rusher,,,,50,0,50,0,0,64,0,0,0,0,0,0,0,0,0,0,21246470,92.0,"Port Arthur, Texas",Lamar,,,
5234,4234,davidmoose,David Moose,David,Moose,50.0,retired,,2025-04-09 20:45:49,,Linebacker,Pass Rusher,,,,50,0,50,0,0,67,0,0,0,0,0,0,0,0,0,0,22469600,91.0,Virginia,Oklahoma,,,
5233,4272,Bruh23,Luis Angel,Luis,Angel,50.0,retired,,2025-04-09 20:45:49,,Wide Receiver,Possession Receiver,,,,50,0,50,0,0,50,0,0,0,0,0,0,0,0,0,0,11100000,88.0,New York City,Notre Dame,,,
5232,4889,foshizzlemynizzle,Hugh Eackman,Hugh,Eackman,50.0,retired,active,2025-04-09 20:45:49,,Wide Receiver,Speed Receiver,,,,50,0,50,0,0,268,0,0,0,0,0,0,0,0,0,0,79119864,1.0,East London,University of Lincoln,,,
5231,4275,BrotherOverton,Scottie Dugan,Scottie,Dugan,50.0,retired,,2025-04-09 20:45:49,,Running Back,Speed Back,,,,50,0,50,0,0,50,0,0,0,0,0,0,0,0,0,0,12000000,20.0,"San Mateo, CA",Oregon State,,,
5230,4286,theironwall,Monty Ford,Monty,Ford,50.0,retired,,2025-04-09 20:45:49,,Cornerback,Cover Corner,,,,50,0,50,0,0,50,0,0,0,0,0,0,0,0,0,0,5000000,21.0,"Dayton, Ohio",Eastern Michigan University,,,
5229,4278,sweeiwnl,Jack Yip,Jack,Yip,50.0,retired,,2025-04-09 20:45:49,,Offensive Lineman,Balanced Lineman,,,,50,0,50,0,0,50,0,0,0,0,0,0,0,0,0,0,12100000,71.0,Hawaii,Oregon,,,
5228,4217,Otis B,"Otis Boudreaux, Jr",Otis,"Boudreaux, Jr",50.0,retired,,2025-04-09 20:45:49,,Wide Receiver,Possession Receiver,,,,50,0,50,0,0,288,0,0,0,0,0,0,0,0,0,0,14166050,22.0,Defiance Ohio,Appalachian State University,,,
5227,4257,Mack71,Simon Simmons,Simon,Simmons,50.0,retired,,2025-04-09 20:45:49,,Quarterback,Gunslinger,,,,50,0,50,0,0,50,0,0,0,0,0,0,0,0,0,0,11500000,11.0,Hamilton Ontario,Ohio State,,,
5226,4242,AmmoDog88,Dante Redgrave,Dante,Redgrave,50.0,retired,,2025-04-09 20:45:49,,Running Back,Speed Back,,,,50,0,50,0,0,50,0,0,0,0,0,0,0,0,0,0,11000000,27.0,Sonora,Lsu,,,
5225,4285,Stalling,Joey Stalling,Joey,Stalling,50.0,retired,,2025-04-09 20:45:49,,Wide Receiver,Speed Receiver,,,,50,0,50,0,0,81,0,0,0,0,0,0,0,0,0,0,15600000,5.0,"Detroit, Michigan",Central Michigan,,,
5224,4221,ariana20,Ariana Poopington,Ariana,Poopington,50.0,retired,,2025-04-09 20:45:49,,Wide Receiver,Possession Receiver,,,,50,0,50,0,0,50,0,0,0,0,0,0,0,0,0,0,12000000,11.0,"Newark, NJ",Fart University,,,
5223,4282,benrb97,Zach Ovtroy,Zach,Ovtroy,50.0,retired,,2025-04-09 20:45:49,,Defensive Tackle,Interior Rusher,,,,50,0,50,0,0,190,0,0,0,0,0,0,0,0,0,0,12115000,95.0,London,London,,,
5222,4224,Sthhokie,Nels Duckworth,Nels,Duckworth,50.0,retired,,2025-04-09 20:45:49,,Linebacker,Pass Rusher,,,,50,0,50,0,0,50,0,0,0,0,0,0,0,0,0,0,11500000,5.0,"Roanoke, Virginia",Virginia Tech,,,
5221,4205,lucyxpher,Lucy Leitner,Lucy,Leitner,50.0,retired,,2025-04-09 20:45:49,,Kicker,Power,,,,50,0,50,0,0,57,0,0,0,0,0,0,0,0,0,0,17200000,89.0,"Houston, Texas",Boston College,,,
5220,4249,Zanthosus,Zander Thomas,Zander,Thomas,50.0,retired,,2025-04-09 20:45:49,,Tight End,Vertical Threat,,,,50,0,50,0,0,50,0,0,0,0,0,0,0,0,0,0,12000000,29.0,"Charlotte, SC",Clemson,,,
5219,4254,cyberowl,Rush Templeton,Rush,Templeton,50.0,retired,,2025-04-09 20:45:49,,Defensive End,Power Rusher,,,,50,0,50,0,0,243,0,0,0,0,0,0,0,0,0,0,13500000,19.0,Doylestown,Temple,,,
5218,2539,noanic,Ted Marshall,Ted,Marshall,50.0,retired,,2025-04-09 20:45:49,,Linebacker,Versatile LB,,,,50,0,50,0,0,157,0,0,0,0,0,0,0,0,0,0,97203120,1.0,"Shaker Heights, Ohio",Wesleyan University,,,
5217,4258,DGreen28,Nolan Tate,Nolan,Tate,50.0,retired,,2025-04-09 20:45:49,,Safety,Ball Hawk,,,,50,0,50,0,0,50,0,0,0,0,0,0,0,0,0,0,12000000,24.0,"Alexandria, Virginia",James Madison,,,
5216,4244,d_m4jor,Deanathan Turnipseed,Deanathan,Turnipseed,50.0,retired,,2025-04-09 20:45:49,,Tight End,Vertical Threat,,,,50,0,50,0,0,50,0,0,0,0,0,0,0,0,0,0,11400000,84.0,"Taylor, Arkansas, USA",University of Kansas,,,
5215,4236,blocksmith52,Scoot Henderson,Scoot,Henderson,50.0,retired,,2025-04-09 20:45:49,,Tight End,Vertical Threat,,,,50,0,50,0,0,50,0,0,0,0,0,0,0,0,0,0,12000000,83.0,"Kansas, Japan",Kansas University,,,
5214,4269,JayWhy12,Joshua Bradley,Joshua,Bradley,50.0,retired,,2025-04-09 20:45:49,,Safety,Center Fielder,,,,50,0,50,0,0,50,0,0,0,0,0,0,0,0,0,0,12000000,12.0,"Weyburn, SK, Canada",Univ. of Saskatchewan,,,
5213,4266,spicymilk,Bryan Summers,Bryan,Summers,50.0,retired,,2025-04-09 20:45:49,,Kicker,Accurate,,,,50,0,50,0,0,129,0,0,0,0,0,0,0,0,0,0,2000000,99.0,"Santa Ana, California",CSU Dominguez Hills,,,
5212,4170,pietro.sapia,Cage Beers,Cage,Beers,49.0,retired,,2025-04-09 20:45:49,2025-08-01 20:55:50,Offensive Lineman,Athletic Lineman,,,,40,50,-10,0,0,50,0,0,0,0,0,0,0,0,0,0,9000000,99.0,"Villa Rica, GA",University of Kentucky,,,
5211,4174,EzzyBK,Aaron Youngblood,Aaron,Youngblood,49.0,retired,,2025-04-09 20:45:49,2025-08-01 20:55:50,Defensive End,Speed Rusher,,,,40,50,-10,0,0,50,0,0,0,0,0,0,0,0,0,0,5000000,7.0,Louisiana,Wyoming,,,
5210,4150,DeThePyro,Nathan Abel,Nathan,Abel,49.0,retired,,2025-04-09 20:45:49,2025-08-01 20:55:50,Offensive Lineman,Mauler,,,,104,122,-18,0,0,130,0,0,0,0,0,0,0,0,0,0,2200000,64.0,Houston,Texas A&M,,,
5209,1205,goodvsevil1275,Dexter Morgan,Dexter,Morgan,49.0,retired,,2025-04-09 20:45:49,2026-01-23 21:02:10,Quarterback,Gunslinger,,,,139,395,-256,0,0,548,0,0,0,0,0,0,0,0,0,0,20498248,34.0,"Miami, FL",Miami,,Southeast (US),
5208,1273,dylanjj37,William Metzler,William,Metzler,49.0,retired,,2025-04-09 20:45:49,2025-11-22 09:45:43,Kicker,Accurate,,,,87,125,-38,0,0,205,0,0,0,0,0,0,0,0,0,0,6434000,72.0,"Bellevue, WA",Washington,,West (US),
5207,3133,Jaywe88,Kool Kyle,Kool,Kyle,49.0,retired,active,2025-04-09 20:45:49,,Running Back,Speed Back,,,,250,0,250,0,0,251,0,0,0,0,0,0,0,0,0,0,622206,2.0,Koolsville,Dong-A University,,,
5207,3133,Jaywe88,Kool Kyle,Kool,Kyle,49.0,retired,active,2025-04-09 20:45:49,,Running Back,Speed Back,,,,250,0,250,0,0,251,0,0,0,0,0,0,0,0,0,0,622206,2.0,Koolsville,Dong-A University,,,
5206,4197,leandrofg,Leandro Goncalves,Leandro,Goncalves,49.0,retired,,2025-04-09 20:45:49,2025-11-22 09:45:43,Linebacker,Versatile LB,,,,126,235,-109,0,0,295,0,0,0,0,0,0,0,0,0,0,9600000,25.0,Portugal,Purdue,,EuroCan,
5205,3172,Reedy0rNot,Richard Johnson,Richard,Johnson,49.0,retired,,2025-04-09 20:45:49,2025-05-22 18:40:15,Offensive Lineman,Athletic Lineman,,,,250,365,-115,0,0,397,0,0,0,0,0,0,0,0,0,0,8142700,9.0,"Sacramento, California",Michigan,,,
5204,2492,Painted,Hot Dam,Hot,Dam,49.0,retired,active,2025-04-09 20:45:49,2026-05-16 11:40:44,Defensive Tackle,Nose Tackle,,,DSFL,122,304,-182,0,0,1255,0,0,0,0,0,0,0,0,0,0,73496188,31.0,"Bolder City, Nevada",UNLV,,Southwest (US),
5203,147,Bwestfield,Lucas Graves,Lucas,Graves,49.0,retired,,2025-04-09 20:45:49,2026-03-21 09:15:15,Cornerback,Cover Corner,,,,111,528,-417,0,0,880,0,0,0,0,0,0,0,0,0,0,24958515,30.0,"Miami, Florida",Tulane,,Southeast (US),ShutDownCorner
5202,4195,Yahtzee,Tim Robinson,Tim,Robinson,49.0,retired,,2025-04-09 20:45:49,2026-01-23 21:02:10,Kicker,Power,,,,117,276,-159,0,0,459,0,0,0,0,0,0,0,0,0,0,5250000,18.0,"Detroit, MI",Eastern Michigan University,,Midwest (US),
5201,4181,elixir,Ajax Sakarias,Ajax,Sakarias,49.0,retired,,2025-04-09 20:45:49,2025-11-22 09:45:43,Running Back,Fullback,,,,108,252,-144,0,0,254,0,0,0,0,0,0,0,0,0,0,23536550,52.0,"Biloxi, MS",OSU,,Southeast (US),
5200,3515,UptownCord,Deacon Blues,Deacon,Blues,49.0,retired,active,2025-04-09 20:45:49,2026-06-26 22:20:22,Tight End,Blocking TE,,,ISFL,383,372,11,0,0,1526,0,0,0,0,0,0,0,0,0,0,408011312,82.0,"Brooklyn, NY",Alabama,,Northeast (US),BlockingTE
5199,2063,Yeenoghu,Tua Domine,Tua,Domine,49.0,retired,,2025-04-09 20:45:49,2026-07-11 11:29:19,Linebacker,Versatile LB,,,ISFL,0,382,-382,0,0,1636,0,0,0,0,0,0,0,0,0,0,32758042,55.0,"Chicago, IL",Texas,,Midwest (US),
5198,794,WALDO,Zack Vega Jr.,Zack,Vega Jr.,49.0,retired,active,2025-04-09 20:45:49,2025-11-06 21:57:22,Quarterback,Field General,,,,250,1120,-870,0,0,1452,0,0,0,0,0,0,0,0,0,0,53094653,23.0,"Columbia, South Carolina",South Carolina,,Southeast (US),GameManager
5197,2139,ReverendOReily,Kevin Finnerty,Kevin,Finnerty,49.0,retired,,2025-04-09 20:45:49,2026-05-16 11:40:44,Wide Receiver,Speed Receiver,,,DSFL,61,506,-445,0,0,1202,0,0,0,0,0,0,0,0,0,0,77238255,34.0,"Kingman, AZ",Seton Hall,,Southwest (US),DeepThreat
5196,4201,jacobcarson877,Oandon Lolanin,Oandon,Lolanin,49.0,retired,active,2025-04-09 20:45:49,2026-01-12 06:04:54,Offensive Lineman,Athletic Lineman,,,,250,620,-370,0,0,665,0,0,0,0,0,0,0,0,0,0,-841875,89.0,"Ogre, Latvia",Wilderness U,,EuroCan,
5195,3573,wizard_literal,Duke Silverback,Duke,Silverback,49.0,retired,active,2025-04-09 20:45:49,2025-11-28 18:36:32,Safety,Center Fielder,,,,250,690,-440,0,0,1421,0,0,0,0,0,0,0,0,0,0,305526534,51.0,The Concrete Jungle,Wiggle University,,Northeast (US),CenterFielder
5194,4168,jlyles7,Joe Blaze,Joe,Blaze,49.0,retired,,2025-04-09 20:45:49,2026-05-16 11:40:44,Linebacker,Versatile LB,,,DSFL,71,176,-105,0,0,1259,0,0,0,0,0,0,0,0,0,0,25029283,3.0,Augusta,Kent State,,Southeast (US),BullRusher
5193,1140,jsteele14,Frosty Steele,Frosty,Steele,49.0,retired,,2025-04-09 20:45:49,2026-03-21 09:15:15,Linebacker,Pass Rusher,,,,98,195,-97,0,0,723,0,0,0,0,0,0,0,0,0,0,51268900,21.0,Washington D,Maryland,,Northeast (US),
5192,4200,Daniel Janser,Daniel Janser,Daniel,Janser,49.0,retired,,2025-04-09 20:45:49,2026-05-16 11:40:44,Offensive Lineman,Balanced Lineman,,,DSFL,152,342,-190,0,0,1106,0,0,0,0,0,0,0,0,0,0,-1775000,7.0,Zug,Princeton,,EuroCan,
5191,3463,AJW,Auto Matic,Auto,Matic,49.0,retired,active,2025-04-09 20:45:49,2026-01-24 02:27:12,Tight End,Possession TE,,,,324,324,0,0,0,860,0,0,0,0,0,0,0,0,0,0,1726360,89.0,Sudbury,Western,,EuroCan,ReceivingTE
5190,369,BOOM™,Sweet Sweet Ganjasmoke,Sweet Sweet,Ganjasmoke,49.0,retired,active,2025-04-09 20:45:49,2025-08-01 22:16:04,Wide Receiver,Speed Receiver,,,,250,1210,-960,0,0,1556,0,0,0,0,0,0,0,0,0,0,4851720,7.0,"Climax, MI",Michigan,,,Athlete;DeepThreat;RoleModel
5189,2583,IceBear32,- Baymax,-,Baymax,49.0,retired,active,2025-04-09 20:45:49,2025-08-06 15:01:56,Offensive Lineman,Mauler,,,,250,1245,-995,0,0,1556,0,0,0,0,0,0,0,0,0,0,63740704,56.0,San Fransokyo,San Fransokyo Institute of Technology,,,RoleModel;TenaciousBlocker
5188,1961,Amidships,William Eaton,William,Eaton,49.0,retired,active,2025-04-09 20:45:49,2026-04-30 21:45:16,Running Back,Receiving Back,AUS,,,509,496,13,0,0,1633,0,0,0,0,0,0,0,0,0,0,447530378,32.0,"Moose Jaw, SK",Penn State,,EuroCan,
5187,3342,Lumosityfan,WW Jatt,WW,Jatt,49.0,retired,active,2025-04-09 20:45:49,2026-01-24 08:31:58,Linebacker,Pass Rusher,,,,676,676,0,0,0,1542,1,0,0,0,0,0,0,0,0,0,160664142,9.0,"Milwaukee, Wisconsin",Illinois,,Midwest (US),
5186,2050,Kyamprac,Billdozer Dauterive,Billdozer,Dauterive,49.0,retired,active,2025-04-09 20:45:49,2026-04-30 12:56:09,Linebacker,Pass Rusher,AUS,,,540,528,12,0,0,1579,0,0,0,0,0,0,0,0,0,0,948478134,72.0,Louisiana,Arlen High,,Southwest (US),
5185,2165,Crunk,Kim Yeon-Seok,Kim,Yeon-Seok,49.0,retired,,2025-04-09 20:45:49,2026-03-20 11:27:42,Cornerback,Physical Corner,,,,794,794,0,0,0,1648,0,0,0,0,0,0,0,0,0,0,1088720,2.0,"Anyang, Gyeonggi, Republic of Korea",Dong-A University,,APAC,
5184,3170,Chucky,Harvin Marrison,Harvin,Marrison,49.0,retired,,2025-04-09 20:45:49,2026-03-21 09:15:15,Wide Receiver,Speed Receiver,,,,149,707,-558,0,0,1180,0,1,0,0,0,0,0,0,0,0,17369472,89.0,"Philadelphia, PA",OSU,,Northeast (US),Athlete;DeepThreat
5183,3347,MikeWhiskey,Lakin Makin,Lakin,Makin,49.0,retired,,2025-04-09 20:45:49,2026-03-21 09:15:15,Offensive Lineman,Athletic Lineman,,,,92,182,-90,0,0,720,0,0,0,0,0,0,0,0,0,0,33856740,89.0,Parts Unknown,Wilderness U,,World,
5182,4154,wildcatbandit,Benny The Jet,Benny,The Jet,49.0,retired,active,2025-04-09 20:45:49,2026-01-24 09:17:45,Wide Receiver,Slot Receiver,,,,478,477,1,0,0,1228,0,0,0,0,0,0,0,0,0,0,5104000,97.0,"Jenks, OK",Oklahoma State,,Southwest (US),
5181,4147,sonicxdoom,Super Sonic,Super,Sonic,49.0,retired,active,2025-04-09 20:45:49,2026-04-29 13:36:41,Wide Receiver,Speed Receiver,,,,219,218,1,0,0,1667,1,0,0,0,0,0,0,0,0,0,237772617,55.0,"Birmingham, Alabama",Notre Dame,,Southeast (US),
5180,4162,Dev0,Devin Mace,Devin,Mace,49.0,retired,active,2025-04-09 20:45:49,2025-09-27 16:14:03,Offensive Lineman,Balanced Lineman,,,,250,1034,-784,0,0,1546,0,0,0,0,0,0,0,0,0,0,42280294,62.0,"Cole Harbour, Nova Scotia, Canada",Saint Mary's,,,TenaciousBlocker
5179,2582,Middy,Klaus Reinhardt,Klaus,Reinhardt,49.0,retired,,2025-04-09 20:45:49,2026-03-21 09:15:15,Offensive Lineman,Mauler,,,,90,179,-89,0,0,711,0,0,0,0,0,0,0,0,0,0,24000000,52.0,"Tampa Bay, FL",Ave Maria University,,Southeast (US),
5178,4187,bfan8475,Slam Dunkinson,Slam,Dunkinson,49.0,retired,active,2025-04-09 20:45:49,2026-01-07 20:57:48,Linebacker,Pass Rusher,,,,250,760,-510,0,0,1586,0,0,0,0,0,0,0,0,0,0,109192493,95.0,New York,California,,Northeast (US),Athlete;SpeedRusher
5177,632,nunccoepi,Marshall von Hildebrand,Marshall,von Hildebrand,49.0,retired,active,2025-04-09 20:45:49,2026-05-16 11:40:44,Kicker,Accurate,,,DSFL,119,268,-149,0,0,1280,0,0,0,0,0,0,0,0,0,0,45295045,7.0,Rome,Franciscan University of Steubenville,,EuroCan,
5176,4198,tcookie,Cedric Theriault,Cedric,Theriault,49.0,retired,,2025-04-09 20:45:49,2026-01-23 21:02:10,Offensive Lineman,Athletic Lineman,,,,131,310,-179,0,0,517,0,0,0,0,0,0,0,0,0,0,15265820,14.0,"Laval, Quebec, Canada",Laval University,,EuroCan,
5175,1297,Dewalt27,Connor Craig Jr. Jr.,Connor,Craig Jr. Jr.,49.0,retired,active,2025-04-09 20:45:49,2026-04-27 11:23:28,Running Back,Power Back,,,,240,231,9,0,0,1455,0,0,0,0,0,0,0,0,0,0,127554402,27.0,"Pittsburg, PA",Detroit Mercy,,Northeast (US),
5174,1128,hihihi_62,Martavius Spencer,Martavius,Spencer,49.0,retired,,2025-04-09 20:45:49,2026-03-21 09:15:15,Safety,Ball Hawk,,,,115,229,-114,0,0,903,0,0,0,0,0,0,0,0,0,0,83207120,13.0,"Mobile, Alabama",Alabama,,Southeast (US),
5173,4156,AustinP0027,Alexander Rockstone,Alexander,Rockstone,49.0,retired,active,2025-04-09 20:45:49,2026-01-04 21:51:14,Wide Receiver,Speed Receiver,,,,250,1054,-804,0,0,1644,0,0,0,0,0,0,0,0,0,0,842651549,25.0,"Indianapolis, Indiana",Purdue,,Midwest (US),Athlete;DeepThreat
5172,1124,TubbyTim69,Julian McMorris II,Julian,McMorris II,49.0,retired,active,2025-04-09 20:45:49,2026-01-24 13:43:11,Running Back,Receiving Back,,,,518,518,0,0,0,1496,0,0,0,0,0,0,0,0,0,0,57080426,26.0,Winnipeg MB Canada,Manitoba,,EuroCan,RawTalent;ScatBack
5171,3401,fnordypsyduck,Katya Zamolodchikova,Katya,Zamolodchikova,49.0,retired,,2025-04-09 20:45:49,2026-03-21 09:15:15,Offensive Lineman,Mauler,,,,135,269,-134,0,0,952,1,0,0,0,0,0,0,0,0,0,27839535,69.0,"Moscow, Russia",Drag U,,APAC,
5170,3313,Arctic,Thaal Sinestro,Thaal,Sinestro,49.0,retired,,2025-04-09 20:45:49,2025-08-01 20:55:50,Defensive Tackle,Nose Tackle,,,,116,143,-27,0,0,144,0,0,0,0,0,0,0,0,0,0,7003784,8.0,Korugar,Iowa,,,
5169,4148,8bitd1ck,FTBLLCMR4D RUS-KCKR-001,FTBLLCMR4D,RUS-KCKR-001,49.0,retired,,2025-04-09 20:45:49,2026-03-21 09:15:15,Linebacker,Versatile LB,,,,79,375,-296,0,0,623,0,0,0,0,0,0,0,0,0,0,17900000,1.0,Moscow,Capitalism and American Dream,,APAC,
5168,554,STZ,Taylor's BF's Brother,Taylor's BF's,Brother,49.0,retired,,2025-04-09 20:45:49,2026-01-11 11:28:22,Offensive Lineman,Mauler,,,,250,244,6,0,0,554,0,0,0,0,0,0,0,0,0,0,5550000,89.0,Cleveland Heights,Tight End U,,Midwest (US),
5167,3521,Raccoon177,Liggy Jiggy,Liggy,Jiggy,49.0,retired,,2025-04-09 20:45:49,,Cornerback,Cover Corner,,,,50,0,50,0,0,213,0,0,0,0,0,0,0,0,0,0,5185101,13.0,Boston,Clemson,,,
5166,4153,phoenix,Oliver Harford,Oliver,Harford,49.0,retired,,2025-04-09 20:45:49,,Wide Receiver,Speed Receiver,,,,50,0,50,0,0,50,0,0,0,0,0,0,0,0,0,0,7300000,10.0,"Elkader, IA",Iowa,,,
5165,4194,REAL rory,Serhii Strynadka,Serhii,Strynadka,49.0,retired,,2025-04-09 20:45:49,,Safety,Center Fielder,,,,50,0,50,0,0,160,0,0,0,0,0,0,0,0,0,0,21240000,11.0,"Odesa, Ukraine",Columbia University,,,
5164,4167,SonOfCar,Jordan Carter,Jordan,Carter,49.0,retired,,2025-04-09 20:45:49,,Running Back,Speed Back,,,,50,0,50,0,0,107,0,0,0,0,0,0,0,0,0,0,7406285,3.0,Canada,USC,,,
5163,3870,Dynamicmlb_42,Darius Fasttrack,Darius,Fasttrack,49.0,retired,active,2025-04-09 20:45:49,,Wide Receiver,Slot Receiver,SJS,,,50,0,50,0,0,239,0,0,0,0,0,0,0,0,0,0,2786000,35.0,Great Falls MT,Missoula University,,,
5162,4155,halanv3ntur3,Walter Melon,Walter,Melon,49.0,retired,,2025-04-09 20:45:49,,Cornerback,Cover Corner,,,,50,0,50,0,0,50,0,0,0,0,0,0,0,0,0,0,1000000,8.0,"Newark, Ohio USA",The Ohio State University,,,
5161,2527,King Jellyfish,Makoa Mahiʻai Jr.,Makoa,Mahiʻai Jr.,49.0,retired,,2025-04-09 20:45:49,,Offensive Lineman,Mauler,,,,50,0,50,0,0,50,0,0,0,0,0,0,0,0,0,0,77716800,1.0,"Malaeimi, American Samoa",University of Colorado Boulder,,,
5160,4172,chefkiger,Ralph Johnson XXVI,Ralph,Johnson XXVI,49.0,retired,,2025-04-09 20:45:49,,Running Back,Power Back,,,,50,0,50,0,0,62,0,0,0,0,0,0,0,0,0,0,11000000,16.0,"Greenville, NC",ECU,,,
5159,4180,Benson,Tony Chazz,Tony,Chazz,49.0,retired,,2025-04-09 20:45:49,,Defensive Tackle,Interior Rusher,,,,50,0,50,0,0,180,0,0,0,0,0,0,0,0,0,0,8300000,99.0,Canada,Duke,,,
5158,4191,Playboyxco,Elijah Williams,Elijah,Williams,49.0,retired,,2025-04-09 20:45:49,,Running Back,Speed Back,,,,50,0,50,0,0,50,0,0,0,0,0,0,0,0,0,0,6000000,97.0,Akron Ohio,Ohio State,,,
5157,4186,Anthony8139,Anthony Stover,Anthony,Stover,49.0,retired,active,2025-04-09 20:45:49,,Linebacker,Versatile LB,,,,50,0,50,0,0,116,0,0,0,0,0,0,0,0,0,0,706600,7.0,Laplace Louisiana,LSU,,,
5156,4166,xrillex,Michael Knight,Michael,Knight,49.0,retired,,2025-04-09 20:45:49,,Wide Receiver,Possession Receiver,,,,50,0,50,0,0,50,0,0,0,0,0,0,0,0,0,0,7000000,81.0,"Omaha, Nebraska",Wichita State,,,
5155,4163,EBOT0907,Joe Brewer,Joe,Brewer,49.0,retired,,2025-04-09 20:45:49,,Wide Receiver,Speed Receiver,,,,50,0,50,0,0,59,0,0,0,0,0,0,0,0,0,0,12100000,9.0,Texas,South Carolina,,,
5154,4160,Dfoo,D Foo,D,Foo,49.0,retired,,2025-04-09 20:45:49,,Tight End,Possession TE,,,,50,0,50,0,0,50,0,0,0,0,0,0,0,0,0,0,9000000,6.0,Broward County,Florida State University,,,
5153,4196,ItsMcLovin,Ben Hafkey,Ben,Hafkey,49.0,retired,,2025-04-09 20:45:49,,Cornerback,Cover Corner,,,,50,0,50,0,0,103,0,0,0,0,0,0,0,0,0,0,10200000,3.0,"Denver, CO",University of Colorado Boulder,,,
5152,4143,Gopher a beer,Bazooka Nuttingham,Bazooka,Nuttingham,49.0,retired,,2025-04-09 20:45:49,,Running Back,Speed Back,,,,50,0,50,0,0,168,0,0,0,0,0,0,0,0,0,0,11400000,11.0,In a van down by the river,Planters Peanuts,,,
5151,4178,C2k,Ci Brez,Ci,Brez,49.0,retired,,2025-04-09 20:45:49,,Defensive End,Power Rusher,,,,50,0,50,0,0,50,0,0,0,0,0,0,0,0,0,0,7500000,21.0,Brazil,FSU,,,
5150,4179,wallfly84,Nathan Bodie,Nathan,Bodie,49.0,retired,,2025-04-09 20:45:49,,Defensive End,Speed Rusher,,,,50,0,50,0,0,50,0,0,0,0,0,0,0,0,0,0,19100000,93.0,Victoria British Coulmbia Canada,Montana,,,
5149,4149,burritohour,Gabriel Finley,Gabriel,Finley,49.0,retired,,2025-04-09 20:45:49,,Tight End,Possession TE,,,,50,0,50,0,0,52,0,0,0,0,0,0,0,0,0,0,9000000,27.0,"Edmonton, Canada",University of Alberta,,,
5148,4203,David VanHousen,David VanHousen,David,VanHousen,49.0,retired,,2025-04-09 20:45:49,,Wide Receiver,Speed Receiver,,,,50,0,50,0,0,92,0,0,0,0,0,0,0,0,0,0,13400000,20.0,USA,Washington,,,
5147,4158,ssovm,Bauce McSauce,Bauce,McSauce,49.0,retired,,2025-04-09 20:45:49,,Wide Receiver,Possession Receiver,,,,50,0,50,0,0,57,0,0,0,0,0,0,0,0,0,0,14100000,19.0,"Alpharetta, GA",Massachusetts Institute of Technology,,,
5146,1875,iStegosauruz,Secret Squirrel,Secret,Squirrel,49.0,retired,active,2025-04-09 20:45:49,,Tight End,Vertical Threat,,,,50,0,50,0,0,544,0,0,0,0,0,0,0,0,0,0,542272366,7.0,Hibernacula,Compton College,,,
5145,1848,QuirkyTurtle,Jonah Wallis,Jonah,Wallis,49.0,retired,,2025-04-09 20:45:49,,Cornerback,Cover Corner,,,,50,0,50,0,0,91,0,0,0,0,0,0,0,0,0,0,61273415,5.0,"London, UK",Clemson,,,
5144,4190,bytes,Zimm Triumph,Zimm,Triumph,49.0,retired,,2025-04-09 20:45:49,,Safety,Ball Hawk,,,,50,0,50,0,0,99,0,0,0,0,0,0,0,0,0,0,16860000,39.0,"Frankfurt, Germany",N/A,,,
5143,4193,The goat of hockey,Billy Joel,Billy,Joel,49.0,retired,,2025-04-09 20:45:49,,Wide Receiver,Slot Receiver,,,,50,0,50,0,0,50,0,0,0,0,0,0,0,0,0,0,6500000,25.0,Canada,BYU,,,
5142,4188,midnight.luck,Otto Wolff,Otto,Wolff,49.0,retired,,2025-04-09 20:45:49,,Kicker,Accurate,,,,50,0,50,0,0,50,0,0,0,0,0,0,0,0,0,0,7000000,1.0,"Dresden, Germany",Georgetown University,,,
5141,3296,TheHammer43,Jacques Hammer,Jacques,Hammer,49.0,retired,,2025-04-09 20:45:49,,Running Back,Speed Back,,,,50,0,50,0,0,62,0,0,0,0,0,0,0,0,0,0,31213500,43.0,"Montreal, Quebec, Canada",Laval,,,
5140,4185,wastedtyler,Kentrell King,Kentrell,King,49.0,retired,,2025-04-09 20:45:49,,Cornerback,Physical Corner,,,,50,0,50,0,0,50,0,0,0,0,0,0,0,0,0,0,7000000,23.0,East St Louis,Illinois,,,
5139,4169,jobin.jobin,Jobin Dean,Jobin,Dean,49.0,retired,,2025-04-09 20:45:49,,Cornerback,Physical Corner,,,,50,0,50,0,0,50,0,0,0,0,0,0,0,0,0,0,8000000,9.0,"Dallas, TX",Texas,,,
5138,3880,Coachsj35,Stacey Dewayne,Stacey,Dewayne,49.0,retired,active,2025-04-09 20:45:49,,Wide Receiver,Slot Receiver,,,,50,0,50,0,0,232,0,0,0,0,0,0,0,0,0,0,7375800,15.0,"Corsicana, Texas",University of Notre Dame,,,
5137,4161,SelfAware,Douglas Capybara,Douglas,Capybara,49.0,retired,,2025-04-09 20:45:49,,Cornerback,Cover Corner,,,,50,0,50,0,0,50,0,0,0,0,0,0,0,0,0,0,13000000,7.0,Ohio,Ohio State,,,
5136,4192,meandyoc,Kevin Jonathen,Kevin,Jonathen,49.0,retired,,2025-04-09 20:45:49,,Wide Receiver,Speed Receiver,,,,50,0,50,0,0,50,0,0,0,0,0,0,0,0,0,0,7100000,7.0,Michigan,Michigan,,,
5135,4183,Honeybagerman,Ozzie Newsomthin,Ozzie,Newsomthin,49.0,retired,,2025-04-09 20:45:49,,Tight End,Blocking TE,,,,50,0,50,0,0,50,0,0,0,0,0,0,0,0,0,0,7000000,82.0,Alabama,Bama,,,
5134,4173,DD13,Chad Broski,Chad,Broski,49.0,retired,,2025-04-09 20:45:49,,Kicker,Power,,,,50,0,50,0,0,50,0,0,0,0,0,0,0,0,0,0,7200000,97.0,"Santa Clause, Indiana",IUPUI,,,
5133,4204,avocago_65,Chris Receiverston,Chris,Receiverston,49.0,retired,,2025-04-09 20:45:49,,Wide Receiver,Possession Receiver,,,,50,0,50,0,0,62,0,0,0,0,0,0,0,0,0,0,11100000,24.0,Atlanta,Clemson,,,
5132,1273,dylanjj37,Going IA,Going,IA,49.0,retired,,2025-04-09 20:45:49,,Kicker,Power,,,,50,0,50,0,0,50,0,0,0,0,0,0,0,0,0,0,6434000,69.0,"Cornwall, UK",Chicago,,,
5131,4164,Shank,Bishop Milloy,Bishop,Milloy,49.0,retired,,2025-04-09 20:45:49,,Safety,Enforcer,,,,50,0,50,0,0,50,0,0,0,0,0,0,0,0,0,0,9000000,34.0,"Savannah, GA",University of Georgia,,,
5130,3026,Sen,Hal Taylor,Hal,Taylor,49.0,retired,,2025-04-09 20:45:49,,Offensive Lineman,Athletic Lineman,,,,50,0,50,0,0,74,0,0,0,0,0,0,0,0,0,0,31000000,16.0,"Alert, Nunavut.",Alabama,,,
5129,4176,Jaywoods,Kharmoni Woods,Kharmoni,Woods,49.0,retired,,2025-04-09 20:45:49,,Defensive End,Power Rusher,,,,50,0,50,0,0,50,0,0,0,0,0,0,0,0,0,0,7100000,10.0,Jackville fl,NDSU,,,
5128,4177,Trae008,Trae Jones Jr,Trae,Jones Jr,49.0,retired,,2025-04-09 20:45:49,,Tight End,Blocking TE,,,,50,0,50,0,0,50,0,0,0,0,0,0,0,0,0,0,7000000,1.0,Little Rock ar,Clemson,,,
5127,4151,Tdan04,Trey Daniels,Trey,Daniels,49.0,retired,,2025-04-09 20:45:49,,Running Back,Speed Back,,,,50,0,50,0,0,52,0,0,0,0,0,0,0,0,0,0,6000000,4.0,Duck Lake,University of Saskatchewan,,,
5126,4175,Echo,Matt K,Matt,K,49.0,retired,,2025-04-09 20:45:49,,Wide Receiver,Slot Receiver,,,,50,0,50,0,0,50,0,0,0,0,0,0,0,0,0,0,7000000,5.0,St. Louis,Michigan State,,,
5125,4182,RyZe,Aiden Teixeira,Aiden,Teixeira,49.0,retired,,2025-04-09 20:45:49,,Running Back,Speed Back,,,,50,0,50,0,0,50,0,0,0,0,0,0,0,0,0,0,100000,3.0,Boston MA,Ohio State,,,
5124,4159,Maniac1218,David Carson,David,Carson,49.0,retired,,2025-04-09 20:45:49,,Kicker,Power,,,,50,0,50,0,0,57,0,0,0,0,0,0,0,0,0,0,8000000,2.0,"Seattle, WA",University of Washington,,,
5123,4087,sneakyalien,Moses DeWitt,Moses,DeWitt,48.0,retired,,2025-04-09 20:45:49,,Wide Receiver,Speed Receiver,,,,60,50,10,0,0,74,0,0,0,0,0,0,0,0,0,0,10500000,14.0,"Burlington, VT",Washington State,,,
5122,4126,Yamas,Kayden Tominaga,Kayden,Tominaga,48.0,retired,,2025-04-09 20:45:49,,Wide Receiver,Speed Receiver,,,,40,50,-10,0,0,50,0,0,0,0,0,0,0,0,0,0,7000000,64.0,"San Jose, California, USA",University of Rhode Island,,,
5121,4139,CYOUNTS65,Chris Younts,Chris,Younts,48.0,retired,,2025-04-09 20:45:49,,Tight End,Vertical Threat,,,,40,0,40,0,0,50,0,0,0,0,0,0,0,0,0,0,1000000,2.0,"Troy, Alabama",Dong-A University,,,
5120,4127,Firefly,Daniel Kenny,Daniel,Kenny,48.0,retired,,2025-04-09 20:45:49,,Kicker,Power,,,,70,87,-17,0,0,87,0,0,0,0,0,0,0,0,0,0,2000000,8.0,Boston,Ohio University,,,
5119,592,Supersquare04,Reggie Battle,Reggie,Battle,48.0,retired,,2025-04-09 20:45:49,2025-11-22 09:45:43,Wide Receiver,Speed Receiver,,,,71,275,-204,0,0,278,0,0,0,0,0,0,0,0,0,0,11953610,34.0,Missouri,Princeton,,Southwest (US),
5118,4121,RTX_Matrix,Rick Van Vale,Rick,Van Vale,48.0,retired,,2025-04-09 20:45:49,,Defensive End,Power Rusher,,,,101,125,-24,0,0,126,0,0,0,0,0,0,0,0,0,0,10500000,13.0,Cardiff,Cardiff,,,
5117,3110,Alikh,Lheorvine Adebisi,Lheorvine,Adebisi,48.0,retired,,2025-04-09 20:45:49,2026-01-23 21:02:10,Defensive Tackle,All-Purpose DT,,,,84,278,-194,0,0,660,0,0,0,0,0,0,0,0,0,0,64738050,18.0,"Washington, DC",Maryland,,Northeast (US),SpeedRusher
5116,4129,Wiggli,Juan Carrasco,Juan,Carrasco,48.0,retired,,2025-04-09 20:45:49,2025-11-22 11:16:46,Defensive Tackle,Nose Tackle,,,,250,560,-310,0,0,1559,0,0,0,0,0,0,0,0,0,0,2471870,71.0,"Houston, Texas",University of Louisiana,,Southwest (US),BullRusher;SpeedRusher
5115,3138,Repgnar,Widdle Warrick,Widdle,Warrick,48.0,retired,,2025-04-09 20:45:49,2026-03-21 09:15:15,Cornerback,Physical Corner,,,,106,525,-419,0,0,1565,0,0,0,0,0,0,0,0,0,0,69654860,69.0,Endor,Bright Tree Village,,World,Athlete;Competitor;Perceptive;PressCorner
5114,1158,.Laser,Draven Chanos,Draven,Chanos,48.0,retired,active,2025-04-09 20:45:49,2026-03-03 12:27:14,Defensive Tackle,Interior Rusher,,,,552,540,12,0,0,1580,1,0,0,0,0,0,0,0,0,0,58628325,24.0,"Huntingon Beach, CA",Oregon State,,West (US),
5113,2214,zaynzk,Zayn Feet-Lover Sr.,Zayn,Feet-Lover Sr.,48.0,retired,active,2025-04-09 20:45:49,2025-09-29 00:00:00,Wide Receiver,Speed Receiver,,,,250,747,-497,0,0,1425,0,0,0,0,0,0,0,0,0,0,311923635,77.0,Maxville,Sky High,,,Athlete;DeepThreat;RoleModel
5112,4076,bfry,Stone Wall,Stone,Wall,48.0,retired,,2025-04-09 20:45:49,2026-03-21 09:15:15,Cornerback,Cover Corner,,,,74,183,-109,0,0,1405,0,0,0,0,0,0,0,0,0,0,56547400,99.0,NYC,NYCU,,Northeast (US),
5111,4099,ACynicalGamer,Mac Mannheim,Mac,Mannheim,48.0,retired,active,2025-04-09 20:45:49,2025-11-22 12:48:40,Linebacker,Pass Rusher,,,,250,605,-355,0,0,1532,0,0,0,0,0,0,0,0,0,0,131919887,54.0,"Manchester, England",Washington,,EuroCan,
5110,4119,Muddym13,Rex Havoc,Rex,Havoc,48.0,retired,,2025-04-09 20:45:49,2025-10-17 15:48:18,Defensive End,Power Rusher,,,,250,438,-188,0,0,1041,0,0,0,0,0,0,0,0,0,0,130444601,24.0,"Windsor, Ontario, Canada",Queens University,,,BullRusher;Competitor;Perceptive
5109,1770,yonggarius,Robot Sunfish,Robot,Sunfish,48.0,retired,active,2025-04-09 20:45:49,2026-01-01 21:25:36,Running Back,Fullback,,,,250,0,250,0,0,1569,1,0,0,0,0,0,0,0,0,0,267834825,52.0,"Seoul, South Korea",None,,APAC,
5108,3527,LtHudz,Leonardo Da Pinchi,Leonardo,Da Pinchi,48.0,retired,active,2025-04-09 20:45:49,2026-02-28 23:01:09,Offensive Lineman,Athletic Lineman,,,,518,505,13,0,0,1609,1,0,0,0,0,0,0,0,0,0,96921987,20.0,Tyrrhenian Sea,University of Florence,,EuroCan,
5107,2083,Rusfan,Caleb TheGEICOCamel,Caleb,TheGEICOCamel,48.0,retired,active,2025-04-09 20:45:49,2026-01-02 00:20:13,Safety,Center Fielder,,,,250,615,-365,0,0,1453,0,0,0,0,0,0,0,0,0,0,69840837,22.0,"Chevy Chase, Maryland",Howard University,,Northeast (US),
5106,1999,WildfireMicro,Adam Journey,Adam,Journey,48.0,retired,,2025-04-09 20:45:49,2025-06-09 11:43:50,Cornerback,Cover Corner,,,,250,1100,-850,0,0,1360,0,0,0,0,0,0,0,0,0,0,15289037,9.0,"Louisville, Kentucky",Kentucky,,,Competitor;Perceptive;ShutDownCorner
5105,1266,Gwdjohnson,Garfield Despacito IV,Garfield,Despacito IV,48.0,retired,,2025-04-09 20:45:49,2025-04-28 20:49:48,Defensive End,Speed Rusher,,,,250,323,-73,0,0,323,0,0,0,0,0,0,0,0,0,0,66201660,33.0,Montreal,University of British Columbia,,,
5104,3127,Ulaire,Rocket Ride,Rocket,Ride,48.0,retired,,2025-04-09 20:45:49,2025-10-28 09:06:51,Safety,Center Fielder,,,,250,723,-473,0,0,1275,0,0,0,0,0,0,0,0,0,0,50063030,3.0,Houston,Florida State,,Southwest (US),CenterFielder
5103,4063,omg,Seer Ial,Seer,Ial,48.0,retired,active,2025-04-09 20:45:49,2026-04-30 12:02:50,Wide Receiver,Slot Receiver,AUS,,,371,362,9,0,0,1599,0,0,0,0,0,0,0,0,0,0,386286521,17.0,"Salem, MA",Acpoctopia College,,Northeast (US),
5102,1073,Mooty99,Mako Mendonca Jr,Mako,Mendonca Jr,48.0,retired,active,2025-04-09 20:45:49,2025-11-22 14:38:19,Running Back,Fullback,,,,250,638,-388,0,0,1578,1,1,0,0,0,0,0,0,0,0,8559070,33.0,Austin,Texas Tech,,Southwest (US),
5101,1958,hotdog,smooth green girnch,smooth,green girnch,48.0,retired,,2025-04-09 20:45:49,2025-11-16 22:35:40,Offensive Lineman,Athletic Lineman,,,,250,485,-235,0,0,944,0,0,0,0,0,0,0,0,0,0,6055716,70.0,"Newport News, Virginia",Marshall,,Southeast (US),
5100,2243,Jimi64,Animal Blundetto,Animal,Blundetto,48.0,retired,,2025-04-09 20:45:49,2025-09-28 23:03:34,Running Back,Power Back,,,,250,740,-490,0,0,1494,0,0,0,0,0,0,0,0,0,0,58190396,18.0,"Hochatown, Oklahoma",LSU,,,
5099,2742,Greenbaynathan,Nathan Claflin Jr.,Nathan,Claflin Jr.,48.0,retired,active,2025-04-09 20:45:49,2026-01-04 21:32:41,Linebacker,Versatile LB,,,,168,168,0,0,0,604,1,0,0,0,0,0,0,0,0,0,2838729,41.0,Syracuse NY,Syracuse,,Northeast (US),
5098,2091,abh89,Harrison Andrews Jr.,Harrison,Andrews Jr.,48.0,retired,active,2025-04-09 20:45:49,2025-11-06 14:28:36,Cornerback,Cover Corner,,,,250,965,-715,0,0,1488,0,0,0,0,0,0,0,0,0,0,334134252,8.0,"Sarasota, FL",USF,,Southeast (US),Competitor;Perceptive;ShutDownCorner
5097,3126,Twenty6,Zigzag Zipstep,Zigzag,Zipstep,48.0,retired,active,2025-04-09 20:45:49,2026-01-08 11:26:53,Running Back,Receiving Back,,,,250,758,-508,0,0,1633,0,0,0,0,0,0,0,0,0,0,272424647,26.0,"Bukit Batok, Singapore",University of Akron,,APAC,RawTalent;ScatBack
5096,937,Fordhammer,Greg Hirsch,Greg,Hirsch,48.0,retired,,2025-04-09 20:45:49,2025-11-22 09:45:43,Cornerback,Cover Corner,,,,70,274,-204,0,0,274,0,0,0,0,0,0,0,0,0,0,76110586,70.0,Canada,Boston College,,EuroCan,
5095,2333,negs,GoTo imnegs.net,GoTo,imnegs.net,48.0,retired,active,2025-04-09 20:45:49,2025-11-01 17:58:48,Cornerback,Cover Corner,,,,250,460,-210,0,0,1047,1,0,0,0,0,0,0,0,0,0,72624510,7.0,New Jersey,Appalachian State,,Northeast (US),Competitor;Perceptive;ShutDownCorner
5094,3282,Gadget,Acutiramus Bohemicus,Acutiramus,Bohemicus,48.0,retired,active,2025-04-09 20:45:49,2026-02-23 17:41:17,Offensive Lineman,Mauler,,,,248,248,0,0,0,1015,0,0,0,0,0,0,0,0,0,0,36225283,67.0,Czech Republic,Rutgers,,EuroCan,TenaciousBlocker
5093,3194,infern8,Adolin Collins,Adolin,Collins,48.0,retired,active,2025-04-09 20:45:49,2026-03-07 12:28:44,Linebacker,Versatile LB,,,,493,465,28,0,0,1627,0,0,0,0,0,0,0,0,0,0,562132820,10.0,"Collinsville,",University of Rithiru,,Midwest (US),
5092,2698,Kobefromthefrobe,Cameron Oswald-Newton,Cameron,Oswald-Newton,48.0,retired,,2025-04-09 20:45:49,2025-11-22 09:45:43,Linebacker,Versatile LB,,,,117,278,-161,0,0,386,0,0,0,0,0,0,0,0,0,0,3471535,7.0,Montana,Wyoming,,West (US),
5091,24,Raven,Gusztáv Farkas,Gusztáv,Farkas,48.0,retired,active,2025-04-09 20:45:49,2026-05-13 06:00:37,Offensive Lineman,Mauler,BFB,,,395,395,0,0,0,1582,0,0,0,0,0,0,0,0,0,0,81878343,37.0,"Székesfehérvár, Hungary",UC Berkeley,,EuroCan,
5090,3100,Punk42AE,Dazen Guile,Dazen,Guile,48.0,retired,,2025-04-09 20:45:49,2026-05-16 11:40:44,Offensive Lineman,Athletic Lineman,,,DSFL,0,350,-350,0,0,1531,1,0,0,0,0,0,0,0,0,0,42546600,13.0,"Växjö, Sweden",Michigan,,EuroCan,
5089,4089,wetwilleh,Willeh Strong,Willeh,Strong,48.0,retired,active,2025-04-09 20:45:49,2026-04-30 17:05:12,Linebacker,Versatile LB,YKW,,,383,378,5,0,0,1618,0,0,0,0,0,0,0,0,0,0,631450891,3.0,Charlotte,Clemson,,Southeast (US),
5088,2295,OrbitingDeath,GCBWRNW Princess Donut,GCBWRNW,Princess Donut,48.0,retired,active,2025-04-09 20:45:49,2025-11-22 10:53:04,Defensive Tackle,Nose Tackle,,,,250,250,0,0,0,1604,0,0,0,0,0,0,0,0,0,0,956698801,25.0,Seattle,University of Washington,,West (US),BullRusher;Competitor;Perceptive;SpeedRusher
5087,4117,DocLars,Jet Larsen,Jet,Larsen,48.0,retired,active,2025-04-09 20:45:49,2026-03-05 20:28:37,Cornerback,Cover Corner,,,,574,565,9,0,0,1660,0,0,0,0,0,0,0,0,0,0,114647242,1.0,"Cleveland, OH",Ohio State,,Midwest (US),ShutDownCorner
5086,2138,deadlunatic,Old Man Walker,Old Man,Walker,48.0,retired,,2025-04-09 20:45:49,2025-11-22 09:45:43,Wide Receiver,Speed Receiver,,,,132,415,-283,0,0,521,0,0,0,0,0,0,0,0,0,0,34912155,12.0,Little Rock Arkansas,Rice,,Southwest (US),
5085,305,Oles,Tyler Oles III,Tyler,Oles III,48.0,retired,active,2025-04-09 20:45:49,2026-01-23 21:02:10,Cornerback,Cover Corner,,,,87,412,-325,0,0,686,0,0,0,0,0,0,0,0,0,0,31145397,8.0,Baltimore,University of Maryland,,Northeast (US),
5084,2676,Dolphins,Finn Murphy,Finn,Murphy,48.0,retired,,2025-04-09 20:45:49,2025-11-22 09:45:43,Linebacker,Versatile LB,,,,107,250,-143,0,0,420,0,0,0,0,0,0,0,0,0,0,67218449,18.0,"Miami, FL",Clemson,,Southeast (US),
5083,4118,SirKitchel,Leroy Jenkins,Leroy,Jenkins,48.0,retired,,2025-04-09 20:45:49,2025-08-01 20:55:50,Safety,Ball Hawk,,,,147,240,-93,0,0,243,0,0,0,0,0,0,0,0,0,0,9000000,95.0,"Houston, Texas",Arizona State,,,
5082,4033,Argonisi,Kurt Wagner,Kurt,Wagner,48.0,retired,,2025-04-09 20:45:49,2025-11-22 09:45:43,Tight End,Vertical Threat,,,,104,380,-276,0,0,411,0,0,0,0,0,0,0,0,0,0,8097400,34.0,"Wittenberg, Germany",KU,,EuroCan,
5081,1033,NylarthePhoenix,Cleetus Beauregard,Cleetus,Beauregard,48.0,retired,,2025-04-09 20:45:49,2025-11-22 09:45:43,Cornerback,Slot Corner,,,,147,349,-202,0,0,581,0,0,0,0,0,0,0,0,0,0,16501176,88.0,"Stanton, Nebraska",University of Nebraska,,West (US),SlotCorner
5080,4101,Civvy,Sam Coverdale,Sam,Coverdale,48.0,retired,,2025-04-09 20:45:49,2025-11-22 09:45:43,Cornerback,Cover Corner,,,,84,327,-243,0,0,329,0,0,0,0,0,0,0,0,0,0,20592300,31.0,"San Diego, California",Michigan,,West (US),
5079,1333,KC15,American Dream,American,Dream,48.0,retired,,2025-04-09 20:45:49,2026-01-23 21:02:10,Running Back,Power Back,,,,127,602,-475,0,0,998,0,0,0,0,0,0,0,0,0,0,25390210,12.0,"New Haven, Connecticut",University of Connecticut,,Northeast (US),Athlete
5078,1902,SwankyPants31,Lawrence Crawford,Lawrence,Crawford,48.0,retired,active,2025-04-09 20:45:49,2026-01-05 20:41:30,Cornerback,Physical Corner,,,,250,665,-415,0,0,1512,0,0,0,0,0,0,0,0,0,0,133366203,10.0,"Bridgewater, NJ",Sacramento State,,Northeast (US),PressCorner
5077,4094,jesmichan,Pranks Scofield,Pranks,Scofield,48.0,retired,,2025-04-09 20:45:49,,Wide Receiver,Return Specialist,,,,50,0,50,0,0,50,0,0,0,0,0,0,0,0,0,0,7000000,11.0,The Moon,Moon College,,,
5076,4128,trident13,Carlos Marx,Carlos,Marx,48.0,retired,,2025-04-09 20:45:49,,Defensive End,Power Rusher,,,,50,0,50,0,0,288,0,0,0,0,0,0,0,0,0,0,11365000,95.0,"Chicago, IL",Northwestern,,,
5075,4075,ConnerRay,Conner Ray,Conner,Ray,48.0,retired,,2025-04-09 20:45:49,,Wide Receiver,Slot Receiver,,,,50,0,50,0,0,50,0,0,0,0,0,0,0,0,0,0,8500000,20.0,Nova Scotia,University Of Minnesota,,,
5074,3186,AnUnoriginalGuy,Derrick Prince Jr.,Derrick,Prince Jr.,48.0,retired,,2025-04-09 20:45:49,,Wide Receiver,Speed Receiver,,,,50,0,50,0,0,262,0,0,0,0,0,0,0,0,0,0,129202865,16.0,"Philadelphia, Pennsylvania, USA",Temple University,,,
5073,2268,Southie,Johnny Bird,Johnny,Bird,48.0,retired,active,2025-04-09 20:45:49,,Safety,Center Fielder,,,,50,0,50,0,0,172,0,0,0,0,0,0,0,0,0,0,3215340,11.0,"Dothan, Alabama",University Of Alabama,,,
5072,4124,jft1768,Steve Austin,Steve,Austin,48.0,retired,,2025-04-09 20:45:49,,Tight End,Possession TE,,,,50,0,50,0,0,57,0,0,0,0,0,0,0,0,0,0,12500000,87.0,Seattle,University of Washington,,,
5071,4092,Nectorist,Big Tractor,Big,Tractor,48.0,retired,,2025-04-09 20:45:49,,Wide Receiver,Possession Receiver,,,,50,0,50,0,0,358,0,0,0,0,0,0,0,0,0,0,13055400,64.0,"Hewitt, TX",SMU,,,
5070,2566,Fno,Alexandros Sotiris,Alexandros,Sotiris,48.0,retired,,2025-04-09 20:45:49,,Safety,Center Fielder,,,,50,0,50,0,0,316,0,0,0,0,0,0,0,0,0,0,12565400,73.0,"Athens, Greece",University of Miami,,,
5069,4096,plz_ravens,Alejandro Thatcher,Alejandro,Thatcher,48.0,retired,,2025-04-09 20:45:49,,Linebacker,Pass Rusher,,,,50,0,50,0,0,50,0,0,0,0,0,0,0,0,0,0,6000000,43.0,"Maryland, USA",UConn,,,
5068,4113,Omglink,Nick DeFanco,Nick,DeFanco,48.0,retired,,2025-04-09 20:45:49,,Wide Receiver,Possession Receiver,,,,50,0,50,0,0,50,0,0,0,0,0,0,0,0,0,0,6500000,86.0,Ohio,Penn state,,,
5067,4133,FatherOf4our,Chris Underwood,Chris,Underwood,48.0,retired,,2025-04-09 20:45:49,,Wide Receiver,Slot Receiver,,,,50,0,50,0,0,50,0,0,0,0,0,0,0,0,0,0,0,12.0,"Danville, Kentucky",University of Kentucky,,,
5066,4142,J-U-B-B-A,Tylil Henderson,Tylil,Henderson,48.0,retired,,2025-04-09 20:45:49,,Cornerback,Cover Corner,,,,50,0,50,0,0,50,0,0,0,0,0,0,0,0,0,0,7000000,1.0,"Memphis, Tn",Ohio State,,,
5065,4116,notsunnyinphilly,Christian Dorr,Christian,Dorr,48.0,retired,,2025-04-09 20:45:49,,Wide Receiver,Possession Receiver,,,,50,0,50,0,0,50,0,0,0,0,0,0,0,0,0,0,7000000,81.0,"Richmond, VA",Ohio State University,,,
5064,4135,RelaxPats,Ron Quick,Ron,Quick,48.0,retired,,2025-04-09 20:45:49,,Running Back,Receiving Back,,,,50,0,50,0,0,50,0,0,0,0,0,0,0,0,0,0,1000000,22.0,Kansas City,Missouri,,,
5063,2758,Rangerjase,Air-Nash Topalo,Air-Nash,Topalo,48.0,retired,,2025-04-09 20:45:49,,Running Back,Speed Back,,,,50,0,50,0,0,50,0,0,0,0,0,0,0,0,0,0,20400000,7.0,Finland,The U,,,
5062,4122,JGilbz,James Gilbert,James,Gilbert,48.0,retired,,2025-04-09 20:45:49,,Tight End,Possession TE,,,,50,0,50,0,0,50,0,0,0,0,0,0,0,0,0,0,7000000,87.0,"London, England",University of Miami,,,
5061,4090,Jakecxx,Jake Barnes,Jake,Barnes,48.0,retired,,2025-04-09 20:45:49,,Safety,Center Fielder,,,,50,0,50,0,0,57,0,0,0,0,0,0,0,0,0,0,8000000,28.0,California,Appalachian State University,,,
5060,4137,shackleferd,Rusty Shackleferd,Rusty,Shackleferd,48.0,retired,,2025-04-09 20:45:49,,Linebacker,Pass Rusher,,,,50,0,50,0,0,273,0,0,0,0,0,0,0,0,0,0,8405600,4.0,Baldur's Gate,Winterholt,,,
5059,4141,Japansbomb,Tommy Locks,Tommy,Locks,48.0,retired,,2025-04-09 20:45:49,,Cornerback,Cover Corner,,,,50,0,50,0,0,50,0,0,0,0,0,0,0,0,0,0,6400000,3.0,Nashville TN,University of Tennessee,,,
5058,2898,YoungBuck,Jamarcus Qiller,Jamarcus,Qiller,48.0,retired,,2025-04-09 20:45:49,,Quarterback,Scrambler,,,,50,0,50,0,0,200,0,0,0,0,0,0,0,0,0,0,11150000,7.0,Philly,Texas,,,
5057,4097,Lip1999,Lip Nixon,Lip,Nixon,48.0,retired,,2025-04-09 20:45:49,,Tight End,Possession TE,,,,50,0,50,0,0,50,0,0,0,0,0,0,0,0,0,0,7000000,88.0,"Vicksburg, Mississippi",Ol’ Miss,,,
5056,4131,M21_BBC,Luis Vonhellsing,Luis,Vonhellsing,48.0,retired,,2025-04-09 20:45:49,,Cornerback,Physical Corner,,,,50,0,50,0,0,50,0,0,0,0,0,0,0,0,0,0,7000000,17.0,"Baton rouge,Louisiana",University of Texas,,,
5055,4136,CoolDiCool,Colin DeCoolin,Colin,DeCoolin,48.0,retired,,2025-04-09 20:45:49,,Cornerback,Slot Corner,,,,50,0,50,0,0,50,0,0,0,0,0,0,0,0,0,0,6500000,28.0,San Diego,USC,,,
5054,4093,ItMeansSalmon,Bradan Patsfield,Bradan,Patsfield,48.0,retired,,2025-04-09 20:45:49,,Linebacker,Coverage LB,,,,50,0,50,0,0,50,0,0,0,0,0,0,0,0,0,0,7300000,43.0,"Louisville, KY",Kentucky,,,
5053,4115,Lightspeed2424,Jaylin Reyes,Jaylin,Reyes,48.0,retired,,2025-04-09 20:45:49,,Wide Receiver,Slot Receiver,,,,50,0,50,0,0,50,0,0,0,0,0,0,0,0,0,0,7100000,5.0,California,Washington,,,
5052,4091,SPatt59,Jag McQueen,Jag,McQueen,48.0,retired,,2025-04-09 20:45:49,,Running Back,Speed Back,,,,50,0,50,0,0,320,0,0,0,0,0,0,0,0,0,0,8005400,41.0,Houston,Texas Tech,,,
5051,4114,Sell Canada,SoDo Mojo,SoDo,Mojo,48.0,retired,,2025-04-09 20:45:49,,Running Back,Speed Back,,,,50,0,50,0,0,50,0,0,0,0,0,0,0,0,0,0,6000000,7.0,GEG,Pay For Play U,,,
5050,4059,rebns,Reuben Mobbs,Reuben,Mobbs,48.0,retired,,2025-04-09 20:45:49,,Linebacker,Versatile LB,,,,50,0,50,0,0,52,0,0,0,0,0,0,0,0,0,0,9000000,8.0,"Newcastle, Australia",Harvard,,,
5049,4146,jayenergy,Jason Banks,Jason,Banks,48.0,retired,,2025-04-09 20:45:49,,Linebacker,Versatile LB,,,,50,0,50,0,0,50,0,0,0,0,0,0,0,0,0,0,7500000,13.0,"Bessemer, alabama",UAB,,,
5048,3956,8saintz,Kemari Bennett,Kemari,Bennett,47.0,retired,,2025-04-09 20:45:49,,Quarterback,Scrambler,,,,38,50,-12,0,0,50,0,0,0,0,0,0,0,0,0,0,7000000,17.0,"Santa Ana, California",Canada University,,,
5047,3961,KhakiChan,Dennis Li,Dennis,Li,47.0,retired,,2025-04-09 20:45:49,,Linebacker,Coverage LB,,,,38,50,-12,0,0,50,0,0,0,0,0,0,0,0,0,0,7000000,8.0,Lansing,Arizona State,,,
5046,3991,NewTown08,Raffi Turnbull,Raffi,Turnbull,47.0,retired,,2025-04-09 20:45:49,,Tight End,Possession TE,,,,42,50,-8,0,0,56,0,0,0,0,0,0,0,0,0,0,1100000,9.0,Canada,Alabama,,,
5045,4005,Roman_Furchi,Roman Furchi,Roman,Furchi,47.0,retired,,2025-04-09 20:45:49,,Safety,Ball Hawk,,,,38,0,38,0,0,50,0,0,0,0,0,0,0,0,0,0,100000,13.0,"Regina,Sk,Canada",Louisiana State University,,,
5044,3967,SlickManill,Logan McGinnis,Logan,McGinnis,47.0,retired,,2025-04-09 20:45:49,,Safety,Enforcer,,,,38,50,-12,0,0,50,0,0,0,0,0,0,0,0,0,0,7000000,89.0,Virginia,Wilderness U,,,
5043,3970,Dr.Lloyd,Lloyd Boernsteen,Lloyd,Boernsteen,47.0,retired,,2025-04-09 20:45:49,,Cornerback,Cover Corner,,,,106,141,-35,0,0,141,0,0,0,0,0,0,0,0,0,0,9926000,42.0,Kassel,Crossbell Police Academy,,,
5042,3988,Schwarzy,Honorius Salvator,Honorius,Salvator,47.0,retired,,2025-04-09 20:45:49,2025-11-22 09:45:43,Safety,Enforcer,,,,46,248,-202,0,0,287,0,0,0,0,0,0,0,0,0,0,2600000,75.0,"Dayton, OH",Notre Dame,,Midwest (US),
5041,1822,hexify,Hex Waters II,Hex,Waters II,47.0,retired,,2025-04-09 20:45:49,2025-08-01 20:55:50,Tight End,Blocking TE,,,,143,230,-87,0,0,271,0,0,0,0,0,0,0,0,0,0,7799999,72.0,"Chicago,USA",Arlen High,,,
5040,3982,WalterYensid,Walter Yensid,Walter,Yensid,47.0,retired,,2025-04-09 20:45:49,2025-11-22 09:45:43,Cornerback,Cover Corner,,,,61,237,-176,0,0,385,0,0,0,0,0,0,0,0,0,0,65144357,47.0,Honolulu,University of Hawai'i,,APAC,
5039,1454,Vulfzilla,Huge Yakman,Huge,Yakman,47.0,retired,active,2025-04-09 20:45:49,2025-05-15 12:32:11,Linebacker,Pass Rusher,,,,250,392,-142,0,0,489,0,0,0,0,0,0,0,0,0,0,7550150,34.0,"Auckland, NZ",Xavier,,,
5038,2245,Asked Madden,Mooty Poop-Eater,Mooty,Poop-Eater,47.0,retired,active,2025-04-09 20:45:49,2026-02-20 05:13:24,Cornerback,Cover Corner,,,,154,147,7,0,0,1495,0,0,0,0,0,0,0,0,0,0,59576600,70.0,Dumfries,Scottish Agricultural College,,EuroCan,
5037,4000,Honoredmexican,South West,South,West,47.0,retired,active,2025-04-09 20:45:49,2025-09-23 21:59:39,Cornerback,Cover Corner,,,,250,670,-420,0,0,1145,1,0,0,0,0,0,0,0,0,0,12520000,70.0,"Athens, Ga",Washington,,,
5036,2144,Pat,Elijah Dyson,Elijah,Dyson,47.0,retired,,2025-04-09 20:45:49,2025-08-20 15:47:55,Quarterback,Mobile,,,,250,763,-513,0,0,1370,0,0,0,0,0,0,0,0,0,0,485237312,17.0,"Minneapolis, MN",UCLA,,,Athlete
5035,3957,Daniel,Wake Drane Jr.,Wake,Drane Jr.,47.0,retired,active,2025-04-09 20:45:49,,Running Back,Receiving Back,,,,250,1325,-1075,0,0,1326,0,0,0,0,0,0,0,0,0,0,236338000,99.0,"Ontario, Canada",Purdue,,,Athlete;RawTalent;RoleModel;ScatBack
5034,1717,PMoney,Speed Hawk,Speed,Hawk,47.0,retired,active,2025-04-09 20:45:49,2025-09-27 15:05:41,Running Back,Receiving Back,,,,250,527,-277,0,0,1255,1,0,0,0,0,0,0,0,0,0,9355399,17.0,Melbourne,Alabama,,,ScatBack
5033,3981,Fangorn,Reginald Hammerfall,Reginald,Hammerfall,47.0,retired,active,2025-04-09 20:45:49,2025-09-09 07:44:32,Running Back,Receiving Back,,,,250,1035,-785,0,0,1601,0,0,0,0,0,0,0,0,0,0,224151450,22.0,"Stockton, CA",Durham University,,,Athlete;RawTalent;ScatBack
5032,8,NUCK,Will Nuck,Will,Nuck,47.0,retired,,2025-04-09 20:45:49,2025-08-08 15:18:46,Running Back,Speed Back,,,,250,648,-398,0,0,1162,0,0,0,0,0,0,0,0,0,0,2516666,21.0,Yellowknife,UBC,,,
5031,2401,Drip,McDripsen McDropsen,McDripsen,McDropsen,47.0,retired,,2025-04-09 20:45:49,2025-11-22 09:45:43,Offensive Lineman,Balanced Lineman,,,,81,269,-188,0,0,639,0,0,0,0,0,0,0,0,0,0,22741466,32.0,"Llanfairpwllgwyngyllgogerychwyrndrobwllllantysiliogogogoch, Wales",Johns Hopkins,,EuroCan,
5030,3995,JJ5,JJ What,JJ,What,47.0,retired,active,2025-04-09 20:45:49,2025-08-02 14:30:04,Linebacker,Pass Rusher,,,,250,577,-327,0,0,1341,1,0,0,0,0,0,0,0,0,0,15458821,97.0,Unova,College University,,,Athlete;SpeedRusher
5029,3964,roquefort,Roquefort Cotswold,Roquefort,Cotswold,47.0,retired,active,2025-04-09 20:45:49,2026-01-04 19:16:39,Cornerback,Physical Corner,,,,250,545,-295,0,0,1626,0,0,0,0,0,0,0,0,0,0,118077953,44.0,"Paris, France",North Dakota State University,,EuroCan,PressCorner
5028,3973,Brad Woof,Brad Woof,Brad,Woof,47.0,retired,active,2025-04-09 20:45:49,2025-08-04 10:24:58,Wide Receiver,Speed Receiver,,,,250,903,-653,0,0,1563,0,0,0,0,0,0,0,0,0,0,160737235,6.0,"Boston, MA, USA",Berklee College of Music,,,Athlete;DeepThreat
5027,3998,SensibleDictator,Tyler Higbee II,Tyler,Higbee II,47.0,retired,active,2025-04-09 20:45:49,2025-11-22 09:45:43,Offensive Lineman,Athletic Lineman,,,,100,330,-230,0,0,786,1,0,0,0,0,0,0,0,0,0,135698734,44.0,Tennessee,Western Kentucky,,Southeast (US),
5026,2923,TheNC206,Ranch-Pizza Pizza-Man,Ranch-Pizza,Pizza-Man,47.0,retired,active,2025-04-09 20:45:49,2025-11-12 18:59:07,Defensive Tackle,Nose Tackle,,,,250,371,-121,0,0,1130,1,0,0,0,0,0,0,0,0,0,11040560,66.0,Alaska,Pizza University,,APAC,
5025,2284,ThunderTitan82,Rush Hardman,Rush,Hardman,47.0,retired,active,2025-04-09 20:45:49,2025-08-01 20:55:50,Offensive Lineman,Athletic Lineman,,,,143,270,-127,0,0,339,1,0,0,0,0,0,0,0,0,0,661025512,52.0,Mount Rushmore,South Dakota State,,,
5024,3135,TwoSocks,Soul King Brook,Soul King,Brook,47.0,retired,active,2025-04-09 20:45:49,2026-01-23 21:02:10,Wide Receiver,Speed Receiver,,,,61,301,-240,0,0,895,1,0,0,0,0,0,0,0,0,0,6307076,8.0,"Florian Triangle, Grand Line",Namakura Island,,World,DeepThreat
5023,4003,Rydel439,Ryan Joseph,Ryan,Joseph,47.0,retired,,2025-04-09 20:45:49,2025-11-22 09:45:43,Linebacker,Coverage LB,,,,138,457,-319,0,0,831,0,0,0,0,0,0,0,0,0,0,2153390,9.0,"Wallingford, Connecticut",UCONN,,Northeast (US),
5022,3966,Soviet Sexpot,Maurice Gunner,Maurice,Gunner,47.0,retired,active,2025-04-09 20:45:49,2025-11-07 12:48:05,Linebacker,Versatile LB,,,,250,759,-509,0,0,1505,0,0,0,0,0,0,0,0,0,0,277353505,13.0,Alabama,Louisiana State University,,Southeast (US),BullRusher;Competitor
5021,1424,BRNXB0MBERS,Sewage Joe Fantringham,Sewage Joe,Fantringham,47.0,retired,active,2025-04-09 20:45:49,2025-11-11 15:32:55,Defensive Tackle,Nose Tackle,,,,250,700,-450,0,0,1530,0,0,0,0,0,0,0,0,0,0,23472063,99.0,"Lexington, KY",University of Kentucky,,Southeast (US),
5020,3986,araa,Grzegorz Winnicki,Grzegorz,Winnicki,47.0,retired,,2025-04-09 20:45:49,2026-01-23 21:02:10,Linebacker,Versatile LB,,,,100,499,-399,0,0,1288,0,0,0,0,0,0,0,0,0,0,2044746,21.0,Warszawa,Uniwersytet Jagieloński,,EuroCan,
5019,2082,Z-Whiz,Puddles O'Duck,Puddles,O'Duck,47.0,retired,active,2025-04-09 20:45:49,2025-11-07 16:25:26,Quarterback,Field General,,,,250,732,-482,0,0,1456,0,0,0,0,0,0,0,0,0,0,5050425,69.0,"Eugene, OR",Oregon,,West (US),GameManager
5018,1060,Starboy,Tony Scaletta,Tony,Scaletta,47.0,retired,active,2025-04-09 20:45:49,2025-11-22 09:45:43,Safety,Center Fielder,,,,71,331,-260,0,0,554,1,0,0,0,0,0,0,0,0,0,61947256,39.0,"Syracuse, Italy",Long Island,,EuroCan,
5017,3306,dustywilson22,Lane Wilson,Lane,Wilson,47.0,retired,active,2025-04-09 20:45:49,2025-09-28 10:26:47,Running Back,Receiving Back,,,,250,362,-112,0,0,1308,1,0,0,0,0,0,0,0,0,0,5881750,39.0,"Yellowknife, Canada",University of Minnesota,,,Athlete;RawTalent;ScatBack
5016,3975,papalinator,Bob Kronkowski,Bob,Kronkowski,47.0,retired,,2025-04-09 20:45:49,,Tight End,Vertical Threat,,,,250,997,-747,0,0,1227,0,0,0,0,0,0,0,0,0,0,6555444,25.0,Ohio,Ohio,,,ReceivingTE
5015,3992,modpro,Bull Dozier,Bull,Dozier,47.0,retired,,2025-04-09 20:45:49,2025-11-23 20:55:24,Linebacker,Pass Rusher,,,,250,330,-80,0,0,1346,1,0,0,0,0,0,0,0,0,0,48218350,24.0,Sacramento,University of Southern California,,West (US),
5014,2160,Swanty,Swantavius Stack,Swantavius,Stack,47.0,retired,active,2025-04-09 20:45:49,2026-02-14 00:35:43,Offensive Lineman,Mauler,,,,213,210,3,0,0,1292,0,0,0,0,0,0,0,0,0,0,8692208,66.0,"Kirkland, WA",UW,,West (US),
5013,2925,ImSatanJunior,- Bugs,-,Bugs,47.0,retired,active,2025-04-09 20:45:49,2026-01-23 21:02:10,Quarterback,Field General,,,,68,800,-732,0,0,1219,0,1,0,0,0,0,0,0,0,0,38116149,52.0,"Seattle, Washington",Oregon,,West (US),GameManager
5012,3077,mer,Toller Retriever,Toller,Retriever,47.0,retired,,2025-04-09 20:45:49,2026-01-23 21:02:10,Safety,Center Fielder,,,,80,381,-301,0,0,956,1,0,0,0,0,0,0,0,0,0,4368499,18.0,"Yarmouth, Nova Scotia, Canada",St. Francis Xavier,,EuroCan,CenterFielder
5011,3947,Blix900,Luke Laraque,Luke,Laraque,47.0,retired,,2025-04-09 20:45:49,2025-11-22 09:45:43,Defensive End,Power Rusher,,,,101,336,-235,0,0,798,0,0,0,0,0,0,0,0,0,0,39440000,12.0,"Manchester, NH",UNH,,Northeast (US),
5010,3223,Gage2,Julian Rose,Julian,Rose,47.0,retired,,2025-04-09 20:45:49,2025-09-09 17:08:34,Wide Receiver,Possession Receiver,,,,250,613,-363,0,0,1155,0,0,0,0,0,0,0,0,0,0,3701324,24.0,"San Juan, Puerto Rico",Purdue,,,Athlete;SlotReceiver
5009,3954,oknom,Dunkler Sowerwine,Dunkler,Sowerwine,47.0,retired,active,2025-04-09 20:45:49,2026-01-05 14:44:16,Defensive Tackle,Nose Tackle,,,,250,560,-310,0,0,1627,1,0,0,0,0,0,0,0,0,0,10589964,75.0,"Thief River Falls, MN",Michigan State,,Midwest (US),BullRusher;SpeedRusher
5008,3195,bold ni wally,SkibidiGyat OhioRizzler,SkibidiGyat,OhioRizzler,47.0,retired,active,2025-04-09 20:45:49,2025-08-02 12:38:10,Cornerback,Cover Corner,,,,250,622,-372,0,0,1193,0,0,0,0,0,0,0,0,0,0,155527765,76.0,"Waxhaw, North Carolina",North Carolina State,,,Competitor;ShutDownCorner
5007,3958,shahdude,Tim Riggins,Tim,Riggins,47.0,retired,,2025-04-09 20:45:49,2025-11-22 09:45:43,Wide Receiver,Speed Receiver,,,,133,839,-706,0,0,1048,0,0,0,0,0,0,0,0,0,0,17037797,97.0,"Rincon, Puerto Rico",Hogwarts,,World,DeepThreat
5006,3240,bechtudo,Eric Beaty jr.,Eric,Beaty jr.,47.0,retired,active,2025-04-09 20:45:49,2025-11-04 11:08:32,Safety,Center Fielder,,,,250,700,-450,0,0,1205,0,0,0,0,0,0,0,0,0,0,57768150,99.0,Germany,Tennessee,,EuroCan,CenterFielder
5005,3902,fetty,Dee Fernandez,Dee,Fernandez,47.0,retired,,2025-04-09 20:45:49,2025-11-22 09:45:43,Kicker,Accurate,,,,68,320,-252,0,0,470,0,0,0,0,0,0,0,0,0,0,19888550,27.0,"Tijuana, Baja, Mexico",San Quentin Culinary School,,World,
5004,3182,soevil,Russell Jimmies,Russell,Jimmies,47.0,retired,active,2025-04-09 20:45:49,2025-05-14 19:11:54,Quarterback,Mobile,,,,250,1200,-950,0,0,1479,1,1,0,0,0,0,0,0,0,0,12254290,12.0,"Cincinnati, Ohio",University of Cincinnati,,,Athlete;Dualthreat;RoleModel
5003,2993,dhoop,Meo Stickyhands-McGee,Meo,Stickyhands-McGee,47.0,retired,,2025-04-09 20:45:49,2025-11-22 09:45:43,Wide Receiver,Speed Receiver,,,,102,484,-382,0,0,806,0,0,0,0,0,0,0,0,0,0,7712500,88.0,"Embarrass, MN",South Dakota State,,Midwest (US),
5002,2660,MrGoat1246,Gucci Gurley,Gucci,Gurley,47.0,retired,,2025-04-09 20:45:49,2025-11-22 09:45:43,Running Back,Power Back,,,,53,332,-279,0,0,415,0,0,0,0,0,0,0,0,0,0,7171280,13.0,"Orlando, FL",Notre Dame,,Southeast (US),
5001,3104,Bunny,- Bunny,-,Bunny,47.0,retired,,2025-04-09 20:45:49,2025-08-01 20:55:50,Defensive Tackle,Nose Tackle,,,,136,194,-58,0,0,322,0,0,0,0,0,0,0,0,0,0,4974000,13.0,My hutch,Rabbit University,,,
5000,3106,Agent Chaos,Upceti Spaghetti,Upceti,Spaghetti,47.0,retired,,2025-04-09 20:45:49,2026-01-08 20:10:47,Defensive End,Speed Rusher,,,,248,246,2,0,0,1123,0,0,0,0,0,0,0,0,0,0,42850000,79.0,Swallow Falls,Flint Lockwood University,,World,SpeedRusher
4999,3985,kahri,Edith Nickelback,Edith,Nickelback,47.0,retired,active,2025-04-09 20:45:49,2025-10-06 15:28:13,Offensive Lineman,Mauler,,,,248,253,-5,0,0,731,0,0,0,0,0,0,0,0,0,0,17050000,22.0,Ireland,Wiggle University,,,
4998,3997,Figgy,Lyle Robideaux,Lyle,Robideaux,47.0,retired,,2025-04-09 20:45:49,2025-11-22 09:45:43,Safety,Center Fielder,,,,134,267,-133,0,0,996,0,0,0,0,0,0,0,0,0,0,31238100,8.0,"El Paso, TX",Texas,,Southwest (US),CenterFielder
4997,938,Baron1898,María Teresa de la Rosa,María Teresa,de la Rosa,47.0,retired,,2025-04-09 20:45:49,2025-11-21 01:03:52,Wide Receiver,Speed Receiver,,,,250,750,-500,0,0,1611,0,0,0,0,0,0,0,0,0,0,769969324,47.0,"Granada, Spain",Pomona College,,EuroCan,Athlete
4996,3972,Hamm Hargreaves,Hamm Hargreaves,Hamm,Hargreaves,47.0,retired,,2025-04-09 20:45:49,,Kicker,Accurate,,,,50,0,50,0,0,69,0,0,0,0,0,0,0,0,0,0,14146200,11.0,"Amherst, New York",University of Buffalo,,,
4995,3999,Sparrow86,Jack Destroyer,Jack,Destroyer,47.0,retired,,2025-04-09 20:45:49,,Linebacker,Pass Rusher,,,,50,0,50,0,0,241,0,0,0,0,0,0,0,0,0,0,11380000,69.0,"London, England",Oxford University,,,
4994,3963,Trihawk05,Jack Mancuso,Jack,Mancuso,47.0,retired,,2025-04-09 20:45:49,,Running Back,Receiving Back,,,,50,0,50,0,0,50,0,0,0,0,0,0,0,0,0,0,7000000,2.0,New York,Syracuse,,,
4993,3953,Klepter,LaMarcus Love,LaMarcus,Love,47.0,retired,,2025-04-09 20:45:49,,Defensive End,Speed Rusher,,,,50,0,50,0,0,57,0,0,0,0,0,0,0,0,0,0,6000000,7.0,"Hollywood, Florida",Penn St,,,
4992,4008,irthen,Matt Wilkins,Matt,Wilkins,47.0,retired,,2025-04-09 20:45:49,,Cornerback,Cover Corner,,,,50,0,50,0,0,339,0,0,0,0,0,0,0,0,0,0,7300000,83.0,Nuremberg,Bavaria State,,,
4991,3980,jeeeeefff,Jeffrey Jefferson,Jeffrey,Jefferson,47.0,retired,,2025-04-09 20:45:49,,Cornerback,Cover Corner,,,,50,0,50,0,0,57,0,0,0,0,0,0,0,0,0,0,6000000,9.0,Jeffles,Jefferson State U,,,
4990,3987,DerekBecker,Derek Becker,Derek,Becker,47.0,retired,,2025-04-09 20:45:49,,Defensive End,Power Rusher,,,,50,0,50,0,0,87,0,0,0,0,0,0,0,0,0,0,8000000,32.0,St. Louis,University of Missouri Columbia,,,
4989,3989,Quinner360,Gavin Bebardo,Gavin,Bebardo,47.0,retired,,2025-04-09 20:45:49,,Wide Receiver,Speed Receiver,,,,50,0,50,0,0,50,0,0,0,0,0,0,0,0,0,0,6000000,79.0,Canada,LSU,,,
4988,4006,KingAlbert517,Doug Mango,Doug,Mango,47.0,retired,,2025-04-09 20:45:49,,Offensive Lineman,Athletic Lineman,,,,50,0,50,0,0,62,0,0,0,0,0,0,0,0,0,0,5500000,73.0,Peekskill NY,SUNY Albany,,,
4987,3960,Canadian_Goose25,Johnathan ByWater,Johnathan,ByWater,47.0,retired,,2025-04-09 20:45:49,,Linebacker,Versatile LB,,,,50,0,50,0,0,113,0,0,0,0,0,0,0,0,0,0,8400000,2.0,"Provo, Utah",Brigham Young University,,,
4986,3978,wingedbard,Treyverion Bernardrick,Treyverion,Bernardrick,47.0,retired,,2025-04-09 20:45:49,,Wide Receiver,Possession Receiver,,,,50,0,50,0,0,142,0,0,0,0,0,0,0,0,0,0,9724000,10.0,"Rancho Cucamonga, California",BYU,,,
4985,3983,kiki,Kiwi Flapjacks,Kiwi,Flapjacks,47.0,retired,,2025-04-09 20:45:49,,Defensive End,Power Rusher,,,,50,0,50,0,0,107,0,0,0,0,0,0,0,0,0,0,4912500,21.0,New York,Portland State University,,,
4984,4004,silver6147,Siris Inderbitzen,Siris,Inderbitzen,47.0,retired,,2025-04-09 20:45:49,,Linebacker,Pass Rusher,,,,50,0,50,0,0,50,0,0,0,0,0,0,0,0,0,0,1000000,54.0,"Edmonton, AB, Canada",Stanford,,,
4983,2277,ConnorM123,D’Glester Hardunkichud,D’Glester,Hardunkichud,47.0,retired,,2025-04-09 20:45:49,,Linebacker,Coverage LB,,,,50,0,50,0,0,299,0,0,0,0,0,0,0,0,0,0,66872105,62.0,Alaska,University of Wisconsin,,,
4982,3092,crazykeyoung,Roman Alexander,Roman,Alexander,47.0,retired,,2025-04-09 20:45:49,,Defensive End,Power Rusher,,,,50,0,50,0,0,265,0,0,0,0,0,0,0,0,0,0,8000000,98.0,Cincinnati,Ohio state,,,
4981,4020,0zone,Jah’cee Collins,Jah’cee,Collins,47.0,retired,,2025-04-09 20:45:49,,Cornerback,Slot Corner,,,,50,0,50,0,0,50,0,0,0,0,0,0,0,0,0,0,1000000,1.0,Houston Tx,Texas A&M,,,
4980,3976,mmann020,Michael Mann,Michael,Mann,47.0,retired,,2025-04-09 20:45:49,,Safety,Center Fielder,,,,50,0,50,0,0,50,0,0,0,0,0,0,0,0,0,0,6000000,36.0,New Orleans,Old Dominion University,,,
4979,3282,Gadget,Long Snapper,Long,Snapper,47.0,retired,active,2025-04-09 20:45:49,,Tight End,Possession TE,,,,50,0,50,0,0,151,0,0,0,0,0,0,0,0,0,0,36225283,84.0,A River,Rutgers,,,
4978,4001,Laurhaus,Ricky Ray,Ricky,Ray,47.0,retired,,2025-04-09 20:45:49,,Wide Receiver,Slot Receiver,,,,50,0,50,0,0,50,0,0,0,0,0,0,0,0,0,0,6700000,15.0,Minnesota,University of Minnesota,,,
4977,2034,bk1689,Brennan Kennedy II,Brennan,Kennedy II,47.0,retired,,2025-04-09 20:45:49,,Linebacker,Versatile LB,,,,50,0,50,0,0,50,0,0,0,0,0,0,0,0,0,0,19000000,16.0,"Nova Scotia, Canada",NSCC,,,
4976,2390,Seymour,Bean Beanman III,Bean,Beanman III,47.0,retired,,2025-04-09 20:45:49,,Linebacker,Versatile LB,,,,50,0,50,0,0,781,0,0,0,0,0,0,0,0,0,0,19766370,97.0,"Vancouver, Canada",Canada University,,,
4975,2333,negs,GoTo http://imnegs.net/,GoTo,http://imnegs.net/,47.0,retired,active,2025-04-09 20:45:49,,Defensive Tackle,Nose tackle,,,,50,0,50,0,0,209,0,0,0,0,0,0,0,0,0,0,72624510,52.0,New Joisey,William Paterson,,,
4974,3979,tar_xf,Tar XF,Tar,XF,47.0,retired,,2025-04-09 20:45:49,,Kicker,Accurate,,,,50,0,50,0,0,50,0,0,0,0,0,0,0,0,0,0,7000000,15.0,"Washington, DC",Galaudet University,,,
4973,3971,DerrickThomas,Derrick Thomas,Derrick,Thomas,47.0,retired,,2025-04-09 20:45:49,,Linebacker,Pass Rusher,,,,50,0,50,0,0,50,0,0,0,0,0,0,0,0,0,0,1000000,58.0,"Miami, FL",University of Alabama,,,
4972,2891,a_cupof_bread,Cameron Gold,Cameron,Gold,47.0,retired,,2025-04-09 20:45:49,,Kicker,Power,,,,50,0,50,0,0,54,0,0,0,0,0,0,0,0,0,0,12042300,8.0,"Albany, New York",Harvard,,,
4971,3951,Jackienape,Raphael Mephistopholes,Raphael,Mephistopholes,47.0,retired,active,2025-04-09 20:45:49,,Cornerback,Cover Corner,BFB,,,50,0,50,0,0,1104,0,0,0,0,0,0,0,0,0,0,159556492,42.0,Avernus,The House of Hope,,,
4970,3408,Starchychaff,Anthony Simmons III,Anthony,Simmons III,47.0,retired,active,2025-04-09 20:45:49,,Defensive Tackle,Nose Tackle,,,,50,0,50,0,0,308,0,0,0,0,0,0,0,0,0,0,10473100,57.0,Sikeston Missouri,Southeast Missouri State,,,
4969,3959,SoGringo,So Gringo,So,Gringo,47.0,retired,,2025-04-09 20:45:49,,Quarterback,Field General,,,,50,0,50,0,0,50,0,0,0,0,0,0,0,0,0,0,6500000,1.0,The Shire,University of the fellowship,,,
4968,3969,Crezi,Oliver Wilson,Oliver,Wilson,47.0,retired,,2025-04-09 20:45:49,,Tight End,Possession TE,,,,50,0,50,0,0,50,0,0,0,0,0,0,0,0,0,0,7000000,15.0,"Stoke-On-Trent, United Kingdom",King Henry VIII's School of Tea,,,
4967,4002,Niyx,James Linch,James,Linch,47.0,retired,,2025-04-09 20:45:49,,Running Back,Speed Back,,,,50,0,50,0,0,55,0,0,0,0,0,0,0,0,0,0,8500000,10.0,"Tallahassee,  FL",Florida State,,,
4966,1902,SwankyPants31,K.C. Gordon,K.C.,Gordon,47.0,retired,active,2025-04-09 20:45:49,,Linebacker,Pass Rusher,,,,50,0,50,0,0,253,0,0,0,0,0,0,0,0,0,0,133366203,97.0,"Bohemia, NY",Georgia,,,
4965,1350,roastfuego,Brandon Johnson,Brandon,Johnson,47.0,retired,,2025-04-09 20:45:49,,Running Back,Fullback,,,,50,0,50,0,0,368,0,0,0,0,0,0,0,0,0,0,19410608,24.0,Toronto,University of Toronto,,,
4964,3974,RavioliCowboy,Waldo McCrunchy,Waldo,McCrunchy,47.0,retired,,2025-04-09 20:45:49,,Wide Receiver,Slot Receiver,,,,50,0,50,0,0,50,0,0,0,0,0,0,0,0,0,0,6000000,21.0,"Bossier City, Louisiana",University of Tennessee,,,
4963,3955,cousinhuey,Demarcus Brothers,Demarcus,Brothers,47.0,retired,,2025-04-09 20:45:49,,Safety,Enforcer,,,,50,0,50,0,0,65,0,0,0,0,0,0,0,0,0,0,12000000,18.0,"Berlin, Germany",UCLA,,,
4962,4025,Kimar,J’von Williams,J’von,Williams,47.0,retired,,2025-04-09 20:45:49,,Wide Receiver,Slot Receiver,,,,50,0,50,0,0,50,0,0,0,0,0,0,0,0,0,0,4000000,12.0,"Philadelphia, PA, USA",Alabama,,,
4961,3996,HollywoodTruzz,Hollywood Tez,Hollywood,Tez,47.0,retired,,2025-04-09 20:45:49,,Wide Receiver,Possession Receiver,,,,50,0,50,0,0,159,0,0,0,0,0,0,0,0,0,0,12642000,14.0,"Atlanta,GA",University of Georgia,,,
4960,3513,ElMerchanto,Seventh Rounder,Seventh,Rounder,46.0,retired,,2025-04-09 20:45:49,2025-08-01 20:55:50,Wide Receiver,Speed Receiver,,,,107,198,-91,0,0,316,0,0,0,0,0,0,0,0,0,0,16685429,24.0,Seattle,Cincinnati,,,
4959,2274,frazzle14,Hearty Harry,Hearty,Harry,46.0,retired,active,2025-04-09 20:45:49,2025-09-17 03:20:55,Cornerback,Cover Corner,,,,198,198,0,0,0,782,0,0,0,0,0,0,0,0,0,0,360695,18.0,"Tynecastle, Edinburgh",Tynecastle University,,,
4958,2931,Dindog,KrustyKrab Pizza,KrustyKrab,Pizza,46.0,retired,active,2025-04-09 20:45:49,2025-09-08 11:21:42,Linebacker,Pass Rusher,,,,250,557,-307,0,0,1284,0,0,0,0,0,0,0,0,0,0,43522334,69.0,Bikini bottom,Bikini Bottom CC,,,Athlete;SpeedRusher
4957,1641,RussDrivesTheBus,Duilio's Beard,Duilio's,Beard,46.0,retired,active,2025-04-09 20:45:49,2025-09-12 16:03:17,Linebacker,Pass Rusher,,,,250,745,-495,0,0,1493,0,0,0,0,0,0,0,0,0,0,580214420,96.0,The Mountains,Ohio,,,Athlete;SpeedRusher
4956,2637,MMFLEX,Fig Newton,Fig,Newton,46.0,retired,active,2025-04-09 20:45:49,2025-06-07 14:55:41,Wide Receiver,Speed Receiver,,,,250,829,-579,0,0,1441,1,0,0,0,0,0,0,0,0,0,73541521,2.0,"IceBears Mom, IN",Hard Knox,,,DeepThreat
4955,3232,PurplePiratePoo,Lyle Taylor,Lyle,Taylor,46.0,retired,active,2025-04-09 20:45:49,2025-08-05 11:29:49,Safety,Center Fielder,,,,250,557,-307,0,0,1427,0,0,0,0,0,0,0,0,0,0,44800580,89.0,"Islington, Greenwich, England",USC,,,CenterFielder
4954,3928,Amkamkamk,Drake Wane,Drake,Wane,46.0,retired,,2025-04-09 20:45:49,2025-11-22 09:45:43,Cornerback,Cover Corner,,,,94,233,-139,0,0,1397,0,0,0,0,0,0,0,0,0,0,11352063,23.0,"Milwaukee, WI",Clemson,,Midwest (US),ShutDownCorner
4953,867,slothfacekilla,Jack Sloth,Jack,Sloth,46.0,retired,active,2025-04-09 20:45:49,2026-01-06 11:56:02,Offensive Lineman,Mauler,,,,250,366,-116,0,0,1544,1,0,0,0,0,0,0,0,0,0,77538151,24.0,"Limon, Costa Rica",Rice,,World,
4952,2999,domffl,Oxford Comma,Oxford,Comma,46.0,retired,active,2025-04-09 20:45:49,2025-08-02 20:33:41,Linebacker,Versatile LB,,,,250,505,-255,0,0,1343,0,0,0,0,0,0,0,0,0,0,4368190,1.0,"Suffolk, UK",Oxford,,,BullRusher;Competitor
4951,3140,Nathan,PeePee Poop-Eater Jr.,PeePee,Poop-Eater Jr.,46.0,retired,active,2025-04-09 20:45:49,2025-06-07 16:33:06,Linebacker,Coverage LB,,,,250,647,-397,0,0,1260,0,0,0,0,0,0,0,0,0,0,92116825,34.0,"North Carolina, United States",North Carolina,,,Competitor
4950,3020,jaypc8237,Lasse Zeigler,Lasse,Zeigler,46.0,retired,active,2025-04-09 20:45:49,2025-06-10 10:57:44,Safety,Ball Hawk,,,,250,590,-340,0,0,1033,0,0,0,0,0,0,0,0,0,0,1451548,2.0,"Cologne, Germany",Michigan,,,
4949,3932,griis,Leo Simon Schwartz,Leo,Simon Schwartz,46.0,retired,,2025-04-09 20:45:49,2025-06-27 12:19:21,Defensive Tackle,All-Purpose DT,,,,250,293,-43,0,0,693,0,0,0,0,0,0,0,0,0,0,7345386,55.0,"Camden, NJ",Gratz College,,,SpeedRusher
4948,3909,Rydychyn,Wynn Jenkins,Wynn,Jenkins,46.0,retired,,2025-04-09 20:45:49,2025-11-22 09:45:43,Kicker,Power,,,,50,415,-365,0,0,987,0,0,0,0,0,0,0,0,0,0,19719130,95.0,Dwygyfylchi,Arizona State,,EuroCan,
4947,2872,KaleSalad,Purdy mediocre,Purdy,mediocre,46.0,retired,active,2025-04-09 20:45:49,2026-01-07 21:53:34,Running Back,Receiving Back,,,,250,330,-80,0,0,1614,0,0,0,0,0,0,0,0,0,0,16577903,21.0,Canada,Iowa State,,EuroCan,
4946,2073,CementHands,Octavio Volarus,Octavio,Volarus,46.0,retired,active,2025-04-09 20:45:49,2026-01-06 12:15:41,Offensive Lineman,Athletic Lineman,,,,250,252,-2,0,0,1111,0,0,0,0,0,0,0,0,0,0,43461788,88.0,"Porto, Portugal",Portugal,,EuroCan,
4945,1646,bjkman,Billy Van Goff,Billy,Van Goff,46.0,retired,active,2025-04-09 20:45:49,2025-09-12 22:16:16,Running Back,Fullback,,,,250,313,-63,0,0,885,1,0,0,0,0,0,0,0,0,0,13533500,1.0,"Altoona, Pennsylvania",Penn State,,,
4944,3921,theskinnyman,Sergei Nunkanblok,Sergei,Nunkanblok,46.0,retired,,2025-04-09 20:45:49,2025-11-16 15:19:39,Cornerback,Physical Corner,,,,250,270,-20,0,0,880,0,0,0,0,0,0,0,0,0,0,-800069,13.0,Harper,TCU,,EuroCan,
4943,3903,DigDoug11,Corey Trevor,Corey,Trevor,46.0,retired,active,2025-04-09 20:45:49,2025-09-27 16:26:36,Linebacker,Versatile LB,,,,250,365,-115,0,0,1480,1,0,0,0,0,0,0,0,0,0,43866666,14.0,Nova Scotia,South Harmon Institute of Technology,,,
4942,2211,xenosthelegend,Silence Suzuka,Silence,Suzuka,46.0,retired,active,2025-04-09 20:45:49,2025-09-08 14:01:48,Wide Receiver,Speed Receiver,,,,250,781,-531,0,0,1571,0,0,0,0,0,0,0,0,0,0,6056635,1.0,"Biratori Town, Hokkaido, Japan",Tracen Academy,,,
4941,2920,Gordon Bombay,Léopold Roy,Léopold,Roy,46.0,retired,,2025-04-09 20:45:49,2025-11-22 09:45:43,Wide Receiver,Speed Receiver,,,,74,532,-458,0,0,905,0,0,0,0,0,0,0,0,0,0,1993333,99.0,Saint-Maurice,AUS U,,EuroCan,
4940,460,Keyg_an,Dru Freduci,Dru,Freduci,46.0,retired,,2025-04-09 20:45:49,2025-11-22 09:45:43,Wide Receiver,Speed Receiver,,,,40,470,-430,0,0,785,0,0,0,0,0,0,0,0,0,0,8595125,21.0,"Los Angeles, California",Independence Community College,,West (US),DeepThreat
4939,3101,lordcoolcats,Scorch von Turbo,Scorch,von Turbo,46.0,retired,active,2025-04-09 20:45:49,2025-09-08 12:14:19,Linebacker,Pass Rusher,,,,250,748,-498,0,0,1448,0,0,0,0,0,0,0,0,0,0,11588579,44.0,Antarctica,Oxford,,,Athlete;SpeedRusher
4938,3908,smolkrnboi,Taylor Swift,Taylor,Swift,46.0,retired,,2025-04-09 20:45:49,2025-11-22 09:45:43,Offensive Lineman,Athletic Lineman,,,,32,373,-341,0,0,466,0,0,0,0,0,0,0,0,0,0,4500000,89.0,"West Reading, Pennsylvania",Tight End U,,Northeast (US),
4937,1959,DatSmolBoi,Terry Keller,Terry,Keller,46.0,retired,,2025-04-09 20:45:49,2025-11-22 09:45:43,Cornerback,Cover Corner,,,,30,355,-325,0,0,591,0,0,0,0,0,0,0,0,0,0,8441281,96.0,"Bellevue, Washington",Washington State,,West (US),
4936,2072,crow19,Miller Light,Miller,Light,46.0,retired,,2025-04-09 20:45:49,2025-08-01 20:55:50,Defensive Tackle,Nose Tackle,,,,111,264,-153,0,0,469,0,0,0,0,0,0,0,0,0,0,10321451,18.0,"Morgantown, WV",Vanderbilt,,,
4935,594,Drizzy,Devin Jones,Devin,Jones,46.0,retired,active,2025-04-09 20:45:49,2025-09-10 10:19:53,Cornerback,Cover Corner,,,,250,550,-300,0,0,1456,0,0,0,0,0,0,0,0,0,0,12692615,99.0,"Miami, Florida",Cincinnati,,,
4934,3931,jreed12,D’Jasper Probincrux IV,D’Jasper,Probincrux IV,46.0,retired,active,2025-04-09 20:45:49,,Linebacker,Pass Rusher,,,,50,0,50,0,0,1256,0,0,0,0,0,0,0,0,0,0,32742276,69.0,"East St Louis, IL",Central Michigan,,,
4933,3912,Crime7707,Tucker Hoffman,Tucker,Hoffman,46.0,retired,,2025-04-09 20:45:49,,Defensive Tackle,Interior Rusher,,,,50,0,50,0,0,50,0,0,0,0,0,0,0,0,0,0,6650000,69.0,"Chicago, Illinois",Oklahoma,,,
4932,3926,drewP,Cletus Mayo,Cletus,Mayo,46.0,retired,,2025-04-09 20:45:49,,Linebacker,Pass Rusher,,,,50,0,50,0,0,50,0,0,0,0,0,0,0,0,0,0,6100000,7.0,"Farmville, VA",Penn State,,,
4931,3913,Practice_Squad,Daniel Ramirez,Daniel,Ramirez,46.0,retired,,2025-04-09 20:45:49,,Running Back,Power Back,,,,50,0,50,0,0,50,0,0,0,0,0,0,0,0,0,0,5900000,11.0,"Wilson,Pennsylvania",Colorado State,,,
4930,1625,Matty7478,Matthew McDairmid Jr.,Matthew,McDairmid Jr.,46.0,retired,,2025-04-09 20:45:49,,Kicker,Accurate,,,,50,0,50,0,0,72,0,0,0,0,0,0,0,0,0,0,28716778,7.0,"Inverness, Scotland",Vanderbilt,,,
4929,3469,Solarslayer,Kolen Henderson,Kolen,Henderson,46.0,retired,,2025-04-09 20:45:49,,Safety,Center Fielder,,,,50,0,50,0,0,138,0,0,0,0,0,0,0,0,0,0,14018700,13.0,Las Vegas,UNLV,,,
4928,3910,billy silly,ayden fernandez,ayden,fernandez,46.0,retired,,2025-04-09 20:45:49,,Wide Receiver,Speed Receiver,,,,50,0,50,0,0,50,0,0,0,0,0,0,0,0,0,0,6400000,11.0,NC,NC state,,,
4927,3915,thatguyouknow18,Jimmy Flemanze,Jimmy,Flemanze,46.0,retired,,2025-04-09 20:45:49,,Tight End,Blocking TE,,,,50,0,50,0,0,50,0,0,0,0,0,0,0,0,0,0,6000000,43.0,Pennsylvania,Penn State,,,
4926,3936,blobba_ketchup,Blobba Ketchup,Blobba,Ketchup,46.0,retired,,2025-04-09 20:45:49,,Tight End,Vertical Threat,,,,50,0,50,0,0,50,0,0,0,0,0,0,0,0,0,0,7000000,86.0,"Scranton, PA",Georgia,,,
4925,3916,Pierbay44,Brick Tamlin,Brick,Tamlin,46.0,retired,,2025-04-09 20:45:49,,Running Back,Power Back,,,,50,0,50,0,0,50,0,0,0,0,0,0,0,0,0,0,7000000,20.0,"San Diego, California",Mississippi State University,,,
4924,3203,Aford9910,Aaron Ford,Aaron,Ford,46.0,retired,,2025-04-09 20:45:49,,Running Back,Fullback,,,,50,0,50,0,0,679,0,0,0,0,0,0,0,0,0,0,-770750,21.0,"Dallas, Texas",Oklahoma,,,
4923,3946,Jbrid416,Squints Jr,Squints,Jr,46.0,retired,,2025-04-09 20:45:49,,Wide Receiver,Return Specialist,,,,50,0,50,0,0,140,0,0,0,0,0,0,0,0,0,0,2472000,42.0,Ohio,University of Clt,,,
4922,1515,BadLck,Chris Kross II,Chris,Kross II,46.0,retired,,2025-04-09 20:45:49,,Tight End,Possession TE,,,,50,0,50,0,0,50,0,0,0,0,0,0,0,0,0,0,12529195,87.0,"Honolulu, Hawaii",University of Hawaii,,,
4921,3927,SwampGas3,Bronk Bowser,Bronk,Bowser,46.0,retired,,2025-04-09 20:45:49,,Tight End,Possession TE,,,,50,0,50,0,0,50,0,0,0,0,0,0,0,0,0,0,7000000,3.0,Augusta,Georgia,,,
4920,3919,amjohnson636,Chopper Donquixote,Chopper,Donquixote,46.0,retired,active,2025-04-09 20:45:49,,Wide Receiver,Speed Receiver,,,,50,0,50,0,0,1159,0,0,0,0,0,0,0,0,0,0,16188761,4.0,"Enumclaw, WA",Missouri,,,
4919,3930,Scooter,Earnest Splash,Earnest,Splash,46.0,retired,,2025-04-09 20:45:49,,Cornerback,Physical Corner,,,,50,0,50,0,0,72,0,0,0,0,0,0,0,0,0,0,10600000,5.0,"Des Moines, Iowa",University of Iowa,,,
4918,3905,redbudthegoat,Carson Cutbirth,Carson,Cutbirth,46.0,retired,,2025-04-09 20:45:49,,Wide Receiver,Slot Receiver,,,,50,0,50,0,0,50,0,0,0,0,0,0,0,0,0,0,8700000,3.0,"Tomball, TX",Texas State,,,
4917,3941,zefuses,Cody Shredder,Cody,Shredder,46.0,retired,,2025-04-09 20:45:49,,Running Back,Power Back,,,,50,0,50,0,0,65,0,0,0,0,0,0,0,0,0,0,10000000,7.0,"Columbia, MO",University of Missouri,,,
4916,3933,Peepaw,Jon Arbuckle,Jon,Arbuckle,46.0,retired,,2025-04-09 20:45:49,,Cornerback,Slot Corner,,,,50,0,50,0,0,50,0,0,0,0,0,0,0,0,0,0,6000000,38.0,Lincoln new england,Yale,,,
4915,3904,whissspers,Ex Ecute,Ex,Ecute,46.0,retired,,2025-04-09 20:45:49,,Defensive End,Speed Rusher,,,,50,0,50,0,0,50,0,0,0,0,0,0,0,0,0,0,9000000,90.0,New Jersey,Oklahoma,,,
4914,3937,ihatereyson,Maeve Mascarpone,Maeve,Mascarpone,46.0,retired,active,2025-04-09 20:45:49,,Running Back,Speed Back,,,,50,0,50,0,0,140,0,0,0,0,0,0,0,0,0,0,-1646000,22.0,Philadelphia,Temple,,,
4913,3032,Insurgent1315,Daddy Dimes,Daddy,Dimes,46.0,retired,,2025-04-09 20:45:49,,Linebacker,Coverage LB,,,,50,0,50,0,0,101,0,0,0,0,0,0,0,0,0,0,12600000,13.0,Hawaii,Hawaii,,,
4912,3917,KingJeauxlian,Peter Malcowitz,Peter,Malcowitz,46.0,retired,,2025-04-09 20:45:49,,Tight End,Vertical Threat,,,,50,0,50,0,0,50,0,0,0,0,0,0,0,0,0,0,6000000,88.0,"Carlsbad, New Mexico",Montana State,,,
4911,3923,GeneralGalvatron,Big Pickle,Big,Pickle,46.0,retired,,2025-04-09 20:45:49,,Wide Receiver,Speed Receiver,,,,50,0,50,0,0,50,0,0,0,0,0,0,0,0,0,0,6000000,11.0,Belgium,Roeselare Agriculture Jami'a,,,
4910,3920,frozencreek,John le Ston,John,le Ston,46.0,retired,,2025-04-09 20:45:49,,Tight End,Possession TE,,,,50,0,50,0,0,78,0,0,0,0,0,0,0,0,0,0,13037400,9.0,"Detroit, MI",Michigan State University,,,
4909,3924,MisterBasketball,Stephen Murphy,Stephen,Murphy,46.0,retired,,2025-04-09 20:45:49,,Tight End,Possession TE,,,,50,0,50,0,0,77,0,0,0,0,0,0,0,0,0,0,12500000,11.0,"Dublin, Ireland",University of Galway,,,
4908,3943,bigdolla,T.J Enterfeltd,T.J,Enterfeltd,46.0,retired,,2025-04-09 20:45:49,,Defensive Tackle,Nose Tackle,,,,50,0,50,0,0,67,0,0,0,0,0,0,0,0,0,0,-600000,96.0,Canada,uOttawa,,,
4907,3934,yrhryan,Cassius Ketch,Cassius,Ketch,46.0,retired,,2025-04-09 20:45:49,,Safety,Enforcer,,,,50,0,50,0,0,80,0,0,0,0,0,0,0,0,0,0,4000000,34.0,Penrith Australia,Boston College,,,
4906,3907,Thanospants1,Jaiden Thornburg,Jaiden,Thornburg,46.0,retired,,2025-04-09 20:45:49,,Kicker,Accurate,,,,50,0,50,0,0,50,0,0,0,0,0,0,0,0,0,0,9000000,22.0,Texas,Utah,,,
4905,3918,fty271,Damian Prince,Damian,Prince,46.0,retired,,2025-04-09 20:45:49,,Defensive End,Power Rusher,,,,50,0,50,0,0,57,0,0,0,0,0,0,0,0,0,0,6000000,77.0,"Birmingham, AL",Auburn University,,,
4904,3886,Sizzzle,Simon Winston,Simon,Winston,45.0,retired,,2025-04-09 20:45:49,,Safety,Ball Hawk,,,,122,202,-80,0,0,336,0,0,0,0,0,0,0,0,0,0,3690400,97.0,"Baltimore, Maryland",Temple,,,
4903,3890,shiki,Local Cryptid,Local,Cryptid,45.0,retired,,2025-04-09 20:45:49,,Tight End,Vertical Threat,,,,103,138,-35,0,0,283,0,0,0,0,0,0,0,0,0,0,11800000,75.0,Huntsville,CTC U,,,
4902,883,Huskies311,Juran Riley,Juran,Riley,45.0,retired,,2025-04-09 20:45:49,2025-08-01 20:55:50,Linebacker,Pass Rusher,,,,114,380,-266,0,0,475,0,0,0,0,0,0,0,0,0,0,23852988,23.0,"Denver, Colorado",University of Colorado,,,
4901,3900,CaptainDMG,Emerson Bigguns,Emerson,Bigguns,45.0,retired,,2025-04-09 20:45:49,,Defensive Tackle,All-Purpose DT,,,,135,225,-90,0,0,375,0,0,0,0,0,0,0,0,0,0,164713717,39.0,Florida,Harvard,,,
4900,1980,Philliesphan96,Fin-Jeremy Har-Dur,Fin-Jeremy,Har-Dur,45.0,retired,,2025-04-09 20:45:49,,Offensive Lineman,Balanced Lineman,,,,139,230,-91,0,0,384,0,0,0,0,0,0,0,0,0,0,32820459,62.0,"Kingdom City, MO",William Woods University,,,
4899,3896,MMAJAKE710,Neil Bonnet,Neil,Bonnet,45.0,retired,,2025-04-09 20:45:49,2025-08-01 20:55:50,Tight End,Vertical Threat,,,,144,478,-334,0,0,735,0,0,0,0,0,0,0,0,0,0,8938230,13.0,"Hollywood, FL",Michigan State,,,
4898,3433,scudmuffin19,Scudl McDiddl,Scudl,McDiddl,45.0,retired,active,2025-04-09 20:45:49,,Wide Receiver,Slot Receiver,,,,250,431,-181,0,0,655,0,0,0,0,0,0,0,0,0,0,2730550,13.0,"Dublin, Ireland",Scudl U,,,
4897,2156,Cody,Perry Passiveman,Perry,Passiveman,45.0,retired,,2025-04-09 20:45:49,2025-08-01 20:55:50,Defensive End,Power Rusher,,,,123,245,-122,0,0,817,0,0,0,0,0,0,0,0,0,0,14610702,99.0,"Normal, IL",MEH,,,BullRusher
4896,971,TomHanks,Paul Edgecomb,Paul,Edgecomb,45.0,retired,active,2025-04-09 20:45:49,2025-11-22 09:45:43,Safety,Ball Hawk,,,,0,371,-371,0,0,1349,0,0,0,0,0,0,0,0,0,0,21970352,24.0,"Tallulah, Louisiana",Cold Mountain Penitentiary,,Southwest (US),
4895,3888,thewhovian,Doctor Who,Doctor,Who,45.0,retired,active,2025-04-09 20:45:49,2025-08-02 12:37:25,Defensive Tackle,Nose Tackle,,,,250,402,-152,0,0,1523,0,0,0,0,0,0,0,0,0,0,112660628,88.0,Norfolk,Old Dominion,,,
4894,271,Ben,André Benn,André,Benn,45.0,retired,active,2025-04-09 20:45:49,2025-07-18 00:44:31,Wide Receiver,Speed Receiver,,,,250,460,-210,0,0,1028,0,0,0,0,0,0,0,0,0,0,-169410,80.0,"Atlanta, Georgia",Arizona State,,,
4893,2822,Pvtpenne,Kit Fisto,Kit,Fisto,45.0,retired,,2025-04-09 20:45:49,2025-07-30 21:21:31,Wide Receiver,Speed Receiver,,,,250,757,-507,0,0,1635,1,0,0,0,0,0,0,0,0,0,137346122,19.0,Glee Anselm,Jedi Temple,,,Athlete
4892,2827,PugWalrus,Oops All-Pro,Oops,All-Pro,45.0,retired,,2025-04-09 20:45:49,2025-08-01 20:55:50,Defensive Tackle,Interior Rusher,,,,133,265,-132,0,0,1051,0,0,0,0,0,0,0,0,0,0,59069300,75.0,Some football field in Northeast Ohio,Dropout,,,BullRusher
4891,2196,r0tzbua,Pitter Patter,Pitter,Patter,45.0,retired,active,2025-04-09 20:45:49,2025-06-07 13:04:00,Wide Receiver,Speed Receiver,,,,250,524,-274,0,0,1171,0,0,0,0,0,0,0,0,0,0,14555360,34.0,"Sudbury, Ontario, Canada",Laurentian University,,,DeepThreat
4890,3878,soup,Garlic Jr.,Garlic,Jr.,45.0,retired,,2025-04-09 20:45:49,2025-08-01 20:55:50,Offensive Lineman,Athletic Lineman,,,,118,392,-274,0,0,697,0,0,0,0,0,0,0,0,0,0,-1000000,99.0,Garlic Castle,Garlic State University,,,
4889,1909,J0EB,Klaus von Reinherz,Klaus,von Reinherz,45.0,retired,,2025-04-09 20:45:49,2025-08-01 20:55:50,Offensive Lineman,Athletic Lineman,,,,129,257,-128,0,0,1019,0,0,0,0,0,0,0,0,0,0,70676288,89.0,Germany,Libra,,,
4888,2874,TubaDeus,Luke Hunter,Luke,Hunter,45.0,retired,active,2025-04-09 20:45:49,2025-07-17 23:32:28,Cornerback,Slot Corner,,,,250,785,-535,0,0,1639,1,1,0,0,0,0,0,0,0,0,652785490,24.0,"Naperville, IL",University of Illinois,,,
4887,723,AW13,Dawelle Wevis,Dawelle,Wevis,45.0,retired,active,2025-04-09 20:45:49,,Cornerback,Physical Corner,,,,250,666,-416,0,0,1043,0,0,0,0,0,0,0,0,0,0,7089381,42.0,"Pwovidence, Whode Island",Wutgers,,,PressCorner
4886,3891,ProdigalSon,Ali Star,Ali,Star,45.0,retired,,2025-04-09 20:45:49,2025-09-28 19:17:16,Linebacker,Versatile LB,,,,155,149,6,0,0,1423,0,0,0,0,0,0,0,0,0,0,-1440953,29.0,"Broken Arrow, OK",Florida State,,,
4885,1290,bex,Siri Kjellström,Siri,Kjellström,45.0,retired,,2025-04-09 20:45:49,2025-08-01 20:55:50,Linebacker,Versatile LB,,,,113,225,-112,0,0,838,0,0,0,0,0,0,0,0,0,0,143427800,21.0,"Jönköping, Sweden",Washington State,,,
4884,1135,woelkers,Hercules Henry,Hercules,Henry,45.0,retired,active,2025-04-09 20:45:49,2025-08-27 11:58:19,Running Back,Power Back,,,,198,198,0,0,0,1079,0,0,0,0,0,0,0,0,0,0,8176762,26.0,"Battle Creek, MI",Western Michigan,,,
4883,3884,Dagon,Sebastian Lovecraft,Sebastian,Lovecraft,45.0,retired,,2025-04-09 20:45:49,,Safety,Center Fielder,,,,139,229,-90,0,0,383,0,0,0,0,0,0,0,0,0,0,4650000,99.0,"Ravenspire, Baltimore",Eldritch Safety Institute,,,
4882,2175,GlimsTC,Willie Swaggert,Willie,Swaggert,45.0,retired,active,2025-04-09 20:45:49,2025-08-01 20:55:50,Running Back,Receiving Back,,,,121,241,-120,0,0,955,0,0,0,0,0,0,0,0,0,0,90339366,34.0,"Taylors, South Carolina",Citadel,,,
4881,3153,Charple,Chappy McChapperson,Chappy,McChapperson,45.0,retired,active,2025-04-09 20:45:49,,Safety,Center Fielder,,,,250,779,-529,0,0,1436,0,0,0,0,0,0,0,0,0,0,8372650,47.0,"California, Pennslyvania",Pennsylvanie,,,CenterFielder
4880,1919,SnowyWolfz,Master Chief,Master,Chief,45.0,retired,,2025-04-09 20:45:49,,Kicker,Accurate,,,,50,0,50,0,0,542,0,0,0,0,0,0,0,0,0,0,8555760,16.0,Eridanus II,UNSC,,,
4879,3885,Shylo_Moxii,Micah Dixon,Micah,Dixon,45.0,retired,,2025-04-09 20:45:49,,Cornerback,Cover Corner,,,,50,0,50,0,0,225,0,0,0,0,0,0,0,0,0,0,15679600,23.0,St.Louis,Mizzou,,,
4878,3899,LeviathanReapeR88,Travis Kent,Travis,Kent,45.0,retired,,2025-04-09 20:45:49,,Safety,Ball Hawk,,,,50,0,50,0,0,50,0,0,0,0,0,0,0,0,0,0,8500000,13.0,"Saint Paul, Minnesota",LSU,,,
4877,2020,24redcrayons,Danimals Yogurt Corum,Danimals,Yogurt Corum,45.0,retired,,2025-04-09 20:45:49,,Running Back,Speed Back,,,,50,0,50,0,0,50,0,0,0,0,0,0,0,0,0,0,25712745,2.0,"Marshall, VA",University of Michigan,,,
4876,3893,Prismz,Hunter Jackson,Hunter,Jackson,45.0,retired,,2025-04-09 20:45:49,,Quarterback,Gunslinger,,,,50,0,50,0,0,50,0,0,0,0,0,0,0,0,0,0,1200000,10.0,"Indianapolis, IN",Purdue,,,
4875,2423,SirBongo,Barret Garrett,Barret,Garrett,45.0,retired,,2025-04-09 20:45:49,,Offensive Lineman,Athletic Lineman,,,,50,0,50,0,0,64,0,0,0,0,0,0,0,0,0,0,7829550,60.0,"Sitka, Alaska",Washington State University,,,
4874,3880,Coachsj35,Cush Jones,Cush,Jones,45.0,retired,active,2025-04-09 20:45:49,,Running Back,Power Back,,,,50,0,50,0,0,209,0,0,0,0,0,0,0,0,0,0,7375800,6.0,"Denton, Texas",University of Arkansas,,,
4873,3889,Lxne_Mxntages,Lightning McQueen,Lightning,McQueen,45.0,retired,,2025-04-09 20:45:49,,Wide Receiver,Speed Receiver,,,,50,0,50,0,0,50,0,0,0,0,0,0,0,0,0,0,6200000,95.0,"Los Angeles, California",University of Southern California,,,
4872,2272,itztimg,Benny Hanna,Benny,Hanna,45.0,retired,active,2025-04-09 20:45:49,,Wide Receiver,Slot Receiver,,,,50,0,50,0,0,210,0,0,0,0,0,0,0,0,0,0,76995220,13.0,Tokyo,University of Tokyo,,,
4871,3377,Eric Belmont,Raw Cheese McPickle,Raw Cheese,McPickle,45.0,retired,,2025-04-09 20:45:49,,Offensive Lineman,Mauler,,,,50,0,50,0,0,250,0,0,0,0,0,0,0,0,0,0,3600000,23.0,Negs Fridge,Wisconsin,,,
4870,3224,poopooinp,Mike Hawk,Mike,Hawk,45.0,retired,,2025-04-09 20:45:49,,Linebacker,Versatile LB,,,,50,0,50,0,0,103,0,0,0,0,0,0,0,0,0,0,5000000,53.0,New York,Penn State,,,
4869,2898,YoungBuck,Asher Daniels,Asher,Daniels,45.0,retired,,2025-04-09 20:45:49,,Tight End,Possession TE,,,,50,0,50,0,0,90,0,0,0,0,0,0,0,0,0,0,11150000,88.0,"Ottawa, Canada",Notre Dame,,,
4868,2744,g2019,Worsethan Blaze,Worsethan,Blaze,45.0,retired,active,2025-04-09 20:45:49,,Running Back,Fullback,,,,50,0,50,0,0,769,0,0,0,0,0,0,0,0,0,0,35271983,35.0,"Kenosha, WI",Wisconsin,,,
4867,3894,zmitchell1,Zachariah Mitchell,Zachariah,Mitchell,45.0,retired,,2025-04-09 20:45:49,,Wide Receiver,Speed Receiver,,,,50,0,50,0,0,50,0,0,0,0,0,0,0,0,0,0,6700000,1.0,"Youngstown, Ohio",USC,,,
4866,916,Air Crou,Giannis Kroustis Jr.,Giannis,Kroustis Jr.,45.0,retired,,2025-04-09 20:45:49,,Offensive Lineman,Mauler,,,,50,0,50,0,0,87,0,0,0,0,0,0,0,0,0,0,45899623,69.0,"Yellowknife, NT, Canada",Aurora College,,,
4865,2737,Michiganonymous,Frumious Bandersnatch,Frumious,Bandersnatch,45.0,retired,active,2025-04-09 20:45:49,,Defensive Tackle,Interior Rusher,,,,50,0,50,0,0,278,0,0,0,0,0,0,0,0,0,0,4747144,85.0,"St. Croix, US Virgin Islands",West Florida,,,
4864,3881,NoLimitxUzii,Etwaun Morgan III,Etwaun,Morgan III,45.0,retired,,2025-04-09 20:45:49,,Safety,Ball Hawk,,,,50,0,50,0,0,50,0,0,0,0,0,0,0,0,0,0,6000000,28.0,Ohio,Ohio State University,,,
4863,2730,CptGoosar,Xavier Buckley,Xavier,Buckley,45.0,retired,,2025-04-09 20:45:49,,Linebacker,Versatile LB,,,,50,0,50,0,0,300,0,0,0,0,0,0,0,0,0,0,41962093,14.0,Chattanooga,Georgia,,,
4862,1122,Bauer,Eye-Hardly Knower,Eye-Hardly,Knower,45.0,retired,active,2025-04-09 20:45:49,,Kicker,Accurate,,,,50,0,50,0,0,149,0,0,0,0,0,0,0,0,0,0,9855341,9.0,Aberdeen,THE ohio state elementary,,,
4861,3103,dude_woman,Isabella García-Shapiro,Isabella,García-Shapiro,45.0,retired,,2025-04-09 20:45:49,,Offensive Lineman,Balanced Lineman,,,,50,0,50,0,0,122,0,0,0,0,0,0,0,0,0,0,24600000,33.0,Danville,Danville University,,,
4860,3895,ScenicVoyage,Hingle McCringleberry,Hingle,McCringleberry,45.0,retired,,2025-04-09 20:45:49,,Wide Receiver,Slot Receiver,,,,50,0,50,0,0,76,0,0,0,0,0,0,0,0,0,0,11500000,87.0,"Philadelphia, PA",Penn State,,,
4859,3875,SG_Vesuvius,La’Travious Ward,La’Travious,Ward,45.0,retired,,2025-04-09 20:45:49,,Safety,Ball Hawk,,,,50,0,50,0,0,62,0,0,0,0,0,0,0,0,0,0,9300000,35.0,Ohio,Penn State,,,
4858,3877,JartY,Jack Arthur,Jack,Arthur,45.0,retired,,2025-04-09 20:45:49,,Kicker,Accurate,,,,50,0,50,0,0,50,0,0,0,0,0,0,0,0,0,0,9100000,32.0,"Moscow, ID",University of Idaho,,,
4857,2887,LANEFROST,Lane Frost III,Lane,Frost III,44.0,retired,,2025-04-09 20:45:49,,Wide Receiver,Return Specialist,,,,109,0,109,0,0,397,0,0,0,0,0,0,0,0,0,0,8220988,44.0,"Atlanta, Georgia, U",Texas,,,
4857,2887,LANEFROST,Lane Frost III,Lane,Frost III,44.0,retired,,2025-04-09 20:45:49,,Wide Receiver,Return Specialist,,,,109,0,109,0,0,397,0,0,0,0,0,0,0,0,0,0,8220988,44.0,"Atlanta, Georgia, U",Texas,,,
4856,2902,Will3,Felix Waterman,Felix,Waterman,44.0,retired,,2025-04-09 20:45:49,2025-08-01 20:55:50,Safety,Ball Hawk,,,,61,71,-10,0,0,357,0,0,0,0,0,0,0,0,0,0,29500000,70.0,"Stamford,CT",UCON - Stamford,,,
4855,3569,DL14,Diego López de Castilla,Diego,López de Castilla,44.0,retired,,2025-04-09 20:45:49,2025-08-01 20:55:50,Wide Receiver,Slot Receiver,,,,90,446,-356,0,0,1065,0,0,0,0,0,0,0,0,0,0,136271429,14.0,Lima,UPC,,,Athlete;SlotReceiver
4854,1781,SomeSay...,Tuna TurnDaBallOva,Tuna,TurnDaBallOva,44.0,retired,,2025-04-09 20:45:49,2025-08-01 20:55:50,Quarterback,Field General,,,,143,558,-415,0,0,1347,0,0,0,0,0,0,0,0,0,0,196917228,9.0,Hawaii,Alabama,,,
4853,320,HalfEatenOnionBagel,A Waffle,A,Waffle,44.0,retired,,2025-04-09 20:45:49,2025-08-01 20:55:50,Wide Receiver,Slot Receiver,,,,76,378,-302,0,0,854,0,0,0,0,0,0,0,0,0,0,12893645,57.0,Dinah,Culinary Academy,,,
4852,2170,katarn22,Ryan McBean,Ryan,McBean,44.0,retired,,2025-04-09 20:45:49,,Defensive Tackle,Interior Rusher,,,,136,271,-135,0,0,645,0,0,0,0,0,0,0,0,0,0,-3758737,12.0,"Crawfordsville, IN",Rutgers University,,,
4851,3769,jj2416,Biggie Fast,Biggie,Fast,44.0,retired,,2025-04-09 20:45:49,,Offensive Lineman,Mauler,,,,108,215,-107,0,0,511,0,0,0,0,0,0,0,0,0,0,7468600,99.0,"California,USA",Oregon,,,
4850,3863,okestboomer,Ronald McDonald,Ronald,McDonald,44.0,retired,,2025-04-09 20:45:49,,Defensive Tackle,Interior Rusher,,,,82,161,-79,0,0,483,0,0,0,0,0,0,0,0,0,0,19293000,96.0,"Downey, California",Hamburger University,,,
4849,2317,dogwoodmaple,Maple Dogwood,Maple,Dogwood,44.0,retired,,2025-04-09 20:45:49,2025-08-01 20:55:50,Offensive Lineman,Mauler,,,,70,294,-224,0,0,1084,1,0,0,0,0,0,0,0,0,0,-389705,42.0,"Atlanta, Georgia",Georgia,,,
4848,3830,OrangeJulius,Orange Julius,Orange,Julius,44.0,retired,,2025-04-09 20:45:49,,Wide Receiver,Speed Receiver,,,,250,0,250,0,0,1114,0,0,0,0,0,0,0,0,0,0,129363576,9.0,"San Francisco, CA",Syracuse,,,
4847,3777,GrimmCrackers,Trent Thigpen,Trent,Thigpen,44.0,retired,,2025-04-09 20:45:49,2025-08-01 20:55:50,Cornerback,Cover Corner,,,,123,488,-365,0,0,1514,1,0,0,0,0,0,0,0,0,0,34511315,39.0,Pittsburgh,Wisconsin,,,
4846,2316,AJay887,Gajeel Redfox,Gajeel,Redfox,44.0,retired,,2025-04-09 20:45:49,2025-08-01 20:55:50,Cornerback,Cover Corner,,,,139,333,-194,0,0,1435,0,0,0,0,0,0,0,0,0,0,27317025,77.0,"Magnolia, Texas",Fiore University,,,
4845,3828,Bamford13,Jordan Bamford,Jordan,Bamford,44.0,retired,active,2025-04-09 20:45:49,2025-07-17 23:26:17,Offensive Lineman,Athletic Lineman,,,,250,487,-237,0,0,1561,0,0,0,0,0,0,0,0,0,0,1260052409,12.0,"Sacramento, California",Sacramento State,,,
4844,3793,homercrates,Thor Dangerson,Thor,Dangerson,44.0,retired,active,2025-04-09 20:45:49,2025-06-06 23:00:30,Linebacker,Versatile LB,,,,250,760,-510,0,0,1446,0,0,0,0,0,0,0,0,0,0,132314412,1.0,Sweden,Stoutland University,,,
4843,3804,lock180,Space Dino,Space,Dino,44.0,retired,active,2025-04-09 20:45:49,2025-05-26 16:41:26,Kicker,Power,,,,250,470,-220,0,0,1488,0,0,0,0,0,0,0,0,0,0,415399416,24.0,"Disappointment Island, New Zealand",Spaghetti School,,,
4842,3838,Piercewise1,Jamie Orion,Jamie,Orion,44.0,retired,,2025-04-09 20:45:49,,Safety,Ball Hawk,,,,250,0,250,0,0,1229,0,0,0,0,0,0,0,0,0,0,274600,32.0,Indianapolis,Purdue,,,
4841,3844,captainsb,Joey Battle,Joey,Battle,44.0,retired,active,2025-04-09 20:45:49,2025-05-21 23:35:04,Linebacker,Versatile LB,,,,250,395,-145,0,0,1206,0,0,0,0,0,0,0,0,0,0,-134913,99.0,"Tulsa, Oklahoma",Oklahoma,,,
4840,3792,Marty the Monster,Marty Crane,Marty,Crane,44.0,retired,,2025-04-09 20:45:49,2025-08-01 20:55:50,Safety,Ball Hawk,,,,86,214,-128,0,0,1086,1,0,0,0,0,0,0,0,0,0,1325700,70.0,Miami,University of Miami,,,
4839,3845,Datboi69,Wayne Miller,Wayne,Miller,44.0,retired,,2025-04-09 20:45:49,,Cornerback,Cover Corner,,,,106,210,-104,0,0,501,0,0,0,0,0,0,0,0,0,0,11400000,95.0,Little Rock,USC,,,
4838,1004,shadyshoelace,Lenard McRobinson,Lenard,McRobinson,44.0,retired,,2025-04-09 20:45:49,2025-08-01 20:55:50,Quarterback,Scrambler,,,,131,652,-521,0,0,1475,0,0,0,0,0,0,0,0,0,0,47519992,16.0,"Sioux Falls, SD",South Dakota State,,,
4837,3849,Bazooka_Joe,Joe Bazooka,Joe,Bazooka,44.0,retired,active,2025-04-09 20:45:49,2025-07-28 15:10:17,Linebacker,Pass Rusher,,,,250,503,-253,0,0,1395,0,0,0,0,0,0,0,0,0,0,36926350,24.0,"Tullamore, Ireland",Antarctica University,,,
4836,3807,caleb.grim,Carter Goad,Carter,Goad,44.0,retired,,2025-04-09 20:45:49,2025-09-29 17:13:10,Defensive Tackle,Interior Rusher,,,,2,2,0,0,0,1559,0,0,0,0,0,0,0,0,0,0,144375237,78.0,"Chesterton, IN",Wichita State,,,
4835,3788,will90,William Lucas,William,Lucas,44.0,retired,,2025-04-09 20:45:49,,Tight End,Possession TE,,,,50,0,50,0,0,50,0,0,0,0,0,0,0,0,0,0,6000000,24.0,"Wales, UK",Michigan State University,,,
4834,3835,riplipps,Rip Torn,Rip,Torn,44.0,retired,,2025-04-09 20:45:49,,Tight End,Vertical Threat,,,,50,0,50,0,0,50,0,0,0,0,0,0,0,0,0,0,7000000,1.0,"Modesto, CA",Boise State University,,,
4833,3139,Chrundle,Jelani Avant,Jelani,Avant,44.0,retired,,2025-04-09 20:45:49,,Tight End,Vertical Threat,,,,50,0,50,0,0,157,0,0,0,0,0,0,0,0,0,0,19977650,82.0,"Farmington, Arkansas",California State University Fresno,,,
4832,3774,Moe,Big Birtha,Big,Birtha,44.0,retired,,2025-04-09 20:45:49,,Cornerback,Physical Corner,,,,50,0,50,0,0,69,0,0,0,0,0,0,0,0,0,0,10000000,13.0,"Chicago, Illinois",University of Illinois,,,
4831,3133,Jaywe88,Billy Ennair,Billy,Ennair,44.0,retired,active,2025-04-09 20:45:49,,Offensive Lineman,Mauler,,,,50,0,50,0,0,500,0,0,0,0,0,0,0,0,0,0,622206,2.0,Jupiter,USC,,,
4830,3806,Axis,John Parano,John,Parano,44.0,retired,,2025-04-09 20:45:49,,Wide Receiver,Possession Receiver,,,,50,0,50,0,0,57,0,0,0,0,0,0,0,0,0,0,9500000,35.0,"Richmond, VA",Richmond,,,
4829,1739,Thor,Thor Bǫllrsveifla,Thor,Bǫllrsveifla,44.0,retired,active,2025-04-09 20:45:49,,Quarterback,Field General,,,,50,0,50,0,0,1641,0,0,0,0,0,0,0,0,0,0,317484323,10.0,"Asgard, Australia",Asgard College,,,
4828,3800,JoeSteel,Scott Junior,Scott,Junior,44.0,retired,active,2025-04-09 20:45:49,,Safety,Center Fielder,BAL,,,50,0,50,0,0,1294,0,0,0,0,0,0,0,0,0,0,33630189,3.0,"Atlanta, GA",Bethune-Cookman Univsersity,,,
4827,3822,Trennik,Redd Mistt,Redd,Mistt,44.0,retired,,2025-04-09 20:45:49,,Defensive Tackle,Interior Rusher,,,,50,0,50,0,0,230,0,0,0,0,0,0,0,0,0,0,1750000,90.0,"Darby, Montana",University of Montana,,,
4826,914,2frames,Conway Spittey,Conway,Spittey,44.0,retired,,2025-04-09 20:45:49,,Defensive End,Speed Rusher,,,,50,0,50,0,0,62,0,0,0,0,0,0,0,0,0,0,5000000,88.0,Birmingham AL,Alabama,,,
4825,3839,PasLewy,PasLewy Weaver,PasLewy,Weaver,44.0,retired,,2025-04-09 20:45:49,,Kicker,Accurate,,,,50,0,50,0,0,50,0,0,0,0,0,0,0,0,0,0,7000000,12.0,Cape Breton,Cape Breton University,,,
4824,3802,thecrimsonking99,Dormo Bloodhand,Dormo,Bloodhand,44.0,retired,,2025-04-09 20:45:49,,Defensive Tackle,Interior Rusher,,,,50,0,50,0,0,245,0,0,0,0,0,0,0,0,0,0,9842570,99.0,Waterdeep,Harper University,,,
4823,2730,CptGoosar,Domeo Roubs,Domeo,Roubs,44.0,retired,,2025-04-09 20:45:49,,Wide Receiver,Speed Receiver,,,,50,0,50,0,0,127,0,0,0,0,0,0,0,0,0,0,41962093,14.0,Sebring,Ohio State,,,
4822,1324,Zeddez,Baron Reaves,Baron,Reaves,44.0,retired,,2025-04-09 20:45:49,,Linebacker,Versatile LB,,,,50,0,50,0,0,50,0,0,0,0,0,0,0,0,0,0,15386610,52.0,Oklahoma,Texas,,,
4821,3815,Panthersnation12,Logan Johnson,Logan,Johnson,44.0,retired,,2025-04-09 20:45:49,,Kicker,Accurate,,,,50,0,50,0,0,69,0,0,0,0,0,0,0,0,0,0,11594000,2.0,Charlotte,Northcarolina,,,
4820,3813,988741,Dunkin Lazlo,Dunkin,Lazlo,44.0,retired,,2025-04-09 20:45:49,,Safety,Ball Hawk,,,,50,0,50,0,0,50,0,0,0,0,0,0,0,0,0,0,6000000,73.0,Nashville,UCLA,,,
4819,3868,Bijanrobinson#7,Jistin Slatt,Jistin,Slatt,44.0,retired,,2025-04-09 20:45:49,,Quarterback,Mobile,,,,50,0,50,0,0,53,0,0,0,0,0,0,0,0,0,0,500000,10.0,"Lafayette, LOUISIANA",Notre Dame,,,
4818,3789,LurchingCard,Xavier Moreno,Xavier,Moreno,44.0,retired,,2025-04-09 20:45:49,,Cornerback,Slot Corner,,,,50,0,50,0,0,257,0,0,0,0,0,0,0,0,0,0,20599000,21.0,Detroit,,,,
4817,2438,Slick,Tyrell Ramsey,Tyrell,Ramsey,44.0,retired,,2025-04-09 20:45:49,,Cornerback,Physical Corner,,,,50,0,50,0,0,226,0,0,0,0,0,0,0,0,0,0,4600000,23.0,"Toronto, Ontario",Oregon,,,
4816,3872,Wendriz,Ian Degon,Ian,Degon,44.0,retired,,2025-04-09 20:45:49,,Wide Receiver,Speed Receiver,,,,50,0,50,0,0,113,0,0,0,0,0,0,0,0,0,0,2200000,18.0,"Caracas, Venezuela",Florida State University,,,
4815,3784,Stoney19,Bronco Stallion,Bronco,Stallion,44.0,retired,,2025-04-09 20:45:49,,Cornerback,Slot Corner,,,,50,0,50,0,0,50,0,0,0,0,0,0,0,0,0,0,6000000,19.0,Georgia,University of Georgia,,,
4814,3776,IrishKnight,Alexander Hamlin,Alexander,Hamlin,44.0,retired,,2025-04-09 20:45:49,,Wide Receiver,Possession Receiver,,,,50,0,50,0,0,50,0,0,0,0,0,0,0,0,0,0,6600000,81.0,"Seattle, WA",University of Washington,,,
4813,3803,ExpergeTech,Austin Gausman,Austin,Gausman,44.0,retired,,2025-04-09 20:45:49,,Quarterback,Pocket Passer,,,,50,0,50,0,0,50,0,0,0,0,0,0,0,0,0,0,6000000,6.0,"Orange, TX",Texas,,,
4812,3824,bananaman,Justin Time,Justin,Time,44.0,retired,,2025-04-09 20:45:49,,Tight End,Possession TE,,,,50,0,50,0,0,99,0,0,0,0,0,0,0,0,0,0,14500000,86.0,"Jacksonville, FL",University of Toronto,,,
4811,3873,dohginnim,Dohg Innim,Dohg,Innim,44.0,retired,,2025-04-09 20:45:49,,Running Back,Fullback,,,,50,0,50,0,0,57,0,0,0,0,0,0,0,0,0,0,6000000,69.0,"Frankfurt, Germany",University of Phoenix Online,,,
4810,3805,venomous_wario,Jarad Marshall,Jarad,Marshall,44.0,retired,,2025-04-09 20:45:49,,Wide Receiver,Speed Receiver,,,,50,0,50,0,0,152,0,0,0,0,0,0,0,0,0,0,4850000,33.0,"Chicago, IL",UNC Chapel Hill,,,
4809,3833,thebestcliche,Bradley Uppercrust III,Bradley,Uppercrust III,44.0,retired,,2025-04-09 20:45:49,,Tight End,Possession TE,,,,50,0,50,0,0,50,0,0,0,0,0,0,0,0,0,0,6000000,88.0,"Columbus, OH",University of Michigan,,,
4808,3745,Crazytomato,Crazy Tomato,Crazy,Tomato,44.0,retired,,2025-04-09 20:45:49,,Linebacker,Versatile LB,,,,50,0,50,0,0,1038,0,0,0,0,0,0,0,0,0,0,1295687,71.0,Canada,British Columbia,,,
4807,3021,rickymartin_irl,Wario Saturday,Wario,Saturday,44.0,retired,active,2025-04-09 20:45:49,,Offensive Lineman,Mauler,,,,50,0,50,0,0,619,0,0,0,0,0,0,0,0,0,0,2550000,69.0,Mushroom Kingdom,Koopa Kollege,,,
4806,3819,wooglin_707,Desmond Jones,Desmond,Jones,44.0,retired,,2025-04-09 20:45:49,,Kicker,Power,,,,50,0,50,0,0,50,0,0,0,0,0,0,0,0,0,0,7000000,95.0,"Portageville, MO",University of Missouri,,,
4805,3852,JFrey,Jeff Frey,Jeff,Frey,44.0,retired,,2025-04-09 20:45:49,,Wide Receiver,Slot Receiver,,,,50,0,50,0,0,50,0,0,0,0,0,0,0,0,0,0,1700000,1.0,"Corunna, Michigan",Michigan State,,,
4804,3843,Andrew_VR,Andrew Wilson,Andrew,Wilson,44.0,retired,,2025-04-09 20:45:49,,Running Back,Receiving Back,,,,50,0,50,0,0,50,0,0,0,0,0,0,0,0,0,0,6000000,34.0,"Mississauga, ON",Grand Valley State University,,,
4803,3856,.TheIndianMan,Tiki Barber,Tiki,Barber,44.0,retired,,2025-04-09 20:45:49,,Wide Receiver,Slot Receiver,,,,50,0,50,0,0,50,0,0,0,0,0,0,0,0,0,0,6300000,80.0,California,USC,,,
4802,3816,cpepmeie,Otis Graber,Otis,Graber,44.0,retired,,2025-04-09 20:45:49,,Offensive Lineman,Athletic Lineman,,,,50,0,50,0,0,50,0,0,0,0,0,0,0,0,0,0,8000000,74.0,Freedom,Purdue,,,
4801,2572,musha6570,Golden Foote,Golden,Foote,44.0,retired,,2025-04-09 20:45:49,,Kicker,Accurate,,,,50,0,50,0,0,293,0,0,0,0,0,0,0,0,0,0,7359976,1.0,"Bangkok, Thailand",University of South Carolina Upstate,,,
4800,3818,Browning,Bobby Hands,Bobby,Hands,44.0,retired,,2025-04-09 20:45:49,,Wide Receiver,Possession Receiver,,,,50,0,50,0,0,50,0,0,0,0,0,0,0,0,0,0,6300000,25.0,Maine,Boston College,,,
4799,3853,Url,George Pickett,George,Pickett,44.0,retired,,2025-04-09 20:45:49,,Wide Receiver,Speed Receiver,,,,50,0,50,0,0,50,0,0,0,0,0,0,0,0,0,0,7000000,7.0,"Buda, Illinois",Notre Dame,,,
4798,3796,Morty,Michael Morton,Michael,Morton,44.0,retired,,2025-04-09 20:45:49,,Tight End,Possession TE,,,,50,0,50,0,0,50,0,0,0,0,0,0,0,0,0,0,6000000,77.0,Germany,Old Dominion University,,,
4797,2395,kmatt,Ivan Ivanov,Ivan,Ivanov,44.0,retired,,2025-04-09 20:45:49,,Offensive Lineman,Balanced Lineman,,,,50,0,50,0,0,608,0,0,0,0,0,0,0,0,0,0,9253210,22.0,"Moscow, Russia",Moscow State University,,,
4796,3831,sevepes,Fieramosca Malatesta,Fieramosca,Malatesta,44.0,retired,,2025-04-09 20:45:49,,Kicker,Accurate,,,,50,0,50,0,0,50,0,0,0,0,0,0,0,0,0,0,6000000,17.0,italy,None,,,
4795,3778,Triceracop,Triceracop -,Triceracop,-,44.0,retired,active,2025-04-09 20:45:49,,Running Back,Receiving Back,,,,50,0,50,0,0,1459,0,0,0,0,0,0,0,0,0,0,64364065,65.0,"New Orleans, Louisiana",LSU,,,
4794,3814,dtmf,Unuway Jepthat,Unuway,Jepthat,44.0,retired,,2025-04-09 20:45:49,,Kicker,Power,,,,50,0,50,0,0,50,0,0,0,0,0,0,0,0,0,0,7000000,23.0,Kenya,John Hamm Institute of Technology,,,
4793,3781,Wrlandry1,Buck McTruck,Buck,McTruck,44.0,retired,,2025-04-09 20:45:49,,Offensive Lineman,Mauler,,,,50,0,50,0,0,50,0,0,0,0,0,0,0,0,0,0,1000000,66.0,"Soddy Daisy, TN",LSU,,,
4792,3829,sound5th,Geo Roberts,Geo,Roberts,44.0,retired,,2025-04-09 20:45:49,,Cornerback,Cover Corner,,,,50,0,50,0,0,116,0,0,0,0,0,0,0,0,0,0,4124950,24.0,"Charlotte, North Carolina",Duke,,,
4791,3772,Scrizz,Pat Uncertain,Pat,Uncertain,44.0,retired,,2025-04-09 20:45:49,,Cornerback,Physical Corner,,,,50,0,50,0,0,520,0,0,0,0,0,0,0,0,0,0,-4265450,2.0,Memphis,University of Memphis,,,
4790,3787,Charlie C,Theo Blake,Theo,Blake,44.0,retired,,2025-04-09 20:45:49,,Tight End,Possession TE,,,,50,0,50,0,0,129,0,0,0,0,0,0,0,0,0,0,6000000,12.0,"Memphis, TN",University of Memphis,,,
4789,3783,Baynes,Malcolm Baynes,Malcolm,Baynes,44.0,retired,,2025-04-09 20:45:49,,Quarterback,Pocket Passer,,,,50,0,50,0,0,50,0,0,0,0,0,0,0,0,0,0,7000000,8.0,"Lombard, IL",Northern Illinois University,,,
4788,3867,dcphil,Dewey Greenbeans,Dewey,Greenbeans,44.0,retired,,2025-04-09 20:45:49,,Safety,Ball Hawk,,,,50,0,50,0,0,862,0,0,0,0,0,0,0,0,0,0,3292950,13.0,Miami,University of Miami,,,
4787,3775,Treyday,Trey Hyman,Trey,Hyman,44.0,retired,,2025-04-09 20:45:49,,Cornerback,Cover Corner,,,,50,0,50,0,0,50,0,0,0,0,0,0,0,0,0,0,3100000,7.0,Norfolk VA,Oregon,,,
4786,3862,bbrom,Gavin Brandschmidt,Gavin,Brandschmidt,44.0,retired,,2025-04-09 20:45:49,,Tight End,Possession TE,,,,50,0,50,0,0,53,0,0,0,0,0,0,0,0,0,0,7000000,7.0,"Warsaw, Indiana",Western Michigan,,,
4785,3860,TheBigMoose,Vincent Weatherby,Vincent,Weatherby,44.0,retired,,2025-04-09 20:45:49,,Linebacker,Coverage LB,,,,50,0,50,0,0,50,0,0,0,0,0,0,0,0,0,0,7000000,19.0,Regina,UofR,,,
4784,3770,PHB11677,. Gougar,.,Gougar,44.0,retired,,2025-04-09 20:45:49,,Linebacker,Versatile LB,,,,50,0,50,0,0,187,0,0,0,0,0,0,0,0,0,0,5450000,73.0,"The Bronx, New York, United Sates",Michigan,,,
4783,3848,winterwars,Cold Decembers,Cold,Decembers,44.0,retired,,2025-04-09 20:45:49,,Wide Receiver,Possession Receiver,,,,50,0,50,0,0,50,0,0,0,0,0,0,0,0,0,0,6000000,7.0,"Cámara, Antartica",University of Antarctica,,,
4782,3823,Avernium,Jackson Smart,Jackson,Smart,44.0,retired,,2025-04-09 20:45:49,,Defensive End,Power Rusher,,,,50,0,50,0,0,50,0,0,0,0,0,0,0,0,0,0,6000000,55.0,"Miami, Florida",Florida State University,,,
4781,3812,Dylanonfire88,Dylan Friedland,Dylan,Friedland,44.0,retired,,2025-04-09 20:45:49,,Cornerback,Cover Corner,,,,50,0,50,0,0,50,0,0,0,0,0,0,0,0,0,0,6100000,22.0,"Philadelphia, PA",Penn State,,,
4780,3855,timbercreekcrew,Xavier Turner,Xavier,Turner,44.0,retired,,2025-04-09 20:45:49,,Defensive End,Speed Rusher,,,,50,0,50,0,0,50,0,0,0,0,0,0,0,0,0,0,1000000,99.0,"St. Louis, Missouri",University of Missouri,,,
4779,3826,Tmoney6996,Thomas Passarelli,Thomas,Passarelli,44.0,retired,active,2025-04-09 20:45:49,,Wide Receiver,Speed Receiver,NOLA,,,50,0,50,0,0,1622,0,0,0,0,0,0,0,0,0,0,330531111,32.0,"Visalia, California",Old Dominion,,,
4778,3817,redson2021,Carlos Monfils,Carlos,Monfils,44.0,retired,,2025-04-09 20:45:49,,Safety,Ball Hawk,,,,50,0,50,0,0,50,0,0,0,0,0,0,0,0,0,0,6000000,33.0,Houston,Texas Tech,,,
4777,3811,Csbbk4,LeBlockus BrickWall,LeBlockus,BrickWall,44.0,retired,,2025-04-09 20:45:49,,Offensive Lineman,Mauler,,,,50,0,50,0,0,50,0,0,0,0,0,0,0,0,0,0,5000000,91.0,Philadphia,Upenn,,,
4776,3869,kirbyberns,Kirby Bernard,Kirby,Bernard,44.0,retired,,2025-04-09 20:45:49,,Tight End,Possession TE,,,,50,0,50,0,0,121,0,0,0,0,0,0,0,0,0,0,8300000,87.0,"Crenshaw, Missouri",Liberty,,,
4775,3791,likealikeasexyorange,Lod Vilkshelm,Lod,Vilkshelm,44.0,retired,,2025-04-09 20:45:49,,Defensive Tackle,Interior Rusher,,,,50,0,50,0,0,82,0,0,0,0,0,0,0,0,0,0,7000000,93.0,"Oslo, Norway",Oregon State,,,
4774,1097,Buttersqauch101,Dan Sevin,Dan,Sevin,44.0,retired,active,2025-04-09 20:45:49,,Running Back,Speed Back,,,,50,0,50,0,0,309,0,0,0,0,0,0,0,0,0,0,71457798,7.0,"Santa Clarita, California",Big Horn,,,
4773,3870,Dynamicmlb_42,Leonard McCoy,Leonard,McCoy,44.0,retired,active,2025-04-09 20:45:49,,Wide Receiver,Speed Receiver,,,,50,0,50,0,0,163,0,0,0,0,0,0,0,0,0,0,2786000,37.0,Chicago,Valparaiso University,,,
4772,3808,Aspaz95,Jerod Mustard,Jerod,Mustard,44.0,retired,,2025-04-09 20:45:49,,Tight End,Vertical Threat,,,,50,0,50,0,0,50,0,0,0,0,0,0,0,0,0,0,6000000,88.0,"Woonsocket, Rhode Island",Texas Tech,,,
4771,3859,JustHereToLeave,Kieran Kovalev,Kieran,Kovalev,44.0,retired,,2025-04-09 20:45:49,,Tight End,Possession TE,,,,50,0,50,0,0,89,0,0,0,0,0,0,0,0,0,0,17700000,16.0,"Mendon, NY, US",Florida State University,,,
4770,3797,TheDonkeyShow,Christopher Wilson,Christopher,Wilson,44.0,retired,,2025-04-09 20:45:49,,Quarterback,Mobile,,,,50,0,50,0,0,50,0,0,0,0,0,0,0,0,0,0,6000000,8.0,"Astoria, OR",University of Oregon,,,
4769,3798,Dactyl,Moonwolff von Doomovic,Moonwolff,von Doomovic,44.0,retired,,2025-04-09 20:45:49,,Offensive Lineman,Athletic Lineman,,,,50,0,50,0,0,57,0,0,0,0,0,0,0,0,0,0,6000000,16.0,"Doomstadt, IL",North Shore Community College,,,
4768,25,RavensFanFromOntario,Mattrim Cauthon,Mattrim,Cauthon,44.0,retired,,2025-04-09 20:45:49,,Wide Receiver,Speed Receiver,,,,50,0,50,0,0,300,0,0,0,0,0,0,0,0,0,0,14902966,1.0,Two Rivers,Arizona State University,,,
4767,3782,Labotep,Ryan Labotep,Ryan,Labotep,44.0,retired,,2025-04-09 20:45:49,,Linebacker,Coverage LB,,,,50,0,50,0,0,80,0,0,0,0,0,0,0,0,0,0,3000000,54.0,"Bridgeport, Connecticut",Notre Dame,,,
4766,3864,X-man,X Man,X,Man,44.0,retired,,2025-04-09 20:45:49,,Cornerback,Cover Corner,,,,50,0,50,0,0,118,0,0,0,0,0,0,0,0,0,0,6116400,24.0,X City,University X,,,
4765,3841,yupman,Eric James,Eric,James,44.0,retired,,2025-04-09 20:45:49,,Linebacker,Versatile LB,,,,50,0,50,0,0,57,0,0,0,0,0,0,0,0,0,0,6000000,99.0,Letterkenny,Zion Heights,,,
4764,3861,nickgilbert17,Nicholas Gilbert,Nicholas,Gilbert,44.0,retired,,2025-04-09 20:45:49,,Linebacker,Versatile LB,,,,50,0,50,0,0,96,0,0,0,0,0,0,0,0,0,0,14500000,17.0,Niagara Falls Ontario Canada,Notre Dame,,,
4763,3801,Dietz18,Adam Dietzel,Adam,Dietzel,44.0,retired,,2025-04-09 20:45:49,,Linebacker,Versatile LB,,,,50,0,50,0,0,50,0,0,0,0,0,0,0,0,0,0,1000000,49.0,Norristown,Temple,,,
4762,3837,BatteredCake,Joey Flex,Joey,Flex,44.0,retired,,2025-04-09 20:45:49,,Tight End,Vertical Threat,,,,50,0,50,0,0,50,0,0,0,0,0,0,0,0,0,0,7000000,13.0,"Buffalo, NY",University of Michigan,,,
4761,3850,baconoath,Lawrence Taylor,Lawrence,Taylor,44.0,retired,,2025-04-09 20:45:49,,Linebacker,Coverage LB,,,,50,0,50,0,0,50,0,0,0,0,0,0,0,0,0,0,6000000,65.0,North Carolina,UNC,,,
4760,2392,Menace0528,Pete Moss,Pete,Moss,44.0,retired,,2025-04-09 20:45:49,,Kicker,Accurate,,,,50,0,50,0,0,346,0,0,0,0,0,0,0,0,0,0,38109985,23.0,The Tree in Your Backyard,Slippery Rock,,,
4759,3874,Dman04,Dawson Dingleberry,Dawson,Dingleberry,44.0,retired,,2025-04-09 20:45:49,,Defensive Tackle,All-Purpose DT,,,,50,0,50,0,0,50,0,0,0,0,0,0,0,0,0,0,1000000,69.0,Delaware,University of Delaware,,,
4758,3767,Doppelganger_,HK 19,HK,19,44.0,retired,,2025-04-09 20:45:49,,Defensive Tackle,Interior Rusher,,,,50,0,50,0,0,69,0,0,0,0,0,0,0,0,0,0,11200000,19.0,Telos IV,University of Telos,,,
4757,3851,Bolt,Matthew Bolt,Matthew,Bolt,44.0,retired,,2025-04-09 20:45:49,,Safety,Center Fielder,,,,50,0,50,0,0,194,0,0,0,0,0,0,0,0,0,0,11200000,29.0,Arizona,Arizona State University,,,
4756,3790,NateEmory,Tim Tebow Jr.,Tim,Tebow Jr.,44.0,retired,,2025-04-09 20:45:49,,Defensive End,Speed Rusher,,,,50,0,50,0,0,50,0,0,0,0,0,0,0,0,0,0,7000000,15.0,"Gainsville, Florida",University of Florida,,,
4755,3820,Icetrap,Chris Bourassa,Chris,Bourassa,44.0,retired,,2025-04-09 20:45:49,,Linebacker,Coverage LB,,,,50,0,50,0,0,50,0,0,0,0,0,0,0,0,0,0,6000000,68.0,Boston,Fullsail,,,
4754,3388,hemhem,La’Fluke Paris-Johnson,La’Fluke,Paris-Johnson,43.0,retired,,2025-04-09 20:45:49,,Tight End,Vertical Threat,,,,84,209,-125,0,0,621,0,0,0,0,0,0,0,0,0,0,9054000,41.0,"Pittsburgh, PA",NC State,,,
4753,2162,Crodyman,Gaius Gleel,Gaius,Gleel,43.0,retired,,2025-04-09 20:45:49,,Linebacker,Coverage LB,,,,62,153,-91,0,0,606,0,0,0,0,0,0,0,0,0,0,12007860,77.0,"Windsor, VT",Fiore University,,,
4752,3204,LIL MUNKEY,C.G Breezy Jr.,C.G,Breezy Jr.,43.0,retired,,2025-04-09 20:45:49,,Cornerback,Slot Corner,,,,69,171,-102,0,0,506,0,0,0,0,0,0,0,0,0,0,7561000,99.0,San Jose,Garlic State University,,,
4751,3739,honey,Swamp Maiden,Swamp,Maiden,43.0,retired,,2025-04-09 20:45:49,,Running Back,Speed Back,,,,82,203,-121,0,0,801,0,0,0,0,0,0,0,0,0,0,9953200,21.0,"Prague, Czech Republic",Boston College,,,
4750,1210,DeadlyPlayer,Tha Thu Craicte,Tha,Thu Craicte,43.0,retired,,2025-04-09 20:45:49,,Offensive Lineman,Mauler,,,,80,200,-120,0,0,553,0,0,0,0,0,0,0,0,0,0,118005180,13.0,"Indianapolis, IN",Louisiana State University,,,
4749,3183,SmittyHextall,Norman Smiley,Norman,Smiley,43.0,retired,,2025-04-09 20:45:49,2025-05-21 12:19:49,Linebacker,Coverage LB,,,,250,257,-7,0,0,959,0,0,0,0,0,0,0,0,0,0,9761450,96.0,"Northampton, England",Yale,,,
4748,3718,Water,Sack Sparrow,Sack,Sparrow,43.0,retired,active,2025-04-09 20:45:49,,Offensive Lineman,Balanced Lineman,,,,62,153,-91,0,0,607,0,0,0,0,0,0,0,0,0,0,6650000,12.0,Barbados,East Carolina,,,
4747,2203,UberBJ,Cheecago Boucher,Cheecago,Boucher,43.0,retired,active,2025-04-09 20:45:49,,Linebacker,Pass Rusher,,,,110,273,-163,0,0,1082,0,0,0,0,0,0,0,0,0,0,3690600,14.0,Yellowknife,University of Maryland,,,
4746,685,Moosecop,Kelijah Verwae,Kelijah,Verwae,43.0,retired,,2025-04-09 20:45:49,,Offensive Lineman,Mauler,,,,88,220,-132,0,0,869,0,0,0,0,0,0,0,0,0,0,11478970,32.0,The Trenches,Big Strong Men Junior College,,,
4745,3620,AriaEXE,Crasher Wake,Crasher,Wake,43.0,retired,,2025-04-09 20:45:49,2025-05-26 11:15:12,Linebacker,Pass Rusher,,,,250,510,-260,0,0,1532,0,0,0,0,0,0,0,0,0,0,12019989,57.0,"Hokkaido Region, Japan",Sinnoh University at Pastoria City,,,
4744,3751,bernardhibou,Bertie Mannering-Phipps,Bertie,Mannering-Phipps,43.0,retired,active,2025-04-09 20:45:49,,Safety,Center Fielder,,,,250,0,250,0,0,1253,0,0,0,0,0,0,0,0,0,0,255059375,34.0,"New York, NY",Princeton,,,
4743,1851,.simo,Paul Dosza,Paul,Dosza,43.0,retired,,2025-04-09 20:45:49,,Cornerback,Cover Corner,,,,250,0,250,0,0,1081,0,0,0,0,0,0,0,0,0,0,16072223,24.0,Brisbane,Zhejiang University,,,
4742,3743,lemonoppy,Thomas Sutha,Thomas,Sutha,43.0,retired,active,2025-04-09 20:45:49,,Linebacker,Versatile LB,,,,250,0,250,0,0,1502,0,1,0,0,0,0,0,0,0,0,801316003,24.0,Toronto,Stanford,,,
4741,1643,ZootTX,Maximus Boudreaux,Maximus,Boudreaux,43.0,retired,active,2025-04-09 20:45:49,2025-05-16 07:58:11,Offensive Lineman,Mauler,,,,250,425,-175,0,0,1531,1,0,0,0,0,0,0,0,0,0,245922010,32.0,"Catahoula, LA",Louisiana Tech,,,
4740,3737,110radio,Ignatious Cleetington,Ignatious,Cleetington,43.0,retired,,2025-04-09 20:45:49,2025-08-01 20:55:50,Linebacker,Pass Rusher,,,,0,389,-389,0,0,1457,0,0,0,0,0,0,0,0,0,0,195023603,77.0,Utopia Planetia,South Harmon Institute of Technology,,,
4739,2458,FootballIsCool,Spruce Willis,Spruce,Willis,43.0,retired,active,2025-04-09 20:45:49,2025-08-01 20:55:50,Cornerback,Cover Corner,,,,0,436,-436,0,0,1322,0,0,0,0,0,0,0,0,0,0,1782016,77.0,The woods,Evergreen College,,,
4738,2036,IHateBobNutting,Bubba Hog,Bubba,Hog,43.0,retired,,2025-04-09 20:45:49,,Linebacker,Versatile LB,,,,74,182,-108,0,0,722,0,0,0,0,0,0,0,0,0,0,19255625,75.0,"McAllen, Texas",McDonalds College for Culinary Arts,,,
4737,2573,allbetsonjames,Iman Outlaw,Iman,Outlaw,43.0,retired,,2025-04-09 20:45:49,,Linebacker,Versatile LB,,,,76,188,-112,0,0,746,0,0,0,0,0,0,0,0,0,0,25222063,24.0,"Phoenix, AZ",Stanford,,,
4736,1594,ForSucksFake,Anakin Skywalker,Anakin,Skywalker,43.0,retired,active,2025-04-09 20:45:49,2025-05-22 17:06:51,Running Back,Fullback,,,,250,411,-161,0,0,1450,0,0,0,0,0,0,0,0,0,0,77010267,66.0,Tattooine,Jedi Temple University,,,BlockingFB
4735,3716,Fry93,Samuel Carter,Samuel,Carter,43.0,retired,,2025-04-09 20:45:49,,Wide Receiver,Possession Receiver,,,,50,0,50,0,0,50,0,0,0,0,0,0,0,0,0,0,8500000,15.0,Kentucky,Florida State,,,
4734,3738,ajmerr13,Paul Lobster,Paul,Lobster,43.0,retired,,2025-04-09 20:45:49,,Linebacker,Pass Rusher,,,,50,0,50,0,0,50,0,0,0,0,0,0,0,0,0,0,7000000,56.0,"Brooklyn, NY",LSU,,,
4733,3765,Allstar20890,Giles Marrett,Giles,Marrett,43.0,retired,active,2025-04-09 20:45:49,,Defensive End,Power Rusher,,,,50,0,50,0,0,421,0,0,0,0,0,0,0,0,0,0,36950000,96.0,"Akron, OH",Ohio University,,,
4732,3753,jdubaroosky,John Conner,John,Conner,43.0,retired,,2025-04-09 20:45:49,,Running Back,Speed Back,,,,50,0,50,0,0,50,0,0,0,0,0,0,0,0,0,0,1000000,3.0,Future,Past,,,
4731,2642,Sloths1,Bitty Cakes,Bitty,Cakes,43.0,retired,,2025-04-09 20:45:49,,Offensive Lineman,Balanced Lineman,,,,50,0,50,0,0,50,0,0,0,0,0,0,0,0,0,0,-2000000,69.0,USSR,Kremlin,,,
4730,830,Rise of Smitty,Sam Mercury,Sam,Mercury,43.0,retired,,2025-04-09 20:45:49,,Wide Receiver,Speed Receiver,,,,50,0,50,0,0,918,0,0,0,0,0,0,0,0,0,0,4032335,14.0,"Auburn, WA",LSU,,,
4729,3711,DoubleDub,Josh Gibson,Josh,Gibson,43.0,retired,,2025-04-09 20:45:49,,Linebacker,Versatile LB,,,,50,0,50,0,0,1319,0,0,0,0,0,0,0,0,0,0,9809708,38.0,"Melbourne, Australia",Trinity Grammar,,,
4728,3761,goblin jr.,Oskar Clark,Oskar,Clark,43.0,retired,,2025-04-09 20:45:49,,Running Back,Speed Back,,,,50,0,50,0,0,343,0,0,0,0,0,0,0,0,0,0,22007380,20.0,"Baltimore, MD",University of Georgia,,,
4727,3717,johnathancowboy,ted rockpage,ted,rockpage,43.0,retired,,2025-04-09 20:45:49,,Kicker,Accurate,,,,50,0,50,0,0,50,0,0,0,0,0,0,0,0,0,0,6400000,0.0,,,,,
4726,207,Jiggly_333,Midwest Emo,Midwest,Emo,43.0,retired,active,2025-04-09 20:45:49,,Defensive End,Speed Rusher,,,,50,0,50,0,0,419,0,0,0,0,0,0,0,0,0,0,-152273,99.0,"Milwaukee, WI",University of Illinois Urbana-Champaign,,,
4725,3715,Tyreewells,Tyree Wells,Tyree,Wells,43.0,retired,,2025-04-09 20:45:49,,Defensive End,Power Rusher,,,,50,0,50,0,0,55,0,0,0,0,0,0,0,0,0,0,8100000,92.0,Baton Rouge,Prairie view am,,,
4724,2355,overdoo,Huck Indarts,Huck,Indarts,43.0,retired,,2025-04-09 20:45:49,,Wide Receiver,Slot Receiver,,,,50,0,50,0,0,162,0,0,0,0,0,0,0,0,0,0,19342620,1.0,Toronto,University of Florida,,,
4723,3717,johnathancowboy,steven universe,steven,universe,43.0,retired,,2025-04-09 20:45:49,,Kicker,Accurate,,,,50,0,50,0,0,50,0,0,0,0,0,0,0,0,0,0,6400000,4.0,oakland CA,UCLA,,,
4722,2976,ctots,Gil Fischer,Gil,Fischer,43.0,retired,active,2025-04-09 20:45:49,,Defensive End,Speed Rusher,,,,50,0,50,0,0,922,0,0,0,0,0,0,0,0,0,0,37905520,32.0,"Okinawa, Japan",University of Tokyo,,,
4721,3726,Wazz,Rico Flores,Rico,Flores,43.0,retired,,2025-04-09 20:45:49,,Wide Receiver,Speed Receiver,,,,50,0,50,0,0,50,0,0,0,0,0,0,0,0,0,0,6500000,8.0,Spain,Wisconsin,,,
4720,3734,Pokecraft,Kyle Bessey,Kyle,Bessey,43.0,retired,,2025-04-09 20:45:49,,Running Back,Fullback,,,,50,0,50,0,0,516,0,0,0,0,0,0,0,0,0,0,10488160,16.0,"Los Angeles, CA",USC,,,
4719,3719,ChickenLeg,Logan Runswell,Logan,Runswell,43.0,retired,,2025-04-09 20:45:49,,Wide Receiver,Return Specialist,,,,50,0,50,0,0,150,0,0,0,0,0,0,0,0,0,0,-415000,9.0,"Glasgow, Scotland",Kansas State Wildcats,,,
4718,3755,88nation519,jim Maverick,jim,Maverick,43.0,retired,,2025-04-09 20:45:49,,Cornerback,Cover Corner,,,,50,0,50,0,0,50,0,0,0,0,0,0,0,0,0,0,7000000,20.0,Chicago,syracuse,,,
4717,3729,cullenb07,cullen brown,cullen,brown,43.0,retired,,2025-04-09 20:45:49,,Wide Receiver,Slot Receiver,,,,50,0,50,0,0,57,0,0,0,0,0,0,0,0,0,0,9000000,73.0,mesa arizona,northern arizona university,,,
4716,3742,WhatInTheCTF,Kane Erikkson,Kane,Erikkson,43.0,retired,,2025-04-09 20:45:49,,Defensive End,Power Rusher,,,,50,0,50,0,0,119,0,0,0,0,0,0,0,0,0,0,17300000,74.0,Greenville NC,NC State,,,
4715,3752,ArkticRose,Brady Brady,Brady,Brady,43.0,retired,,2025-04-09 20:45:49,,Offensive Lineman,Mauler,,,,50,0,50,0,0,50,0,0,0,0,0,0,0,0,0,0,6000000,22.0,Las Vegas,BYU Idaho,,,
4714,3710,TDenstroyer,Tunkha Danstrol,Tunkha,Danstrol,43.0,retired,,2025-04-09 20:45:49,,Offensive Lineman,Mauler,,,,50,0,50,0,0,542,0,0,0,0,0,0,0,0,0,0,10244000,67.0,"Istanbul, Turkey",Wisconsin,,,
4713,3457,McGriddy10,Mega Tron,Mega,Tron,43.0,retired,active,2025-04-09 20:45:49,,Safety,Center Fielder,,,,50,0,50,0,0,961,0,0,0,0,0,0,0,0,0,0,19069490,81.0,"Atlanta, Georgia",Georgia Tech,,,
4712,1866,TheCC,Sem’ga Nah’sim,Sem’ga,Nah’sim,43.0,retired,active,2025-04-09 20:45:49,,Wide Receiver,Speed Receiver,,,,50,0,50,0,0,1414,0,0,0,0,0,0,0,0,0,0,321788905,48.0,"Multan, Pakistan",University of Kansas,,,
4711,3746,Tyrathiel,Tyler Hunt,Tyler,Hunt,43.0,retired,,2025-04-09 20:45:49,,Wide Receiver,Possession Receiver,,,,50,0,50,0,0,561,0,0,0,0,0,0,0,0,0,0,12941550,2.0,"Sacramento, CA",Florida,,,
4710,3741,ShapDad,Player McPlayer-Face,Player,McPlayer-Face,43.0,retired,,2025-04-09 20:45:49,,Tight End,Possession TE,,,,50,0,50,0,0,50,0,0,0,0,0,0,0,0,0,0,7000000,88.0,New Jersey,University of Delaware,,,
4709,1163,Opera_Phantom,Jay Cue III,Jay,Cue III,43.0,retired,active,2025-04-09 20:45:49,,Quarterback,Field General,AZ,,,50,0,50,0,0,1634,0,0,0,0,0,0,0,0,0,0,56142558,10.0,"Porto, Portugal",Harvard,,,
4708,1766,thevoicelesscreator,Lieks Acksalot,Lieks,Acksalot,43.0,retired,,2025-04-09 20:45:49,,Defensive End,Speed Rusher,,,,50,0,50,0,0,333,0,0,0,0,0,0,0,0,0,0,5120989,6.0,Leipzig,Leipzig University,,,
4707,3724,miserablejus,Justyn Carr,Justyn,Carr,43.0,retired,,2025-04-09 20:45:49,,Quarterback,Pocket Passer,,,,50,0,50,0,0,50,0,0,0,0,0,0,0,0,0,0,6100000,7.0,"Melbourne, FL",Florida,,,
4706,3740,shallowdolphin,Dylan Craig,Dylan,Craig,43.0,retired,,2025-04-09 20:45:49,,Tight End,Vertical Threat,,,,50,0,50,0,0,50,0,0,0,0,0,0,0,0,0,0,7000000,80.0,Atlanta,Miami,,,
4705,2080,MobiausGrander,Allister Adebam,Allister,Adebam,43.0,retired,active,2025-04-09 20:45:49,,Linebacker,Pass Rusher,,,,50,0,50,0,0,1501,0,0,0,0,0,0,0,0,0,0,23163524,13.0,"Miami, FL",University of Florida,,,
4704,3747,Griffcrunk,Griffin Crunk,Griffin,Crunk,43.0,retired,,2025-04-09 20:45:49,,Safety,Enforcer,,,,50,0,50,0,0,67,0,0,0,0,0,0,0,0,0,0,9400000,44.0,Alabama,UGF Pandas!,,,
4703,3730,Thewinningplayer,Jimmy Walker,Jimmy,Walker,43.0,retired,,2025-04-09 20:45:49,,Running Back,Speed Back,,,,50,0,50,0,0,50,0,0,0,0,0,0,0,0,0,0,7000000,9.0,Fuji,Illinois,,,
4702,3713,slumped64,Sean Aldrich,Sean,Aldrich,43.0,retired,active,2025-04-09 20:45:49,,Running Back,Fullback,,,,50,0,50,0,0,559,0,0,0,0,0,0,0,0,0,0,-1813950,26.0,"Syracuse, New York",Rutgers University,,,
4701,3763,thebestdarthvader,Jake Mann,Jake,Mann,43.0,retired,,2025-04-09 20:45:49,,Defensive End,Power Rusher,,,,50,0,50,0,0,57,0,0,0,0,0,0,0,0,0,0,0,40.0,NYC,Rutgers,,,
4700,3092,crazykeyoung,Garrett McCollum,Garrett,McCollum,43.0,retired,,2025-04-09 20:45:49,,Running Back,Receiving Back,,,,50,0,50,0,0,50,0,0,0,0,0,0,0,0,0,0,8000000,23.0,Chicago,Illinois,,,
4699,3035,Kw1,Tatum Washington III,Tatum,Washington III,43.0,retired,,2025-04-09 20:45:49,,Running Back,Speed Back,,,,50,0,50,0,0,250,0,0,0,0,0,0,0,0,0,0,9200000,1.0,"Brooklyn , New York",Ohio State,,,
4698,3736,fart_simpson_,Dan Hall,Dan,Hall,43.0,retired,,2025-04-09 20:45:49,,Safety,Center Fielder,,,,50,0,50,0,0,62,0,0,0,0,0,0,0,0,0,0,10000000,24.0,Bristol,Miami,,,
4697,3714,Michael.brown,Michael Brown,Michael,Brown,43.0,retired,,2025-04-09 20:45:49,,Quarterback,Field General,,,,50,0,50,0,0,50,0,0,0,0,0,0,0,0,0,0,6100000,18.0,"Corbin,Kentucky",Louisville,,,
4696,3721,kaiingmire7,Kai Martin,Kai,Martin,43.0,retired,,2025-04-09 20:45:49,,Defensive Tackle,Interior Rusher,,,,50,0,50,0,0,50,0,0,0,0,0,0,0,0,0,0,6700000,98.0,Arkanssa,Arkansas,,,
4695,1384,Ephenssta,Bell Peepo,Bell,Peepo,43.0,retired,active,2025-04-09 20:45:49,,Cornerback,Cover Corner,,,,50,0,50,0,0,881,0,0,0,0,0,0,0,0,0,0,37907271,19.0,"Denver, CO",Colorado State,,,
4694,800,mcgriddleluver,Max Lavote JR,Max,Lavote JR,43.0,retired,,2025-04-09 20:45:49,,Wide Receiver,Speed Receiver,,,,50,0,50,0,0,57,0,0,0,0,0,0,0,0,0,0,5045700,80.0,Michigan,Michigan,,,
4693,3732,Rdawg34,Angus McFlurry,Angus,McFlurry,43.0,retired,,2025-04-09 20:45:49,,Tight End,Vertical Threat,,,,50,0,50,0,0,50,0,0,0,0,0,0,0,0,0,0,7000000,87.0,Burger Town,Flat Rock University,,,
4692,3757,RobJG2,Robert Green,Robert,Green,43.0,retired,active,2025-04-09 20:45:49,,Safety,Ball Hawk,,,,50,0,50,0,0,1446,0,0,0,0,0,0,0,0,0,0,219139550,20.0,"Syracuse, NY",Syracuse,,,
4691,777,PSanchez55,Reginald Arceneaux,Reginald,Arceneaux,43.0,retired,,2025-04-09 20:45:49,,Running Back,Power Back,,,,50,0,50,0,0,266,0,0,0,0,0,0,0,0,0,0,21246470,2.0,"Wichita Falls, Texas",TCU,,,
4690,3754,Kazi420,Alex Sanchez,Alex,Sanchez,43.0,retired,,2025-04-09 20:45:49,,Wide Receiver,Possession Receiver,,,,50,0,50,0,0,146,0,0,0,0,0,0,0,0,0,0,2400000,96.0,Los Angeles,USC,,,
4689,48,andybj,Meowchael Cleocatchra,Meowchael,Cleocatchra,43.0,retired,,2025-04-09 20:45:49,,Cornerback,Cover Corner,,,,50,0,50,0,0,289,0,0,0,0,0,0,0,0,0,0,12900000,18.0,Omaha,Purrdue,,,
4688,2535,Exilate,Narl Hecklenburg,Narl,Hecklenburg,42.0,retired,,2025-04-09 20:45:49,,Linebacker,Pass Rusher,,,,204,204,0,0,0,1026,0,0,0,0,0,0,0,0,0,0,49491165,77.0,"Denver, CO",Colorado,,,Athlete
4687,3697,Sonny,Sonny Johnson,Sonny,Johnson,42.0,retired,,2025-04-09 20:45:49,,Defensive Tackle,All-Purpose DT,,,,0,196,-196,0,0,875,0,0,0,0,0,0,0,0,0,0,8322200,95.0,Montana,Missouri State,,,
4686,3696,Brucitalis,Bruce Talis,Bruce,Talis,42.0,retired,,2025-04-09 20:45:49,,Offensive Lineman,Athletic Lineman,,,,0,158,-158,0,0,917,0,0,0,0,0,0,0,0,0,0,3000000,77.0,Ottumwa,Wisconsin,,,
4685,1236,Frostbite,Keanu Calhoun,Keanu,Calhoun,42.0,retired,active,2025-04-09 20:45:49,2025-05-26 01:38:23,Wide Receiver,Speed Receiver,,,,250,351,-101,0,0,1442,0,0,0,0,0,0,0,0,0,0,6976573,17.0,"Atlanta, Georgia",Rutgers University,,,DeepThreat
4684,2183,platanocat,Wing Wang,Wing,Wang,42.0,retired,,2025-04-09 20:45:49,,Kicker,Accurate,,,,0,151,-151,0,0,1314,0,0,0,0,0,0,0,0,0,0,32606281,95.0,"Las Vegas, NV",Arizona State,,,
4683,3682,DangWookie,Ace Anderson,Ace,Anderson,42.0,retired,,2025-04-09 20:45:49,,Running Back,Receiving Back,,,,0,281,-281,0,0,1405,0,0,0,0,0,0,0,0,0,0,9193500,8.0,"Lone Cabbage, FL",University of Florida,,,
4682,2461,firstfray,Heiiajs D. Owidhuse,Heiiajs,D. Owidhuse,42.0,retired,active,2025-04-09 20:45:49,2025-05-26 16:41:26,Cornerback,Cover Corner,,,,0,375,-375,0,0,1600,0,0,0,0,0,0,0,0,0,0,180917885,23.0,Mars,Wisconsin,,,
4681,3672,L_Kin,Buck Carter,Buck,Carter,42.0,retired,,2025-04-09 20:45:49,,Safety,Center Fielder,,,,50,0,50,0,0,50,0,0,0,0,0,0,0,0,0,0,7000000,31.0,Sydney,USYD,,,
4680,3706,UC.JLB,Joe Beasley,Joe,Beasley,42.0,retired,,2025-04-09 20:45:49,,Wide Receiver,Slot Receiver,,,,50,0,50,0,0,50,0,0,0,0,0,0,0,0,0,0,4100000,11.0,"Atlanta, Ga",Savannah State,,,
4679,3669,Komobro,Honey Humphries,Honey,Humphries,42.0,retired,,2025-04-09 20:45:49,,Safety,Enforcer,,,,50,0,50,0,0,374,0,0,0,0,0,0,0,0,0,0,6800000,7.0,"Kodiak, AK, USA",Austin College,,,
4678,2414,Retuperkele,Robert Rossi,Robert,Rossi,42.0,retired,,2025-04-09 20:45:49,,Cornerback,Slot Corner,,,,50,0,50,0,0,358,0,0,0,0,0,0,0,0,0,0,6696160,30.0,Finland,TAMK,,,
4677,3649,Phosita,Hingle McCringleberry,Hingle,McCringleberry,42.0,retired,,2025-04-09 20:45:49,,Running Back,Receiving Back,,,,50,0,50,0,0,50,0,0,0,0,0,0,0,0,0,0,6000000,34.0,"Lancaster, Pennsylvania",Penn State,,,
4676,3664,PoopNukem,Turd Burglar,Turd,Burglar,42.0,retired,,2025-04-09 20:45:49,,Cornerback,Cover Corner,,,,50,0,50,0,0,164,0,0,0,0,0,0,0,0,0,0,0,23.0,San Mateo,Porcelain Horse University,,,
4675,3626,Jason Kranz,Jason West,Jason,West,42.0,retired,,2025-04-09 20:45:49,,Running Back,Receiving Back,,,,50,0,50,0,0,155,0,0,0,0,0,0,0,0,0,0,13000000,24.0,Canada,Jason college,,,
4674,2232,ztarwarz,Luigi Numberone,Luigi,Numberone,42.0,retired,,2025-04-09 20:45:49,,Cornerback,Cover Corner,,,,50,0,50,0,0,1517,0,0,0,0,0,0,0,0,0,0,1055626620,1.0,Mushroom Kingdom,N/A,,,
4673,3681,SeriousLinguini,Crosby Terrell,Crosby,Terrell,42.0,retired,,2025-04-09 20:45:49,,Wide Receiver,Speed Receiver,,,,50,0,50,0,0,50,0,0,0,0,0,0,0,0,0,0,5000000,11.0,"Canton, NY",University of Colorado Boulder,,,
4672,3692,wheatley_garrison,Rodger Castone,Rodger,Castone,42.0,retired,,2025-04-09 20:45:49,,Offensive Lineman,Mauler,,,,50,0,50,0,0,50,0,0,0,0,0,0,0,0,0,0,7000000,67.0,Pittsburgh,Florida,,,
4671,2688,oilmandan,Stetson David,Stetson,David,42.0,retired,active,2025-04-09 20:45:49,,Running Back,Receiving Back,HON,,,50,0,50,0,0,1514,0,0,0,0,0,0,0,0,0,0,54701826,5.0,Calgary,U of A,,,
4670,3703,Akiyama,Akiyama Hernandez,Akiyama,Hernandez,42.0,retired,,2025-04-09 20:45:49,,Wide Receiver,Slot Receiver,,,,50,0,50,0,0,50,0,0,0,0,0,0,0,0,0,0,6000000,15.0,Cuba,University of nevada,,,
4669,3636,Tylertokesome04,Josh Patterson,Josh,Patterson,42.0,retired,active,2025-04-09 20:45:49,,Quarterback,Field General,BAL,,,50,0,50,0,0,1558,0,0,0,0,0,0,0,0,0,0,-1812920,11.0,"Baton Rouge, LA",University of North Texas,,,
4668,2818,LordEscanor,King Leonidas I,King,Leonidas I,42.0,retired,,2025-04-09 20:45:49,,Kicker,Accurate,,,,50,0,50,0,0,433,0,0,0,0,0,0,0,0,0,0,7300530,30.0,"Sparta, Greece",Michigan State,,,
4667,3642,NorthernTitan,Blaze Benson,Blaze,Benson,42.0,retired,,2025-04-09 20:45:49,,Cornerback,Cover Corner,,,,50,0,50,0,0,50,0,0,0,0,0,0,0,0,0,0,6000000,2.0,Atlanta,NDSU,,,
4666,3630,sandwichtheog,Abraham Madden,Abraham,Madden,42.0,retired,,2025-04-09 20:45:49,,Linebacker,Versatile LB,,,,50,0,50,0,0,78,0,0,0,0,0,0,0,0,0,0,11200000,77.0,"Warsaw, Poland",Kennesaw State,,,
4665,3683,LHarm,LeHarm James,LeHarm,James,42.0,retired,,2025-04-09 20:45:49,,Linebacker,Versatile LB,,,,50,0,50,0,0,924,0,0,0,0,0,0,0,0,0,0,19346685,7.0,"Memphis, Tennessee",Arkansas,,,
4664,220,Muford,Blacksmith Andre,Blacksmith,Andre,42.0,retired,,2025-04-09 20:45:49,,Cornerback,Physical Corner,OSK,,,50,0,50,0,0,1524,0,0,0,0,0,0,0,0,0,0,45192618,60.0,Firelink Shrine,N/A,,,
4663,1221,UpperNet,Zisia Ojeisndiwoseodj,Zisia,Ojeisndiwoseodj,42.0,retired,,2025-04-09 20:45:49,,Offensive Lineman,Mauler,,,,50,0,50,0,0,484,0,0,0,0,0,0,0,0,0,0,4408820,8.0,"goat city, tennessee",Greendale community college,,,
4662,3646,dleap24,Dee Man,Dee,Man,42.0,retired,,2025-04-09 20:45:49,,Quarterback,Gunslinger,,,,50,0,50,0,0,50,0,0,0,0,0,0,0,0,0,0,6000000,4.0,Illinois,Texas,,,
4661,3670,Martin.Bachman,Martin Bachman,Martin,Bachman,42.0,retired,,2025-04-09 20:45:49,,Running Back,Speed Back,,,,50,0,50,0,0,353,0,0,0,0,0,0,0,0,0,0,36234920,42.0,"Grenada, MS",Mississippi State University,,,
4660,3691,Khens4,PJ Star,PJ,Star,42.0,retired,,2025-04-09 20:45:49,,Quarterback,Field General,,,,50,0,50,0,0,50,0,0,0,0,0,0,0,0,0,0,6300000,1.0,Austin,Texas,,,
4659,3250,Lemorse7,The Red Panda,The,Red Panda,42.0,retired,,2025-04-09 20:45:49,,Safety,Ball Hawk,,,,50,0,50,0,0,600,0,0,0,0,0,0,0,0,0,0,100000,27.0,Hawaii,Hawaii,,,
4658,3641,bkemper,Bruce Mendenhall,Bruce,Mendenhall,42.0,retired,,2025-04-09 20:45:49,,Tight End,Possession TE,,,,50,0,50,0,0,57,0,0,0,0,0,0,0,0,0,0,8000000,81.0,Austin TX,Texas,,,
4657,3316,CeeKay,Octavion Speedings,Octavion,Speedings,42.0,retired,,2025-04-09 20:45:49,,Quarterback,Pocket Passer,,,,50,0,50,0,0,1433,0,0,0,0,0,0,0,0,0,0,130227631,17.0,"Houston, Texas",University of Texas,,,
4656,2474,shrub02,Reginald Shrubbery,Reginald,Shrubbery,42.0,retired,,2025-04-09 20:45:49,,Running Back,Fullback,,,,50,0,50,0,0,1455,0,0,0,0,0,0,0,0,0,0,15217718,2.0,San Diego,USC,,,
4655,3700,genomcfly,Geno McFly,Geno,McFly,42.0,retired,,2025-04-09 20:45:49,,Tight End,Possession TE,,,,50,0,50,0,0,57,0,0,0,0,0,0,0,0,0,0,8600000,84.0,"Spartanburg, SC",USC Upstate,,,
4654,3673,Belgica,Jozef Janssens,Jozef,Janssens,42.0,retired,,2025-04-09 20:45:49,,Cornerback,Cover Corner,,,,50,0,50,0,0,50,0,0,0,0,0,0,0,0,0,0,7500000,4.0,"Leuven, Belgium",Minnesota,,,
4653,3625,marvsznn,Jaylen Davis,Jaylen,Davis,42.0,retired,,2025-04-09 20:45:49,,Offensive Lineman,Mauler,,,,50,0,50,0,0,50,0,0,0,0,0,0,0,0,0,0,8100000,77.0,Miami-Dade County,Florida,,,
4652,3704,ADMsmith,Thomas Ferguson,Thomas,Ferguson,42.0,retired,,2025-04-09 20:45:49,,Cornerback,Slot Corner,,,,50,0,50,0,0,77,0,0,0,0,0,0,0,0,0,0,13300000,22.0,"Atlanta, GA",Mississippi State,,,
4651,3684,nigsch01,Mergatroid Skittle,Mergatroid,Skittle,42.0,retired,,2025-04-09 20:45:49,,Tight End,Blocking TE,,,,50,0,50,0,0,65,0,0,0,0,0,0,0,0,0,0,10500000,83.0,"Louisville, KY",University of Louisville,,,
4650,3645,Crichton,John Crichton,John,Crichton,42.0,retired,,2025-04-09 20:45:49,,Tight End,Vertical Threat,,,,50,0,50,0,0,50,0,0,0,0,0,0,0,0,0,0,6000000,42.0,"Memphis, TN",Frakkin Freller U,,,
4649,3655,147_CutcoKnives,Carl Weezer,Carl,Weezer,42.0,retired,,2025-04-09 20:45:49,,Defensive End,Run Stuffer,,,,50,0,50,0,0,50,0,0,0,0,0,0,0,0,0,0,6000000,34.0,Retroville,Notre Dame,,,
4648,3623,tstols,Brock Lesnar,Brock,Lesnar,42.0,retired,,2025-04-09 20:45:49,,Offensive Lineman,Balanced Lineman,,,,50,0,50,0,0,495,0,0,0,0,0,0,0,0,0,0,10242500,69.0,South Dakota,University of Minnesota,,,
4647,2527,King Jellyfish,King Jellyfish,King,Jellyfish,42.0,retired,,2025-04-09 20:45:49,,Offensive Lineman,Mauler,,,,50,0,50,0,0,50,0,0,0,0,0,0,0,0,0,0,77716800,1.0,"Jellyfields, Bikini Bottom",Bikini Bottom State University,,,
4646,3663,Roney027,John Roney,John,Roney,42.0,retired,,2025-04-09 20:45:49,,Offensive Lineman,Mauler,,,,50,0,50,0,0,65,0,0,0,0,0,0,0,0,0,0,12000000,52.0,"Minneapolis, MN",University of Minnesota,,,
4645,3694,Swarm,Kevin James,Kevin,James,42.0,retired,,2025-04-09 20:45:49,,Safety,Ball Hawk,,,,50,0,50,0,0,50,0,0,0,0,0,0,0,0,0,0,7900000,42.0,New York,State University of New York at Cortland,,,
4644,3662,DukeAK717,Tyrone Huckleberry,Tyrone,Huckleberry,42.0,retired,,2025-04-09 20:45:49,,Linebacker,Versatile LB,,,,50,0,50,0,0,67,0,0,0,0,0,0,0,0,0,0,5000000,47.0,Brooklyn,UCBerkeley,,,
4643,3022,Aleris,RE #38,RE,#38,42.0,retired,active,2025-04-09 20:45:49,,Linebacker,Versatile LB,,,,50,0,50,0,0,871,0,0,0,0,0,0,0,0,0,0,4833385,38.0,"Boston, MA",Berkshire Community College,,,
4642,1999,WildfireMicro,Speedy Gizmo,Speedy,Gizmo,42.0,retired,,2025-04-09 20:45:49,,Wide Receiver,Slot Receiver,,,,50,0,50,0,0,1022,0,0,0,0,0,0,0,0,0,0,15289037,45.0,Tokyo Japan,Kentucky,,,
4641,3634,C3pBro,Cash Wheeler,Cash,Wheeler,42.0,retired,,2025-04-09 20:45:49,,Wide Receiver,Speed Receiver,,,,50,0,50,0,0,50,0,0,0,0,0,0,0,0,0,0,6200000,4.0,Los Angeles,LSU,,,
4640,3686,Ark20,Daquavion Davis Jr,Daquavion,Davis Jr,42.0,retired,,2025-04-09 20:45:49,,Tight End,Vertical Threat,,,,50,0,50,0,0,55,0,0,0,0,0,0,0,0,0,0,3600000,23.0,"Columbus, Ohio",NC State,,,
4639,3695,DillyDillyJose,Kraig Johntholomew,Kraig,Johntholomew,42.0,retired,,2025-04-09 20:45:49,,Linebacker,Pass Rusher,,,,50,0,50,0,0,154,0,0,0,0,0,0,0,0,0,0,7000000,8.0,"Nuuk, Greenland",Oxford,,,
4638,3640,Tacoville,Alex Rosen,Alex,Rosen,42.0,retired,,2025-04-09 20:45:49,,Safety,Center Fielder,,,,50,0,50,0,0,84,0,0,0,0,0,0,0,0,0,0,8204450,5.0,"Des Moines, Iowa",Brigham Young University,,,
4637,3660,MoonMan13,Chris Jakki,Chris,Jakki,42.0,retired,,2025-04-09 20:45:49,,Tight End,Vertical Threat,,,,50,0,50,0,0,94,0,0,0,0,0,0,0,0,0,0,8000000,28.0,Luna - the Moon,San Diego State,,,
4636,3648,GoPokes92,Will Hartford,Will,Hartford,42.0,retired,,2025-04-09 20:45:49,,Wide Receiver,Possession Receiver,,,,50,0,50,0,0,50,0,0,0,0,0,0,0,0,0,0,6000000,11.0,"Tulsa, OK",Oklahoma State,,,
4635,3635,cbrod45,Connor Brody,Connor,Brody,42.0,retired,,2025-04-09 20:45:49,,Tight End,Vertical Threat,,,,50,0,50,0,0,50,0,0,0,0,0,0,0,0,0,0,6000000,16.0,"Taigum, Australia",Aspley State High School,,,
4634,3624,srotpars,Lucas Stevenson,Lucas,Stevenson,42.0,retired,,2025-04-09 20:45:49,,Wide Receiver,Speed Receiver,,,,50,0,50,0,0,117,0,0,0,0,0,0,0,0,0,0,13900000,29.0,"Jacksonville, Florida",University of Minnesota,,,
4633,3680,Mossed26,Mike Gesicki,Mike,Gesicki,42.0,retired,,2025-04-09 20:45:49,,Linebacker,Pass Rusher,,,,50,0,50,0,0,1288,0,0,0,0,0,0,0,0,0,0,16032185,81.0,D.C.,Penn State,,,
4632,3708,Berjasta,Otto Hall,Otto,Hall,42.0,retired,,2025-04-09 20:45:49,,Kicker,Accurate,,,,50,0,50,0,0,69,0,0,0,0,0,0,0,0,0,0,10100000,4.0,"Greenville, SC",University of South Carolina,,,
4631,3651,Nickert126@gmail.com,Pirate King,Pirate,King,42.0,retired,,2025-04-09 20:45:49,,Linebacker,Versatile LB,,,,50,0,50,0,0,50,0,0,0,0,0,0,0,0,0,0,0,1.0,Antarctica,The Ohio State University,,,
4630,2243,Jimi64,Eliot Bukowski,Eliot,Bukowski,42.0,retired,,2025-04-09 20:45:49,,Kicker,Accurate,,,,50,0,50,0,0,586,0,0,0,0,0,0,0,0,0,0,58190396,25.0,"Fort Payne, Alabama",San Diego State University,,,
4629,3707,electrictree,National Treasure,National,Treasure,42.0,retired,,2025-04-09 20:45:49,,Wide Receiver,Speed Receiver,,,,50,0,50,0,0,1231,0,0,0,0,0,0,0,0,0,0,327462796,27.0,Maine,Ohio State,,,
4628,3656,ATribeCalledSteph,Trevor Prowler,Trevor,Prowler,42.0,retired,,2025-04-09 20:45:49,,Cornerback,Slot Corner,,,,50,0,50,0,0,146,0,0,0,0,0,0,0,0,0,0,12000000,19.0,"Columbus, Ohio",Florida State University,,,
4627,2665,Dukemarriot,Shucks McShuckle,Shucks,McShuckle,42.0,retired,,2025-04-09 20:45:49,,Offensive Lineman,Mauler,,,,50,0,50,0,0,107,0,0,0,0,0,0,0,0,0,0,16627850,74.0,"Munich, Germany",BYU,,,
4626,3629,MouseMazing,Aaron Jäger,Aaron,Jäger,42.0,retired,,2025-04-09 20:45:49,,Offensive Lineman,Balanced Lineman,,,,50,0,50,0,0,758,0,0,0,0,0,0,0,0,0,0,19400000,5.0,"Dunstable, Massachusetts",CSU Fresno,,,
4625,1124,TubbyTim69,Marco Steele,Marco,Steele,42.0,retired,active,2025-04-09 20:45:49,,Defensive End,Speed Rusher,,,,50,0,50,0,0,703,0,0,0,0,0,0,0,0,0,0,57080426,9.0,Barkville Louisiana,Barking institute of Technology,,,
4624,3705,Dethrone,Gabriel Cash,Gabriel,Cash,42.0,retired,,2025-04-09 20:45:49,,Cornerback,Slot Corner,,,,50,0,50,0,0,50,0,0,0,0,0,0,0,0,0,0,200000,1.0,Portland,Oregon,,,
4623,1450,MN_Moosey,Federico Americano,Federico,Americano,42.0,retired,,2025-04-09 20:45:49,,Linebacker,Versatile LB,,,,50,0,50,0,0,1352,0,0,0,0,0,0,0,0,0,0,322424887,51.0,"San Diego, CA",Oregon State,,,
4622,3657,Nepp0,Big Jim Braxton,Big,Jim Braxton,42.0,retired,,2025-04-09 20:45:49,,Offensive Lineman,Mauler,,,,50,0,50,0,0,55,0,0,0,0,0,0,0,0,0,0,6600000,76.0,"Jane Lew, WV",Glenville State University,,,
4621,3666,swoosh,Dino Nuggets,Dino,Nuggets,42.0,retired,active,2025-04-09 20:45:49,,Offensive Lineman,Athletic Lineman,,,,50,0,50,0,0,1618,0,0,0,0,0,0,0,0,0,0,13934386,7.0,"Portland, Oregon",University of Oregon,,,
4620,3698,ChaseOnTheCase,Hunter Gardener,Hunter,Gardener,42.0,retired,,2025-04-09 20:45:49,,Defensive End,Power Rusher,,,,50,0,50,0,0,50,0,0,0,0,0,0,0,0,0,0,1200000,97.0,Dallas Texas,BYU,,,
4619,3644,CheekiBreekiDamkie,Justa Ol ’Shoe,Justa,Ol ’Shoe,42.0,retired,,2025-04-09 20:45:49,,Defensive End,Power Rusher,,,,50,0,50,0,0,114,0,0,0,0,0,0,0,0,0,0,6838850,77.0,"Detroit, Michigan",Michigan State University,,,
4618,3650,Phagocytosis,Troi Ballamallyou,Troi,Ballamallyou,42.0,retired,,2025-04-09 20:45:49,,Safety,Enforcer,,,,50,0,50,0,0,50,0,0,0,0,0,0,0,0,0,0,7000000,49.0,"Versailles, Ohio",UCSB,,,
4617,794,WALDO,Bread Bowl,Bread,Bowl,42.0,retired,active,2025-04-09 20:45:49,,Tight End,Possession TE,,,,50,0,50,0,0,1202,0,0,0,0,0,0,0,0,0,0,53094653,87.0,A Panera Bread Kitchen,Bread Loaf School of English,,,
4616,3671,somecoach,Suave Cruz,Suave,Cruz,42.0,retired,,2025-04-09 20:45:49,,Tight End,Blocking TE,,,,50,0,50,0,0,167,0,0,0,0,0,0,0,0,0,0,52590500,47.0,San Diego,San Diego State,,,
4615,3647,nickjaredartist,Brett Rumble,Brett,Rumble,42.0,retired,,2025-04-09 20:45:49,,Tight End,Blocking TE,,,,50,0,50,0,0,50,0,0,0,0,0,0,0,0,0,0,6000000,89.0,Cedar Rapids,University of Iowa,,,
4614,3688,Faami,David Faami,David,Faami,42.0,retired,,2025-04-09 20:45:49,,Cornerback,Physical Corner,,,,50,0,50,0,0,50,0,0,0,0,0,0,0,0,0,0,6100000,19.0,Chicago,Arizona State University,,,
4613,3633,sburbine,Dan Dandrews,Dan,Dandrews,42.0,retired,,2025-04-09 20:45:49,,Defensive End,Power Rusher,,,,50,0,50,0,0,1167,0,0,0,0,0,0,0,0,0,0,18650000,48.0,"Cleveland, OH, USA",Boston College,,,
4612,3685,LemonJello33,Hardee Hitt,Hardee,Hitt,42.0,retired,,2025-04-09 20:45:49,,Safety,Enforcer,,,,50,0,50,0,0,50,0,0,0,0,0,0,0,0,0,0,6000000,48.0,DFW,Texas,,,
4611,3631,Daylight,That-One-Guy Kyle,That-One-Guy,Kyle,42.0,retired,,2025-04-09 20:45:49,,Safety,Ball Hawk,,,,50,0,50,0,0,50,0,0,0,0,0,0,0,0,0,0,7100000,9.0,His house,His house,,,
4610,1619,Big Edd,Not Edd,Not,Edd,42.0,retired,,2025-04-09 20:45:49,,Offensive Lineman,Mauler,,,,50,0,50,0,0,326,0,0,0,0,0,0,0,0,0,0,76813847,1.0,Pittsburgh,USC,,,
4609,1446,Reno,Aleksandar Ković,Aleksandar,Ković,42.0,retired,active,2025-04-09 20:45:49,,Linebacker,Versatile LB,,,,50,0,50,0,0,611,0,0,0,0,0,0,0,0,0,0,12860455,91.0,"Valjevo, Serbia",Iowa,,,
4608,3679,Goop,Adriano Goopert,Adriano,Goopert,42.0,retired,,2025-04-09 20:45:49,,Defensive Tackle,All-Purpose DT,,,,50,0,50,0,0,50,0,0,0,0,0,0,0,0,0,0,7300000,32.0,Chicago,University of Iowa,,,
4607,3687,Matteo,Eldroh Kove,Eldroh,Kove,42.0,retired,,2025-04-09 20:45:49,,Offensive Lineman,Mauler,,,,50,0,50,0,0,355,0,0,0,0,0,0,0,0,0,0,4095120,10.0,"Quebec City, Canada",University of North Dakota,,,
4606,613,cpetrella,Hammurabi Dieterschlagg,Hammurabi,Dieterschlagg,42.0,retired,,2025-04-09 20:45:49,,Running Back,Fullback,,,,50,0,50,0,0,87,0,0,0,0,0,0,0,0,0,0,8024872,1.0,Babylon,The Great Library,,,
4605,2890,Bubba,Chaos Vert,Chaos,Vert,42.0,retired,active,2025-04-09 20:45:49,,Cornerback,Cover Corner,,,,50,0,50,0,0,937,0,0,0,0,0,0,0,0,0,0,35646847,1.0,"Eugene, OR",Oregon,,,
4604,3699,dac,Cookie Monster,Cookie,Monster,42.0,retired,,2025-04-09 20:45:49,,Linebacker,Pass Rusher,,,,50,0,50,0,0,87,0,0,0,0,0,0,0,0,0,0,0,55.0,Sesame Street,Hardknocks U,,,
4603,3678,Chicken Lips,Hank Mardukas,Hank,Mardukas,42.0,retired,active,2025-04-09 20:45:49,,Wide Receiver,Speed Receiver,COL,,,50,0,50,0,0,1512,0,0,0,0,0,0,0,0,0,0,121925814,33.0,"Yeehaw Junction, Florida",Georgia Institute of Technology,,,
4547,3570,aeonsjenni,Mary Marie,Mary,Marie,41.0,retired,,2025-04-09 20:37:16,,Safety,Ball Hawk,,,,50,0,50,0,0,1257,0,0,0,0,0,0,0,0,0,0,200904083,13.0,California,University of Edinburgh,,,
3621,3511,nickWilliams,Nick Williams,Nick,Williams,41.0,retired,,2025-04-09 19:47:12,,Wide Receiver,Speed Receiver,,,,222,0,222,0,0,1465,0,0,0,0,0,0,0,0,0,0,5101900,32.0,"Townsend, TN",Premier University of Townsend,,,
3621,3511,nickWilliams,Nick Williams,Nick,Williams,41.0,retired,,2025-04-09 19:47:12,,Wide Receiver,Speed Receiver,,,,222,0,222,0,0,1465,0,0,0,0,0,0,0,0,0,0,5101900,32.0,"Townsend, TN",Premier University of Townsend,,,
3620,2592,bowl0,Lloyd Bannings,Lloyd,Bannings,41.0,retired,active,2025-04-09 19:37:56,,Wide Receiver,Speed Receiver,,,,50,0,50,0,0,1255,0,0,0,0,0,0,0,0,0,0,445044525,42.0,Crossbell,Crossbell Police Academy,,,
3619,3550,InternationalHouse,Øffé Pànic,Øffé,Pànic,41.0,retired,,2025-04-09 19:37:56,,Defensive Tackle,Interior Rusher,,,,50,0,50,0,0,119,0,0,0,0,0,0,0,0,0,0,10900000,88.0,"Bangkok, Thailand",Shanghai University of Traditional Chinese Medicine,,,
3618,3527,LtHudz,Billy Jor-El,Billy,Jor-El,41.0,retired,active,2025-04-09 19:37:56,,Cornerback,Physical Corner,,,,50,0,50,0,0,1410,0,0,0,0,0,0,0,0,0,0,96921987,92.0,"Cleveland, Ohio",Uptown G. University,,,
3617,3523,Matlestud,Leo Stud,Leo,Stud,41.0,retired,,2025-04-09 19:37:56,,Safety,Enforcer,,,,50,0,50,0,0,249,0,0,0,0,0,0,0,0,0,0,11029150,90.0,Quebec,UQAM,,,
3616,3517,Valucious,Chris Mahlstedt,Chris,Mahlstedt,41.0,retired,,2025-04-09 19:37:56,,Defensive End,Speed Rusher,,,,50,0,50,0,0,50,0,0,0,0,0,0,0,0,0,0,5000000,99.0,Iowa,Iowa,,,
3615,3544,Quisvilius,Amanda HugAndKiss,Amanda,HugAndKiss,41.0,retired,,2025-04-09 19:37:56,,Safety,Center Fielder,,,,50,0,50,0,0,454,0,0,0,0,0,0,0,0,0,0,1764790,69.0,"Loveladies, NJ",Rutgers,,,
3614,3510,BallSoHard,Peña Nieto,Peña,Nieto,41.0,retired,,2025-04-09 19:37:56,,Tight End,Blocking TE,,,,50,0,50,0,0,50,0,0,0,0,0,0,0,0,0,0,6000000,78.0,Mexico,Ballsohard University,,,
3613,3522,MisterBeefy1,Rick Skull,Rick,Skull,41.0,retired,,2025-04-09 19:37:56,,Running Back,Power Back,,,,50,0,50,0,0,50,0,0,0,0,0,0,0,0,0,0,6000000,8.0,"Fairport, New York",Donda Academy,,,
3612,3534,Krombopulos_Bill,Donny Doofenshmirtz,Donny,Doofenshmirtz,41.0,retired,,2025-04-09 19:37:56,,Tight End,Vertical Threat,,,,50,0,50,0,0,68,0,0,0,0,0,0,0,0,0,0,10000000,17.0,Danville,Tri-State Area University - Danville,,,
3611,3622,Robb,Mr Robb,Mr,Robb,41.0,retired,,2025-04-09 19:37:56,,Safety,Center Fielder,,,,50,0,50,0,0,118,0,0,0,0,0,0,0,0,0,0,5500000,21.0,Ohio,Oklahoma,,,
3610,3607,ThomWit,Junior Peabody,Junior,Peabody,41.0,retired,,2025-04-09 19:37:56,,Offensive Lineman,Athletic Lineman,,,,50,0,50,0,0,57,0,0,0,0,0,0,0,0,0,0,6000000,28.0,"Willow Canyon, Arizona",Arizona State University,,,
3609,3501,Ghalnan,Greg Howard,Greg,Howard,41.0,retired,,2025-04-09 19:37:56,,Linebacker,Coverage LB,,,,50,0,50,0,0,50,0,0,0,0,0,0,0,0,0,0,6000000,54.0,"Detroit, MI",Michigan,,,
3608,3111,Drummiboi31,Jimmy Anderson,Jimmy,Anderson,41.0,retired,,2025-04-09 19:37:56,,Wide Receiver,Speed Receiver,,,,50,0,50,0,0,50,0,0,0,0,0,0,0,0,0,0,14000000,13.0,Indianapolis ,Purdue,,,
3607,3573,wizard_literal,Dub Redd,Dub,Redd,41.0,retired,active,2025-04-09 19:37:56,,Linebacker,Versatile LB,,,,50,0,50,0,0,1578,0,0,0,0,0,0,0,0,0,0,305526534,83.0,"Northwest, Arkansas",Barry Sanders University,,,
3606,3571,jross,Rodney Rosadino,Rodney,Rosadino,41.0,retired,,2025-04-09 19:37:56,,Linebacker,,,,,50,0,50,0,0,266,0,0,0,0,0,0,0,0,0,0,4608920,93.0,"OKC, OK",Oklahoma City Community College,,,
3605,640,Toasty,Sid The Sloth,Sid,The Sloth,41.0,retired,,2025-04-09 19:37:56,,Running Back,Receiving Back,,,,50,0,50,0,0,50,0,0,0,0,0,0,0,0,0,0,32185277,45.0,Antarctica ,Somewhere Cold University,,,
3604,2322,Hordle,Damarcus Cole,Damarcus,Cole,41.0,retired,,2025-04-09 19:37:56,,Defensive Tackle,Interior Rusher,,,,50,0,50,0,0,750,0,0,0,0,0,0,0,0,0,0,12087183,62.0,"Saint Paul, Minnesota",Wake Forrest,,,
3603,2308,ToastCharger,Burnt Toast,Burnt,Toast,41.0,retired,active,2025-04-09 19:37:56,,Offensive Lineman,Balanced Lineman ,,,,50,0,50,0,0,350,0,0,0,0,0,0,0,0,0,0,24058123,33.0,Ottawa,Syracuse,,,
3602,3568,kissadam45,Bob Bouncy,Bob,Bouncy,41.0,retired,,2025-04-09 19:37:56,,Running Back,Power Back,,,,50,0,50,0,0,50,0,0,0,0,0,0,0,0,0,0,6000000,88.0,Hungary,Uneducated,,,
3601,3532,Pfluginator5,Frederick Carlson,Frederick,Carlson,41.0,retired,,2025-04-09 19:37:56,,Defensive End,Speed Rusher,,,,50,0,50,0,0,459,0,0,0,0,0,0,0,0,0,0,11800000,14.0,Detroit,Wisconsin,,,
3600,1950,thecanadiancanuck,Jake Jefferson,Jake,Jefferson,41.0,retired,,2025-04-09 19:37:56,,Running Back,Receiving Back,,,,50,0,50,0,0,635,0,0,0,0,0,0,0,0,0,0,9723730,9.0,"El Paso, Texas",Texas A&M,,,
3599,3519,Modalmiles,Cassius Jameson,Cassius,Jameson,41.0,retired,,2025-04-09 19:37:56,,Tight End,Possession TE,,,,50,0,50,0,0,50,0,0,0,0,0,0,0,0,0,0,6000000,6.0,"Centralia, Washington",University of Oregon,,,
3598,3600,Weaves,Kadarius Claypool II,Kadarius,Claypool II,41.0,retired,active,2025-04-09 19:37:56,,Cornerback,Physical Corner,,,,50,0,50,0,0,1366,0,0,0,0,0,0,0,0,0,0,9095375,24.0,"Vancouver, Canada",University of Alabama,,,
3597,3613,DeathBed11,Samuel Nelson,Samuel,Nelson,41.0,retired,,2025-04-09 19:37:56,,Defensive End,Speed Rusher,,,,50,0,50,0,0,100,0,0,0,0,0,0,0,0,0,0,4300000,11.0,Chicago ,Northwestern Illinois Wildcats,,,
3596,3566,WrittinDirectino,Brian Vincent-Vega,Brian,Vincent-Vega,41.0,retired,,2025-04-09 19:37:56,,Safety,Center Fielder,,,,50,0,50,0,0,1007,0,0,0,0,0,0,0,0,0,0,2830120,27.0,"Seattle, WA",Washington,,,
3595,2760,crazylemire,Great Khali,Great,Khali,41.0,retired,,2025-04-09 19:37:56,,Offensive Lineman,Mauler,,,,50,0,50,0,0,845,0,0,0,0,0,0,0,0,0,0,8836142,72.0,India ,Ohio State,,,
3594,2724,LeatherneckMike,Saveour Piethons,Saveour,Piethons,41.0,retired,,2025-04-09 19:37:56,,Offensive Lineman,Mauler,,,,50,0,50,0,0,326,0,0,0,0,0,0,0,0,0,0,28018890,99.0,"Portland, Oregon",Oregon ,,,
3593,3489,FreddieFran22,Freddie Fran,Freddie,Fran,41.0,retired,,2025-04-09 19:37:56,,Running Back,Speed Back,,,,50,0,50,0,0,50,0,0,0,0,0,0,0,0,0,0,8000000,9.0,Carterville Georgia,Jackson State,,,
3592,3565,thajoker,Jean Pierre III,Jean,Pierre III,41.0,retired,,2025-04-09 19:37:56,,Defensive End,Power Rusher,,,,50,0,50,0,0,50,0,0,0,0,0,0,0,0,0,0,6000000,77.0,France,Stanford,,,
3591,3618,Xzlouke,Lewis Monsieur,Lewis,Monsieur,41.0,retired,,2025-04-09 19:37:56,,Kicker,Power,,,,50,0,50,0,0,50,0,0,0,0,0,0,0,0,0,0,400000,9.0,Belgium,LSU,,,
3590,3602,nefan12,Bart Biggs,Bart,Biggs,41.0,retired,,2025-04-09 19:37:56,,Offensive Lineman,Balanced Lineman,,,,50,0,50,0,0,50,0,0,0,0,0,0,0,0,0,0,6000000,64.0,"Bologna, Italy",Bologna National University,,,
3589,2404,Gumbaman,Terry Johnson,Terry,Johnson,41.0,retired,,2025-04-09 19:37:56,,Linebacker,Versatile LB,,,,50,0,50,0,0,667,0,0,0,0,0,0,0,0,0,0,134431767,41.0,"Death Valley, CA ",NC State,,,
3588,3535,ianthebalance,Pierce Hawthorne,Pierce,Hawthorne,41.0,retired,,2025-04-09 19:37:56,,Tight End,Blocking TE,,,,50,0,50,0,0,82,0,0,0,0,0,0,0,0,0,0,20700000,89.0,"Greendale, Colorado",Greendale Community College,,,
3587,3557,Kunra99,Trent Silverback,Trent,Silverback,41.0,retired,,2025-04-09 19:37:56,,Offensive Lineman,Athletic Lineman,,,,50,0,50,0,0,288,0,0,0,0,0,0,0,0,0,0,6599440,13.0,Las Vegas NV,Fresno State,,,
3586,3505,PonchoC,Nwoye Musa,Nwoye,Musa,41.0,retired,,2025-04-09 19:37:56,,Defensive Tackle,All-Purpose DT,,,,50,0,50,0,0,84,0,0,0,0,0,0,0,0,0,0,12827800,97.0,Nigeria,LSU,,,
3585,3536,SpongebobDealer,Billy Snow,Billy,Snow,41.0,retired,,2025-04-09 19:37:56,,Defensive End,Speed Rusher,,,,50,0,50,0,0,57,0,0,0,0,0,0,0,0,0,0,6000000,33.0,Antartica,Antartica State University,,,
3584,3564,crash1005,Rolud Onyxgut,Rolud,Onyxgut,41.0,retired,active,2025-04-09 19:37:56,,Linebacker,Versatile LB,,,,50,0,50,0,0,1398,0,0,0,0,0,0,0,0,0,0,380883358,74.0,California,Ironforge Mountain State,,,
3583,3509,KylePlantEmoji,Estuar Bromson,Estuar,Bromson,41.0,retired,,2025-04-09 19:37:56,,Tight End,Vertical Threat,,,,50,0,50,0,0,50,0,0,0,0,0,0,0,0,0,0,6000000,23.0,Seattle WA,St Olaf College,,,
3582,3540,tuddus,Spooky Diddler III,Spooky,Diddler III,41.0,retired,,2025-04-09 19:37:56,,Linebacker,Pass Rusher,,,,50,0,50,0,0,70,0,0,0,0,0,0,0,0,0,0,12000000,42.0,"Ho-Ho-Kus, NJ",Wikidikidis University,,,
3581,3586,Sizz,Max Honestly,Max,Honestly,41.0,retired,active,2025-04-09 19:37:56,,Linebacker,Versatile LB,,,,50,0,50,0,0,1522,0,0,0,0,0,0,0,0,0,0,4948321,60.0,"Gothenburg, Sweden",Linköping University,,,
3580,3559,CROney3,Benji Aguilera,Benji,Aguilera,41.0,retired,active,2025-04-09 19:37:56,,Wide Receiver,Slot Receiver,,,,50,0,50,0,0,1550,0,0,0,0,0,0,0,0,0,0,704902207,3.0,Omaha,University of Minnesota,,,
3579,3376,AK41,Malik Brooks,Malik,Brooks,41.0,retired,,2025-04-09 19:37:56,,Wide Receiver,Speed Receiver,,,,50,0,50,0,0,1035,0,0,0,0,0,0,0,0,0,0,43215640,8.0,"New Orleans, LA",LSU,,,
3578,3437,titanfan34,Eilliot Berry,Eilliot,Berry,41.0,retired,,2025-04-09 19:37:56,,Running Back,Power Back,,,,50,0,50,0,0,241,0,0,0,0,0,0,0,0,0,0,6841350,4.0,6/05/2000,Tennesee,,,
3577,1486,juniped,Orga Panda,Orga,Panda,41.0,retired,active,2025-04-09 19:37:56,,Cornerback,Slot Corner,,,,50,0,50,0,0,870,0,0,0,0,0,0,0,0,0,0,4986136,22.0,Philippines,NC State,,,
3576,3621,beardedserb,Andrija Divac,Andrija,Divac,41.0,retired,,2025-04-09 19:37:56,,Tight End,Possession TE,,,,50,0,50,0,0,292,0,0,0,0,0,0,0,0,0,0,11662075,12.0,St Louis MO,Wisconsin,,,
3575,3575,Hemmlock,Aleksander Reznikov,Aleksander,Reznikov,41.0,retired,,2025-04-09 19:37:56,,Linebacker,Pass Rusher,,,,50,0,50,0,0,59,0,0,0,0,0,0,0,0,0,0,12840900,92.0,"Moscow, Russia ",Georgetown,,,
3574,3547,kinglord29,William Barkley,William,Barkley,41.0,retired,,2025-04-09 19:37:56,,Tight End,Vertical Threat,,,,50,0,50,0,0,80,0,0,0,0,0,0,0,0,0,0,12800000,29.0,"North End, PA",Penn State,,,
3573,3577,ddurb123,Tyrone Petrovich Jr.,Tyrone,Petrovich Jr.,41.0,retired,,2025-04-09 19:37:56,,Linebacker,Versatile LB,,,,50,0,50,0,0,52,0,0,0,0,0,0,0,0,0,0,6000000,44.0,Kansas City,Independence Community College,,,
3572,3520,Pbsal11,Saul Elkton,Saul,Elkton,41.0,retired,,2025-04-09 19:37:56,,Wide Receiver,Speed Receiver,,,,50,0,50,0,0,50,0,0,0,0,0,0,0,0,0,0,6000000,11.0,NJ,Rutgers,,,
3571,3603,subby500,LeAnthony LeDavis,LeAnthony,LeDavis,41.0,retired,,2025-04-09 19:37:56,,Wide Receiver,Speed Receiver,,,,50,0,50,0,0,172,0,0,0,0,0,0,0,0,0,0,8226300,24.0,"Louisville, Kentucky",University of Delaware,,,
3570,3589,Rojefmo,Wade Right,Wade,Right,41.0,retired,,2025-04-09 19:37:56,,Kicker,Accurate,,,,50,0,50,0,0,93,0,0,0,0,0,0,0,0,0,0,13576225,22.0,Columbus,Johns Hopkins University,,,
3569,3549,spagzooks,Jilk Nutler,Jilk,Nutler,41.0,retired,,2025-04-09 19:37:56,,Tight End,Possession TE,,,,50,0,50,0,0,50,0,0,0,0,0,0,0,0,0,0,6000000,82.0,"Harvey Cedars, NJ",Rutgers,,,
3568,3531,entreri,Artemis Entreri,Artemis,Entreri,41.0,retired,,2025-04-09 19:37:56,,Offensive Lineman,Mauler,,,,50,0,50,0,0,375,0,0,0,0,0,0,0,0,0,0,9765155,27.0,"Mountain View, CA",Berkley,,,
3567,662,BWIII,Forozka Duanei,Forozka,Duanei,41.0,retired,,2025-04-09 19:37:56,,Wide Receiver,Speed Receiver,,,,50,0,50,0,0,705,0,0,0,0,0,0,0,0,0,0,30176925,7.0,The Dreamgrove,Minnesota,,,
3566,2674,MattBake12,. The Riddler,.,The Riddler,41.0,retired,,2025-04-09 19:37:56,,Cornerback,Cover Corner,,,,50,0,50,0,0,1020,0,0,0,0,0,0,0,0,0,0,19939860,99.0,Gotham City,Hudson University,,,
3565,3605,Skdraco,Billy Bayou,Billy,Bayou,41.0,retired,,2025-04-09 19:37:56,,Defensive Tackle,Interior Rusher,,,,50,0,50,0,0,50,0,0,0,0,0,0,0,0,0,0,3300000,99.0,"South Central, Louisiana ",SCLSU,,,
3564,3604,TamasX553,Sütő Tamás,Sütő,Tamás,41.0,retired,,2025-04-09 19:37:56,,Cornerback,Cover Corner,,,,50,0,50,0,0,50,0,0,0,0,0,0,0,0,0,0,6000000,42.0,2003.08.15,University of Oklahoma,,,
3563,3556,Purpl3Spartan,Benjamin Duvernay,Benjamin,Duvernay,41.0,retired,,2025-04-09 19:37:56,,Cornerback,Cover Corner,,,,50,0,50,0,0,1273,0,0,0,0,0,0,0,0,0,0,14460500,56.0,"Nice, France",LSU,,,
3562,3545,yeatstan3000,Buster Beverly Jr.,Buster,Beverly Jr.,41.0,retired,,2025-04-09 19:37:56,,Wide Receiver,Speed Receiver,,,,50,0,50,0,0,50,0,0,0,0,0,0,0,0,0,0,6000000,9.0,"Detroit, Michigan ",Michigan State,,,
3561,1381,Acsolap,Atlas Kirkby,Atlas,Kirkby,41.0,retired,,2025-04-09 19:37:56,,Defensive Tackle,Interior Rusher,,,,50,0,50,0,0,80,0,0,0,0,0,0,0,0,0,0,19741240,13.0,Mt Olympus,Hellenic College,,,
3560,3485,Dustillation,Synystyr Gates,Synystyr,Gates,41.0,retired,,2025-04-09 19:37:56,,Cornerback,Cover Corner,,,,50,0,50,0,0,880,0,0,0,0,0,0,0,0,0,0,18400000,27.0,Bat Country,Long Beach State,,,
3559,3512,Joe Shabado,Icepick O’Hullihan,Icepick,O’Hullihan,41.0,retired,,2025-04-09 19:37:56,,Safety,Enforcer,,,,50,0,50,0,0,218,0,0,0,0,0,0,0,0,0,0,4800000,4.0,"Oakland, California",Harvard,,,
3557,687,pazuzu,Scruffy The Janitor,Scruffy,The Janitor,41.0,retired,,2025-04-09 19:37:56,,Defensive Tackle,All-Purpose DT,,,,50,0,50,0,0,455,0,0,0,0,0,0,0,0,0,0,13452300,88.0,New New York,Janitorial School ,,,
3556,3592,Quasi,Sticky Hands,Sticky,Hands,41.0,retired,,2025-04-09 19:37:56,,Cornerback,Cover Corner,,,,50,0,50,0,0,1014,0,0,0,0,0,0,0,0,0,0,4794773,99.0,Unknown,Drop Out,,,
3555,3567,TheRake,Rico Savage,Rico,Savage,41.0,retired,active,2025-04-09 19:37:56,,Safety,Center Fielder,,,,50,0,50,0,0,1380,0,0,0,0,0,0,0,0,0,0,29638444,10.0,"Ashburn, VA",USF,,,
3554,3560,pearlboilrae,Hunter Renphrow,Hunter,Renphrow,41.0,retired,,2025-04-09 19:37:56,,Running Back,Speed Back,,,,50,0,50,0,0,50,0,0,0,0,0,0,0,0,0,0,6000000,8.0,"Flint, MI",California,,,
3553,3529,Ethanm15,Ethan Mahlstedt,Ethan,Mahlstedt,41.0,retired,,2025-04-09 19:37:56,,Wide Receiver,Possession Receiver,,,,50,0,50,0,0,50,0,0,0,0,0,0,0,0,0,0,6000000,15.0,New Hampton Iowa,Iowa,,,
3552,3488,Jumbo,Loose Cannon,Loose,Cannon,41.0,retired,,2025-04-09 19:37:56,,Safety,,,,,50,0,50,0,0,1626,0,0,0,0,0,0,0,0,0,0,3339966,2.0,Washington DC,Maryland,,,
3551,1274,Lagwagon,Jeremy Hurst,Jeremy,Hurst,41.0,retired,,2025-04-09 19:37:56,,Tight End,Vertical Threat,,,,50,0,50,0,0,57,0,0,0,0,0,0,0,0,0,0,6000000,88.0,"Canton, Ohio ",Ohio State University,,,
3550,3514,maths17,Mathieu Savard,Mathieu,Savard,41.0,retired,,2025-04-09 19:37:56,,Offensive Lineman,Athletic Lineman,,,,50,0,50,0,0,52,0,0,0,0,0,0,0,0,0,0,6000000,77.0,Québec,Campus Notre-Dame-de-Foy,,,
3549,2505,Magnet,Banjo O’Kudah,Banjo,O’Kudah,41.0,retired,,2025-04-09 19:37:56,,Cornerback,Physical Corner,,,,50,0,50,0,0,160,0,0,0,0,0,0,0,0,0,0,30114470,21.0,"Charlotte, North Carolina",Appalachian State University,,,
3548,3513,ElMerchanto,Craig Brand,Craig,Brand,41.0,retired,,2025-04-09 19:37:56,,Linebacker,Pass Rusher,,,,50,0,50,0,0,720,0,0,0,0,0,0,0,0,0,0,16685429,82.0,"Inverness, Scotland",Buckfast University,,,
3547,3572,Tiktaalik,Bob Kickerson,Bob,Kickerson,41.0,retired,,2025-04-09 19:37:56,,Kicker,Accurate,,,,50,0,50,0,0,602,0,0,0,0,0,0,0,0,0,0,12950000,1.0,"London, UK",Cambridge,,,
3546,1548,LimJahey,Honey Badger,Honey,Badger,41.0,retired,,2025-04-09 19:37:56,,Wide Receiver,Possession Receiver,,,,50,0,50,0,0,50,0,0,0,0,0,0,0,0,0,0,5253264,3.0,"Perth, Australia",Newman College,,,
3545,2742,Greenbaynathan,Otto The Orange,Otto,The Orange,41.0,retired,active,2025-04-09 19:37:56,,Wide Receiver,Speed Receiver,,,,50,0,50,0,0,545,0,0,0,0,0,0,0,0,0,0,2838729,44.0,Syracuse,Syracuse,,,
3544,3599,BrontBront,Bigton Hammer,Bigton,Hammer,41.0,retired,,2025-04-09 19:37:56,,Linebacker,Versatile LB,,,,50,0,50,0,0,97,0,0,0,0,0,0,0,0,0,0,16200000,52.0,"Gwinnett County, GA",Georgia Tech,,,
3543,562,infinitempg,Wolfie McDummy Jr.,Wolfie,McDummy Jr.,41.0,retired,active,2025-04-09 19:37:56,,Quarterback,Field General,,,,50,0,50,0,0,1524,0,0,0,0,0,0,0,0,0,0,1251369640,32.0,"Piscataway, NJ",Rutgers University,,,
3542,3584,LilOslicki,Quarl Walkins III,Quarl,Walkins III,41.0,retired,,2025-04-09 19:37:56,,Running Back,Fullback,,,,50,0,50,0,0,67,0,0,0,0,0,0,0,0,0,0,9100000,23.0,San Francisco ,Iowa state,,,
3541,3601,Lohnranger,Joshua Mabry,Joshua,Mabry,41.0,retired,,2025-04-09 19:37:56,,Offensive Lineman,Mauler,,,,50,0,50,0,0,569,0,0,0,0,0,0,0,0,0,0,11300000,72.0,Fort worth,TCU,,,
3540,1310,scorycory,Myrtle Beach Tolliver,Myrtle,Beach Tolliver,41.0,retired,,2025-04-09 19:37:56,,Linebacker,Pass Rusher,,,,50,0,50,0,0,180,0,0,0,0,0,0,0,0,0,0,11126568,96.0,Myrtle Beach,Myrtle Beach University,,,
3539,3569,DL14,Diego López Alonso,Diego,López Alonso,41.0,retired,,2025-04-09 19:37:56,,Wide Receiver,Slot Receiver,,,,50,0,50,0,0,274,0,0,0,0,0,0,0,0,0,0,136271429,14.0,"Lima, Perú",Universidad Nacional Mayor de San Marcos (UNMSM),,,
3538,3526,slakarot,Hans DiCaprio,Hans,DiCaprio,41.0,retired,,2025-04-09 19:37:56,,Defensive End,Power Rusher,,,,50,0,50,0,0,55,0,0,0,0,0,0,0,0,0,0,6000000,51.0,"Erie, PA",Penn State,,,
3537,3619,ScrambledEggs,King Dedede,King,Dedede,41.0,retired,,2025-04-09 19:37:56,,Linebacker,Versatile LB,,,,50,0,50,0,0,651,0,0,0,0,0,0,0,0,0,0,14433500,27.0,Dream Land,Dream Land Community College,,,
3536,1778,Memento Mori,Oliver Tolliver,Oliver,Tolliver,41.0,retired,,2025-04-09 19:37:56,,Wide Receiver,Slot Receiver,,,,50,0,50,0,0,1061,0,0,0,0,0,0,0,0,0,0,27867641,17.0,"Seattle, Washington",University of Washington,,,
3535,3578,VintageDubstep,Theo Akersloot,Theo,Akersloot,41.0,retired,,2025-04-09 19:37:56,,Kicker,Power,,,,50,0,50,0,0,50,0,0,0,0,0,0,0,0,0,0,6000000,11.0,"Nashville, TN",University Ten. Knoxville,,,
3534,3612,nasbase,Ryan Knock,Ryan,Knock,41.0,retired,active,2025-04-09 19:37:56,,Offensive Lineman,Balanced Lineman,,,,50,0,50,0,0,305,0,0,0,0,0,0,0,0,0,0,4555416,88.0,"Honolulu, HI",University of Hawaii,,,
3533,331,4D Chess,Cheeky Lad,Cheeky,Lad,41.0,retired,,2025-04-09 19:37:56,,Offensive Lineman,Mauler,,,,50,0,50,0,0,50,0,0,0,0,0,0,0,0,0,0,21423500,14.0,Aberdeen,UNAM,,,
3532,3583,cove,Luca Rossi,Luca,Rossi,41.0,retired,,2025-04-09 19:37:56,,Defensive Tackle,Interior Rusher,,,,50,0,50,0,0,88,0,0,0,0,0,0,0,0,0,0,12000000,99.0,"Padua, Italy",Penn State University,,,
3531,3585,Porkypig78,Garrett Cheetahman,Garrett,Cheetahman,41.0,retired,,2025-04-09 19:37:56,,Wide Receiver,Return Specialist,,,,50,0,50,0,0,123,0,0,0,0,0,0,0,0,0,0,16500000,80.0,Tanzania,San Diego State University,,,
3530,3609,Jacky,Lukas Van Ness,Lukas,Van Ness,41.0,retired,,2025-04-09 19:37:56,,Linebacker,Pass Rusher,,,,50,0,50,0,0,582,0,0,0,0,0,0,0,0,0,0,11215188,91.0,Iowa,Iowa,,,
3529,2676,Dolphins,Bradley Welch Jr.,Bradley,Welch Jr.,41.0,retired,,2025-04-09 19:37:56,,Cornerback,Cover Corner,,,,50,0,50,0,0,186,0,0,0,0,0,0,0,0,0,0,67218449,1.0,London,UCF,,,
3528,3538,jdc4654,Ray Baker,Ray,Baker,41.0,retired,active,2025-04-09 19:37:56,,Kicker,Accurate,,,,50,0,50,0,0,1515,0,0,0,0,0,0,0,0,0,0,57993039,3.0,Washington D.C.,Georgetown,,,
3527,3521,Raccoon177,Logjammed McBobface,Logjammed,McBobface,41.0,retired,,2025-04-09 19:37:56,,Linebacker,Versatile LB,,,,50,0,50,0,0,311,0,0,0,0,0,0,0,0,0,0,5185101,5.0,Boston,Boston College,,,
3526,3490,baz,Imma Sabercat,Imma,Sabercat,41.0,retired,active,2025-04-09 19:37:56,,Wide Receiver,Slot Receiver,,,,50,0,50,0,0,1566,0,0,0,0,0,0,0,0,0,0,27468000,25.0,"Austin, Texas",Louisville,,,
3525,2526,Gragg9,Modest Mussorgsky,Modest,Mussorgsky,41.0,retired,,2025-04-09 19:37:56,,Offensive Lineman,Balanced Lineman,,,,50,0,50,0,0,359,0,0,0,0,0,0,0,0,0,0,1554568,5.0,St. Petersburg,St. Petersburg Conservatory,,,
3524,3558,packplaya,Bubba Chubb,Bubba,Chubb,41.0,retired,,2025-04-09 19:37:56,,Offensive Lineman,Athletic Lineman,,,,50,0,50,0,0,357,0,0,0,0,0,0,0,0,0,0,12100000,88.0,Rancho Cucamonga,Michigan,,,
3523,3587,notmylevel,Lavondrius Dingle,Lavondrius,Dingle,41.0,retired,,2025-04-09 19:37:56,,Cornerback,Cover Corner,,,,50,0,50,0,0,50,0,0,0,0,0,0,0,0,0,0,6000000,21.0,"Tulsa, Oklahoma",University of Oklahoma,,,
3522,3588,Blacchollywoodd,Slim Reaper,Slim,Reaper,41.0,retired,,2025-04-09 19:37:56,,Wide Receiver,Speed Receiver,,,,50,0,50,0,0,60,0,0,0,0,0,0,0,0,0,0,12000000,6.0,"Amite City, LA",,,,
3521,3617,JSmithFallen,John Smith,John,Smith,41.0,retired,,2025-04-09 19:37:56,,Defensive End,Speed Rusher,,,,50,0,50,0,0,78,0,0,0,0,0,0,0,0,0,0,12900000,95.0,"Spokane, WA",University of Nebraska-Lincoln,,,
3520,3528,M_Calabrese_9,Bo Stonerod,Bo,Stonerod,41.0,retired,,2025-04-09 19:37:56,,Linebacker,Versatile LB,,,,50,0,50,0,0,50,0,0,0,0,0,0,0,0,0,0,6000000,9.0,"Utica, New York",LSU,,,
3519,3580,KlausGoatCasinos,Bill Cravy,Bill,Cravy,41.0,retired,,2025-04-09 19:37:56,,Cornerback,Slot Corner,,,,50,0,50,0,0,656,0,0,0,0,0,0,0,0,0,0,52580,45.0,"Hamilton, West Virginia",Georgia,,,
3518,3499,Moofishy,Grungus Burgermeister,Grungus,Burgermeister,41.0,retired,,2025-04-09 19:37:56,,Wide Receiver,Possession Receiver,,,,50,0,50,0,0,55,0,0,0,0,0,0,0,0,0,0,6000000,1.0,Bajookieland,University of Cincinnati,,,
3517,3539,OlaveGarden,Hooker Quin,Hooker,Quin,41.0,retired,,2025-04-09 19:37:56,,Tight End,Possession TE,,,,50,0,50,0,0,50,0,0,0,0,0,0,0,0,0,0,6000000,9.0,River Edge New Jersey,LSU,,,
3516,3608,laserloserboy,Joe Demoine,Joe,Demoine,41.0,retired,,2025-04-09 19:37:56,,Safety,Ball Hawk,,,,50,0,50,0,0,50,0,0,0,0,0,0,0,0,0,0,6000000,3.0,"Albuquerque, New Mexico, US",Stanford,,,
3515,3606,Ultimatedestroye,Kyle Crane,Kyle,Crane,41.0,retired,active,2025-04-09 19:37:56,,Running Back,Receiving Back,,,,50,0,50,0,0,1367,0,0,0,0,0,0,0,0,0,0,30017335,22.0,Chicago,University of Illinois,,,
3514,1903,furiousPanda,Jumbo Edward,Jumbo,Edward,41.0,retired,,2025-04-09 19:37:56,,Defensive Tackle,Interior Rusher,,,,50,0,50,0,0,663,0,0,0,0,0,0,0,0,0,0,20040328,97.0,"Chicago, IL",Rice,,,
3513,3561,MrNoPass,Ivan Baldwin,Ivan,Baldwin,41.0,retired,,2025-04-09 19:37:56,,Cornerback,Slot Corner,,,,50,0,50,0,0,170,0,0,0,0,0,0,0,0,0,0,12020090,13.0,"Detroit, Michigan",Michigan State University,,,
3512,3515,UptownCord,John Stark VIII,John,Stark VIII,41.0,retired,active,2025-04-09 19:37:56,,Linebacker,Versatile LB,,,,50,0,50,0,0,1526,0,0,0,0,0,0,0,0,0,0,408011312,32.0,"Manchester, NH",Dartmouth,,,
3511,3563,Arekkusu,Alex Roth,Alex,Roth,41.0,retired,,2025-04-09 19:37:56,,Kicker,Power,,,,50,0,50,0,0,57,0,0,0,0,0,0,0,0,0,0,8500000,9.0,Leipzig,University of Leipzig,,,
3510,3579,Suicyd King,TJ Thom,TJ,Thom,41.0,retired,,2025-04-09 19:37:56,,Defensive End,Power Rusher,,,,50,0,50,0,0,50,0,0,0,0,0,0,0,0,0,0,6000000,78.0,"Rochester, NY",Virginia Tech,,,
3509,3597,YUrrrk,Gavin Hoppe,Gavin,Hoppe,41.0,retired,,2025-04-09 19:37:56,,Running Back,Speed Back,,,,50,0,50,0,0,50,0,0,0,0,0,0,0,0,0,0,6000000,21.0,Detroit ,Michigan,,,
3508,3581,gogiants17,Buster McBain,Buster,McBain,41.0,retired,,2025-04-09 19:37:56,,Defensive End,Power Rusher,,,,50,0,50,0,0,50,0,0,0,0,0,0,0,0,0,0,6000000,91.0,"Des Moines, Iowa",Iowa,,,
3507,1257,Hallmonitor_20,Kenny Szymborski,Kenny,Szymborski,41.0,retired,,2025-04-09 19:37:56,,Tight End,Blocking TE,YKW,,,50,0,50,0,0,805,0,0,0,0,0,0,0,0,0,0,11409593,86.0,"Kill Devil Hills, NC",Norfolk State,,,
3506,3516,jollyjiggs,Legs McMillion,Legs,McMillion,41.0,retired,,2025-04-09 19:37:56,,Cornerback,Cover Corner,OCO,,,50,0,50,0,0,1501,0,0,0,0,0,0,0,0,0,0,12287914,13.0,Hawaii,Leg Day University,,,
3505,2565,Urq660,DJ Maclean,DJ,Maclean,41.0,retired,,2025-04-09 19:37:56,,Linebacker,Pass Rusher,,,,50,0,50,0,0,1488,0,0,0,0,0,0,0,0,0,0,47834036,55.0,"Drumnadrochit, UK",Boise State,,,
3504,3541,Hong Kong Tony Gunk,Wandamian Weatherspoons III,Wandamian,Weatherspoons III,41.0,retired,,2025-04-09 19:37:56,,Linebacker,Versatile LB,,,,50,0,50,0,0,50,0,0,0,0,0,0,0,0,0,0,6000000,56.0,The United State of Iowa,Kluckhohn Elementary,,,
3503,3502,MCHers,Garth Silver,Garth,Silver,41.0,retired,,2025-04-09 19:37:56,,Safety,Center Fielder,,,,50,0,50,0,0,163,0,0,0,0,0,0,0,0,0,0,8400000,44.0,Marietta Ohio,Ohio State,,,
3502,1446,Reno,Dr. Livesey,Dr.,Livesey,41.0,retired,active,2025-04-09 19:37:56,,Wide Receiver,Possession Receiver,,,,50,0,50,0,0,123,0,0,0,0,0,0,0,0,0,0,12860455,88.0,England,Pirate University,,,
3501,3553,18situaseans,Sean Robinson,Sean,Robinson,41.0,retired,,2025-04-09 19:37:56,,Wide Receiver,Speed Receiver,,,,50,0,50,0,0,1290,0,0,0,0,0,0,0,0,0,0,-1746765,18.0,"San Diego, CA",San Diego State,,,
3500,3590,StormClark,Albert Einstein,Albert,Einstein,41.0,retired,,2025-04-09 19:37:56,,Linebacker,Versatile LB,,,,50,0,50,0,0,83,0,0,0,0,0,0,0,0,0,0,4300000,13.0,"Gainesville, Tx",OleMiss,,,
3499,3591,thatdoggikid,Doggi O’Farraday,Doggi,O’Farraday,41.0,retired,,2025-04-09 19:37:56,,Running Back,Power Back,,,,50,0,50,0,0,57,0,0,0,0,0,0,0,0,0,0,8000000,14.0,"Yonkers, New York",Mars University,,,
3498,3598,Kaliodyme,Faust Leercor,Faust,Leercor,41.0,retired,,2025-04-09 19:37:56,,Defensive End,Power Rusher,,,,50,0,50,0,0,799,0,0,0,0,0,0,0,0,0,0,7579850,58.0,Kansas,Zorkal University,,,
3497,2898,YoungBuck,Akele Kekela,Akele,Kekela,41.0,retired,,2025-04-09 19:37:56,,Running Back,Receiving Back,,,,50,0,50,0,0,85,0,0,0,0,0,0,0,0,0,0,11150000,30.0,Hawaii,Honolulu State,,,
3496,3596,Jaebae99,Jayden Alexander,Jayden,Alexander,41.0,retired,,2025-04-09 19:37:56,,Linebacker,Versatile LB,,,,50,0,50,0,0,50,0,0,0,0,0,0,0,0,0,0,6000000,24.0,"San Antonio, Tx",University of North Texas,,,
3495,3576,RaidTheArcade,Mickey Mouse,Mickey,Mouse,41.0,retired,,2025-04-09 19:37:56,,Offensive Lineman,Mauler,,,,50,0,50,0,0,50,0,0,0,0,0,0,0,0,0,0,10000000,42.0,"Orlando, Florida",Ball So Hard University,,,
3494,2439,yosh,"Beeg Beeg Yoshi, Jr.",Beeg,"Beeg Yoshi, Jr.",41.0,retired,,2025-04-09 19:37:56,,Offensive Lineman,Athletic Lineman,,,,50,0,50,0,0,955,0,0,0,0,0,0,0,0,0,0,19093760,21.0,Milwaukee,Squidward Community College,,,
3493,1850,Number 82,Emile Charles,Emile,Charles,41.0,retired,,2025-04-09 19:37:56,,Wide Receiver,Return Specialist,,,,50,0,50,0,0,1524,0,0,0,0,0,0,0,0,0,0,115527700,25.0,Australia,Hawai'i at Manoa,,,
3492,3551,Cycro,Justin Willis,Justin,Willis,41.0,retired,active,2025-04-09 19:37:56,,Linebacker,Pass Rusher,,,,50,0,50,0,0,1262,0,0,0,0,0,0,0,0,0,0,12145334,71.0,"Boston, MA",Oregon,,,
3491,1321,LiathTheSquirrel,Liath Squirrel,Liath,Squirrel,41.0,retired,active,2025-04-09 19:37:56,,Linebacker,Pass Rusher,,,,50,0,50,0,0,1168,0,0,0,0,0,0,0,0,0,0,13438195,52.0,"Stockholm, Sweden",Oklahoma,,,
3490,3530,FireworkFuse,Jason Steele,Jason,Steele,41.0,retired,,2025-04-09 19:37:56,,Defensive Tackle,All-Purpose DT,,,,50,0,50,0,0,961,0,0,0,0,0,0,0,0,0,0,15500000,47.0,"Dacula, Georgia",Georgia,,,
3489,3594,toofpete,Bruce White,Bruce,White,41.0,retired,active,2025-04-09 19:37:56,,Defensive Tackle,Nose Tackle,,,,50,0,50,0,0,1418,0,0,0,0,0,0,0,0,0,0,13330976,94.0,"Dumas, TX",Texas A&M,,,
3488,3500,Lucky.Chopstix,Coke Zero,Coke,Zero,41.0,retired,,2025-04-09 19:37:56,,Wide Receiver,Slot Receiver,,,,50,0,50,0,0,50,0,0,0,0,0,0,0,0,0,0,6000000,32.0,"Seattle, Wa",University of Washington ,,,
3463,1266,Gwdjohnson,Penger Tolliver,Penger,Tolliver,40.0,retired,,2025-04-03 11:44:16,,Tight End,Vertical Threat,,,,50,0,50,0,0,337,0,0,0,0,0,0,0,0,0,0,66201660,61.0,"Oslo, Norway",University of British Colombia,,,
3462,3480,chrisyounts65,Chris Younts,Chris,Younts,40.0,retired,,2025-04-03 11:44:16,,Defensive End,Speed Rusher,,,,50,0,50,0,0,50,0,0,0,0,0,0,0,0,0,0,12000000,65.0,United States of America,Bowling Green State University,,,
3461,3461,Beta,Iosefa Fuamatu-Ma’afala,Iosefa,Fuamatu-Ma’afala,40.0,retired,,2025-04-03 11:44:16,,Defensive End,Power Rusher,,,,50,0,50,0,0,619,0,0,0,0,0,0,0,0,0,0,20456360,7.0,"Apia, Samoa",Notre Dame,,,
3460,954,nickyvmlp,Florida Man,Florida,Man,40.0,retired,,2025-04-03 11:44:16,,Wide Receiver,Slot Receiver,,,,50,0,50,0,0,1142,0,0,0,0,0,0,0,0,0,0,83535068,89.0,"Jacksonville, Florida",Central Florida,,,
3458,1919,SnowyWolfz,Cape The Party Rhino,Cape,The Party Rhino,40.0,retired,,2025-04-03 11:44:16,,Running Back,Speed Back,,,,50,0,50,0,0,276,0,0,0,0,0,0,0,0,0,0,8555760,16.0,Cape Town,Cape Town Uni,,,
3457,3472,Sarox,Bobby Steel,Bobby,Steel,40.0,retired,,2025-04-03 11:44:16,,Cornerback,Slot Corner,,,,50,0,50,0,0,166,0,0,0,0,0,0,0,0,0,0,12551250,2.0,Lexington Kentucky ,Clemson,,,
3456,2887,LANEFROST,Xavier Frost,Xavier,Frost,40.0,retired,,2025-04-03 11:44:16,,Safety,Center Fielder,,,,50,0,50,0,0,213,0,0,0,0,0,0,0,0,0,0,8220988,11.0,"Salem, New Jersey",Notre Dame,,,
3455,3169,MaxK,Max Klapacz,Max,Klapacz,40.0,retired,,2025-04-03 11:44:16,,Tight End,Vertical Threat,,,,50,0,50,0,0,50,0,0,0,0,0,0,0,0,0,0,14000000,41.0,Warsaw,Florida,,,
3454,3477,Cetreny,Luis Randall,Luis,Randall,40.0,retired,,2025-04-03 11:44:16,,Running Back,Speed Back,,,,50,0,50,0,0,98,0,0,0,0,0,0,0,0,0,0,17000000,55.0,Miami,Hurricanes,,,
3453,331,4D Chess,Dummy Thicccccccccccc,Dummy,Thicccccccccccc,40.0,retired,,2025-04-03 11:44:16,,Defensive Tackle,Nose Tackle,,,,50,0,50,0,0,50,0,0,0,0,0,0,0,0,0,0,21423500,99.0,The Sauce,Ball State,,,
3452,294,manicmav36,Clint Mustache,Clint,Mustache,40.0,retired,active,2025-04-03 11:44:16,,Defensive End,,,,,50,0,50,0,0,1201,0,0,0,0,0,0,0,0,0,0,6920793,13.0,"Portland, Oregon",London Academy of Music & Dramatic Art,,,
3451,950,ValorX77,Nakiri Ayame,Nakiri,Ayame,40.0,retired,active,2025-04-03 11:44:16,,Running Back,Speed Back,,,,50,0,50,0,0,1511,0,0,0,0,0,0,0,0,0,0,671610608,66.0,"Tokyo, Japan",Hololive HS,,,
3450,3422,kenvald,Jamdrian LeBayers,Jamdrian,LeBayers,40.0,retired,,2025-04-03 11:44:16,,Cornerback,Slot Corner,,,,50,0,50,0,0,1621,0,0,0,0,0,0,0,0,0,0,63513191,5.0,"Columbus, OH",The Ohio State University,,,
3449,963,Duilio05,Alex Armstrong,Alex,Armstrong,40.0,retired,,2025-04-03 11:44:16,,Defensive End,Run Stuffer,,,,50,0,50,0,0,1428,0,0,0,0,0,0,0,0,0,0,208070294,30.0,Amestris,Amestrian State Military ,,,
3448,3479,EeSea,Cole Mann,Cole,Mann,40.0,retired,,2025-04-03 11:44:16,,Kicker,Accurate,,,,50,0,50,0,0,70,0,0,0,0,0,0,0,0,0,0,8000000,32.0,"St. Louis, Missouri",Saint Louis University,,,
3447,2179,TMosura,The Heavy,The,Heavy,40.0,retired,,2025-04-03 11:44:16,,Offensive Lineman,Mauler,,,,50,0,50,0,0,179,0,0,0,0,0,0,0,0,0,0,21130860,77.0,"Dzhugdzhur Mountains, Russia",Moscow State University,,,
3446,3408,Starchychaff,Anthony Simmons II,Anthony,Simmons II,40.0,retired,active,2025-04-03 11:44:16,,Tight End,Possession TE,,,,50,0,50,0,0,292,0,0,0,0,0,0,0,0,0,0,10473100,80.0,Sikeston Missouri,Missouri,,,
3445,3476,CyloSaynx,Matthew Fryars,Matthew,Fryars,40.0,retired,,2025-04-03 11:44:16,,Safety,Ball Hawk,,,,50,0,50,0,0,328,0,0,0,0,0,0,0,0,0,0,7719160,31.0,"Atlanta, Georgia, USA",Chattahoochee Technical College,,,
3444,2637,MMFLEX,Raya Ho’opa’i,Raya,Ho’opa’i,40.0,retired,active,2025-04-03 11:44:16,,Offensive Lineman,Balanced Lineman,,,,50,0,50,0,0,1125,0,0,0,0,0,0,0,0,0,0,73541521,72.0,Hawaii,Hawaii,,,
3443,3470,Keno,Keno Akara,Keno,Akara,40.0,retired,,2025-04-03 11:44:16,,Wide Receiver,Slot Receiver,,,,50,0,50,0,0,133,0,0,0,0,0,0,0,0,0,0,20863950,13.0,"Lagos, Nigeria",LSU,,,
3442,3467,KidAstro21,Marcus Jackson,Marcus,Jackson,40.0,retired,,2025-04-03 11:44:16,,Cornerback,Cover Corner,,,,50,0,50,0,0,50,0,0,0,0,0,0,0,0,0,0,6000000,21.0,Maryland,Maryland,,,
3441,2557,jackkmart,Action Bronson,Action,Bronson,40.0,retired,,2025-04-03 11:44:16,,Defensive End,Speed Rusher,,,,50,0,50,0,0,315,0,0,0,0,0,0,0,0,0,0,215950,84.0,"Queens, NYC",University at Buffalo,,,
3440,3437,titanfan34,Seth Fischer,Seth,Fischer,40.0,retired,,2025-04-03 11:44:16,,Running Back,Power Back,,,,50,0,50,0,0,50,0,0,0,0,0,0,0,0,0,0,6841350,4.0,Lynchburg,Liberty,,,
3439,3468,Akoustique,Kairo Knight,Kairo,Knight,40.0,retired,,2025-04-03 11:44:16,,Wide Receiver,Slot Receiver,,,,50,0,50,0,0,1476,0,0,0,0,0,0,0,0,0,0,40645780,18.0,California,Cal Poly,,,
3438,3308,Matty86,Mathias Mayhem,Mathias,Mayhem,40.0,retired,,2025-04-03 11:44:16,,Linebacker,Versatile LB,,,,50,0,50,0,0,848,0,0,0,0,0,0,0,0,0,0,5350000,12.0,Boston,Boston College,,,
3437,1454,Vulfzilla,KK Slider,KK,Slider,40.0,retired,active,2025-04-03 11:44:16,,Running Back,Receiving Back,,,,50,0,50,0,0,302,0,0,0,0,0,0,0,0,0,0,7550150,5.0,"Beleriand, California",Rivendell State University,,,
3436,1963,Rufio_NZ,Eli Prince,Eli,Prince,40.0,retired,,2025-04-03 11:44:16,,Wide Receiver,Slot Receiver,,,,50,0,50,0,0,730,0,0,0,0,0,0,0,0,0,0,19594665,1.0,"Auckland, New Zealand",Penn State,,,
3435,2457,Pib,Notso Smart,Notso,Smart,40.0,retired,,2025-04-03 11:44:16,,Safety,Center Fielder,,,,50,0,50,0,0,1046,0,0,0,0,0,0,0,0,0,0,1210212,20.0,"London, England",Arizona State,,,
3434,3464,SonicStarGaming,Oliver O’Conner,Oliver,O’Conner,40.0,retired,,2025-04-03 11:44:16,,Wide Receiver,Speed Receiver,,,,50,0,50,0,0,101,0,0,0,0,0,0,0,0,0,0,25490790,17.0,"Los Angeles, California ",University of Southern California ,,,
3433,1426,jeffie43,Money Tolliver,Money,Tolliver,40.0,retired,,2025-04-03 11:44:16,,Running Back,Receiving Back,,,,50,0,50,0,0,1195,0,0,0,0,0,0,0,0,0,0,13083003,10.0,"Toronto, ON",Florida State,,,
3432,2300,Mojojojo,Lionel Scrimmage,Lionel,Scrimmage,40.0,retired,,2025-04-03 11:44:16,,Defensive Tackle,All-Purpose DT,,,,50,0,50,0,0,1191,0,0,0,0,0,0,0,0,0,0,9044022,91.0,"Sault Ste. Marie, Michigan",Eastern Michigan,,,
3431,3449,BlitzBox,Pat Truckel,Pat,Truckel,40.0,retired,,2025-04-03 11:44:16,,Wide Receiver,Slot Receiver,,,,50,0,50,0,0,50,0,0,0,0,0,0,0,0,0,0,1000000,7.0,Hamilton,Mcmaster,,,
3430,2268,Southie,Malcolm Grimes,Malcolm,Grimes,40.0,retired,active,2025-04-03 11:44:16,,Wide Receiver,Speed Receiver,,,,50,0,50,0,0,295,0,0,0,0,0,0,0,0,0,0,3215340,19.0,"Green Bay, Wisconsin ",University of Wisconsin–Madison ,,,
3429,1343,siddhus,Toad Wananapaoa,Toad,Wananapaoa,40.0,retired,active,2025-04-03 11:44:16,,Linebacker,Pass Rusher,,,,50,0,50,0,0,274,0,0,0,0,0,0,0,0,0,0,2777750,87.0,"Honolulu, Hawaii",University of Hawaii,,,
3428,594,Drizzy,Jake Basinger,Jake,Basinger,40.0,retired,active,2025-04-03 11:44:16,,Tight End,Vertical Threat,,,,50,0,50,0,0,232,0,0,0,0,0,0,0,0,0,0,12692615,85.0,New Jersey,Ohio State,,,
3427,3455,theone,Cassius Holloway,Cassius,Holloway,40.0,retired,,2025-04-03 11:44:16,,Running Back,Speed Back,,,,50,0,50,0,0,50,0,0,0,0,0,0,0,0,0,0,10000000,8.0,Hartford,Michigan,,,
3426,3456,Jucat,Jude Ash,Jude,Ash,40.0,retired,,2025-04-03 11:44:16,,Linebacker,Versatile LB,,,,50,0,50,0,0,50,0,0,0,0,0,0,0,0,0,0,6000000,36.0,"Dallas, Texas",University of Mary Hardin-Baylor,,,
3425,2005,KenitohMenara,Wälter Gunther,Wälter,Gunther,40.0,retired,,2025-04-03 11:44:16,,Linebacker,Pass Rusher,,,,50,0,50,0,0,753,0,0,0,0,0,0,0,0,0,0,12851200,87.0,"Vienna, Austria",University of Vienna,,,
3424,3457,McGriddy10,Quandale Dingle,Quandale,Dingle,40.0,retired,active,2025-04-03 11:44:16,,Safety,Ball Hawk,,,,50,0,50,0,0,268,0,0,0,0,0,0,0,0,0,0,19069490,10.0,"Charlotte, North Carolina",University of Texas at Austin,,,
3423,2584,Fronk,Fronky Fresh,Fronky,Fresh,40.0,retired,active,2025-04-03 11:44:16,,Cornerback,Physical Corner,,,,50,0,50,0,0,1618,0,0,0,0,0,0,0,0,0,0,240912286,23.0,"Fort Wayne, Indiana",Ball State University,,,
3422,3469,Solarslayer,Jack Henderson,Jack,Henderson,40.0,retired,,2025-04-03 11:44:16,,Cornerback,Cover Corner,,,,50,0,50,0,0,59,0,0,0,0,0,0,0,0,0,0,14018700,13.0,Las Vegas,UNLV,,,
3421,590,Ace,Lord Farquaads,Lord,Farquaads,40.0,retired,,2025-04-03 11:44:16,,Offensive Lineman,Mauler,,,,50,0,50,0,0,756,0,0,0,0,0,0,0,0,0,0,23989590,87.0,Duloc,University of Duloc,,,
3420,2303,pauadrian,Tyler One,Tyler,One,40.0,retired,,2025-04-03 11:44:16,,Safety,,,,,50,0,50,0,0,700,0,0,0,0,0,0,0,0,0,0,18758600,1.0,"New London, Missouri ",Central Methodist University,,,
3419,582,speculadora,Detective Crashmore,Detective,Crashmore,40.0,retired,active,2025-04-03 11:44:16,,Tight End,Possession TE,,,,50,0,50,0,0,1044,0,0,0,0,0,0,0,0,0,0,10604601,80.0,"Washington, D.C.",Navy,,,
3418,3462,keepcalm,Colby Covington,Colby,Covington,40.0,retired,,2025-04-03 11:44:16,,Linebacker,Versatile LB,,,,50,0,50,0,0,50,0,0,0,0,0,0,0,0,0,0,6000000,2.0,Oregon USA,Mizzou,,,
3417,2577,shanghai_kid,Bengal Tigerheart,Bengal,Tigerheart,40.0,retired,,2025-04-03 11:44:16,,Offensive Lineman,Mauler,,,,50,0,50,0,0,1083,0,0,0,0,0,0,0,0,0,0,16132850,69.0,Northpole,NPU,,,
3416,3444,Marlo,Marlo Stanfield,Marlo,Stanfield,40.0,retired,,2025-04-03 11:44:16,,Cornerback,Cover Corner,,,,50,0,50,0,0,57,0,0,0,0,0,0,0,0,0,0,6000000,21.0,"Baltimore, MD",USC,,,
3415,3430,NYR73,Mike Ehrmantraut,Mike,Ehrmantraut,40.0,retired,,2025-04-03 11:44:16,,Offensive Lineman,Athletic Lineman,,,,50,0,50,0,0,411,0,0,0,0,0,0,0,0,0,0,10317600,73.0,Chicago,UIUC,,,
3414,3459,mackcoltond,Colt Mackintosh,Colt,Mackintosh,40.0,retired,,2025-04-03 11:44:16,,Defensive End,Power Rusher,,,,50,0,50,0,0,50,0,0,0,0,0,0,0,0,0,0,4000000,90.0,"Marshall, MI",Michigan State,,,
3413,3453,Hydrium,Big McLarge Huge,Big,McLarge Huge,40.0,retired,,2025-04-03 11:44:16,,Wide Receiver,Slot Receiver,,,,50,0,50,0,0,1195,0,0,0,0,0,0,0,0,0,0,9350001,42.0,"McAllen, Texas",Kentucky,,,
3412,3473,Kaep,CJ Miggs,CJ,Miggs,40.0,retired,,2025-04-03 11:44:16,,Linebacker,Coverage LB,,,,50,0,50,0,0,92,0,0,0,0,0,0,0,0,0,0,15643620,6.0,Orlando,UCF,,,
3411,1419,hannahg32,Jayme Jayne Jay-Jaymison,Jayme,Jayne Jay-Jaymison,40.0,retired,,2025-04-03 11:44:16,,Kicker,Accurate,,,,50,0,50,0,0,621,0,0,0,0,0,0,0,0,0,0,14959031,4.0,"Janesville, WI",Jay's Technical Institute,,,
3410,235,Jepox,Don Tollibeo,Don,Tollibeo,40.0,retired,,2025-04-03 11:44:16,,Offensive Lineman,Balanced Lineman,,,,50,0,50,0,0,652,0,0,0,0,0,0,0,0,0,0,15320500,5.0,"Canmore, AB, Canada",Boise State,,,
3409,399,Bayley,Liv Elsathelookout,Liv,Elsathelookout,40.0,retired,active,2025-04-03 11:44:16,,Defensive End,Speed Rusher,,,,50,0,50,0,0,1524,0,0,0,0,0,0,0,0,0,0,178823307,88.0,"Arendelle, Norway",University of New Hampshire,,,
3408,365,Rabidsponge21,Sir Tywrell Xah’Aawrone,Sir,Tywrell Xah’Aawrone,40.0,retired,,2025-04-03 11:44:16,,Defensive Tackle,Interior Rusher,,,,50,0,50,0,0,1166,0,0,0,0,0,0,0,0,0,0,14194580,85.0,"Detroit, MI",Univervisty of Michigan,,,
3407,871,moonlight,Alita Battle Angel,Alita,Battle Angel,40.0,retired,,2025-04-03 11:44:16,,Safety,Ball Hawk,,,,50,0,50,0,0,1027,0,0,0,0,0,0,0,0,0,0,24811743,99.0,"Cydonia, Mars",The Mauser School of Panzerkunst,,,
3406,3483,Dalphix,James Batista,James,Batista,40.0,retired,,2025-04-03 11:44:16,,Defensive End,Power Rusher,,,,50,0,50,0,0,322,0,0,0,0,0,0,0,0,0,0,17743100,99.0,West Virginia ,Pittsburgh ,,,
3405,1849,IthicaHawk,Thorgaut Skjaldulfsson,Thorgaut,Skjaldulfsson,40.0,retired,,2025-04-03 11:44:16,,Linebacker,Pass Rusher,,,,50,0,50,0,0,50,0,0,0,0,0,0,0,0,0,0,13033968,20.0,Iceland,Háskóli Íslands,,,
3404,3442,Zap,Matt Jones,Matt,Jones,40.0,retired,,2025-04-03 11:44:16,,Cornerback,Cover Corner,,,,50,0,50,0,0,212,0,0,0,0,0,0,0,0,0,0,15260080,22.0,"Manassas, Virginia",Virginia Tech,,,
3403,3433,scudmuffin19,Pegme Amidala,Pegme,Amidala,40.0,retired,active,2025-04-03 11:44:16,,Tight End,Possession TE,,,,50,0,50,0,0,286,0,0,0,0,0,0,0,0,0,0,2730550,80.0,Texas,Purdue,,,
3402,3001,Roconator,Rocky Franklin lll,Rocky,Franklin lll,40.0,retired,,2025-04-03 11:44:16,,Quarterback,Field General,,,,50,0,50,0,0,254,0,0,0,0,0,0,0,0,0,0,9420920,7.0,California ,Marshall ,,,
3401,2118,bigbluex02,Lenny ’Extra’ Longpipe,Lenny,’Extra’ Longpipe,40.0,retired,active,2025-04-03 11:44:16,,Defensive End,Power Rusher,,,,50,0,50,0,0,559,0,0,0,0,0,0,0,0,0,0,5750000,95.0,"Atlanta, GA",Jackson State University,,,
3400,2491,Dallypole,Mike Holiday,Mike,Holiday,40.0,retired,,2025-04-03 11:44:16,,Safety,Enforcer,,,,50,0,50,0,0,350,0,0,0,0,0,0,0,0,0,0,45000000,34.0,Fort Worth,SMU,,,
3399,487,JKortesi81,Howard Coward,Howard,Coward,40.0,retired,active,2025-04-03 11:44:16,,Running Back,Speed Back,,,,50,0,50,0,0,1541,0,0,0,0,0,0,0,0,0,0,3066950,17.0,"New Orleans, Lousiana",Ole Miss,,,
3398,3475,ThreeToeSloth,Ryan Lawrence,Ryan,Lawrence,40.0,retired,active,2025-04-03 11:44:16,,Defensive End,Power Rusher,,,,50,0,50,0,0,574,0,0,0,0,0,0,0,0,0,0,16413400,93.0,Australia,Pitt,,,
3397,2052,Attopax,Melvin Harris,Melvin,Harris,40.0,retired,,2025-04-03 11:44:16,,Offensive Lineman,Balanced Lineman,,,,50,0,50,0,0,285,0,0,0,0,0,0,0,0,0,0,17236453,99.0,,Davis High School,,,
3396,3463,AJW,Jimmy Ryder,Jimmy,Ryder,40.0,retired,active,2025-04-03 11:44:16,,Wide Receiver,Possession Receiver,,,,50,0,50,0,0,528,0,0,0,0,0,0,0,0,0,0,1726360,9.0,Ontario,Drop Out,,,
3395,3471,OrbInfluecer,Gunny Vaudeville,Gunny,Vaudeville,40.0,retired,,2025-04-03 11:44:16,,Running Back,Receiving Back,,,,50,0,50,0,0,50,0,0,0,0,0,0,0,0,0,0,1000000,31.0,"New Orleans, LA",Miami University,,,
3394,3434,ItsFrenchie,Bourtol Halcomsby,Bourtol,Halcomsby,40.0,retired,active,2025-04-03 11:44:16,,Safety,Center Fielder,,,,50,0,50,0,0,904,0,0,0,0,0,0,0,0,0,0,32974853,12.0,"Charleroi, PA",Penn State,,,
3393,1222,CLG Rampage,Ginand Toxic,Ginand,Toxic,40.0,retired,active,2025-04-03 11:44:16,,Defensive End,Speed Rusher,,,,50,0,50,0,0,956,0,0,0,0,0,0,0,0,0,0,37719714,9.0,"Worcester, Massachusetts",Duke,,,
3392,3385,ccarletta,Cluster Chuck,Cluster,Chuck,39.0,retired,,2025-04-03 11:44:09,,Kicker,Power,,,,50,0,50,0,0,50,0,0,0,0,0,0,0,0,0,0,14000000,13.0,Chuckingham Palace,Chuckingham University ,,,
3391,3406,Shakman,JaMarcus Jackson,JaMarcus,Jackson,39.0,retired,,2025-04-03 11:44:09,,Safety,Enforcer,,,,50,0,50,0,0,50,0,0,0,0,0,0,0,0,0,0,6000000,36.0,Canada,Texas,,,
3390,3402,Lego,Good Player,Good,Player,39.0,retired,,2025-04-03 11:44:09,,Defensive End,Speed Rusher,,,,50,0,50,0,0,573,0,0,0,0,0,0,0,0,0,0,10265200,77.0,Seattle,Washington ,,,
3389,3389,ChrisHalla0,Chris Halla,Chris,Halla,39.0,retired,,2025-04-03 11:44:09,,Wide Receiver,Slot Receiver,,,,50,0,50,0,0,94,0,0,0,0,0,0,0,0,0,0,11000000,11.0,"Southington, CT",UCONN ,,,
3388,3417,CaptainRex495,Isaac Rohde,Isaac,Rohde,39.0,retired,,2025-04-03 11:44:09,,Safety,Ball Hawk,,,,50,0,50,0,0,50,0,0,0,0,0,0,0,0,0,0,6000000,55.0,Sidney Nebraska ,Nebraska ,,,
3387,3386,ChessSafari,Frankie Gogolak,Frankie,Gogolak,39.0,retired,,2025-04-03 11:44:09,,Kicker,Accurate,,,,50,0,50,0,0,50,0,0,0,0,0,0,0,0,0,0,10000000,3.0,"Dell Rapids, SD",Boston College,,,
3386,3399,FTR,Mo Gago,Mo,Gago,39.0,retired,,2025-04-03 11:44:09,,Defensive Tackle,Nose Tackle,,,,50,0,50,0,0,1400,0,0,0,0,0,0,0,0,0,0,20853100,92.0,"Quezon City, Philippines",Columbia University,,,
3385,2938,lennylyons,Lenny Lyons Jr.,Lenny,Lyons Jr.,39.0,retired,,2025-04-03 11:44:09,,Defensive End,Speed Rusher,,,,50,0,50,0,0,246,0,0,0,0,0,0,0,0,0,0,3300000,99.0,"Savannah, Georgia ",Georgia Tech ,,,
3384,2519,Void_DCXI,Donte Darius,Donte,Darius,39.0,retired,,2025-04-03 11:44:09,,Linebacker,Versatile LB,,,,50,0,50,0,0,1080,0,0,0,0,0,0,0,0,0,0,20289515,9.0,"New Orleans, Louisiana, USA",LSU,,,
3383,3412,duragwilly,Colby Haskins,Colby,Haskins,39.0,retired,,2025-04-03 11:44:09,,Cornerback,Cover Corner,,,,50,0,50,0,0,50,0,0,0,0,0,0,0,0,0,0,6000000,2.0,Altavista VA,Florida State,,,
3382,1553,Thiath,Dick Grayson,Dick,Grayson,39.0,retired,,2025-04-03 11:44:09,,Wide Receiver,Slot Receiver,,,,50,0,50,0,0,416,0,0,0,0,0,0,0,0,0,0,72944093,88.0,Bludhaven,Titan Tower,,,
3381,1822,hexify,Hex Amofah,Hex,Amofah,39.0,retired,,2025-04-03 11:44:09,,Tight End,Vertical Threat,,,,50,0,50,0,0,87,0,0,0,0,0,0,0,0,0,0,7799999,88.0,"Honolulu, HI",Hawaii,,,
3380,3404,COLDBLOODED,Savio Grayson,Savio,Grayson,39.0,retired,,2025-04-03 11:44:09,,Wide Receiver,Slot Receiver,,,,50,0,50,0,0,50,0,0,0,0,0,0,0,0,0,0,6000000,17.0,"Washington, D.C.",Maryland,,,
3379,33,ckroyal92,Brooks Piggott,Brooks,Piggott,39.0,retired,active,2025-04-03 11:44:09,,Cornerback,Physical Corner,,,,50,0,50,0,0,1418,0,0,0,0,0,0,0,0,0,0,197648400,29.0,"Windsor, ON, CAN",Another school - you wouldn't know him,,,
3378,3394,ObiNay,John McSwag,John,McSwag,39.0,retired,,2025-04-03 11:44:09,,Running Back,Power Back,,,,50,0,50,0,0,50,0,0,0,0,0,0,0,0,0,0,14000000,99.0,Hooker Oklahoma,Full Sail Gaming University,,,
3377,2490,dude_man,Jake Williams,Jake,Williams,39.0,retired,,2025-04-03 11:44:09,,Cornerback,Cover Corner,,,,50,0,50,0,0,1502,0,0,0,0,0,0,0,0,0,0,723377250,44.0,"Boring, OR",University of Oregon,,,
3376,3428,Aneeqs,MC Hammer,MC,Hammer,39.0,retired,,2025-04-03 11:44:09,,Defensive Tackle,Nose Tackle,,,,50,0,50,0,0,1391,0,0,0,0,0,0,0,0,0,0,-968670,55.0,"Richardson, Texas",North Texas,,,
3375,3408,Starchychaff,Anthony Simmons,Anthony,Simmons,39.0,retired,active,2025-04-03 11:44:09,,Cornerback,Physical Corner,,,,50,0,50,0,0,64,0,0,0,0,0,0,0,0,0,0,10473100,88.0,"USA, St. Louis Missouri",Missouri,,,
3374,2670,Beck,Smokin Jay,Smokin,Jay,39.0,retired,active,2025-04-03 11:44:09,,Safety,Center Fielder,,,,50,0,50,0,0,1623,0,0,0,0,0,0,0,0,0,0,10720144,6.0,"Santa Clause, IN",Last Chance U,,,
3373,3390,voxaroth,Seth Leavitt,Seth,Leavitt,39.0,retired,,2025-04-03 11:44:09,,Cornerback,Cover Corner  ,,,,50,0,50,0,0,740,0,0,0,0,0,0,0,0,0,0,32182730,44.0,Providence Rhode Island ,University of Rhode Island ,,,
3372,3387,afdaa,Elijah Cruz,Elijah,Cruz,39.0,retired,,2025-04-03 11:44:09,,Wide Receiver,Slot Receiver,,,,50,0,50,0,0,50,0,0,0,0,0,0,0,0,0,0,8000000,11.0,Los Angeles,UCLA,,,
3371,25,RavensFanFromOntario,Hot Chocolate,Hot,Chocolate,39.0,retired,,2025-04-03 11:44:09,,Running Back,Receiving Back,,,,50,0,50,0,0,140,0,0,0,0,0,0,0,0,0,0,14902966,69.0,"Lacombe, Louisiana",Louisiana State University,,,
3370,2306,ComebackZak,Frank Dux,Frank,Dux,39.0,retired,active,2025-04-03 11:44:09,,Running Back,Speed Back,,,,50,0,50,0,0,1613,0,0,0,0,0,0,0,0,0,0,31278862,27.0,"San Diego, California",University of Wisconsin,,,
3369,1158,.Laser,Geralt -,Geralt,-,39.0,retired,active,2025-04-03 11:44:09,,Safety,Center Fielder,,,,50,0,50,0,0,1441,0,0,0,0,0,0,0,0,0,0,58628325,4.0,"Stare Olesno, Poland",University of Gdańsk,,,
3368,2268,Southie,DeShaun Campbell,DeShaun,Campbell,39.0,retired,active,2025-04-03 11:44:09,,Linebacker,Pass Rusher,,,,50,0,50,0,0,145,0,0,0,0,0,0,0,0,0,0,3215340,94.0,"Laredo, Texas",University Of Texas,,,
3367,2891,a_cupof_bread,DeAndre Crover,DeAndre,Crover,39.0,retired,,2025-04-03 11:44:09,,Cornerback,Cover Corner,,,,50,0,50,0,0,161,0,0,0,0,0,0,0,0,0,0,12042300,12.0,"Philadelphia, Pennsylvania ",University of Oregon ,,,
3366,3426,FightStyles,Jayron BIGHamma,Jayron,BIGHamma,39.0,retired,,2025-04-03 11:44:09,,Running Back,Receiving Back,,,,50,0,50,0,0,50,0,0,0,0,0,0,0,0,0,0,2000000,11.0,"Indianapolis, IN",Indiana University ,,,
3365,2660,MrGoat1246,Gucci Gurley,Gucci,Gurley,39.0,retired,,2025-04-03 11:44:09,,Running Back,Receiving Back,,,,50,0,50,0,0,424,0,0,0,0,0,0,0,0,0,0,7171280,25.0,The Gucci Store ,Notre Dame ,,,
3365,2660,MrGoat1246,Gucci Gurley,Gucci,Gurley,39.0,retired,,2025-04-03 11:44:09,,Running Back,Receiving Back,,,,50,0,50,0,0,424,0,0,0,0,0,0,0,0,0,0,7171280,25.0,The Gucci Store ,Notre Dame ,,,
3364,2534,Sebster,Willier Miller,Willier,Miller,39.0,retired,,2025-04-03 11:44:09,,Quarterback,Pocket Passer,,,,50,0,50,0,0,1414,0,0,0,0,0,0,0,0,0,0,19215035,2.0,"Cincinnati, OH",Ohio State,,,
3363,3395,Futbol,Nathan Peterson,Nathan,Peterson,39.0,retired,,2025-04-03 11:44:09,,Kicker,Accurate,,,,50,0,50,0,0,50,0,0,0,0,0,0,0,0,0,0,8000000,79.0,"Eugene, Oregon",Oregon,,,
3362,402,JuOSu,Maxwell Jacob Friedman,Maxwell,Jacob Friedman,39.0,retired,active,2025-04-03 11:44:09,,Linebacker,Pass Rusher,,,,50,0,50,0,0,1546,0,0,0,0,0,0,0,0,0,0,-977735,55.0,"Plainview, New York",Hartwick College,,,
3361,2855,Lowkey,Johnson Lovehammer,Johnson,Lovehammer,39.0,retired,,2025-04-03 11:44:09,,Offensive Lineman,Mauler,,,,50,0,50,0,0,565,0,0,0,0,0,0,0,0,0,0,22800000,91.0,"Philadelphia, PA",Temple,,,
3360,3414,averagegiantsfan,Scott Mayfield,Scott,Mayfield,39.0,retired,,2025-04-03 11:44:09,,Wide Receiver,Slot Receiver,,,,50,0,50,0,0,57,0,0,0,0,0,0,0,0,0,0,100000,1.0,"Seaside, Oregon",Oregon State,,,
3359,2838,Trempale,Antoine Winfield Jr.,Antoine,Winfield Jr.,39.0,retired,,2025-04-03 11:44:09,,Safety,Center Fielder,,,,50,0,50,0,0,913,0,0,0,0,0,0,0,0,0,0,24105151,31.0,"Columbus, Ohio, USA",Minnesota Golden Gophers Football,,,
3358,3393,phroggy46,Ryan Eastbrook,Ryan,Eastbrook,39.0,retired,,2025-04-03 11:44:09,,Running Back,Receiving Back,,,,50,0,50,0,0,50,0,0,0,0,0,0,0,0,0,0,8000000,36.0,Maryland,Villanova ,,,
3357,2302,Tayjay,Blaine Falco,Blaine,Falco,39.0,retired,,2025-04-03 11:44:09,,Quarterback,Field General,,,,50,0,50,0,0,1451,0,0,0,0,0,0,0,0,0,0,105524165,16.0,Washington D.C.,Ohio State University,,,
3356,3413,SimmiZ,Sim Sunigh,Sim,Sunigh,39.0,retired,,2025-04-03 11:44:09,,Linebacker,Pass Rusher,,,,50,0,50,0,0,1513,0,0,0,0,0,0,0,0,0,0,11182360,56.0,Norway,Penn State,,,
3355,1197,IsaStarcrossed,NCADV RAINN,NCADV,RAINN,39.0,retired,active,2025-04-03 11:44:09,,Wide Receiver,Slot Receiver,,,,50,0,50,0,0,1066,0,0,0,0,0,0,0,0,0,0,269936954,42.0,1-800-656-4673,1-800-799-SAFE,,,
3354,3421,Eagle333,Randall Shaffer III,Randall,Shaffer III,39.0,retired,,2025-04-03 11:44:09,,Wide Receiver,Slot Receiver,,,,50,0,50,0,0,50,0,0,0,0,0,0,0,0,0,0,9000000,33.0,Angola,Trine University,,,
3353,1122,Bauer,Skoomina Hulk a Votto,Skoomina,Hulk a Votto,39.0,retired,active,2025-04-03 11:44:09,,Kicker,Power,,,,50,0,50,0,0,50,0,0,0,0,0,0,0,0,0,0,9855341,4.0,Chicago,Ball So Hard University,,,
3352,3410,WillHelm,Will O’Neill,Will,O’Neill,39.0,retired,,2025-04-03 11:44:09,,Tight End,Possession TE,,,,50,0,50,0,0,50,0,0,0,0,0,0,0,0,0,0,6000000,27.0,Australia,LSU,,,
3351,3391,JMoney762,Jay Money,Jay,Money,39.0,retired,,2025-04-03 11:44:09,,Wide Receiver,Speed Receiver,,,,50,0,50,0,0,938,0,0,0,0,0,0,0,0,0,0,9052000,3.0,"Dallas, Texas",University Of Texas,,,
3350,2224,zeagle1,Donovan Winters III,Donovan,Winters III,39.0,retired,active,2025-04-03 11:44:09,,Offensive Lineman,Athletic Lineman ,,,,50,0,50,0,0,1512,0,0,0,0,0,0,0,0,0,0,341688851,3.0,"Currahee, GA ",Arizona State University,,,
3349,3392,Jbaribault,Jordan Baribault,Jordan,Baribault,39.0,retired,,2025-04-03 11:44:09,,Cornerback,Cover Corner,,,,50,0,50,0,0,50,0,0,0,0,0,0,0,0,0,0,8000000,27.0,Anacortes ,Eastern Washington ,,,
3348,1281,Modern_Duke,Apollo Program,Apollo,Program,39.0,retired,,2025-04-03 11:44:09,,Cornerback,Cover Corner,,,,50,0,50,0,0,1226,0,0,0,0,0,0,0,0,0,0,31420788,24.0,"Mayors Income, TN",Houston,,,
3347,253,124715,Mario Moloka’i,Mario,Moloka’i,39.0,retired,,2025-04-03 11:44:09,,Linebacker,Pass Rusher,,,,50,0,50,0,0,1053,0,0,0,0,0,0,0,0,0,0,483014098,93.0,Kualapu'u,University of Hawaii,,,
3346,2615,Luciddreams702,Kenny McCormick,Kenny,McCormick,39.0,retired,active,2025-04-03 11:44:09,,Linebacker,Coverage LB,,,,50,0,50,0,0,734,0,0,0,0,0,0,0,0,0,0,37067778,88.0,"South Park, CO ",University of Colorado Boulder ,,,
3345,3424,King Jackson,King Jackson,King,Jackson,39.0,retired,,2025-04-03 11:44:09,,Cornerback,Cover Corner,,,,50,0,50,0,0,50,0,0,0,0,0,0,0,0,0,0,7007600,1.0,Newnan ,Jackson State,,,
3344,3388,hemhem,Malik Jordan,Malik,Jordan,39.0,retired,,2025-04-03 11:44:09,,Running Back,Speed Back,,,,50,0,50,0,0,170,0,0,0,0,0,0,0,0,0,0,9054000,25.0,"Fayetteville, North Carolina",UNC,,,
3343,1365,Kyle,Charlie Brown,Charlie,Brown,39.0,retired,,2025-04-03 11:44:09,,Kicker,,,,,50,0,50,0,0,237,0,0,0,0,0,0,0,0,0,0,12370691,1.0,Pinetree Corner,Brown,,,
3342,2736,Donkey,Saul McGill,Saul,McGill,39.0,retired,,2025-04-03 11:44:09,,Wide Receiver,Slot Receiver,,,,50,0,50,0,0,65,0,0,0,0,0,0,0,0,0,0,22200000,8.0,California,UCLA,,,
3341,3403,rbro18,Branden Rojas,Branden,Rojas,39.0,retired,,2025-04-03 11:44:09,,Wide Receiver,Slot Receiver,,,,50,0,50,0,0,607,0,0,0,0,0,0,0,0,0,0,100000,18.0,Albuquerque ,Texas Tech,,,
3340,3419,Cook,Demarius Cook,Demarius,Cook,39.0,retired,,2025-04-03 11:44:09,,Safety,Ball Hawk,,,,50,0,50,0,0,717,0,0,0,0,0,0,0,0,0,0,5800000,37.0,Fort Worth,TCU,,,
3339,3397,YTHeaps,Eli Heaps,Eli,Heaps,39.0,retired,,2025-04-03 11:44:09,,Running Back,Speed Back,,,,50,0,50,0,0,50,0,0,0,0,0,0,0,0,0,0,2000000,8.0,Foxborough,Boston College,,,
3338,3401,fnordypsyduck,Waylen Greene,Waylen,Greene,39.0,retired,,2025-04-03 11:44:09,,Linebacker,Pass Rusher,,,,50,0,50,0,0,1431,0,0,0,0,0,0,0,0,0,0,27839535,65.0,"Chicago, IL",University of Central Florida,,,
3337,3396,Parsecer,Karim Dearis-Wellington,Karim,Dearis-Wellington,39.0,retired,,2025-04-03 11:44:09,,Running Back,Power Back,,,,50,0,50,0,0,50,0,0,0,0,0,0,0,0,0,0,8000000,40.0,"Bristol, UK",UT-Martin,,,
3336,2583,IceBear32,Luigi Lanikai,Luigi,Lanikai,39.0,retired,active,2025-04-03 11:44:09,,Cornerback,Physical Corner,,,,50,0,50,0,0,1493,0,0,0,0,0,0,0,0,0,0,63740704,32.0,"Waimanalo, Hi",University of Hawaii ,,,
3335,3400,Dhawk18,Joe Idol,Joe,Idol,39.0,retired,,2025-04-03 11:44:09,,Wide Receiver,Possession Receiver,,,,50,0,50,0,0,50,0,0,0,0,0,0,0,0,0,0,1000000,18.0,Dallas Texas,Jackson State,,,
3334,3398,45Colt,Colton Cannon,Colton,Cannon,39.0,retired,,2025-04-03 11:44:09,,Kicker,Accurate,,,,50,0,50,0,0,50,0,0,0,0,0,0,0,0,0,0,13308800,98.0,"Casper, Wyoming",University of North Dakota,,,
3333,1739,Thor,Plant Based,Plant,Based,39.0,retired,active,2025-04-03 11:44:09,,Wide Receiver,Return Specialist,,,,50,0,50,0,0,453,0,0,0,0,0,0,0,0,0,0,317484323,3.0,"Fitzroy, Victoria",Oregon,,,
3332,3356,majesticwalrus8,Julius McMiller,Julius,McMiller,38.0,retired,,2025-04-03 11:44:02,,Safety,Ball Hawk,,,,50,0,50,0,0,140,0,0,0,0,0,0,0,0,0,0,18300000,30.0,Denver Colorado,Cincinnati ,,,
3331,3368,Haloick,Haloick Oasis,Haloick,Oasis,38.0,retired,,2025-04-03 11:44:02,,Linebacker,Pass Rusher,,,,50,0,50,0,0,340,0,0,0,0,0,0,0,0,0,0,7200000,32.0,Kansas City,University of Oregon,,,
3330,459,PDXBaller,Bastian Weichselbraun,Bastian,Weichselbraun,38.0,retired,,2025-04-03 11:44:02,,Tight End,Blocking TE,,,,50,0,50,0,0,164,0,0,0,0,0,0,0,0,0,0,36693010,45.0,"Salzburg, Austria",Oregon,,,
3329,3379,Teckman10,Ty Eck,Ty,Eck,38.0,retired,,2025-04-03 11:44:02,,Safety,Center Fielder,,,,50,0,50,0,0,50,0,0,0,0,0,0,0,0,0,0,6000000,10.0,Sebeka,Minnesota ,,,
3328,3339,Caleb_H,Caleb Hayden,Caleb,Hayden,38.0,retired,,2025-04-03 11:44:02,,Linebacker,Pass Rusher,,,,50,0,50,0,0,1031,0,0,0,0,0,0,0,0,0,0,23847030,7.0,"Boston, Massachusetts ",Boston College,,,
3327,3352,David_Idiotman,Adama Traore,Adama,Traore,38.0,retired,,2025-04-03 11:44:02,,Running Back,Receiving Back,,,,50,0,50,0,0,50,0,0,0,0,0,0,0,0,0,0,6000000,9.0,NYC,NYU,,,
3326,3336,caravaggio,Walrus Jones,Walrus,Jones,38.0,retired,,2025-04-03 11:44:02,,Offensive Lineman,Balanced Lineman,,,,50,0,50,0,0,1616,0,0,0,0,0,0,0,0,0,0,14429000,44.0,"Miami, FL",University of Florida,,,
3325,3342,Lumosityfan,Jeff Newman,Jeff,Newman,38.0,retired,active,2025-04-03 11:44:02,,Running Back,Speed Back,,,,50,0,50,0,0,1260,0,0,0,0,0,0,0,0,0,0,160664142,27.0,"Houston, TX",Houston,,,
3324,2349,LB3737,Ben Goodwood,Ben,Goodwood,38.0,retired,,2025-04-03 11:44:02,,Running Back,Receiving Back,,,,50,0,50,0,0,243,0,0,0,0,0,0,0,0,0,0,-1756277,50.0,"Cork, Ireland",None,,,
3323,1456,H0PPY75,Sledge Hammer,Sledge,Hammer,38.0,retired,,2025-04-03 11:44:02,,Linebacker,Pass Rusher,,,,50,0,50,0,0,1268,0,0,0,0,0,0,0,0,0,0,13926800,93.0,"Richardson, Texas",University of North Texas,,,
3322,3372,Jjackson336,Joshua Jackson,Joshua,Jackson,38.0,retired,,2025-04-03 11:44:02,,Wide Receiver,Return Specialist,,,,50,0,50,0,0,50,0,0,0,0,0,0,0,0,0,0,6000000,6.0,Winston-Salem,Wilberforce University ,,,
3321,2071,Cincyfan96,Really Creative-Name,Really,Creative-Name,38.0,retired,,2025-04-03 11:44:02,,Wide Receiver,Slot Receiver,,,,50,0,50,0,0,892,0,0,0,0,0,0,0,0,0,0,27090677,1.0,Chuck E. Cheese,Totally Real University,,,
3320,2898,YoungBuck,Monty Cooper,Monty,Cooper,38.0,retired,,2025-04-03 11:44:02,,Wide Receiver,Return Specialist,,,,50,0,50,0,0,193,0,0,0,0,0,0,0,0,0,0,11150000,20.0,Puerto Rico,Cal,,,
3319,126,37thchamber,Remi Musgrave-Smythe,Remi,Musgrave-Smythe,38.0,retired,active,2025-04-03 11:44:02,,Offensive Lineman,Mauler,,,,50,0,50,0,0,1252,0,0,0,0,0,0,0,0,0,0,101780342,49.0,"Sandringham, United Kingdom","King's College, Cambridge",,,
3318,2887,LANEFROST,Aiden Frost,Aiden,Frost,38.0,retired,,2025-04-03 11:44:02,,Running Back,Speed Back,,,,50,0,50,0,0,342,0,0,0,0,0,0,0,0,0,0,8220988,27.0,"New York City, New York",Illinois,,,
3317,1600,Exilizer,Cruella de Ville,Cruella,de Ville,38.0,retired,,2025-04-03 11:44:02,,Linebacker,Pass Rusher,,,,50,0,50,0,0,1299,0,0,0,0,0,0,0,0,0,0,55522968,48.0,London,Imperial College,,,
3316,900,Frick_Nasty,Mike Makmur,Mike,Makmur,38.0,retired,,2025-04-03 11:44:02,,Kicker,Power,,,,50,0,50,0,0,287,0,0,0,0,0,0,0,0,0,0,13461015,7.0,"Piscataway, New Jersey",Rutgers,,,
3315,369,BOOM™,Bridge Burner,Bridge,Burner,38.0,retired,active,2025-04-03 11:44:02,,Defensive Tackle,Interior Rusher,,,,50,0,50,0,0,1484,0,0,0,0,0,0,0,0,0,0,4851720,54.0,"Climax, Georgia",BYU,,,
3314,722,NamelessNate,Jack Hammer,Jack,Hammer,38.0,retired,,2025-04-03 11:44:02,,Defensive Tackle,All-Purpose DT,,,,50,0,50,0,0,180,0,0,0,0,0,0,0,0,0,0,56517633,98.0,"Richardson, Texas",The University of North Texas,,,
3313,1297,Dewalt27,Diggs Sideline-touchdown,Diggs,Sideline-touchdown,38.0,retired,active,2025-04-03 11:44:02,,Safety,Ball Hawk,,,,50,0,50,0,0,1349,0,0,0,0,0,0,0,0,0,0,127554402,27.0,US Bank Stadium,Minneapolis Miracle U,,,
3312,2102,SchwarzNarr,Aidan Hutchinson Jr.,Aidan,Hutchinson Jr.,38.0,retired,,2025-04-03 11:44:02,,Defensive End,Speed Rusher,,,,50,0,50,0,0,783,0,0,0,0,0,0,0,0,0,0,72140498,97.0,"Dearborn, Michigan",University of Michigan,,,
3311,17,Symmetrik,Shane Turnbull,Shane,Turnbull,38.0,retired,,2025-04-03 11:44:02,,Wide Receiver,Return Specialist,,,,50,0,50,0,0,1316,0,0,0,0,0,0,0,0,0,0,29331023,81.0,"Philadelphia, PA",UCLA,,,
3309,47,JBLAZE_THE_BOSS,Johnny Blaze Jr,Johnny,Blaze Jr,38.0,retired,active,2025-04-03 11:44:02,,Wide Receiver,Speed Receiver,,,,50,0,50,0,0,1233,0,0,0,0,0,0,0,0,0,0,7950589,81.0,"Worcester, MA",Holy Cross,,,
3308,3361,Tak97,Toby Knerr,Toby,Knerr,38.0,retired,,2025-04-03 11:44:02,,Linebacker,Versatile LB,,,,50,0,50,0,0,59,0,0,0,0,0,0,0,0,0,0,10000000,59.0,Columbus,UNC,,,
3306,2698,Kobefromthefrobe,Henry Oswald-Newman,Henry,Oswald-Newman,38.0,retired,,2025-04-03 11:44:02,,Running Back,Speed Back,,,,50,0,50,0,0,433,0,0,0,0,0,0,0,0,0,0,3471535,7.0,"Odessa, Ukraine ",Sacramento state university ,,,
3305,2492,Painted,Painted Penguin,Painted,Penguin,38.0,retired,active,2025-04-03 11:44:02,,Quarterback,Pocket Passer,,,,50,0,50,0,0,1448,0,0,0,0,0,0,0,0,0,0,73496188,9.0,"Antarctica, Antarctica",University of Antarctica,,,
3304,3248,Malachi Booth,Maurice Edwards,Maurice,Edwards,38.0,retired,,2025-04-03 11:44:02,,Wide Receiver,Speed Receiver,,,,50,0,50,0,0,50,0,0,0,0,0,0,0,0,0,0,14000000,10.0,"Atlanta, GA",University of Georgia,,,
3303,3360,Splegge55,Shawn Legge,Shawn,Legge,38.0,retired,,2025-04-03 11:44:02,,Tight End,Vertical Threat,,,,50,0,50,0,0,50,0,0,0,0,0,0,0,0,0,0,6100000,69.0,Long Island ,Clemson,,,
3302,3358,M00n3r,Devon Moon,Devon,Moon,38.0,retired,,2025-04-03 11:44:02,,Tight End,Possession TE,,,,50,0,50,0,0,57,0,0,0,0,0,0,0,0,0,0,6000000,88.0,Canada,Fleming,,,
3301,3354,DREWTHEGOATDAVIS,Drew Davis,Drew,Davis,38.0,retired,,2025-04-03 11:44:02,,Linebacker,Coverage LB,,,,50,0,50,0,0,50,0,0,0,0,0,0,0,0,0,0,6000000,11.0,Atlanta Georgia ,Georgia Tech,,,
3300,2706,unconfident,Carly Rae Jensen,Carly,Rae Jensen,38.0,retired,active,2025-04-03 11:44:02,,Defensive Tackle,Nose Tackle,,,,50,0,50,0,0,1510,0,0,0,0,0,0,0,0,0,0,287122640,1.0,"Vancouver, Canada",The University of Austin,,,
3299,3032,Insurgent1315,Speedy Mcgee,Speedy,Mcgee,38.0,retired,,2025-04-03 11:44:02,,Running Back,,,,,50,0,50,0,0,50,0,0,0,0,0,0,0,0,0,0,12600000,0.0,,,,,
3298,2676,Dolphins,Carl Thorton,Carl,Thorton,38.0,retired,,2025-04-03 11:44:02,,Cornerback,Physical Corner,,,,50,0,50,0,0,50,0,0,0,0,0,0,0,0,0,0,67218449,4.0,"Venice, Italy",Clemson,,,
3297,3362,icemachine,Arnold Sprite,Arnold,Sprite,38.0,retired,,2025-04-03 11:44:02,,Tight End,Vertical Threat,,,,50,0,50,0,0,50,0,0,0,0,0,0,0,0,0,0,6000000,13.0,Boston,notre dame,,,
3296,2166,Kotasa,Sherwin Blue Jr.,Sherwin,Blue Jr.,38.0,retired,active,2025-04-03 11:44:02,,Linebacker,Pass Rusher,,,,50,0,50,0,0,1466,0,0,0,0,0,0,0,0,0,0,151189380,1.0,"Tijuana, Mexico",Arizona State University,,,
3295,3382,drokeep,Siegmeyer OfCatarina,Siegmeyer,OfCatarina,38.0,retired,,2025-04-03 11:44:02,,Tight End,Possession TE,,,,50,0,50,0,0,279,0,0,0,0,0,0,0,0,0,0,10900000,47.0,"Füssen, Germany",Iowa,,,
3294,3365,BeardedBison,Jezebel Biggins III,Jezebel,Biggins III,38.0,retired,,2025-04-03 11:44:02,,Wide Receiver,Speed Receiver,,,,50,0,50,0,0,57,0,0,0,0,0,0,0,0,0,0,6000000,13.0,London,Michigan,,,
3293,3347,MikeWhiskey,Tank McGibbons,Tank,McGibbons,38.0,retired,,2025-04-03 11:44:02,,Linebacker,Pass Rusher,,,,50,0,50,0,0,1329,0,0,0,0,0,0,0,0,0,0,33856740,54.0,Indiana,Wabash College,,,
3292,3364,Zi2shifty,Davantae Evans,Davantae,Evans,38.0,retired,,2025-04-03 11:44:02,,Wide Receiver,Possession Receiver,,,,50,0,50,0,0,50,0,0,0,0,0,0,0,0,0,0,6000000,10.0,"Camden, New Jersey",Florida State,,,
3291,1970,Sylphreni,Pizza Pizzazz,Pizza,Pizzazz,38.0,retired,,2025-04-03 11:44:02,,Wide Receiver,Speed Receiver,,,,50,0,50,0,0,50,0,0,0,0,0,0,0,0,0,0,18861907,1.0,Little Italy,Useless Appliance Academy,,,
3290,3338,lllessur,Leon Mayberry,Leon,Mayberry,38.0,retired,,2025-04-03 11:44:02,,Wide Receiver,Slot Receiver,,,,50,0,50,0,0,50,0,0,0,0,0,0,0,0,0,0,8000000,10.0,"Tallahassee, FL",Florida State University ,,,
3289,3346,waxxo,Munchies McCheetoDust,Munchies,McCheetoDust,38.0,retired,,2025-04-03 11:44:02,,Offensive Lineman,Athletic Lineman,,,,50,0,50,0,0,50,0,0,0,0,0,0,0,0,0,0,6000000,77.0,"Weed, CA",Simon Fraser,,,
3288,2205,ajtigger,Booter McGavin,Booter,McGavin,38.0,retired,active,2025-04-03 11:44:02,,Kicker,Power,,,,50,0,50,0,0,1026,0,0,0,0,0,0,0,0,0,0,656440,19.0,"Fairfield, Connecticut",Williams College,,,
3287,242,sapp2013,Zero Gibson II,Zero,Gibson II,38.0,retired,,2025-04-03 11:44:02,,Tight End,Possession TE,,,,50,0,50,0,0,276,0,0,0,0,0,0,0,0,0,0,66804787,8.0,"Yellowknife, Canada",University of Idaho,,,
3286,277,SwagSloth,Reshad Morris,Reshad,Morris,38.0,retired,active,2025-04-03 11:44:02,,Cornerback,Cover Corner,,,,50,0,50,0,0,181,0,0,0,0,0,0,0,0,0,0,7976774,22.0,"Norco, LA",LSU,,,
3285,1569,CalvinGolladay,Amani Barney,Amani,Barney,38.0,retired,,2025-04-03 11:44:02,,Defensive End,Power Rusher,,,,50,0,50,0,0,164,0,0,0,0,0,0,0,0,0,0,27576200,97.0,"St. Petersburg, FL",Penn State,,,
3284,3340,HenryBenry,twerky dingleberry,twerky,dingleberry,38.0,retired,,2025-04-03 11:44:02,,Defensive Tackle,Interior Rusher,,,,50,0,50,0,0,245,0,0,0,0,0,0,0,0,0,0,1500000,19.0,Canada,university of michigan,,,
3283,3376,AK41,Zavier Perkins,Zavier,Perkins,38.0,retired,,2025-04-03 11:44:02,,Linebacker,Pass Rusher ,,,,50,0,50,0,0,448,0,0,0,0,0,0,0,0,0,0,43215640,8.0,"New Orleans, Louisiana",LSU,,,
3282,2138,deadlunatic,Gore Done Ram Say,Gore,Done Ram Say,38.0,retired,,2025-04-03 11:44:02,,Safety,Ball Hawk,,,,50,0,50,0,0,615,0,0,0,0,0,0,0,0,0,0,34912155,6.0,"Johnstone, United Kingdom",North Oxfordshire Technical College,,,
3281,2409,TheSparkyDee,David Doug,David,Doug,38.0,retired,active,2025-04-03 11:44:02,,Kicker,Accurate,,,,50,0,50,0,0,530,0,0,0,0,0,0,0,0,0,0,66765080,5.0,"Fort Pierce, FL",Florida Atlantic,,,
3280,802,Snussu,Fat Boija,Fat,Boija,38.0,retired,,2025-04-03 11:44:02,,Offensive Lineman,Balanced Lineman,,,,50,0,50,0,0,86,0,0,0,0,0,0,0,0,0,0,41262600,90.0,Sweden,Univeristy of Micigan,,,
3279,2811,Big Newff,Casino Robin,Casino,Robin,38.0,retired,,2025-04-03 11:44:02,,Defensive Tackle,Interior Rusher,,,,50,0,50,0,0,721,0,0,0,0,0,0,0,0,0,0,4743390,1.0,Lockersley,Towson University,,,
3278,2097,BloomeyGB,Alexander Lawrence,Alexander,Lawrence,38.0,retired,,2025-04-03 11:44:02,,Linebacker,Coverage LB,,,,50,0,50,0,0,78,0,0,0,0,0,0,0,0,0,0,9276794,4.0,"Calgary, Alberta",University of Toronto,,,
3277,3349,Cage,Camron Washington,Camron,Washington,38.0,retired,,2025-04-03 11:44:02,,Linebacker,Pass Rusher,,,,50,0,50,0,0,72,0,0,0,0,0,0,0,0,0,0,13500000,88.0,Compton,LSU ,,,
3276,3341,Lumpz,Bong Stevens,Bong,Stevens,38.0,retired,,2025-04-03 11:44:02,,Tight End,Vertical Threat,,,,50,0,50,0,0,458,0,0,0,0,0,0,0,0,0,0,4450000,41.0,"Portland, OR",Louisiana State University,,,
3275,3384,CapComp48,Howie DeWitt,Howie,DeWitt,38.0,retired,,2025-04-03 11:44:02,,Defensive Tackle,Interior Rusher,,,,50,0,50,0,0,54,0,0,0,0,0,0,0,0,0,0,4000000,48.0,"Fort Wayne, Indiana ",Purdue ,,,
3274,3377,Eric Belmont,Eric Belmont,Eric,Belmont,38.0,retired,,2025-04-03 11:44:02,,Cornerback,Cover Corner,,,,50,0,50,0,0,462,0,0,0,0,0,0,0,0,0,0,3600000,29.0,"Hinesburg, Vermont",Baylor,,,
3273,3383,Lord_Parquad,Kadillac Kane,Kadillac,Kane,38.0,retired,,2025-04-03 11:44:02,,Tight End,Possession TE,,,,50,0,50,0,0,116,0,0,0,0,0,0,0,0,0,0,14577700,15.0,"New Orleans, LA",SE Louisiana ,,,
3272,3366,Elliotmander,Pang Tong,Pang,Tong,38.0,retired,,2025-04-03 11:44:02,,Safety,Ball Hawk,,,,50,0,50,0,0,50,0,0,0,0,0,0,0,0,0,0,6000000,88.0,Nottingham,Oregon,,,
3271,2124,Eldorian,GOAT TANNK,GOAT,TANNK,38.0,retired,,2025-04-03 11:44:02,,Defensive End,Speed Rusher,,,,50,0,50,0,0,1369,0,0,0,0,0,0,0,0,0,0,7325770,35.0,In a field of tannks,Iowa,,,
3270,1789,Billybolo53,Teenie Hodges,Teenie,Hodges,38.0,retired,,2025-04-03 11:44:02,,Wide Receiver,Slot Receiver,,,,50,0,50,0,0,667,0,0,0,0,0,0,0,0,0,0,20714685,24.0,"Jersey City, New Jersey ",Western Michigan ,,,
3269,1060,Starboy,Armor Queen,Armor,Queen,38.0,retired,active,2025-04-03 11:44:02,,Running Back,Receiving Back,,,,50,0,50,0,0,1192,0,0,0,0,0,0,0,0,0,0,61947256,12.0,"Cardiff, UK",Cardiff University,,,
3268,3343,kaleb356,Teddy Rhinoback,Teddy,Rhinoback,38.0,retired,,2025-04-03 11:44:02,,Defensive Tackle,Interior Rusher,,,,50,0,50,0,0,277,0,0,0,0,0,0,0,0,0,0,13608850,71.0,"Sedona, AZ",Iowa State,,,
3267,1848,QuirkyTurtle,Jimmy Jeeta,Jimmy,Jeeta,38.0,retired,,2025-04-03 11:44:02,,Cornerback,Physical Corner,,,,50,0,50,0,0,317,0,0,0,0,0,0,0,0,0,0,61273415,20.0,UK,Clemson,,,
3265,3363,AlbanianValor,Brian Duke,Brian,Duke,38.0,retired,,2025-04-03 11:44:02,,Linebacker,Versatile LB,,,,50,0,50,0,0,489,0,0,0,0,0,0,0,0,0,0,13263950,55.0,Boston,Boston College,,,
3264,1251,Murtsi,Fortified Fridge,Fortified,Fridge,38.0,retired,,2025-04-03 11:44:02,,Offensive Lineman,Balanced Lineman,,,,50,0,50,0,0,1361,0,0,0,0,0,0,0,0,0,0,428894411,99.0,Helsinki,Sauna College,,,
3263,3351,Eddie,Jalen McGow II,Jalen,McGow II,38.0,retired,,2025-04-03 11:44:02,,Wide Receiver,Speed Receiver,,,,50,0,50,0,0,50,0,0,0,0,0,0,0,0,0,0,6000000,88.0,Canada,USC,,,
3262,3315,kuron27,Kuron Roberson,Kuron,Roberson,37.0,retired,,2025-04-03 11:43:54,,Tight End,Vertical Threat,,,,50,0,50,0,0,84,0,0,0,0,0,0,0,0,0,0,5200000,21.0,Georgia,Bulldogs,,,
3261,3293,chugganaut,Tyler Orator,Tyler,Orator,37.0,retired,,2025-04-03 11:43:54,,Running Back,Speed Back,,,,50,0,50,0,0,50,0,0,0,0,0,0,0,0,0,0,9000000,5.0,"Charlotte, NC",William & Mary,,,
3260,3290,Taytay,Tay Tay,Tay,Tay,37.0,retired,,2025-04-03 11:43:54,,Wide Receiver,Speed Receiver,,,,50,0,50,0,0,50,0,0,0,0,0,0,0,0,0,0,1000000,5.0,Quincy ,Florida ,,,
3259,3321,DraecousSutton,James Sutton,James,Sutton,37.0,retired,,2025-04-03 11:43:54,,Running Back,Power Back,,,,50,0,50,0,0,50,0,0,0,0,0,0,0,0,0,0,6300000,24.0,"Cecil Country, Maryland ",Maryland ,,,
3258,3308,Matty86,Matthew Mayhem,Matthew,Mayhem,37.0,retired,,2025-04-03 11:43:54,,Defensive End,Speed Rusher,,,,50,0,50,0,0,153,0,0,0,0,0,0,0,0,0,0,5350000,69.0,Boston Massachusetts,Boston College,,,
3257,3267,Ren_Solo,D’Sqarius Green V,D’Sqarius,Green V,37.0,retired,,2025-04-03 11:43:54,,Defensive End,Power Rusher,,,,50,0,50,0,0,177,0,0,0,0,0,0,0,0,0,0,7000000,62.0,Fort Worth,Michigan,,,
3256,3313,Arctic,Grayson Yates,Grayson,Yates,37.0,retired,,2025-04-03 11:43:54,,Linebacker,Versatile LB,,,,50,0,50,0,0,623,0,0,0,0,0,0,0,0,0,0,7003784,98.0,"Bozeman, Montana",Montana State,,,
3254,3322,Jabs,Wae Traynes,Wae,Traynes,37.0,retired,,2025-04-03 11:43:54,,Cornerback,Cover Corner,,,,50,0,50,0,0,224,0,0,0,0,0,0,0,0,0,0,6292350,15.0,"Kenosha, WI",Michigan State University,,,
3253,3298,LarryFisherman,Larry Fisherman,Larry,Fisherman,37.0,retired,,2025-04-03 11:43:54,,Defensive End,Power Rusher,,,,50,0,50,0,0,50,0,0,0,0,0,0,0,0,0,0,11000000,69.0,"Dallas, TX",UT Austin,,,
3252,3317,RyanM1414,Ryan Murray,Ryan,Murray,37.0,retired,,2025-04-03 11:43:54,,Safety,Ball Hawk,,,,50,0,50,0,0,240,0,0,0,0,0,0,0,0,0,0,7813200,20.0,Philadelphia,LSU,,,
3251,3265,Starmadone1,Hunter Cloud,Hunter,Cloud,37.0,retired,,2025-04-03 11:43:54,,Linebacker,Pass Rusher,,,,50,0,50,0,0,50,0,0,0,0,0,0,0,0,0,0,8000000,54.0,Chicago ,Baylor,,,
3250,3280,Pan,Alexander Johnson,Alexander,Johnson,37.0,retired,,2025-04-03 11:43:54,,Cornerback,Slot Corner,,,,50,0,50,0,0,52,0,0,0,0,0,0,0,0,0,0,8000000,96.0,"Muscat, Oman",Deep Springs College,,,
3249,3316,CeeKay,Cornelius King III,Cornelius,King III,37.0,retired,,2025-04-03 11:43:54,,Wide Receiver,Speed Receiver,,,,50,0,50,0,0,548,0,0,0,0,0,0,0,0,0,0,130227631,11.0,"Winnipeg, Manitoba",LSU,,,
3248,3256,Jmiya,Lee King,Lee,King,37.0,retired,,2025-04-03 11:43:54,,Running Back,Speed Back,,,,50,0,50,0,0,50,0,0,0,0,0,0,0,0,0,0,13700000,1.0,Alabama,Ringling Bros. and Barnum & Bailey Clown College,,,
3247,2038,xQCFamous,Monty Ward,Monty,Ward,37.0,retired,,2025-04-03 11:43:54,,Linebacker,Versatile LB,,,,50,0,50,0,0,304,0,0,0,0,0,0,0,0,0,0,108648490,66.0,Toronto,Duke,,,
3246,794,WALDO,— Thwomp,—,Thwomp,37.0,retired,active,2025-04-03 11:43:54,,Defensive End,Power Rusher,,,,50,0,50,0,0,166,0,0,0,0,0,0,0,0,0,0,53094653,64.0,Mario Kingdom,,,,
3245,3303,Stratz,Leonel Shea,Leonel,Shea,37.0,retired,,2025-04-03 11:43:54,,Tight End,Vertical Threat,,,,50,0,50,0,0,50,0,0,0,0,0,0,0,0,0,0,6000000,86.0,"Canton, Ohio",Boise State,,,
3244,2905,TacocaT,Michael Touchback,Michael,Touchback,37.0,retired,,2025-04-03 11:43:54,,Running Back,Receiving Back,,,,50,0,50,0,0,688,0,0,0,0,0,0,0,0,0,0,28448360,9.0,"Kalispell, Montana",Montana State,,,
3243,3329,Bmason0520,Brandon Mason,Brandon,Mason,37.0,retired,,2025-04-03 11:43:54,,Offensive Lineman,Athletic Lineman,,,,50,0,50,0,0,1409,0,0,0,0,0,0,0,0,0,0,18372315,99.0,"Columbus, OH",The Ohio State University,,,
3242,3302,Bacarri_Rambo,Bacarri Rambo,Bacarri,Rambo,37.0,retired,,2025-04-03 11:43:54,,Cornerback,Cover Corner,,,,50,0,50,0,0,63,0,0,0,0,0,0,0,0,0,0,19500000,8.0,"O-Block, Chicago",Clemson University,,,
3241,3289,Sleepyjesus07,Bobby Jacuzzi,Bobby,Jacuzzi,37.0,retired,,2025-04-03 11:43:54,,Wide Receiver,Speed Receiver,,,,50,0,50,0,0,50,0,0,0,0,0,0,0,0,0,0,6000000,77.0,Vancouver,Texas,,,
3240,2589,Zephyrus1128,Orion Jasper,Orion,Jasper,37.0,retired,active,2025-04-03 11:43:54,,Wide Receiver,Slot Receiver,,,,50,0,50,0,0,100,0,0,0,0,0,0,0,0,0,0,27866095,12.0,"Grand Rapids, Michigan",University of Texas-Arlington,,,
3239,3331,gotothegym18,JarDarius Jones,JarDarius,Jones,37.0,retired,,2025-04-03 11:43:54,,Linebacker,Pass Rusher,,,,50,0,50,0,0,114,0,0,0,0,0,0,0,0,0,0,10000000,88.0,"Tazewell, VA",Virginia State University,,,
3238,2050,Kyamprac,Delores Bickerman,Delores,Bickerman,37.0,retired,active,2025-04-03 11:43:54,,Wide Receiver,Speed Receiver,,,,50,0,50,0,0,1500,0,0,0,0,0,0,0,0,0,0,948478134,18.0,"New Canada, ME",University of Florida,,,
3237,3259,Benny Kane,Benny Kane,Benny,Kane,37.0,retired,,2025-04-03 11:43:54,,Tight End,Possession TE,,,,50,0,50,0,0,50,0,0,0,0,0,0,0,0,0,0,8000000,88.0,Saskatoon,Michigan,,,
3236,3261,Dip,Dip Dhillon,Dip,Dhillon,37.0,retired,,2025-04-03 11:43:54,,Cornerback,Physical Corner,,,,50,0,50,0,0,624,0,0,0,0,0,0,0,0,0,0,92325200,8.0,Phoenix,Arizona State,,,
3235,3323,zeburgs,Ack-Hans Run,Ack-Hans,Run,37.0,retired,,2025-04-03 11:43:54,,Linebacker,Versatile LB,,,,50,0,50,0,0,50,0,0,0,0,0,0,0,0,0,0,6000000,55.0,"Parts Unknown, New Mexico",New Mexico State,,,
3234,3285,2Kmikey,Tommy Allen,Tommy,Allen,37.0,retired,,2025-04-03 11:43:54,,Wide Receiver,Speed Receiver,,,,50,0,50,0,0,50,0,0,0,0,0,0,0,0,0,0,6000000,5.0,"Frankfort, KY",Kentucky,,,
3233,3266,Dfec,Duke Houdini,Duke,Houdini,37.0,retired,,2025-04-03 11:43:54,,Defensive End,Speed Rusher,,,,50,0,50,0,0,50,0,0,0,0,0,0,0,0,0,0,8000000,53.0,"Cedar Falls, IA",UNI,,,
3232,1665,qWest,Rocky Moreaux,Rocky,Moreaux,37.0,retired,,2025-04-03 11:43:54,,Wide Receiver,Speed Receiver,,,,50,0,50,0,0,1639,0,0,0,0,0,0,0,0,0,0,154121585,11.0,"Louisville, KY",University of Louisville,,,
3231,3257,deckerd,Deckerd DeShaw,Deckerd,DeShaw,37.0,retired,,2025-04-03 11:43:54,,Safety,Ball Hawk,,,,50,0,50,0,0,172,0,0,0,0,0,0,0,0,0,0,14100000,46.0,"Seattle, Washington",Duke,,,
3230,3273,Pmc0027,Patrick Collins,Patrick,Collins,37.0,retired,,2025-04-03 11:43:54,,Wide Receiver,Possession Receiver,,,,50,0,50,0,0,50,0,0,0,0,0,0,0,0,0,0,8000000,6.0,New orleans,Miami Fl,,,
3229,3260,Hontier,Gribbuh Fister,Gribbuh,Fister,37.0,retired,,2025-04-03 11:43:54,,Linebacker,Coverage LB,,,,50,0,50,0,0,179,0,0,0,0,0,0,0,0,0,0,20000000,40.0,"Monona, Iowa",University of Iowa,,,
3228,3269,LeafyGreens,Skratch Broke,Skratch,Broke,37.0,retired,,2025-04-03 11:43:54,,Tight End,Possession TE,,,,50,0,50,0,0,50,0,0,0,0,0,0,0,0,0,0,7000000,84.0,"Hell, Michigan",Michigan,,,
3227,2165,Crunk,Danny Nedelko,Danny,Nedelko,37.0,retired,,2025-04-03 11:43:54,,Running Back,Receiving Back,,,,50,0,50,0,0,1623,0,0,0,0,0,0,0,0,0,0,1088720,5.0,"Odessa, TX",Grambling State University,,,
3226,3262,DankKushers,Gavin Kushers,Gavin,Kushers,37.0,retired,,2025-04-03 11:43:54,,Running Back,Speed Back,,,,50,0,50,0,0,52,0,0,0,0,0,0,0,0,0,0,8000000,28.0,Green bay,UW-Madison,,,
3225,3276,Mac_sandiego,Marquis Clanton,Marquis,Clanton,37.0,retired,,2025-04-03 11:43:54,,Defensive Tackle,Interior Rusher,,,,50,0,50,0,0,50,0,0,0,0,0,0,0,0,0,0,8000000,99.0,San Diego California ,San Diego State,,,
3224,3306,dustywilson22,Dusty Wilson,Dusty,Wilson,37.0,retired,active,2025-04-03 11:43:54,,Offensive Lineman,Athletic Lineman,,,,50,0,50,0,0,1355,0,0,0,0,0,0,0,0,0,0,5881750,76.0,"Vidor, Texas",University Of Houston,,,
3223,3301,OneHandlLan,Landen Segrest,Landen,Segrest,37.0,retired,,2025-04-03 11:43:54,,Wide Receiver,Speed Receiver,,,,50,0,50,0,0,50,0,0,0,0,0,0,0,0,0,0,1000000,7.0,Pennsylvania,LSU,,,
3222,632,nunccoepi,Adrian St. Christmas,Adrian,St. Christmas,37.0,retired,active,2025-04-03 11:43:54,,Quarterback,Pocket Passer,,,,50,0,50,0,0,1536,0,0,0,0,0,0,0,0,0,0,45295045,4.0,"Quito, Ecuador",United States Military Academy at Westpoint,,,
3221,3296,TheHammer43,Bay Webb,Bay,Webb,37.0,retired,,2025-04-03 11:43:54,,Linebacker,Pass Rusher,,,,50,0,50,0,0,1461,0,0,0,0,0,0,0,0,0,0,31213500,43.0,"Hamilton, Ontario, Canada",McMaster University,,,
3220,2058,RDBSouthPaw,Jordan Hartline,Jordan,Hartline,37.0,retired,,2025-04-03 11:43:54,,Linebacker,Coverage LB,,,,50,0,50,0,0,1155,0,0,0,0,0,0,0,0,0,0,14533920,84.0,Los Angeles,Brigham Young University,,,
3219,2339,ThePope,Paddy MacGuinness,Paddy,MacGuinness,37.0,retired,,2025-04-03 11:43:54,,Linebacker,Pass Rusher,,,,50,0,50,0,0,98,0,0,0,0,0,0,0,0,0,0,3450001,11.0,"Dublin, Ireland",Dublin School of Bar Brawls,,,
3218,2333,negs,Creg Jerrith IV,Creg,Jerrith IV,37.0,retired,active,2025-04-03 11:43:54,,Quarterback,Field General,,,,50,0,50,0,0,1487,0,0,0,0,0,0,0,0,0,0,72624510,20.0,Latvia,Rutgers,,,
3217,3274,JustPureLuck08,Toby Hays,Toby,Hays,37.0,retired,,2025-04-03 11:43:54,,Wide Receiver,Slot Receiver,,,,50,0,50,0,0,57,0,0,0,0,0,0,0,0,0,0,12000000,13.0,"Front Royal, Virginia, USA",Thomas More,,,
3216,3271,HeavyArty,Davis Fern,Davis,Fern,37.0,retired,,2025-04-03 11:43:54,,Safety,Center Fielder,,,,50,0,50,0,0,50,0,0,0,0,0,0,0,0,0,0,6000000,23.0,"Los Angeles, California",University of Washington,,,
3215,3295,JAC_,Jackson Cannon,Jackson,Cannon,37.0,retired,,2025-04-03 11:43:54,,Kicker,Accurate,,,,50,0,50,0,0,57,0,0,0,0,0,0,0,0,0,0,11600000,9.0,"Cleveland, Ohio",University of Akron,,,
3214,1234,lamp_wizard,Cardorino Tarotino,Cardorino,Tarotino,37.0,retired,,2025-04-03 11:43:54,,Tight End,Blocking TE,,,,50,0,50,0,0,82,0,0,0,0,0,0,0,0,0,0,10554600,49.0,LA,UCLA,,,
3213,1231,FleshBagSoup,Yummy HotDogPie,Yummy,HotDogPie,37.0,retired,,2025-04-03 11:43:54,,Offensive Lineman,Mauler,,,,50,0,50,0,0,636,0,0,0,0,0,0,0,0,0,0,6559540,69.0,Grandmas Kitchen,Blender,,,
3212,3304,Vishy,Vader Page,Vader,Page,37.0,retired,,2025-04-03 11:43:54,,Cornerback,Cover Corner,,,,50,0,50,0,0,68,0,0,0,0,0,0,0,0,0,0,8334950,3.0,"Columbus, GA",University of North Carolina,,,
3211,3325,Draco Thompson,Duke Smith,Duke,Smith,37.0,retired,,2025-04-03 11:43:54,,Wide Receiver,Speed Receiver,,,,50,0,50,0,0,50,0,0,0,0,0,0,0,0,0,0,9000000,7.0,Chicago ,LSU,,,
3210,3279,Reign__Supreme_,Prince Shafer,Prince,Shafer,37.0,retired,,2025-04-03 11:43:54,,Running Back,Power Back,,,,50,0,50,0,0,50,0,0,0,0,0,0,0,0,0,0,8000000,25.0,Texas,Texas A&M,,,
3209,3248,Malachi Booth,Matt Dominque Johnson Jr.,Matt,Dominque Johnson Jr.,37.0,retired,,2025-04-03 11:43:54,,Wide Receiver,Speed Receiver,,,,50,0,50,0,0,50,0,0,0,0,0,0,0,0,0,0,14000000,88.0,"August 5, 1999",Georgia Tech,,,
3208,3305,Damien823,Damien Chambers,Damien,Chambers,37.0,retired,,2025-04-03 11:43:54,,Wide Receiver,Possession Receiver,,,,50,0,50,0,0,50,0,0,0,0,0,0,0,0,0,0,8000000,83.0,Brooklyn NY,Villanova,,,
3207,3253,High Stick King,Matthew Mara,Matthew,Mara,37.0,retired,,2025-04-03 11:43:54,,Wide Receiver,Speed Receiver,,,,50,0,50,0,0,1428,0,0,0,0,0,0,0,0,0,0,2787985,13.0,"Philadelphia, PA",Liberty University,,,
3206,3264,LightWeightBaby2020,Matthew Busse Jr,Matthew,Busse Jr,37.0,retired,,2025-04-03 11:43:54,,Defensive End,Speed Rusher,,,,50,0,50,0,0,50,0,0,0,0,0,0,0,0,0,0,8000000,2.0,"Hell, Michigan, USA.",UW-Madison,,,
3205,3291,TheRealOne,Victor King,Victor,King,37.0,retired,,2025-04-03 11:43:54,,Running Back,Speed Back,,,,50,0,50,0,0,50,0,0,0,0,0,0,0,0,0,0,6000000,17.0,"Athens, Ga",UGA,,,
3204,2221,WhatAmUs,Blibby Shpoopy,Blibby,Shpoopy,37.0,retired,,2025-04-03 11:43:54,,Running Back,Speed Back,,,,50,0,50,0,0,100,0,0,0,0,0,0,0,0,0,0,72300644,11.0,"Portland, ME",University of Helsinki,,,
3203,3203,Aford9910,Aaron Ford,Aaron,Ford,37.0,retired,,2025-04-03 11:43:54,,Running Back,Speed Back,NOLA,,,50,0,50,0,0,88,0,0,0,0,0,0,0,0,0,0,-770750,8.0,Bradenton Florida,Oklahoma,,,
3202,886,gucci,Brock Landers Jr.,Brock,Landers Jr.,37.0,retired,active,2025-04-03 11:43:54,,Cornerback,Cover Corner,,,,50,0,50,0,0,409,0,0,0,0,0,0,0,0,0,0,3224939,12.0,"Norfolk, VA",Tennessee,,,
3201,3281,Moldycheez4,Jason Oexius,Jason,Oexius,37.0,retired,,2025-04-03 11:43:54,,Cornerback,Slot Corner,,,,50,0,50,0,0,455,0,0,0,0,0,0,0,0,0,0,2024300,27.0,Chicago,University of Wisconsin,,,
3200,3251,koty_k,Koty Kochan,Koty,Kochan,37.0,retired,,2025-04-03 11:43:54,,Quarterback,Mobile,,,,50,0,50,0,0,50,0,0,0,0,0,0,0,0,0,0,2755950,50.0,"Wheeling, WV",University of Louisiana-Monroe,,,
3199,3250,Lemorse7,Dalibor Dvorsky,Dalibor,Dvorsky,37.0,retired,,2025-04-03 11:43:54,,Safety,Center Fielder,,,,50,0,50,0,0,113,0,0,0,0,0,0,0,0,0,0,100000,27.0,Hawaii,MCguill,,,
3198,3307,absideon.moira,Shyhiem Walker,Shyhiem,Walker,37.0,retired,,2025-04-03 11:43:54,,Wide Receiver,Speed Receiver,,,,50,0,50,0,0,50,0,0,0,0,0,0,0,0,0,0,6000000,68.0,"Jacksonville, Florida",University of Central Florida,,,
3197,3263,JollyMixer,Buddy Little,Buddy,Little,37.0,retired,,2025-04-03 11:43:54,,Safety,Center Fielder,,,,50,0,50,0,0,50,0,0,0,0,0,0,0,0,0,0,8000000,28.0,"Chicago, IL",Purdue,,,
3196,2295,OrbitingDeath,Nova Montagne,Nova,Montagne,37.0,retired,active,2025-04-03 11:43:54,,Quarterback,Pocket Passer,,,,50,0,50,0,0,1609,0,0,0,0,0,0,0,0,0,0,956698801,21.0,"Orleans, France",Hawaii Pacific University,,,
3195,2268,Southie,Dobromil Dvořák,Dobromil,Dvořák,37.0,retired,active,2025-04-03 11:43:54,,Running Back,Speed Back,,,,50,0,50,0,0,82,0,0,0,0,0,0,0,0,0,0,3215340,32.0,"Pittsburgh, Pennsylvania ",,,,
3194,3258,LutherVox,Luther Vox,Luther,Vox,37.0,retired,,2025-04-03 11:43:54,,Wide Receiver,Speed Receiver,,,,50,0,50,0,0,160,0,0,0,0,0,0,0,0,0,0,12000000,87.0,Cincinnati,University of Cincinnati,,,
3193,2935,chxhawk,Stryker Brown,Stryker,Brown,37.0,retired,,2025-04-03 11:43:54,,Defensive End,Speed Rusher,,,,50,0,50,0,0,249,0,0,0,0,0,0,0,0,0,0,10300000,44.0,"Robbinsville, NC",University of Georgia ,,,
3192,3282,Gadget,Inspector Gadget,Inspector,Gadget,37.0,retired,active,2025-04-03 11:43:54,,Safety,Center Fielder,,,,50,0,50,0,0,889,0,0,0,0,0,0,0,0,0,0,36225283,45.0,Metro City,Rutgers,,,
3191,2350,LSUFAN101,Cade York Jr. Jr.,Cade,York Jr. Jr.,37.0,retired,,2025-04-03 11:43:54,,Kicker,Accurate,,,,50,0,50,0,0,115,0,0,0,0,0,0,0,0,0,0,38477210,27.0,Baton Rouge ,LSU,,,
3190,3324,MrMom,Adam Rage,Adam,Rage,37.0,retired,,2025-04-03 11:43:54,,Cornerback,Physical Corner,,,,50,0,50,0,0,281,0,0,0,0,0,0,0,0,0,0,9700000,10.0,Miami,University of Florida,,,
3189,3287,BarryGoat21,Dj Emmanuel,Dj,Emmanuel,37.0,retired,,2025-04-03 11:43:54,,Running Back,Power Back,,,,50,0,50,0,0,50,0,0,0,0,0,0,0,0,0,0,6000000,21.0,Chicago,LSU,,,
3188,3272,Blaqsteel,Andrae Washington,Andrae,Washington,37.0,retired,,2025-04-03 11:43:54,,Cornerback,Cover Corner,,,,50,0,50,0,0,50,0,0,0,0,0,0,0,0,0,0,8000000,32.0,Augusta ,UF,,,
3187,3283,McLovin,Mickey Lauvin,Mickey,Lauvin,37.0,retired,,2025-04-03 11:43:54,,Wide Receiver,Possession Receiver,,,,50,0,50,0,0,71,0,0,0,0,0,0,0,0,0,0,16000000,89.0,"Tuscon, AZ",University of Hawai'i at Manoa,,,
3186,2196,r0tzbua,Known Acquaintance,Known,Acquaintance,37.0,retired,active,2025-04-03 11:43:54,,Offensive Lineman,Balanced Lineman,,,,50,0,50,0,0,556,0,0,0,0,0,0,0,0,0,0,14555360,12.0,"Alice Springs, Australia","Charles Darwin University, Alice Springs",,,
3185,1961,Amidships,Charlie Thorsen,Charlie,Thorsen,37.0,retired,active,2025-04-03 11:43:54,,Cornerback,Cover Corner,,,,50,0,50,0,0,1440,0,0,0,0,0,0,0,0,0,0,447530378,16.0,"Lincoln, NE",Notre Dame,,,
3184,1979,DarknessRising,Preston Beatz,Preston,Beatz,37.0,retired,,2025-04-03 11:43:54,,Quarterback,Field General,,,,50,0,50,0,0,1566,0,0,0,0,0,0,0,0,0,0,1151759325,77.0,"Hobart, Australia",University of Tasmania,,,
3183,3113,DREAMSLOTH,Jarvis Harbinger-Marjin,Jarvis,Harbinger-Marjin,36.0,retired,,2025-04-03 11:43:46,,Running Back,Power Back,,,,50,0,50,0,0,1535,0,0,0,0,0,0,0,0,0,0,194350584,49.0,"Prescott, Arizona, USA",International School of the Satanic Performing Arts,,,
3182,3157,benzard,Johnny Sins,Johnny,Sins,36.0,retired,,2025-04-03 11:43:46,,Defensive End,Speed Rusher,,,,50,0,50,0,0,50,0,0,0,0,0,0,0,0,0,0,8000000,28.0,Montreal,LSU,,,
3181,3112,violetjazz,Matthew Gordon,Matthew,Gordon,36.0,retired,,2025-04-03 11:43:46,,Linebacker,Pass Rusher,,,,50,0,50,0,0,50,0,0,0,0,0,0,0,0,0,0,6000000,55.0,"Herriman, UT",BYU,,,
3180,2694,Twinsfan87,Jeremy Crouse Jr.,Jeremy,Crouse Jr.,36.0,retired,,2025-04-03 11:43:46,,Kicker,Accurate,,,,50,0,50,0,0,271,0,0,0,0,0,0,0,0,0,0,20758200,4.0,"Minneapolis, Minnesota ",Minnesota ,,,
3179,3129,polzin13,Dolphin Sounds,Dolphin,Sounds,36.0,retired,,2025-04-03 11:43:46,,Defensive Tackle,Nose Tackle,,,,50,0,50,0,0,50,0,0,0,0,0,0,0,0,0,0,8000000,98.0,The Ocean,Kansas State Penitentiary,,,
3178,3245,dallasrogue21,Roma Amir-Kani,Roma,Amir-Kani,36.0,retired,,2025-04-03 11:43:46,,Safety,Enforcer,,,,50,0,50,0,0,415,0,0,0,0,0,0,0,0,0,0,39600375,68.0,Slovenia,University of Slovenia,,,
3177,3192,RealSlimRon,Ronnie Shanahan,Ronnie,Shanahan,36.0,retired,,2025-04-03 11:43:46,,Wide Receiver,Slot Receiver,,,,50,0,50,0,0,50,0,0,0,0,0,0,0,0,0,0,8000000,12.0,Houston Tx,Texas,,,
3176,3179,Just_Bif,Dick Flowers,Dick,Flowers,36.0,retired,,2025-04-03 11:43:46,,Tight End,Possession TE,,,,50,0,50,0,0,50,0,0,0,0,0,0,0,0,0,0,8000000,87.0,United Kingdom,Southampton Solent,,,
3175,3110,Alikh,Aleksandr Milescu,Aleksandr,Milescu,36.0,retired,,2025-04-03 11:43:46,,Safety,Ball Hawk,,,,50,0,50,0,0,1295,0,0,0,0,0,0,0,0,0,0,64738050,27.0,Maryland,Towson,,,
3174,3149,MrBlobfish,Jonathan Blob,Jonathan,Blob,36.0,retired,,2025-04-03 11:43:46,,Safety,Center Fielder,,,,50,0,50,0,0,57,0,0,0,0,0,0,0,0,0,0,2000000,69.0,"Charlotte, NC",Duke University,,,
3173,3208,UrbanXGamer521,Jesse Thorne,Jesse,Thorne,36.0,retired,,2025-04-03 11:43:46,,Wide Receiver,Speed Receiver,,,,50,0,50,0,0,50,0,0,0,0,0,0,0,0,0,0,6000000,14.0,Pennsylvania ,Penn State,,,
3172,3183,SmittyHextall,Nick Smith,Nick,Smith,36.0,retired,,2025-04-03 11:43:46,,Running Back,Power Back,,,,50,0,50,0,0,73,0,0,0,0,0,0,0,0,0,0,9761450,44.0,"Gahanna, Ohio",Kennesaw State,,,
3171,3119,Caesar 117,Revan Cash,Revan,Cash,36.0,retired,,2025-04-03 11:43:46,,Tight End,Possession TE,,,,50,0,50,0,0,50,0,0,0,0,0,0,0,0,0,0,16000000,21.0,"Springdale, Arkansas",Arkansas,,,
3170,3197,brendanyork15,futa shinkawa,futa,shinkawa,36.0,retired,,2025-04-03 11:43:46,,Linebacker,Versatile LB,,,,50,0,50,0,0,50,0,0,0,0,0,0,0,0,0,0,6000000,39.0,little rock. Arkansas,presbitryn,,,
3169,3190,cluesman,Tyrod Iverson,Tyrod,Iverson,36.0,retired,,2025-04-03 11:43:46,,Defensive Tackle,Interior Rusher,,,,50,0,50,0,0,104,0,0,0,0,0,0,0,0,0,0,18085800,52.0,"Hampton, VA",Old Dominion,,,
3168,3152,drewlikesthepanthers,Drew Stowe,Drew,Stowe,36.0,retired,,2025-04-03 11:43:46,,Wide Receiver,Speed Receiver,,,,50,0,50,0,0,73,0,0,0,0,0,0,0,0,0,0,11000000,2.0,Charlotte Nc ,UNC,,,
3167,3106,Agent Chaos,Ceti Pyxis,Ceti,Pyxis,36.0,retired,,2025-04-03 11:43:46,,Tight End,Vertical Threat,,,,50,0,50,0,0,1226,0,0,0,0,0,0,0,0,0,0,42850000,9.0,barbie dream land,barbie university,,,
3166,3172,Reedy0rNot,Joseph Reed,Joseph,Reed,36.0,retired,,2025-04-03 11:43:46,,Defensive Tackle,Nose Tackle,,,,50,0,50,0,0,1246,0,0,0,0,0,0,0,0,0,0,8142700,96.0,"Columbus, Ohio",Michigan University,,,
3165,3194,infern8,Thomas Robinson,Thomas,Robinson,36.0,retired,active,2025-04-03 11:43:46,,Wide Receiver,Slot Receiver,,,,50,0,50,0,0,1574,0,0,0,0,0,0,0,0,0,0,562132820,21.0,"San Antonio, TX",Rose-Hulman Institute of Technology,,,
3164,3220,DaOneAndOnly,William Howard Taft,William,Howard Taft,36.0,retired,,2025-04-03 11:43:46,,Offensive Lineman,Balanced Lineman,,,,50,0,50,0,0,50,0,0,0,0,0,0,0,0,0,0,1882140,27.0,"Cincinnati, Ohio",Yale University,,,
3163,3195,bold ni wally,Aqeel Steele,Aqeel,Steele,36.0,retired,active,2025-04-03 11:43:46,,Linebacker,Pass Rusher,,,,50,0,50,0,0,1140,0,0,0,0,0,0,0,0,0,0,155527765,99.0,"Wichita, Kansas",Nebraska,,,
3162,3206,khkreator,Kaiden King,Kaiden,King,36.0,retired,,2025-04-03 11:43:46,,Safety,Ball Hawk,,,,50,0,50,0,0,271,0,0,0,0,0,0,0,0,0,0,25507430,27.0,"Houston,TX",Rice,,,
3161,3244,botstudy,Joe Jitdee,Joe,Jitdee,36.0,retired,,2025-04-03 11:43:46,,Defensive End,Speed Rusher,,,,50,0,50,0,0,50,0,0,0,0,0,0,0,0,0,0,6000000,61.0,Texas,Clemson,,,
3160,3140,Nathan,Nathan Meagher,Nathan,Meagher,36.0,retired,active,2025-04-03 11:43:46,,Offensive Lineman,Athletic Lineman,,,,50,0,50,0,0,1501,0,0,0,0,0,0,0,0,0,0,92116825,90.0,"Raleigh, North Carolina",NC State,,,
3159,3223,Gage2,Tae Dawson,Tae,Dawson,36.0,retired,,2025-04-03 11:43:46,,Cornerback,Cover Corner,,,,50,0,50,0,0,969,0,0,0,0,0,0,0,0,0,0,3701324,7.0,"Galveston,Texas,USA",Alabama,,,
3158,3226,Jmsewa19,Jair Pharaoh,Jair,Pharaoh,36.0,retired,,2025-04-03 11:43:46,,Running Back,Receiving Back,,,,50,0,50,0,0,200,0,0,0,0,0,0,0,0,0,0,17471250,7.0,Iceland,Saint Mary’s University,,,
3157,3146,Toasty_boi,Josh Carlson,Josh,Carlson,36.0,retired,,2025-04-03 11:43:46,,Kicker,Accurate,,,,50,0,50,0,0,50,0,0,0,0,0,0,0,0,0,0,8000000,4.0,Minnesota,Wisconsin,,,
3156,3200,Gootz23,Lucas McCron,Lucas,McCron,36.0,retired,,2025-04-03 11:43:46,,Wide Receiver,Slot Receiver,,,,50,0,50,0,0,50,0,0,0,0,0,0,0,0,0,0,6000000,23.0,New York,Notre Dame,,,
3155,3115,KingKongBundy,Anderson Duncan,Anderson,Duncan,36.0,retired,,2025-04-03 11:43:46,,Tight End,Vertical Threat,,,,50,0,50,0,0,50,0,0,0,0,0,0,0,0,0,0,0,13.0,Atlanta,UGA,,,
3154,3141,HashDoober,Mike Donovan,Mike,Donovan,36.0,retired,,2025-04-03 11:43:46,,Tight End,Blocking TE,,,,50,0,50,0,0,50,0,0,0,0,0,0,0,0,0,0,8000000,46.0,England,UCF,,,
3153,3240,bechtudo,Udo E Beaty,Udo,E Beaty,36.0,retired,active,2025-04-03 11:43:46,,Defensive End,Power Rusher,,,,50,0,50,0,0,1156,0,0,0,0,0,0,0,0,0,0,57768150,44.0,Alzey / Germany,Tennessee,,,
3152,3214,Rapsfan95,Manjyot Mangat,Manjyot,Mangat,36.0,retired,,2025-04-03 11:43:46,,Wide Receiver,Speed Receiver,,,,50,0,50,0,0,50,0,0,0,0,0,0,0,0,0,0,6000000,27.0,Toronto,USC ,,,
3151,3221,omgjustinnn,Justin Krause,Justin,Krause,36.0,retired,,2025-04-03 11:43:46,,Cornerback,Cover Corner,,,,50,0,50,0,0,50,0,0,0,0,0,0,0,0,0,0,6000000,6.0,California ,Michigan ,,,
3150,937,Fordhammer,Jean-Ralphio Saperstein,Jean-Ralphio,Saperstein,36.0,retired,,2025-04-03 11:43:46,,Offensive Lineman,Balanced Lineman,,,,50,0,50,0,0,589,0,0,0,0,0,0,0,0,0,0,76110586,50.0,"Pawnee, IN",Pawnee Community College,,,
3149,3232,PurplePiratePoo,Will Nightingale,Will,Nightingale,36.0,retired,active,2025-04-03 11:43:46,,Cornerback,Slot Corner,,,,50,0,50,0,0,526,0,0,0,0,0,0,0,0,0,0,44800580,5.0,"Wandsworth, London, UK",Illinois,,,
3148,3111,Drummiboi31,Jimmy Andersmith,Jimmy,Andersmith,36.0,retired,,2025-04-03 11:43:46,,Safety,Enforcer,,,,50,0,50,0,0,50,0,0,0,0,0,0,0,0,0,0,14000000,31.0,"Indianapolis, Indiana ",Notre Dame,,,
3147,3230,gtg1994,Greg Givens,Greg,Givens,36.0,retired,,2025-04-03 11:43:46,,Cornerback,Cover Corner,,,,50,0,50,0,0,60,0,0,0,0,0,0,0,0,0,0,10000000,3.0,"Baton Rouge,LA USA",LSU,,,
3146,3126,Twenty6,Quendyn Quarterstorm,Quendyn,Quarterstorm,36.0,retired,active,2025-04-03 11:43:46,,Cornerback,Slot Corner,,,,50,0,50,0,0,1640,0,0,0,0,0,0,0,0,0,0,272424647,26.0,"Seattle, Washington",University of Washington,,,
3145,3224,poopooinp,Poopoo InPee,Poopoo,InPee,36.0,retired,,2025-04-03 11:43:46,,Safety,Center Fielder,,,,50,0,50,0,0,87,0,0,0,0,0,0,0,0,0,0,5000000,97.0,"Famagusta, Cyprus","Elon University, Elon",,,
3144,3227,smitty_oom,Smitty Oom,Smitty,Oom,36.0,retired,,2025-04-03 11:43:46,,Defensive Tackle,Interior Rusher,,,,50,0,50,0,0,67,0,0,0,0,0,0,0,0,0,0,16000000,26.0,Trollhättan,University College of Trollhättan/Uddevalla,,,
3143,3236,Otto_der_great,Josepi The great,Josepi,The great,36.0,retired,,2025-04-03 11:43:46,,Kicker,Power,,,,50,0,50,0,0,52,0,0,0,0,0,0,0,0,0,0,6000000,69.0,Rhode Island,Real college co,,,
3142,3109,JH23,Corey Chambers,Corey,Chambers,36.0,retired,,2025-04-03 11:43:46,,Defensive End,Speed Rusher,,,,50,0,50,0,0,50,0,0,0,0,0,0,0,0,0,0,8000000,90.0,Hattiesburg ,USM,,,
3141,3155,Blazediken,Ducky Donkey,Ducky,Donkey,36.0,retired,,2025-04-03 11:43:46,,Linebacker,Pass Rusher,,,,50,0,50,0,0,50,0,0,0,0,0,0,0,0,0,0,8000000,27.0,DuckDonk City,Duckerton State University ,,,
3140,3136,deffmonk,Bunk McDunk,Bunk,McDunk,36.0,retired,,2025-04-03 11:43:46,,Defensive Tackle,Interior Rusher,,,,50,0,50,0,0,80,0,0,0,0,0,0,0,0,0,0,12500000,99.0,Seattle,Washington state ,,,
3139,2046,lespoils,Pan Cakes,Pan,Cakes,36.0,retired,,2025-04-03 11:43:46,,Offensive Lineman,Mauler,,,,50,0,50,0,0,588,0,0,0,0,0,0,0,0,0,0,28800000,70.0,Waffle House,No,,,
3138,3196,drunkenhomer,Nils Hottenrother,Nils,Hottenrother,36.0,retired,,2025-04-03 11:43:46,,Defensive End,Power Rusher,,,,50,0,50,0,0,50,0,0,0,0,0,0,0,0,0,0,6000000,43.0,Germany,University of Berlin,,,
3137,1048,C9Van,Laszlo Forty-Two,Laszlo,Forty-Two,36.0,retired,,2025-04-03 11:43:46,,Safety,Enforcer,,,,50,0,50,0,0,1439,0,0,0,0,0,0,0,0,0,0,126503,42.0,"Budapest, Hungary",The Cult,,,
3136,2011,Jo3fish5,Amadan Fool,Amadan,Fool,36.0,retired,,2025-04-03 11:43:46,,Defensive End,Speed Rusher,,,,50,0,50,0,0,133,0,0,0,0,0,0,0,0,0,0,13509650,55.0,"Dublin, Ireland",Indiana University-Purdue University Indianapolis,,,
3135,3168,The_Redeemers,Mike Stallworth,Mike,Stallworth,36.0,retired,,2025-04-03 11:43:46,,Tight End,Possession TE,,,,50,0,50,0,0,50,0,0,0,0,0,0,0,0,0,0,8000000,88.0,"Jackson, WY",NDSU,,,
3134,3144,mnlvera,Lamarcus Thompson,Lamarcus,Thompson,36.0,retired,,2025-04-03 11:43:46,,Cornerback,Cover Corner,,,,50,0,50,0,0,50,0,0,0,0,0,0,0,0,0,0,8000000,30.0,"Las Vegas,NV",Ohio State,,,
3133,3182,soevil,Austin Morley,Austin,Morley,36.0,retired,active,2025-04-03 11:43:46,,Wide Receiver,Slot Receiver,,,,50,0,50,0,0,1603,0,0,0,0,0,0,0,0,0,0,12254290,33.0,"Gahanna, Ohio",The Ohio State University,,,
3132,776,wuma,Sexy Wilfork,Sexy,Wilfork,36.0,retired,,2025-04-03 11:43:46,,Defensive Tackle,Nose Tackle,,,,50,0,50,0,0,203,0,0,0,0,0,0,0,0,0,0,8978175,3.0,A Hospital,Accepted,,,
3131,3131,Youeatchicken,Reid Overton,Reid,Overton,36.0,retired,,2025-04-03 11:43:46,,Offensive Lineman,Athletic Lineman,,,,50,0,50,0,0,50,0,0,0,0,0,0,0,0,0,0,8000000,78.0,"TrapHill,NC",Ole miss ,,,
3130,3145,joruddy,Joe Ruddy,Joe,Ruddy,36.0,retired,,2025-04-03 11:43:46,,Safety,Center Fielder,,,,50,0,50,0,0,57,0,0,0,0,0,0,0,0,0,0,8000000,27.0,"Otterburn, Northumberland, England",Dartmouth,,,
3129,252,TheDangaZone,Jimmy Holding,Jimmy,Holding,36.0,retired,,2025-04-03 11:43:46,,Offensive Lineman,Balanced Lineman,,,,50,0,50,0,0,1050,0,0,0,0,0,0,0,0,0,0,15248400,66.0,United Kingdom,Yale,,,
3128,3217,yesboom,Ignatius Reilly,Ignatius,Reilly,36.0,retired,,2025-04-03 11:43:46,,Linebacker,Versatile LB,,,,50,0,50,0,0,679,0,0,0,0,0,0,0,0,0,0,44899314,57.0,Belgium,ULB,,,
3127,1034,SDCore,Effoff IamYeti,Effoff,IamYeti,36.0,retired,,2025-04-03 11:43:46,,Defensive Tackle,Interior Rusher,,,,50,0,50,0,0,218,0,0,0,0,0,0,0,0,0,0,22774990,69.0,Colorado,Colorado State,,,
3126,3114,FL4K__,Malcom Graves,Malcom,Graves,36.0,retired,active,2025-04-03 11:43:46,,Running Back,Speed Back,,,,50,0,50,0,0,138,0,0,0,0,0,0,0,0,0,0,181387488,29.0,New Jersey,School Of Running Away From Things,,,
3125,1875,iStegosauruz,Mister Hogmally,Mister,Hogmally,36.0,retired,active,2025-04-03 11:43:46,,Tight End,Vertical Threat,,,,50,0,50,0,0,1509,0,0,0,0,0,0,0,0,0,0,542272366,43.0,Old McDonalds Farm,Nebraska,,,
3124,3132,ShadowGiant,Ken Schaffenhausen,Ken,Schaffenhausen,36.0,retired,,2025-04-03 11:43:46,,Safety,Ball Hawk,,,,50,0,50,0,0,50,0,0,0,0,0,0,0,0,0,0,8000000,38.0,Berlin Germany,Florida State University ,,,
3123,3169,MaxK,Max Klapacz,Max,Klapacz,36.0,retired,,2025-04-03 11:43:46,,Tight End,Blocking TE,,,,50,0,50,0,0,50,0,0,0,0,0,0,0,0,0,0,14000000,41.0,Krakow,UAB,,,
3122,3222,lukamagic,Luka Magic,Luka,Magic,36.0,retired,,2025-04-03 11:43:46,,Tight End,Vertical Threat,,,,50,0,50,0,0,50,0,0,0,0,0,0,0,0,0,0,6000000,77.0,Slovenia,Osnovna šola Mirana Jarca,,,
3121,3101,lordcoolcats,Jasper Fontaine,Jasper,Fontaine,36.0,retired,active,2025-04-03 11:43:46,,Safety,Center Fielder,,,,50,0,50,0,0,1511,0,0,0,0,0,0,0,0,0,0,11588579,44.0,New Orleans,Bayou Southern,,,
3120,3174,JoshiePoo,J.T. Kurbis,J.T.,Kurbis,36.0,retired,,2025-04-03 11:43:46,,Offensive Lineman,Balanced Lineman,,,,50,0,50,0,0,1180,0,0,0,0,0,0,0,0,0,0,31183840,88.0,"Morristown, NJ",West Chester University,,,
3119,3137,wherewasmybrain,Max Van Reign,Max,Van Reign,36.0,retired,,2025-04-03 11:43:46,,Linebacker,Versatile LB,,,,50,0,50,0,0,50,0,0,0,0,0,0,0,0,0,0,8000000,27.0,"Birmingham, Alabama",Vanderbilt,,,
3118,3187,nygiants200,Zaire King,Zaire,King,36.0,retired,,2025-04-03 11:43:46,,Defensive End,Power Rusher,,,,50,0,50,0,0,50,0,0,0,0,0,0,0,0,0,0,6000000,55.0,"Dallas, Texas",Clemson,,,
3117,723,AW13,Fat Jack,Fat,Jack,36.0,retired,active,2025-04-03 11:43:46,,Defensive Tackle,Nose Tackle,,,,50,0,50,0,0,1181,0,0,0,0,0,0,0,0,0,0,7089381,99.0,"San Jose, CA",Northern Arizona University,,,
3116,3171,ElRoZa,Dern Smithson,Dern,Smithson,36.0,retired,,2025-04-03 11:43:46,,Offensive Lineman,Athletic Lineman,,,,50,0,50,0,0,50,0,0,0,0,0,0,0,0,0,0,10000000,55.0,The Ville,Server Server Official College,,,
3115,3147,Alphavictory,Richard Harden,Richard,Harden,36.0,retired,,2025-04-03 11:43:46,,Tight End,Possession TE,,,,50,0,50,0,0,235,0,0,0,0,0,0,0,0,0,0,8000000,12.0,"Kaunakakai, HI",Greendale,,,
3114,3201,Hiemocream26,Jahiem Lopez-Mason,Jahiem,Lopez-Mason,36.0,retired,,2025-04-03 11:43:46,,Cornerback,Cover Corner,,,,50,0,50,0,0,50,0,0,0,0,0,0,0,0,0,0,6000000,26.0,"Lorain, Ohio",The Ohio State University ,,,
3113,153,enigmatic,Raffaele Tommasi,Raffaele,Tommasi,36.0,retired,,2025-04-03 11:43:46,,Cornerback,Cover Corner,,,,50,0,50,0,0,425,0,0,0,0,0,0,0,0,0,0,54367240,64.0,"Venice, Italy",Colorado State,,,
3112,3117,aw_rats,Rip Scorely,Rip,Scorely,36.0,retired,,2025-04-03 11:43:46,,Linebacker,Versatile LB,,,,50,0,50,0,0,50,0,0,0,0,0,0,0,0,0,0,8000000,31.0,"Slidell, LA",Mississippi State University,,,
3111,3210,Dlattimore31,Derrian Lattimore,Derrian,Lattimore,36.0,retired,,2025-04-03 11:43:46,,Running Back,Receiving Back,,,,50,0,50,0,0,50,0,0,0,0,0,0,0,0,0,0,6000000,31.0,"Greenville, MS",Mississippi State,,,
3110,3122,Lan,Franz Trinkenschuh,Franz,Trinkenschuh,36.0,retired,,2025-04-03 11:43:46,,Running Back,Power Back,,,,50,0,50,0,0,50,0,0,0,0,0,0,0,0,0,0,8000000,8.0,"Boston, MA",UMaine,,,
3109,3204,LIL MUNKEY,C.G Breezy,C.G,Breezy,36.0,retired,,2025-04-03 11:43:46,,Running Back,Speed Back,,,,50,0,50,0,0,519,0,0,0,0,0,0,0,0,0,0,7561000,2.0,"CA, San Diego",Michigan,,,
3108,932,Pizza-faith,Mike Scott,Mike,Scott,36.0,retired,,2025-04-03 11:43:46,,Defensive End,Speed Rusher,,,,50,0,50,0,0,497,0,0,0,0,0,0,0,0,0,0,75394450,84.0,Los Angeles ,Miami,,,
3107,3228,XXKLIOZAYLION,Amorea RenField,Amorea,RenField,36.0,retired,,2025-04-03 11:43:46,,Running Back,Power Back,,,,50,0,50,0,0,50,0,0,0,0,0,0,0,0,0,0,6000000,13.0,New England ,Ohio state,,,
3106,3165,SnazzySausage,Mogus Sus,Mogus,Sus,36.0,retired,,2025-04-03 11:43:46,,Running Back,Fullback,,,,50,0,50,0,0,50,0,0,0,0,0,0,0,0,0,0,8000000,7.0,"Demopolis, AL",University of Alabama,,,
3105,2083,Rusfan,Mandrews McHollywood,Mandrews,McHollywood,36.0,retired,active,2025-04-03 11:43:46,,Wide Receiver,Speed Receiver,,,,50,0,50,0,0,1568,0,0,0,0,0,0,0,0,0,0,69840837,12.0,Miami Florida,Miami,,,
3104,1754,NicholasTheGreat,Bruce Buckley Jr.,Bruce,Buckley Jr.,36.0,retired,,2025-04-03 11:43:46,,Linebacker,Pass Rusher,,,,50,0,50,0,0,1261,0,0,0,0,0,0,0,0,0,0,55115,51.0,"Sydney, Australia",Western Sydney University,,,
3103,2199,slate,Leandre Diarra,Leandre,Diarra,36.0,retired,,2025-04-03 11:43:46,,Running Back,Fullback,,,,50,0,50,0,0,1534,0,0,0,0,0,0,0,0,0,0,54636907,45.0,"Paris, France",Columbia,,,
3102,3099,CJ_the_M16,Rerry Jice,Rerry,Jice,36.0,retired,,2025-04-03 11:43:46,,Wide Receiver,Possession Receiver,,,,50,0,50,0,0,94,0,0,0,0,0,0,0,0,0,0,12413200,8.0,Heebus Jeebus,Sissimippi Valley State,,,
3101,2662,Jack R.,Jack R.,Jack,R.,36.0,retired,,2025-04-03 11:43:46,,Running Back,Speed Back,,,,50,0,50,0,0,50,0,0,0,0,0,0,0,0,0,0,12000000,10.0,Nebraska,Nebraska,,,
3100,3180,Saltystew32,Payton Wilhelm,Payton,Wilhelm,36.0,retired,,2025-04-03 11:43:46,,Wide Receiver,Slot Receiver,,,,50,0,50,0,0,73,0,0,0,0,0,0,0,0,0,0,22900000,10.0,"Frederick, MD",North Carolina,,,
3099,3178,ilarstein,Ilya Schmidt,Ilya,Schmidt,36.0,retired,,2025-04-03 11:43:46,,Wide Receiver,Slot Receiver,,,,50,0,50,0,0,50,0,0,0,0,0,0,0,0,0,0,1000000,28.0,Moscow,Bauman,,,
3098,3163,Liter,Fred Edison,Fred,Edison,36.0,retired,,2025-04-03 11:43:46,,Linebacker,Versatile LB,,,,50,0,50,0,0,994,0,0,0,0,0,0,0,0,0,0,19299020,54.0,"Milwaukee, Wisconsin",University of North Carolina,,,
3097,3156,Richards182,Martin Richards,Martin,Richards,36.0,retired,,2025-04-03 11:43:46,,Wide Receiver,Speed Receiver,,,,50,0,50,0,0,50,0,0,0,0,0,0,0,0,0,0,6000000,11.0,New York,NYC,,,
3096,3193,BearGhost90,Harrison Holt,Harrison,Holt,36.0,retired,,2025-04-03 11:43:46,,Tight End,Possession TE,,,,50,0,50,0,0,50,0,0,0,0,0,0,0,0,0,0,6000000,45.0,"Richmond, VA",Nebraska,,,
3095,3166,seal,Pete Zuh,Pete,Zuh,36.0,retired,,2025-04-03 11:43:46,,Running Back,Receiving Back,,,,50,0,50,0,0,1006,0,0,0,0,0,0,0,0,0,0,31730000,55.0,Florida,Pepperoni University,,,
3094,2744,g2019,Sconnie McSix,Sconnie,McSix,36.0,retired,active,2025-04-03 11:43:46,,Wide Receiver,Speed Receiver,,,,50,0,50,0,0,1527,0,0,0,0,0,0,0,0,0,0,35271983,19.0,"Barrow, Alaska",University of Alaska - Anchorage,,,
3093,3161,BrettManJD,Johnny Rex Nelson,Johnny,Rex Nelson,36.0,retired,,2025-04-03 11:43:46,,Tight End,Possession TE,,,,50,0,50,0,0,50,0,0,0,0,0,0,0,0,0,0,2300000,47.0,"Elkhorn, NE",University of Nebraska Omaha,,,
3092,3158,evink,"""Scrappy"" White","""Scrappy""",White,36.0,retired,,2025-04-03 11:43:46,,Wide Receiver,Slot Receiver,,,,50,0,50,0,0,50,0,0,0,0,0,0,0,0,0,0,8000000,88.0,Rolan MN,BYU,,,
3091,3125,PBS,Dennis Rodman,Dennis,Rodman,36.0,retired,,2025-04-03 11:43:46,,Offensive Lineman,Balanced Lineman,,,,50,0,50,0,0,801,0,0,0,0,0,0,0,0,0,0,12921832,78.0,Chicago,University of Connecticut,,,
3090,3231,BaggWayy62,CJ Jones,CJ,Jones,36.0,retired,,2025-04-03 11:43:46,,Wide Receiver,Speed Receiver,,,,50,0,50,0,0,50,0,0,0,0,0,0,0,0,0,0,1000000,2.0,Longview Tx,Baylor,,,
3089,3148,JustCloud,Justin Cloud,Justin,Cloud,36.0,retired,,2025-04-03 11:43:46,,Linebacker,Pass Rusher,,,,50,0,50,0,0,302,0,0,0,0,0,0,0,0,0,0,22750000,13.0,Kansas City,USC,,,
3088,3138,Repgnar,Teemo Swift,Teemo,Swift,36.0,retired,,2025-04-03 11:43:46,,Linebacker,Pass Rusher,,,,50,0,50,0,0,1535,0,0,0,0,0,0,0,0,0,0,69654860,22.0,"Omaha, NE",University of Nebraska Lincoln,,,
3087,3218,gimme,Deuce Dawkins,Deuce,Dawkins,36.0,retired,,2025-04-03 11:43:46,,Tight End,Possession TE,,,,50,0,50,0,0,50,0,0,0,0,0,0,0,0,0,0,6000000,4.0,"Long Island, NY",UVA,,,
3086,3225,jmiddleton12,Jim Nasium,Jim,Nasium,36.0,retired,,2025-04-03 11:43:46,,Wide Receiver,Speed Receiver,,,,50,0,50,0,0,50,0,0,0,0,0,0,0,0,0,0,6000000,12.0,"Ann Arbor, Michigan",Michigan ,,,
3085,3097,winstonboogie,Winston Boogie,Winston,Boogie,36.0,retired,,2025-04-03 11:43:46,,Linebacker,Pass Rusher,,,,50,0,50,0,0,50,0,0,0,0,0,0,0,0,0,0,6000000,11.0,Funky Town,Uneducated,,,
3084,3100,Punk42AE,JR Frankenstero,JR,Frankenstero,36.0,retired,,2025-04-03 11:43:46,,Defensive End,Speed Rusher,,,,50,0,50,0,0,1357,0,0,0,0,0,0,0,0,0,0,42546600,42.0,"Reykjavik, Iceland ",University of Michigan,,,
3083,3135,TwoSocks,Zamir Kehla Jr.,Zamir,Kehla Jr.,36.0,retired,active,2025-04-03 11:43:46,,Cornerback,Physical Corner,,,,50,0,50,0,0,1481,0,0,0,0,0,0,0,0,0,0,6307076,31.0,Virginia,Virginia Tech,,,
3082,3134,Friesen1520,Ja’uan Holland,Ja’uan,Holland,36.0,retired,,2025-04-03 11:43:46,,Safety,Ball Hawk,,,,50,0,50,0,0,557,0,0,0,0,0,0,0,0,0,0,226600000,8.0,Portland Oregon,Oregon Ducks,,,
3081,2192,Arkz,Absolute Unit,Absolute,Unit,36.0,retired,,2025-04-03 11:43:46,,Quarterback,Field General,,,,50,0,50,0,0,1420,0,0,0,0,0,0,0,0,0,0,78343675,99.0,"Denver, CO",Northeastern,,,
3080,3184,Thegreatbambino,Trigger Robinson,Trigger,Robinson,36.0,retired,,2025-04-03 11:43:46,,Offensive Lineman,Athletic Lineman,,,,50,0,50,0,0,90,0,0,0,0,0,0,0,0,0,0,9000000,77.0,Miami fl,University of Florida,,,
3079,3153,Charple,Charles Chapman,Charles,Chapman,36.0,retired,active,2025-04-03 11:43:46,,Cornerback,Cover Corner,,,,50,0,50,0,0,1437,0,0,0,0,0,0,0,0,0,0,8372650,77.0,"Morgantown, West Virginia",Slippery Rock,,,
3078,2214,zaynzk,Bonzi Buddy,Bonzi,Buddy,36.0,retired,active,2025-04-03 11:43:46,,Cornerback,Physical Corner,,,,50,0,50,0,0,1441,0,0,0,0,0,0,0,0,0,0,311923635,99.0,"Bonzi Software, Inc.",University of Liverpool,,,
3077,3133,Jaywe88,PeePee Poop-Eater Sr.,PeePee,Poop-Eater Sr.,36.0,retired,active,2025-04-03 11:43:46,,Wide Receiver,Speed Receiver,,,,50,0,50,0,0,1019,0,0,0,0,0,0,0,0,0,0,622206,8.0,"Burlington, AL",Alabama A&M,,,
3076,3151,ArtyCapybara124,Lucky Pulls,Lucky,Pulls,36.0,retired,,2025-04-03 11:43:46,,Defensive Tackle,Interior Rusher,,,,50,0,50,0,0,50,0,0,0,0,0,0,0,0,0,0,8000000,19.0,Columbus Ohio,Ohio State,,,
3075,2390,Seymour,Bean Delphine Jr,Bean,Delphine Jr,36.0,retired,,2025-04-03 11:43:46,,Running Back,Speed Back,,,,50,0,50,0,0,1398,0,0,0,0,0,0,0,0,0,0,19766370,28.0,"Halifax, Nova Scotia, Canada",Dalhousie University,,,
3074,3123,XaveValor,Xavier Valorian,Xavier,Valorian,36.0,retired,,2025-04-03 11:43:46,,Defensive End,Power Rusher,,,,50,0,50,0,0,814,0,0,0,0,0,0,0,0,0,0,77092296,85.0,Chicago,Bethel University,,,
3073,24,Raven,Octavio Pérez,Octavio,Pérez,36.0,retired,active,2025-04-03 11:43:46,,Wide Receiver,Speed Receiver,,,,50,0,50,0,0,1544,0,0,0,0,0,0,0,0,0,0,81878343,37.0,"Maastricht, The Netherlands",University of Missouri,,,
3072,3104,Bunny,Orlando Doom,Orlando,Doom,36.0,retired,,2025-04-03 11:43:46,,Kicker,Accurate,,,,50,0,50,0,0,859,0,0,0,0,0,0,0,0,0,0,4974000,66.0,Transylvania ,Transylvania University ,,,
3071,3127,Ulaire,Akaki Akayre,Akaki,Akayre,36.0,retired,,2025-04-03 11:43:46,,Linebacker,Versatile LB,,,,50,0,50,0,0,1512,0,0,0,0,0,0,0,0,0,0,50063030,25.0,New York,New York,,,
3070,3103,dude_woman,Mabel Pines,Mabel,Pines,36.0,retired,,2025-04-03 11:43:46,,Defensive End,Power Rusher,,,,50,0,50,0,0,1005,0,0,0,0,0,0,0,0,0,0,24600000,8.0,"Gravity Falls, Oregon",Gravity Falls University,,,
3069,1758,FootballMan99,Dillion Whopper,Dillion,Whopper,36.0,retired,,2025-04-03 11:43:46,,Offensive Lineman,Mauler,,,,50,0,50,0,0,50,0,0,0,0,0,0,0,0,0,0,6000000,55.0,"Palestine, Texas",Yale,,,
3068,3198,DrJosh,Sleeping Fist,Sleeping,Fist,36.0,retired,,2025-04-03 11:43:46,,Kicker,Accurate,,,,50,0,50,0,0,50,0,0,0,0,0,0,0,0,0,0,6000000,9.0,Saskatchewan,Saskatchewan Community College,,,
3067,3205,Blocboykevoo223,Kevin Mason,Kevin,Mason,36.0,retired,,2025-04-03 11:43:46,,Wide Receiver,Possession Receiver,,,,50,0,50,0,0,50,0,0,0,0,0,0,0,0,0,0,6000000,2.0,Houston ,Texas,,,
3066,3118,geranimo,Trey Branch,Trey,Branch,36.0,retired,,2025-04-03 11:43:46,,Tight End,Vertical Threat,,,,50,0,50,0,0,52,0,0,0,0,0,0,0,0,0,0,10000000,28.0,Toronto,University of Michigan,,,
3065,1073,Mooty99,Zaphod Beeblebrox,Zaphod,Beeblebrox,36.0,retired,active,2025-04-03 11:43:46,,Wide Receiver,Speed Receiver,,,,50,0,50,0,0,1462,0,0,0,0,0,0,0,0,0,0,8559070,42.0,Betelgeuse V,Ursa Minor Tech,,,
3064,3116,PurpleReign,Graham Harper,Graham,Harper,36.0,retired,,2025-04-03 11:43:46,,Cornerback,Cover Corner,,,,50,0,50,0,0,410,0,0,0,0,0,0,0,0,0,0,-10569426,24.0,Baltimore,University of Maryland,,,
3063,3175,josda_,Reece Wells II,Reece,Wells II,36.0,retired,,2025-04-03 11:43:46,,Tight End,Possession TE,,,,50,0,50,0,0,399,0,0,0,0,0,0,0,0,0,0,19487050,89.0,"Toronto, Canada",University of Toronto,,,
3062,3170,Chucky,Kevin McThumper,Kevin,McThumper,36.0,retired,,2025-04-03 11:43:46,,Linebacker,Versatile LB,,,,50,0,50,0,0,1173,0,0,0,0,0,0,0,0,0,0,17369472,52.0,India,University of Houston,,,
3061,3209,KingOfTheOzone,Walter McKinley,Walter,McKinley,36.0,retired,,2025-04-03 11:43:46,,Offensive Lineman,Athletic Lineman,,,,50,0,50,0,0,921,0,0,0,0,0,0,0,0,0,0,9050000,49.0,"Gary, Indiana",The Ohio State University,,,
3060,3167,DJ Watts,DeJay Watts,DeJay,Watts,36.0,retired,,2025-04-03 11:43:46,,Running Back,Speed Back,,,,50,0,50,0,0,50,0,0,0,0,0,0,0,0,0,0,8000000,25.0,"San Antonio, TX",Georgia ,,,
3059,916,Air Crou,Roque Santa Cruz,Roque,Santa Cruz,36.0,retired,,2025-04-03 11:43:46,,Quarterback,Pocket Passer (Arch Swap Used),,,,50,0,50,0,0,1316,0,0,0,0,0,0,0,0,0,0,45899623,24.0,"Asuncion, Paraguay",Paraguay,,,
3058,3173,patsfreak27,Turt Golum,Turt,Golum,36.0,retired,,2025-04-03 11:43:46,,Tight End,Blocking TE,,,,50,0,50,0,0,305,0,0,0,0,0,0,0,0,0,0,18950000,17.0,"Plymouth, MI",Purdue University,,,
3057,3102,sathona,Savathûn T. Witchqueen,Savathûn,T. Witchqueen,36.0,retired,active,2025-04-03 11:43:46,,Defensive Tackle,All-Purpose DT,,,,50,0,50,0,0,1212,0,0,0,0,0,0,0,0,0,0,-1057070,3.0,the planet Fundament,Osmium Court,,,
3056,3188,KingEric,Eric Candola,Eric,Candola,36.0,retired,,2025-04-03 11:43:46,,Cornerback,Physical Corner,,,,50,0,50,0,0,50,0,0,0,0,0,0,0,0,0,0,1000000,7.0,Paris,Paris,,,
3055,3212,MiddleBacker52,Dustin Hamilton,Dustin,Hamilton,36.0,retired,,2025-04-03 11:43:46,,Linebacker,Pass Rusher,,,,50,0,50,0,0,50,0,0,0,0,0,0,0,0,0,0,6000000,52.0,Tulsa Ok,North Dakota State University ,,,
3054,3213,Space_Cowboy32,Caleb Lee,Caleb,Lee,36.0,retired,,2025-04-03 11:43:46,,Safety,Ball Hawk,,,,50,0,50,0,0,50,0,0,0,0,0,0,0,0,0,0,6000000,32.0,"Atlanta, Georgia",Savannah State University ,,,
3053,3121,metamogwai,Romeo Oreo,Romeo,Oreo,36.0,retired,,2025-04-03 11:43:46,,Linebacker,Versatile LB,,,,50,0,50,0,0,50,0,0,0,0,0,0,0,0,0,0,8000000,57.0,Walla Walla,Beaver College,,,
3052,2091,abh89,Harley Andrews,Harley,Andrews,36.0,retired,active,2025-04-03 11:43:46,,Cornerback,Physical Corner,,,,50,0,50,0,0,1610,0,0,0,0,0,0,0,0,0,0,334134252,99.0,"Lakeland, FL",University of Florida,,,
3051,3186,AnUnoriginalGuy,Derrick Prince,Derrick,Prince,36.0,retired,,2025-04-03 11:43:46,,Wide Receiver,Speed Receiver,,,,50,0,50,0,0,907,0,0,0,0,0,0,0,0,0,0,129202865,16.0,"Camden, NJ",Penn State,,,
3050,2599,Suggs,Suggs Upshar II,Suggs,Upshar II,36.0,retired,,2025-04-03 11:43:46,,Cornerback,Physical Corner,,,,50,0,50,0,0,319,0,0,0,0,0,0,0,0,0,0,41892690,6.0,"Portland, OR",Oregon,,,
3049,3120,RockbotRockbo,Rockbot Rockbo,Rockbot,Rockbo,36.0,retired,,2025-04-03 11:43:46,,Wide Receiver,Possession Receiver,,,,50,0,50,0,0,808,0,0,0,0,0,0,0,0,0,0,84023935,15.0,"Philadelphia, PA",Penn State,,,
3048,3124,casual_metaphor,Randy Randy,Randy,Randy,36.0,retired,,2025-04-03 11:43:46,,Running Back,Fullback,,,,50,0,50,0,0,50,0,0,0,0,0,0,0,0,0,0,8000000,45.0,"Toronto, Ontario",University of Guelph,,,
3047,3139,Chrundle,Emerson Quinn,Emerson,Quinn,36.0,retired,,2025-04-03 11:43:46,,Defensive Tackle,Interior Rusher,,,,50,0,50,0,0,395,0,0,0,0,0,0,0,0,0,0,19977650,82.0,"Visalia, California",Fresno State University,,,
3046,1097,Buttersqauch101,Patrick Cunningham,Patrick,Cunningham,36.0,retired,active,2025-04-03 11:43:46,,Kicker,Power,,,,50,0,50,0,0,263,0,0,0,0,0,0,0,0,0,0,71457798,40.0,"Casper, Wyoming",Wyoming,,,
3045,2201,LancedJack,Rab Thecrab,Rab,Thecrab,35.0,retired,,2025-04-03 11:41:29,,Running Back,Speed Back,,,,50,0,50,0,0,504,0,0,0,0,0,0,0,0,0,0,28908535,28.0,"Pathhead, Midlothian",Dalkeith High,,,
3044,1646,bjkman,Johnny Delusional,Johnny,Delusional,35.0,retired,active,2025-04-03 11:41:29,,Cornerback,Cover Corner,,,,50,0,50,0,0,783,0,0,0,0,0,0,0,0,0,0,13533500,21.0,Los Angeles,UCLA,,,
3043,3062,SneakyShadow71,Shinichi Kudo,Shinichi,Kudo,35.0,retired,,2025-04-03 11:41:29,,Wide Receiver,Speed Receiver,,,,50,0,50,0,0,80,0,0,0,0,0,0,0,0,0,0,19500000,77.0,Japan,Detectives Agency,,,
3042,1221,UpperNet,The Incredible Bulk,The,Incredible Bulk,35.0,retired,,2025-04-03 11:41:29,,Running Back,Fullback,,,,50,0,50,0,0,236,0,0,0,0,0,0,0,0,0,0,4408820,80.0,CryptoLand,The Golden Corall,,,
3041,1076,BenDover,Ace McAlister,Ace,McAlister,35.0,retired,active,2025-04-03 11:41:29,,Cornerback,Physical Corner,,,,50,0,50,0,0,1570,0,0,0,0,0,0,0,0,0,0,62696408,1.0,"Dinosaur, Colorado",Cincinatti,,,
3040,3091,Tre Martin,Tre Martin,Tre,Martin,35.0,retired,,2025-04-03 11:41:29,,Cornerback,Cover Corner,,,,50,0,50,0,0,50,0,0,0,0,0,0,0,0,0,0,6000000,3.0,Atlanta Georgia,Georgia,,,
3039,3041,Biig fella,Charles Fryar,Charles,Fryar,35.0,retired,,2025-04-03 11:41:29,,Defensive Tackle,All-Purpose DT,,,,50,0,50,0,0,50,0,0,0,0,0,0,0,0,0,0,6000000,99.0,Orlando,Uf,,,
3038,3036,Mvmitemwall,Tampa Hawthorne,Tampa,Hawthorne,35.0,retired,,2025-04-03 11:41:29,,Linebacker,Versatile LB,,,,50,0,50,0,0,73,0,0,0,0,0,0,0,0,0,0,17100000,7.0,Zephyrhills,Northwestern ,,,
3037,3070,Rocketpuppy034,Marcus Rush,Marcus,Rush,35.0,retired,,2025-04-03 11:41:29,,Safety,Ball Hawk,,,,50,0,50,0,0,50,0,0,0,0,0,0,0,0,0,0,7000000,34.0,CT,Siena,,,
3036,3026,Sen,Jayce Higins,Jayce,Higins,35.0,retired,,2025-04-03 11:41:29,,Cornerback,,,,,50,0,50,0,0,67,0,0,0,0,0,0,0,0,0,0,31000000,81.0,"Astoria, Oregon",Washington,,,
3035,1717,PMoney,Adebayo Akinfenwa,Adebayo,Akinfenwa,35.0,retired,active,2025-04-03 11:41:29,,Running Back,Power Back,,,,50,0,50,0,0,1362,0,0,0,0,0,0,0,0,0,0,9355399,10.0,London,School of Beast ,,,
3034,2243,Jimi64,Pilot RedSun,Pilot,RedSun,35.0,retired,,2025-04-03 11:41:29,,Offensive Lineman,Balanced Lineman,,,,50,0,50,0,0,404,0,0,0,0,0,0,0,0,0,0,58190396,64.0,"Newark, New Jersey",Enfield Tennis Academy,,,
3033,3012,Qball710,David Morales,David,Morales,35.0,retired,,2025-04-03 11:41:29,,Wide Receiver,Possession Receiver,,,,50,0,50,0,0,50,0,0,0,0,0,0,0,0,0,0,8100000,7.0,Indiana,Indiana University ,,,
3032,1958,hotdog,Outlaw Mode Sicko,Outlaw,Mode Sicko,35.0,retired,,2025-04-03 11:41:29,,Cornerback,Physical Corner,,,,50,0,50,0,0,1165,0,0,0,0,0,0,0,0,0,0,6055716,32.0,"Chloride, AZ",Northern Arizona University,,,
3031,1999,WildfireMicro,Jack McPherson,Jack,McPherson,35.0,retired,,2025-04-03 11:41:29,,Linebacker,Pass Rusher,,,,50,0,50,0,0,1147,0,0,0,0,0,0,0,0,0,0,15289037,97.0,Louisville Kentucky ,Florida ,,,
3030,2139,ReverendOReily,Kumquat Archipelago,Kumquat,Archipelago,35.0,retired,,2025-04-03 11:41:29,,Running Back,Receiving Back,,,,50,0,50,0,0,1491,0,0,0,0,0,0,0,0,0,0,77238255,34.0,"Gianyar, Bali, Indonesia",Stanford University,,,
3029,2063,Yeenoghu,Swantavius King,Swantavius,King,35.0,retired,,2025-04-03 11:41:29,,Kicker,Power,,,,50,0,50,0,0,1650,0,0,0,0,0,0,0,0,0,0,32758042,7.0,"Richland, Washington",Auburn University,,,
3028,3032,Insurgent1315,Daniel Sturgeon,Daniel,Sturgeon,35.0,retired,,2025-04-03 11:41:29,,Safety,Ball Hawk,,,,50,0,50,0,0,112,0,0,0,0,0,0,0,0,0,0,12600000,13.0,Austin Texas,University of texas,,,
3027,722,NamelessNate,Inactive Player,Inactive,Player,35.0,retired,,2025-04-03 11:41:29,,Safety,Enforcer,,,,50,0,50,0,0,50,0,0,0,0,0,0,0,0,0,0,56517633,35.0,"Little Rock, Arkansas",Indiana Wesleyan,,,
3026,3060,Mikelowery4,Mike Lowery,Mike,Lowery,35.0,retired,,2025-04-03 11:41:29,,Cornerback,Cover Corner,,,,50,0,50,0,0,50,0,0,0,0,0,0,0,0,0,0,6000000,1.0,Miami ,Ohio St,,,
3025,938,Baron1898,Regina Ferraro,Regina,Ferraro,35.0,retired,,2025-04-03 11:41:29,,Safety,Center Fielder,,,,50,0,50,0,0,1564,0,0,0,0,0,0,0,0,0,0,769969324,47.0,"Spotsylvania, VA",Bowdoin College,,,
3024,3021,rickymartin_irl,Waluigi Gronkowski,Waluigi,Gronkowski,35.0,retired,active,2025-04-03 11:41:29,,Tight End,Vertical Threat,,,,50,0,50,0,0,768,0,0,0,0,0,0,0,0,0,0,2550000,69.0,Mushroom Kingdom,Koopa Kollege,,,
3023,2998,Phil,Phillip King,Phillip,King,35.0,retired,,2025-04-03 11:41:29,,Safety,Center Fielder,,,,50,0,50,0,0,61,0,0,0,0,0,0,0,0,0,0,14600000,24.0,"Lansing, MI ",Michigan State,,,
3022,3048,BCY jordan,BCY Jordan,BCY,Jordan,35.0,retired,,2025-04-03 11:41:29,,Safety,Center Fielder,,,,50,0,50,0,0,50,0,0,0,0,0,0,0,0,0,0,6000000,33.0,"Atlanta, Ga",Georgia Southern,,,
3021,3093,Blizzzom,Ruud van Nistelrooy,Ruud,van Nistelrooy,35.0,retired,,2025-04-03 11:41:29,,Kicker,Accurate,,,,50,0,50,0,0,133,0,0,0,0,0,0,0,0,0,0,7000000,10.0,Netherlands,Amsterdam,,,
3020,3000,Ewok Bait,Rufus McGillicuddy,Rufus,McGillicuddy,35.0,retired,,2025-04-03 11:41:29,,Safety,Ball Hawk,,,,50,0,50,0,0,50,0,0,0,0,0,0,0,0,0,0,8000000,21.0,"Dublin, Virginia",University of Arrakis,,,
3019,3022,Aleris,Triple Option,Triple,Option,35.0,retired,active,2025-04-03 11:41:29,,Running Back,Fullback,,,,50,0,50,0,0,415,0,0,0,0,0,0,0,0,0,0,4833385,33.0,"USAFA, CO",Colorado School of Mines,,,
3018,3031,Ironshadow213,Adam Graves,Adam,Graves,35.0,retired,,2025-04-03 11:41:29,,Safety,Ball Hawk,,,,50,0,50,0,0,98,0,0,0,0,0,0,0,0,0,0,13500000,21.0,"Carbondale, Illinois",Notre Dame,,,
3017,1658,Isidore94,Maximilian Hamilton,Maximilian,Hamilton,35.0,retired,,2025-04-03 11:41:29,,Tight End,Vertical Threat,,,,50,0,50,0,0,411,0,0,0,0,0,0,0,0,0,0,33468850,94.0,Canada,University of Florida,,,
3016,3054,Doc Holiday,Doc Holiday,Doc,Holiday,35.0,retired,,2025-04-03 11:41:29,,Cornerback,Cover Corner,,,,50,0,50,0,0,50,0,0,0,0,0,0,0,0,0,0,6000000,10.0,Newerk ,Ole Miss,,,
3015,3095,SneakyPete840,Carsten Graham,Carsten,Graham,35.0,retired,,2025-04-03 11:41:29,,Tight End,Vertical Threat,,,,50,0,50,0,0,50,0,0,0,0,0,0,0,0,0,0,6000000,84.0,Kansas,Kansas University ,,,
3014,979,br0_0ker,Leek Mai-Heinous,Leek,Mai-Heinous,35.0,retired,,2025-04-03 11:41:29,,Offensive Lineman,Athletic Lineman,,,,50,0,50,0,0,1446,0,0,0,0,0,0,0,0,0,0,119964781,19.0,"Tulsa, OK",Homeskooled,,,
3013,3024,Idk1245,Ezra Williams,Ezra,Williams,35.0,retired,,2025-04-03 11:41:29,,Tight End,Vertical Threat,,,,50,0,50,0,0,50,0,0,0,0,0,0,0,0,0,0,8000000,88.0,Las Vegas,USC,,,
3012,1456,H0PPY75,Trench Warfare,Trench,Warfare,35.0,retired,,2025-04-03 11:41:29,,Offensive Lineman,Mauler,,,,50,0,50,0,0,138,0,0,0,0,0,0,0,0,0,0,13926800,77.0,"Boise, Idaho",THE Boise State University,,,
3011,3016,Kyro,John Halo,John,Halo,35.0,retired,,2025-04-03 11:41:29,,Tight End,Possession TE,,,,50,0,50,0,0,50,0,0,0,0,0,0,0,0,0,0,8000000,84.0,Atlanta,Lafayette,,,
3010,3086,seafreddy,Mistah Freddy,Mistah,Freddy,35.0,retired,,2025-04-03 11:41:29,,Defensive Tackle,Interior Rusher,,,,50,0,50,0,0,414,0,0,0,0,0,0,0,0,0,0,16476460,96.0,"Scranton, PA",Pitt,,,
3009,3084,Rested,Peter Parker,Peter,Parker,35.0,retired,,2025-04-03 11:41:29,,Running Back,Power Back,,,,50,0,50,0,0,50,0,0,0,0,0,0,0,0,0,0,6000000,44.0,New York,NYU,,,
3008,3017,fantasy football addict,Jazz Ferguson,Jazz,Ferguson,35.0,retired,,2025-04-03 11:41:29,,Wide Receiver,Slot Receiver,,,,50,0,50,0,0,50,0,0,0,0,0,0,0,0,0,0,8200000,88.0,New Orleans,Northwestern State,,,
3007,3069,adison,Adison Bond,Adison,Bond,35.0,retired,,2025-04-03 11:41:29,,Wide Receiver,Possession Receiver,,,,50,0,50,0,0,88,0,0,0,0,0,0,0,0,0,0,19400000,84.0,Florida,Oregon,,,
3006,462,toivo,Alfonso Dos Santos,Alfonso,Dos Santos,35.0,retired,,2025-04-03 11:41:29,,Kicker,Accurate,,,,50,0,50,0,0,1120,0,0,0,0,0,0,0,0,0,0,17361225,33.0,North Carolina,Wake Forest ,,,
3005,3042,Yzb.jay,Ya Boi,Ya,Boi,35.0,retired,,2025-04-03 11:41:29,,Wide Receiver,Slot Receiver,,,,50,0,50,0,0,50,0,0,0,0,0,0,0,0,0,0,1000000,14.0,Zimbabwe,Central Florida,,,
3004,413,ralams123,Jonathan Altidor,Jonathan,Altidor,35.0,retired,,2025-04-03 11:41:29,,Cornerback,Cover Corner,,,,50,0,50,0,0,261,0,0,0,0,0,0,0,0,0,0,12914800,1.0,"Lauderhill, Florida",FAMU,,,
3003,1347,AL_GRINGO,Titty Juana,Titty,Juana,35.0,retired,,2025-04-03 11:41:29,,Safety,Ball Hawk,,,,50,0,50,0,0,459,0,0,0,0,0,0,0,0,0,0,1097759,69.0,"Tijuana, MX",Luchadore University,,,
3002,3046,Troy2003,Tristin Din,Tristin,Din,35.0,retired,,2025-04-03 11:41:29,,Wide Receiver,Possession Receiver,,,,50,0,50,0,0,50,0,0,0,0,0,0,0,0,0,0,6000000,88.0,"California,US",USC,,,
3001,3025,FREDDYSEAHAWKS03,Freddy Aquique,Freddy,Aquique,35.0,retired,,2025-04-03 11:41:29,,Running Back,Power Back,,,,50,0,50,0,0,50,0,0,0,0,0,0,0,0,0,0,8000000,24.0,México City,International Educational and Spots developing university ,,,
3000,3052,only1jajuan@gmail.com,JaJuan Anthony,JaJuan,Anthony,35.0,retired,,2025-04-03 11:41:29,,Wide Receiver,Speed Receiver,,,,50,0,50,0,0,50,0,0,0,0,0,0,0,0,0,0,6000000,13.0,Denver,Ohio state,,,
2999,2162,Crodyman,Art Deco,Art,Deco,35.0,retired,,2025-04-03 11:41:29,,Cornerback,Physical Corner,,,,50,0,50,0,0,887,0,0,0,0,0,0,0,0,0,0,12007860,20.0,"Los Angeles, CA",USC,,,
2998,3087,Mobile,Mac Encheez,Mac,Encheez,35.0,retired,,2025-04-03 11:41:29,,Defensive Tackle,Interior Rusher,,,,50,0,50,0,0,129,0,0,0,0,0,0,0,0,0,0,5500000,92.0,Seattle,Washington,,,
2997,3010,Rylandb,Ryland Bunnell,Ryland,Bunnell,35.0,retired,,2025-04-03 11:41:29,,Linebacker,Versatile LB,,,,50,0,50,0,0,166,0,0,0,0,0,0,0,0,0,0,22500000,18.0,Virginia Beach Virginia,Soviet Union university state college of universities ,,,
2996,3019,KelsBells,Patty Pumpernickel,Patty,Pumpernickel,35.0,retired,,2025-04-03 11:41:29,,Defensive Tackle,,,,,50,0,50,0,0,241,0,0,0,0,0,0,0,0,0,0,15917700,50.0,California ,UCLA,,,
2995,3061,Nobody69,Moussa Sy,Moussa,Sy,35.0,retired,,2025-04-03 11:41:29,,Cornerback,Cover Corner,,,,50,0,50,0,0,50,0,0,0,0,0,0,0,0,0,0,10000000,28.0,Brooklyn,LSU,,,
2994,1384,Ephenssta,Eeeeeeee phenssta,Eeeeeeee,phenssta,35.0,retired,active,2025-04-03 11:41:29,,Wide Receiver,Speed Receiver,,,,50,0,50,0,0,894,0,0,0,0,0,0,0,0,0,0,37907271,29.0,"Denver, CO",University of Colorado,,,
2993,3040,Edward Coats,Edward Coats,Edward,Coats,35.0,retired,,2025-04-03 11:41:29,,Running Back,Power Back,,,,50,0,50,0,0,50,0,0,0,0,0,0,0,0,0,0,14000000,35.0,"San Francisco, CA",Nebraska University,,,
2992,2274,frazzle14,Queen Elizabeth II,Queen,Elizabeth II,35.0,retired,active,2025-04-03 11:41:29,,Quarterback,Field General,,,,50,0,50,0,0,1434,0,0,0,0,0,0,0,0,0,0,360695,12.0,"London, England",Eton,,,
2991,2997,DutchFF,Glenn Stockton,Glenn,Stockton,35.0,retired,,2025-04-03 11:41:29,,Linebacker,Versatile LB,,,,50,0,50,0,0,135,0,0,0,0,0,0,0,0,0,0,19095600,22.0,"Seattle, WA",University of Washington,,,
2990,3067,Timo,Timo Gamble,Timo,Gamble,35.0,retired,,2025-04-03 11:41:29,,Safety,Center Fielder,,,,50,0,50,0,0,118,0,0,0,0,0,0,0,0,0,0,16523750,24.0,Dublin,Dublin Business School,,,
2989,300,iamslm22,Aikeek Dafootbawl,Aikeek,Dafootbawl,35.0,retired,,2025-04-03 11:41:29,,Linebacker,Coverage LB,,,,50,0,50,0,0,208,0,0,0,0,0,0,0,0,0,0,97097512,6.0,Brooklyn,Penn State,,,
2988,2211,xenosthelegend,American Boot,American,Boot,35.0,retired,active,2025-04-03 11:41:29,,Tight End,Vertical Threat,,,,50,0,50,0,0,1096,0,0,0,0,0,0,0,0,0,0,6056635,2.0,Somewhere In The Midwest USA,"""The Institute of War""",,,
2987,2446,.Hoops.,Mikey Quince,Mikey,Quince,35.0,retired,,2025-04-03 11:41:29,,Offensive Lineman,Athletic Lineman,,,,50,0,50,0,0,50,0,0,0,0,0,0,0,0,0,0,6000000,56.0,"Hilo, HI",University of Hawaii,,,
2986,2999,domffl,Calvin Spiff,Calvin,Spiff,35.0,retired,active,2025-04-03 11:41:29,,Wide Receiver,Slot Receiver,,,,50,0,50,0,0,1311,0,0,0,0,0,0,0,0,0,0,4368190,10.0,"Birmingham, AL",University of Alabama at Birmingham,,,
2985,2156,Cody,Barry Badman,Barry,Badman,35.0,retired,,2025-04-03 11:41:29,,Linebacker,Coverage LB,,,,50,0,50,0,0,1278,0,0,0,0,0,0,0,0,0,0,14610702,22.0,"Savage, MN",VILLAINova,,,
2984,951,ScorpXCracker,Dorfus Jimbo Jr Jr Jr,Dorfus,Jimbo Jr Jr Jr,35.0,retired,,2025-04-03 11:41:29,,Kicker,Power,,,,50,0,50,0,0,74,0,0,0,0,0,0,0,0,0,0,25400000,35.0,Factory,Glenridge Secondary College,,,
2983,3035,Kw1,Kyzir Washington,Kyzir,Washington,35.0,retired,,2025-04-03 11:41:29,,Safety,Enforcer,,,,50,0,50,0,0,260,0,0,0,0,0,0,0,0,0,0,9200000,1.0,"Atlanta , Georgia",Ohio State,,,
2982,2964,MonCalFF,Timothy Rose,Timothy,Rose,35.0,retired,,2025-04-03 11:41:29,,Tight End,Blocking TE,,,,50,0,50,0,0,50,0,0,0,0,0,0,0,0,0,0,8000000,86.0,"Shevegas, WI",Mon Cala College,,,
2981,2540,FunnyManLuke,Robot Gyles Marrett.exe,Robot,Gyles Marrett.exe,35.0,retired,,2025-04-03 11:41:29,,Defensive End,Run Stuffer,,,,50,0,50,0,0,50,0,0,0,0,0,0,0,0,0,0,11000000,95.0,Random Texas Laboratory,Robotics School,,,
2980,3053,Doriank15,Dorian Keys,Dorian,Keys,35.0,retired,,2025-04-03 11:41:29,,Cornerback,Physical Corner,,,,50,0,50,0,0,50,0,0,0,0,0,0,0,0,0,0,6000000,24.0,Newark ,Alabama ,,,
2979,3083,TheBlazer,James Henderson,James,Henderson,35.0,retired,,2025-04-03 11:41:29,,Defensive Tackle,Interior Rusher,,,,50,0,50,0,0,50,0,0,0,0,0,0,0,0,0,0,6000000,48.0,Atlanta GA,Woodstock Tech University,,,
2978,2322,Hordle,Swantavius Torch,Swantavius,Torch,35.0,retired,,2025-04-03 11:41:29,,Wide Receiver,Return Specialist,,,,50,0,50,0,0,360,0,0,0,0,0,0,0,0,0,0,12087183,23.0,"Bellevue, WA",TCU,,,
2977,3020,jaypc8237,Spencer Rasmus,Spencer,Rasmus,35.0,retired,active,2025-04-03 11:41:29,,Running Back,Speed Back,,,,50,0,50,0,0,81,0,0,0,0,0,0,0,0,0,0,1451548,4.0,"Stockholm, Sweden",University of Alberta - Golden Bears,,,
2976,2665,Dukemarriot,Longrod Von Hugendong,Longrod,Von Hugendong,35.0,retired,,2025-04-03 11:41:29,,Offensive Lineman,Balanced Lineman,,,,50,0,50,0,0,94,0,0,0,0,0,0,0,0,0,0,16627850,74.0,"Munich, Germany",University of Iowa,,,
2975,3073,somuchjazz,So-Much Jazz,So-Much,Jazz,35.0,retired,,2025-04-03 11:41:29,,Linebacker,Versatile LB,,,,50,0,50,0,0,344,0,0,0,0,0,0,0,0,0,0,4750000,20.0,"Minneapolis, MN",Bevers Elementary,,,
2974,2160,Swanty,Swantavius Payne,Swantavius,Payne,35.0,retired,active,2025-04-03 11:41:29,,Offensive Lineman,Mauler,,,,50,0,50,0,0,1547,0,0,0,0,0,0,0,0,0,0,8692208,55.0,"Kirkland, WA",UW,,,
2973,3030,stein,Cob Corning,Cob,Corning,35.0,retired,,2025-04-03 11:41:29,,Cornerback,Physical Corner,,,,50,0,50,0,0,738,0,0,0,0,0,0,0,0,0,0,58895860,77.0,Ohio,Cornell,,,
2972,3068,Boomer,Callahan Gray,Callahan,Gray,35.0,retired,,2025-04-03 11:41:29,,Safety,Enforcer,,,,50,0,50,0,0,50,0,0,0,0,0,0,0,0,0,0,5000000,48.0,Pittsburgh PA,Pitt,,,
2971,3005,Bak24,Zach Baker,Zach,Baker,35.0,retired,,2025-04-03 11:41:29,,Wide Receiver,Slot Receiver,,,,50,0,50,0,0,50,0,0,0,0,0,0,0,0,0,0,8000000,2.0,Pittsburgh ,California University of Pennsylvania ,,,
2970,271,Ben,Donatello McTurtle,Donatello,McTurtle,35.0,retired,active,2025-04-03 11:41:29,,Offensive Lineman,Balanced Lineman ,,,,50,0,50,0,0,505,0,0,0,0,0,0,0,0,0,0,-169410,72.0,New York City Sewers,Shaolin Temple,,,
2969,3051,Oosy,Chino Yepez,Chino,Yepez,35.0,retired,,2025-04-03 11:41:29,,Offensive Lineman,Athletic Lineman,,,,50,0,50,0,0,50,0,0,0,0,0,0,0,0,0,0,6000000,75.0,LV,Michigan,,,
2968,3047,Comm12,Nabeel Syed,Nabeel,Syed,35.0,retired,,2025-04-03 11:41:29,,Tight End,Vertical Threat,,,,50,0,50,0,0,50,0,0,0,0,0,0,0,0,0,0,6000000,56.0,Saint Louis,University of Missouri (Mizzou),,,
2967,3004,votszyyyy,Drew Baker,Drew,Baker,35.0,retired,,2025-04-03 11:41:29,,Linebacker,Versatile LB,,,,50,0,50,0,0,50,0,0,0,0,0,0,0,0,0,0,8000000,71.0,Phoenix,Pittsburgh,,,
2966,3056,JamesDaGOAT,James Rivers Jr,James,Rivers Jr,35.0,retired,,2025-04-03 11:41:29,,Running Back,Receiving Back,,,,50,0,50,0,0,50,0,0,0,0,0,0,0,0,0,0,6000000,5.0,Cleveland ,bryant & stratton college,,,
2965,3007,ABK 556,Davyon White,Davyon,White,35.0,retired,,2025-04-03 11:41:29,,Safety,Ball Hawk,,,,50,0,50,0,0,50,0,0,0,0,0,0,0,0,0,0,8000000,1.0,Fort worth Texas,Oklahoma State,,,
2964,3023,TheSunIsBright,Hans R. Stone,Hans,R. Stone,35.0,retired,,2025-04-03 11:41:29,,Cornerback,Physical Corner,,,,50,0,50,0,0,57,0,0,0,0,0,0,0,0,0,0,10990440,25.0,"Greenville, North Carolina",East Carolina (ECU),,,
2963,1028,TeyonSchavari,Anthony Stark,Anthony,Stark,35.0,retired,,2025-04-03 11:41:29,,Cornerback,Physical Corner,,,,50,0,50,0,0,1088,0,0,0,0,0,0,0,0,0,0,49984371,85.0,New York,MIT,,,
2962,3001,Roconator,Rocky Franklin Jr,Rocky,Franklin Jr,35.0,retired,,2025-04-03 11:41:29,,Cornerback,Slot Corner,,,,50,0,50,0,0,76,0,0,0,0,0,0,0,0,0,0,9420920,7.0,California ,Alabama ,,,
2961,3006,Lilkee97,Keenan Archer,Keenan,Archer,35.0,retired,,2025-04-03 11:41:29,,Cornerback,Cover Corner,,,,50,0,50,0,0,50,0,0,0,0,0,0,0,0,0,0,8000000,28.0,"Montreal, Canada",Concordia University,,,
2960,2342,Faelax,Ollie O’Donnell,Ollie,O’Donnell,35.0,retired,,2025-04-03 11:41:29,,Wide Receiver,Slot Receiver,,,,50,0,50,0,0,186,0,0,0,0,0,0,0,0,0,0,27403300,91.0,"Cork, Ireland",University College Cork,,,
2959,3028,icnamu,Ignacio Desoto,Ignacio,Desoto,35.0,retired,,2025-04-03 11:41:29,,Defensive Tackle,Interior Rusher,,,,50,0,50,0,0,192,0,0,0,0,0,0,0,0,0,0,15916300,90.0,Madrid,UCLA,,,
2958,3002,Footballll,Owen Williams,Owen,Williams,35.0,retired,,2025-04-03 11:41:29,,Running Back,Speed Back,,,,50,0,50,0,0,50,0,0,0,0,0,0,0,0,0,0,8100000,77.0,Nanaimo ,Boston ,,,
2957,3043,mitch_musa,Mitch Mu$a,Mitch,Mu$a,35.0,retired,,2025-04-03 11:41:29,,Wide Receiver,Speed Receiver,,,,50,0,50,0,0,50,0,0,0,0,0,0,0,0,0,0,6000000,3.0,Philadelphia ,Him University ,,,
2956,3092,crazykeyoung,Alexzander Moore,Alexzander,Moore,35.0,retired,,2025-04-03 11:41:29,,Offensive Lineman,Mauler,,,,50,0,50,0,0,50,0,0,0,0,0,0,0,0,0,0,8000000,88.0,New Jersey ,Penn state,,,
2955,2198,GuitarMaster116,Ttollem Mada,Ttollem,Mada,35.0,retired,active,2025-04-03 11:41:29,,Wide Receiver,Possession Receiver,,,,50,0,50,0,0,969,0,0,0,0,0,0,0,0,0,0,12147840,53.0,"Nashville, Tennessee",Yes,,,
2954,2245,Asked Madden,Owen Farrell,Owen,Farrell,35.0,retired,active,2025-04-03 11:41:29,,Offensive Lineman,Mauler,,,,50,0,50,0,0,1541,0,0,0,0,0,0,0,0,0,0,59576600,10.0,Wigan England,Saracens Academy,,,
2953,3066,Tedstern2001,Sawyer Stern,Sawyer,Stern,35.0,retired,,2025-04-03 11:41:29,,Offensive Lineman,Athletic Lineman,,,,50,0,50,0,0,50,0,0,0,0,0,0,0,0,0,0,6000000,88.0,"Seattle, WA",WSU,,,
2952,2341,Exogorthian,Jose Cortales,Jose,Cortales,35.0,retired,,2025-04-03 11:41:29,,Wide Receiver,Speed Receiver,,,,50,0,50,0,0,50,0,0,0,0,0,0,0,0,0,0,15200000,12.0,Philidelphia PA,Penn State,,,
2951,3013,CoolDude657898,Jonathon Redding,Jonathon,Redding,35.0,retired,,2025-04-03 11:41:29,,Kicker,Accurate,,,,50,0,50,0,0,50,0,0,0,0,0,0,0,0,0,0,8000000,8.0,"Ithaca, NY",Buffalo,,,
2950,3045,Mattematicas2082,Reginald Vel Johnson,Reginald,Vel Johnson,35.0,retired,,2025-04-03 11:41:29,,Defensive Tackle,Interior Rusher,,,,50,0,50,0,0,50,0,0,0,0,0,0,0,0,0,0,6000000,99.0,Chicago,Notre Dame,,,
2949,3063,Dab.exe,Richard Skinns,Richard,Skinns,35.0,retired,,2025-04-03 11:41:29,,Cornerback,Cover Corner,,,,50,0,50,0,0,108,0,0,0,0,0,0,0,0,0,0,8005250,23.0,"New York, NY",Harvard,,,
2948,1729,Troen,Draft Steal,Draft,Steal,35.0,retired,,2025-04-03 11:41:29,,Cornerback,Physical Corner,,,,50,0,50,0,0,1576,0,0,0,0,0,0,0,0,0,0,4165855,96.0,"Barstow, CA",Fresno State,,,
2947,1619,Big Edd,Daddy Edd,Daddy,Edd,35.0,retired,,2025-04-03 11:41:29,,Defensive Tackle,Interior Rusher,,,,50,0,50,0,0,50,0,0,0,0,0,0,0,0,0,0,76813847,69.0,Bikini Bottom,USC,,,
2946,3055,johnthehighlight,John Taylor jr,John,Taylor jr,35.0,retired,,2025-04-03 11:41:29,,Running Back,Speed Back,,,,50,0,50,0,0,50,0,0,0,0,0,0,0,0,0,0,6000000,21.0,Dallas,Alabama ,,,
2945,3011,Azjha_59,Sam Azjha,Sam,Azjha,35.0,retired,,2025-04-03 11:41:29,,Linebacker,Versatile LB ,,,,50,0,50,0,0,64,0,0,0,0,0,0,0,0,0,0,27700000,59.0,"Whitstable, United Kingdom",South Hampton University,,,
2944,3049,Sprout,Augustine Sprout,Augustine,Sprout,35.0,retired,,2025-04-03 11:41:29,,Safety,Enforcer,,,,50,0,50,0,0,50,0,0,0,0,0,0,0,0,0,0,6000000,3.0,Waterloo,TCU,,,
2943,3077,mer,Carissa van Campen,Carissa,van Campen,35.0,retired,,2025-04-03 11:41:29,,Linebacker,Coverage LB,,,,50,0,50,0,0,1292,0,0,0,0,0,0,0,0,0,0,4368499,10.0,"The Hague, Netherlands","University of Maryland, College Park",,,
2942,2926,EmeraldRayneMan,Koen Van Dalen,Koen,Van Dalen,34.0,retired,,2025-04-03 11:41:18,,Safety,Center Fielder,,,,50,0,50,0,0,50,0,0,0,0,0,0,0,0,0,0,6000000,26.0,"Alkmaar, Netherlands ",University of Washington ,,,
2941,2928,BasserBurger,Virginia Emmet,Virginia,Emmet,34.0,retired,,2025-04-03 11:41:18,,Tight End,Vertical Threat,,,,50,0,50,0,0,243,0,0,0,0,0,0,0,0,0,0,9450000,15.0,"Richmond, Virginia",Virginia Tech,,,
2940,2931,Dindog,Joey Din,Joey,Din,34.0,retired,active,2025-04-03 11:41:18,,Defensive End,Speed Rusher,,,,50,0,50,0,0,1271,0,0,0,0,0,0,0,0,0,0,43522334,13.0,El Centro,Arizona,,,
2939,1740,jdourtled,Erwin Kemp,Erwin,Kemp,34.0,retired,,2025-04-03 11:41:18,,Wide Receiver,Possession Receiver,,,,50,0,50,0,0,1089,0,0,0,0,0,0,0,0,0,0,18376870,81.0,"Sammamish, Washington",James Madison,,,
2938,2977,treysermonguy,Alex Lopez,Alex,Lopez,34.0,retired,,2025-04-03 11:41:18,,Safety,Ball Hawk,,,,50,0,50,0,0,57,0,0,0,0,0,0,0,0,0,0,3500000,6.0,"Boca Chica, SAN",University of Kansas,,,
2937,2080,MobiausGrander,Solace Avenger,Solace,Avenger,34.0,retired,active,2025-04-03 11:41:18,,Linebacker,Pass Rusher,,,,50,0,50,0,0,1456,0,0,0,0,0,0,0,0,0,0,23163524,22.0,Miami,University of Florida,,,
2936,2925,ImSatanJunior,Lucius Salem,Lucius,Salem,34.0,retired,active,2025-04-03 11:41:18,,Tight End,Vertical Threat,,,,50,0,50,0,0,1439,0,0,0,0,0,0,0,0,0,0,38116149,66.0,London,UAB,,,
2935,1098,Lowlycrib,Tyron Brackenridge Jr.,Tyron,Brackenridge Jr.,34.0,retired,active,2025-04-03 11:41:18,,Linebacker,Versatile LB,,,,50,0,50,0,0,366,0,0,0,0,0,0,0,0,0,0,3466477,12.0,Canada,University of Maryland ,,,
2934,2937,KingOercy,Ayomide Ayodele,Ayomide,Ayodele,34.0,retired,,2025-04-03 11:41:18,,Wide Receiver,Speed Receiver,,,,50,0,50,0,0,214,0,0,0,0,0,0,0,0,0,0,24500000,18.0,"Tulsa, Oklahoma",OU,,,
2933,2965,Feral,Bom Trady,Bom,Trady,34.0,retired,,2025-04-03 11:41:18,,Safety,Ball Hawk,,,,50,0,50,0,0,71,0,0,0,0,0,0,0,0,0,0,8000000,14.0,Detroit,Michigan,,,
2932,2996,tommeson,Tom Taylor,Tom,Taylor,34.0,retired,,2025-04-03 11:41:18,,Safety,Ball Hawk,,,,50,0,50,0,0,366,0,0,0,0,0,0,0,0,0,0,17010780,11.0,"Vancouver, BC",University of Florida,,,
2931,1661,Tesla,- Cross-Eriksen,-,Cross-Eriksen,34.0,retired,active,2025-04-03 11:41:18,,Safety,Center Fielder,,,,50,0,50,0,0,1572,0,0,0,0,0,0,0,0,0,0,199341187,27.0,Venus,Not Applicable,,,
2930,2970,TheSnuggleBunny,Heimdall Davidson,Heimdall,Davidson,34.0,retired,,2025-04-03 11:41:18,,Tight End,Vertical Threat,,,,50,0,50,0,0,50,0,0,0,0,0,0,0,0,0,0,8500000,88.0,South Carolina,Florida Gulf Coast University,,,
2929,2920,Gordon Bombay,Louis Blondin,Louis,Blondin,34.0,retired,,2025-04-03 11:41:18,,Wide Receiver,Speed Receiver,,,,50,0,50,0,0,1612,0,0,0,0,0,0,0,0,0,0,1993333,9.0,"Saguenay,Québec,Canada",Université Laval,,,
2928,2020,24redcrayons,Ram 1500,Ram,1500,34.0,retired,,2025-04-03 11:41:18,,Running Back,Speed Back,,,,50,0,50,0,0,131,0,0,0,0,0,0,0,0,0,0,25712745,22.0,"Dearborn, Michigan",University of Michigan,,,
2927,2908,Vik,Drakocarr Sunazzo,Drakocarr,Sunazzo,34.0,retired,,2025-04-03 11:41:18,,Linebacker,Pass Rusher,,,,50,0,50,0,0,88,0,0,0,0,0,0,0,0,0,0,14993750,66.0,"Bael Turath, Toril",Baeul Turath Community College,,,
2926,23,Saliva^,Moustache Santoso,Moustache,Santoso,34.0,retired,,2025-04-03 11:41:18,,Kicker,Accurate,,,,50,0,50,0,0,125,0,0,0,0,0,0,0,0,0,0,12175666,18.0,"Pace, Florida",Minnesota Golden Gophers,,,
2925,2915,Dannyboy,John Gailor,John,Gailor,34.0,retired,,2025-04-03 11:41:18,,Safety,Ball Hawk,,,,50,0,50,0,0,57,0,0,0,0,0,0,0,0,0,0,7000000,40.0,"Paris, Texas",Texas State,,,
2924,2968,Element,Alex Armstrong,Alex,Armstrong,34.0,retired,,2025-04-03 11:41:18,,Wide Receiver,Possession Receiver,,,,50,0,50,0,0,266,0,0,0,0,0,0,0,0,0,0,4508850,87.0,Berlin,San Jose,,,
2923,1350,roastfuego,Tobey Holland-Garfield,Tobey,Holland-Garfield,34.0,retired,,2025-04-03 11:41:18,,Cornerback,Slot Corner,,,,50,0,50,0,0,50,0,0,0,0,0,0,0,0,0,0,19410608,88.0,"Brooklyn, New York",Empire State University,,,
2922,2938,lennylyons,Lenny Lyons,Lenny,Lyons,34.0,retired,,2025-04-03 11:41:18,,Running Back,Receiving Back,,,,50,0,50,0,0,246,0,0,0,0,0,0,0,0,0,0,3300000,34.0,"Albany, GA",Ga. Southern ,,,
2921,565,PaytonM34,Larry Jenkins,Larry,Jenkins,34.0,retired,,2025-04-03 11:41:18,,Offensive Lineman,Mauler,,,,50,0,50,0,0,242,0,0,0,0,0,0,0,0,0,0,30370035,69.0,Earth,Yes,,,
2920,2930,caniliveforever2,Nordly Banjo Jr.,Nordly,Banjo Jr.,34.0,retired,,2025-04-03 11:41:18,,Linebacker,Versatile LB,,,,50,0,50,0,0,50,0,0,0,0,0,0,0,0,0,0,6000000,21.0,"Toronto, Canada",Michigan State,,,
2919,2990,Slippy,Titus Samson,Titus,Samson,34.0,retired,,2025-04-03 11:41:18,,Safety,Center Fielder,,,,50,0,50,0,0,250,0,0,0,0,0,0,0,0,0,0,1450000,19.0,Miami,Florida State,,,
2918,2939,kiddhokage,Derrick Armstrong,Derrick,Armstrong,34.0,retired,,2025-04-03 11:41:18,,Wide Receiver,Possession Receiver,,,,50,0,50,0,0,150,0,0,0,0,0,0,0,0,0,0,7912650,7.0,Greenville,Ecu,,,
2917,2966,NotSoGood88,Nacho Macho Man,Nacho,Macho Man,34.0,retired,,2025-04-03 11:41:18,,Tight End,Possession TE ,,,,50,0,50,0,0,276,0,0,0,0,0,0,0,0,0,0,7100000,88.0,"Auburn, AL",Auburn,,,
2916,2918,Vaxlare,Zayne Dangle,Zayne,Dangle,34.0,retired,,2025-04-03 11:41:18,,Wide Receiver,Slot Receiver,,,,50,0,50,0,0,1199,0,0,0,0,0,0,0,0,0,0,11500000,55.0,"Dallas, Texas",Florida,,,
2915,1770,yonggarius,Simon The Frog,Simon,The Frog,34.0,retired,active,2025-04-03 11:41:18,,Cornerback,Cover Corner,,,,50,0,50,0,0,944,0,0,0,0,0,0,0,0,0,0,267834825,15.0,"Dallas, TX",Oregon,,,
2914,1959,DatSmolBoi,Ian Cole III,Ian,Cole III,34.0,retired,,2025-04-03 11:41:18,,Kicker,Power,,,,50,0,50,0,0,215,0,0,0,0,0,0,0,0,0,0,8441281,6.0,"Provo, Utah",Utah,,,
2913,2975,kumabear,Kuma Bear,Kuma,Bear,34.0,retired,,2025-04-03 11:41:18,,Offensive Lineman,Balanced Lineman,,,,50,0,50,0,0,67,0,0,0,0,0,0,0,0,0,0,14000000,31.0,New York,Stanford,,,
2912,2936,fetchwell,Matthew Bee,Matthew,Bee,34.0,retired,,2025-04-03 11:41:18,,Safety,Ball Hawk,,,,50,0,50,0,0,163,0,0,0,0,0,0,0,0,0,0,14848480,16.0,"Duluth, Minnesota",University of Minnesota,,,
2911,2898,YoungBuck,Demetrius Matthews,Demetrius,Matthews,34.0,retired,,2025-04-03 11:41:18,,Cornerback,Physical Corner,,,,50,0,50,0,0,109,0,0,0,0,0,0,0,0,0,0,11150000,22.0,Memphis,Alabama,,,
2910,395,Evok,Franz Udo Culman-Kaiser,Franz,Udo Culman-Kaiser,34.0,retired,,2025-04-03 11:41:18,,Offensive Lineman,Athletic Lineman,,,,50,0,50,0,0,958,0,0,0,0,0,0,0,0,0,0,36550000,42.0,Germany,United States Naval Academy,,,
2909,1602,stupiduglyidiot,Cuttino Mobley,Cuttino,Mobley,34.0,retired,,2025-04-03 11:41:18,,Cornerback,Slot Corner,,,,50,0,50,0,0,300,0,0,0,0,0,0,0,0,0,0,9200000,6.0,"Passaic, NJ",Syracuse University,,,
2908,1999,WildfireMicro,Trevor Lorenzen,Trevor,Lorenzen,34.0,retired,,2025-04-03 11:41:18,,Quarterback,Field General,,,,50,0,50,0,0,180,0,0,0,0,0,0,0,0,0,0,15289037,14.0,Lexington Kentucky ,Kentucky ,,,
2907,2933,Unown_Figure,Mary Simpson IV,Mary,Simpson IV,34.0,retired,,2025-04-03 11:41:18,,Linebacker,Versatile LB,,,,50,0,50,0,0,62,0,0,0,0,0,0,0,0,0,0,10000000,97.0,Santa Barbara,UCSI,,,
2906,1482,rapideagle,Bageshwari Singh,Bageshwari,Singh,34.0,retired,,2025-04-03 11:41:18,,Cornerback,Cover Corner,,,,50,0,50,0,0,984,0,0,0,0,0,0,0,0,0,0,28063740,11.0,"Varanasi, India",University of Chicago,,,
2905,1550,Jangorhino,chim rickles,chim,rickles,34.0,retired,,2025-04-03 11:41:18,,Safety,Center Fielder,,,,50,0,50,0,0,1376,0,0,0,0,0,0,0,0,0,0,284806382,75.0,point loma california ,idaho state ,,,
2904,2947,gatormatthew,Orange Justice,Orange,Justice,34.0,retired,,2025-04-03 11:41:18,,Running Back,Receiving Back,,,,50,0,50,0,0,228,0,0,0,0,0,0,0,0,0,0,14513600,30.0,United States,Florida,,,
2903,2916,thattacklingguy,Matthew Ashley,Matthew,Ashley,34.0,retired,,2025-04-03 11:41:18,,Linebacker,Versatile LB,,,,50,0,50,0,0,117,0,0,0,0,0,0,0,0,0,0,12875000,77.0,"Anchorage, Alaska",University of Georgia,,,
2902,1424,BRNXB0MBERS,"""Captain"" Billy Stinkwater","""Captain""",Billy Stinkwater,34.0,retired,active,2025-04-03 11:41:18,,Wide Receiver,Speed Receiver,,,,50,0,50,0,0,1531,0,0,0,0,0,0,0,0,0,0,23472063,89.0,"Lexington, KY",University of Kentucky,,,
2901,2924,yaboiejp,Eric Pirtle,Eric,Pirtle,34.0,retired,,2025-04-03 11:41:18,,Cornerback,Cover Corner,,,,50,0,50,0,0,50,0,0,0,0,0,0,0,0,0,0,6000000,24.0,"Flint,Michigan ",Ohio,,,
2900,582,speculadora,Michael Patrick Porkins,Michael,Patrick Porkins,34.0,retired,active,2025-04-03 11:41:18,,Running Back,Fullback,,,,50,0,50,0,0,262,0,0,0,0,0,0,0,0,0,0,10604601,42.0,"Salisbury, NC",UNC Charlotte,,,
2899,2175,GlimsTC,Ganyu -,Ganyu,-,34.0,retired,active,2025-04-03 11:41:18,,Offensive Lineman,Athletic Lineman,,,,50,0,50,0,0,967,0,0,0,0,0,0,0,0,0,0,90339366,5.0,"Miami, Ohio",University of Florida,,,
2898,2259,Doomraider,Benny Hana,Benny,Hana,34.0,retired,,2025-04-03 11:41:18,,Tight End,Possession TE,,,,50,0,50,0,0,192,0,0,0,0,0,0,0,0,0,0,17928430,17.0,"Osaka, Japan",University of South Florida,,,
2897,2179,TMosura,Spot RoboDog,Spot,RoboDog,34.0,retired,,2025-04-03 11:41:18,,Linebacker,Versatile LB,,,,50,0,50,0,0,173,0,0,0,0,0,0,0,0,0,0,21130860,39.0,Boston,Massachusetts Institute of Technology,,,
2896,2978,The_Juggernaut,Smasha Face,Smasha,Face,34.0,retired,,2025-04-03 11:41:18,,Running Back,Power Back,,,,50,0,50,0,0,106,0,0,0,0,0,0,0,0,0,0,3000000,68.0,Skullsmasherz Territory (Romania),Harvard,,,
2895,1310,scorycory,Ains Ool Gown,Ains,Ool Gown,34.0,retired,,2025-04-03 11:41:18,,Running Back,Receiving Back,,,,50,0,50,0,0,175,0,0,0,0,0,0,0,0,0,0,11126568,66.0,,,,,
2894,2967,ShaboiShawn12,Aldon LaGreca,Aldon,LaGreca,34.0,retired,,2025-04-03 11:41:18,,Defensive End,Power Rusher,,,,50,0,50,0,0,69,0,0,0,0,0,0,0,0,0,0,17600000,92.0,New York City,University at Buffalo,,,
2893,1641,RussDrivesTheBus,Russet Buster,Russet,Buster,34.0,retired,active,2025-04-03 11:41:18,,Safety,Ball Hawk,,,,50,0,50,0,0,1509,0,0,0,0,0,0,0,0,0,0,580214420,93.0,Idaho City,College of Southern Idaho,,,
2892,2976,ctots,Theo Lariat,Theo,Lariat,34.0,retired,active,2025-04-03 11:41:18,,Cornerback,,,,,50,0,50,0,0,630,0,0,0,0,0,0,0,0,0,0,37905520,64.0,"Cincinnati, Ohio",Cincinnati,,,
2891,2891,a_cupof_bread,JJ Lopez-Daniels,JJ,Lopez-Daniels,34.0,retired,,2025-04-03 11:41:18,,Tight End,Vertical Threat,,,,50,0,50,0,0,193,0,0,0,0,0,0,0,0,0,0,12042300,81.0,"Las Vegas, Nevada",Texas Tech,,,
2890,594,Drizzy,Darius Bailey,Darius,Bailey,34.0,retired,active,2025-04-03 11:41:18,,Wide Receiver,Speed Receiver,,,,50,0,50,0,0,492,0,0,0,0,0,0,0,0,0,0,12692615,88.0,Biloxi,Ole Miss,,,
2889,2927,davidwbrooks0,Tommy Fairplay,Tommy,Fairplay,34.0,retired,,2025-04-03 11:41:18,,Linebacker,Pass Rusher,,,,50,0,50,0,0,57,0,0,0,0,0,0,0,0,0,0,6000000,1.0,Cincinnati Ohio,Ohio State,,,
2888,2958,Bellwood,Abe Froman,Abe,Froman,34.0,retired,,2025-04-03 11:41:18,,Wide Receiver,Slot Receiver,,,,50,0,50,0,0,74,0,0,0,0,0,0,0,0,0,0,8000000,86.0,Chicago,University of Chicago,,,
2887,2277,ConnorM123,Ozamataz Buckshank,Ozamataz,Buckshank,34.0,retired,,2025-04-03 11:41:18,,Running Back,Speed BAck,,,,50,0,50,0,0,581,0,0,0,0,0,0,0,0,0,0,66872105,6.0,Edinburgh,Stanford,,,
2886,2929,coyotejim,Blaze Jennings,Blaze,Jennings,34.0,retired,,2025-04-03 11:41:18,,Safety,Ball Hawk,,,,50,0,50,0,0,62,0,0,0,0,0,0,0,0,0,0,10000000,20.0,"San Antonio, TX",Florida,,,
2885,2921,jcoberd,JC Ouellette,JC,Ouellette,34.0,retired,,2025-04-03 11:41:18,,Kicker,Accurate,,,,50,0,50,0,0,50,0,0,0,0,0,0,0,0,0,0,8100000,13.0,"Reno, NV",University of Nevada,,,
2884,792,MrStennett,Rumble Ronson,Rumble,Ronson,34.0,retired,,2025-04-03 11:41:18,,Linebacker,Versatile LB,,,,50,0,50,0,0,780,0,0,0,0,0,0,0,0,0,0,38002300,22.0,"Huntsville, AL",Auburn,,,
2883,867,slothfacekilla,Michaelangelo McTurtle,Michaelangelo,McTurtle,34.0,retired,active,2025-04-03 11:41:18,,Running Back,Receiving Back,,,,50,0,50,0,0,1363,0,0,0,0,0,0,0,0,0,0,77538151,92.0,A sewer in New York City,NYU,,,
2882,2923,TheNC206,Sam Sung,Sam,Sung,34.0,retired,active,2025-04-03 11:41:18,,Safety,Ball Hawk,,,,50,0,50,0,0,884,0,0,0,0,0,0,0,0,0,0,11040560,52.0,"San Jose, California",Korea,,,
2881,1267,Inf1d3l,Sittin Desque,Sittin,Desque,34.0,retired,,2025-04-03 11:41:18,,Cornerback,Slot Corner,,,,50,0,50,0,0,50,0,0,0,0,0,0,0,0,0,0,11100000,42.0,"Parma, OH",Penn State,,,
2880,25,RavensFanFromOntario,Smasha Face,Smasha,Face,34.0,retired,,2025-04-03 11:41:18,,Running Back,Power Back,,,,50,0,50,0,0,106,0,0,0,0,0,0,0,0,0,0,14902966,68.0,Skullsmasherz Territory (Romania),Harvard,,,
2879,2981,twizzle2,Jeremiah Terry-Reynolds,Jeremiah,Terry-Reynolds,34.0,retired,,2025-04-03 11:41:18,,Wide Receiver,Speed Receiver,,,,50,0,50,0,0,57,0,0,0,0,0,0,0,0,0,0,6000000,86.0,"Charlottesville, VA",Youngstown State,,,
2878,2919,myfbusters,Kit Houston,Kit,Houston,34.0,retired,,2025-04-03 11:41:18,,Kicker,Power,,,,50,0,50,0,0,57,0,0,0,0,0,0,0,0,0,0,8000000,92.0,"Dunedin, New Zealand",Guilford College,,,
2877,2932,RocketMan13,Dane Johnson Jr.,Dane,Johnson Jr.,34.0,retired,,2025-04-03 11:41:18,,Offensive Lineman,Mauler,,,,50,0,50,0,0,821,0,0,0,0,0,0,0,0,0,0,11050000,73.0,"Toledo, OH",University of Toledo,,,
2876,2082,Z-Whiz,Spottie O’Dopaliscious,Spottie,O’Dopaliscious,34.0,retired,active,2025-04-03 11:41:18,,Cornerback,Physical Corner,,,,50,0,50,0,0,1412,0,0,0,0,0,0,0,0,0,0,5050425,3.0,"Savannah, GA",University of Oregon,,,
2875,861,soryantyler,Olajide Olatunji,Olajide,Olatunji,34.0,retired,,2025-04-03 11:41:18,,Defensive End,Speed Rusher,,,,50,0,50,0,0,65,0,0,0,0,0,0,0,0,0,0,24899795,11.0,"Watford, England",N/A,,,
2874,1592,mithrandir,Elessar Jones,Elessar,Jones,34.0,retired,,2025-04-03 11:41:18,,Quarterback,Gunslinger,,,,50,0,50,0,0,1242,0,0,0,0,0,0,0,0,0,0,5540681,7.0,"Lexington, KY",Miami University,,,
2873,1304,Nokazoa,Boone McCoy,Boone,McCoy,34.0,retired,,2025-04-03 11:41:18,,Defensive End,Power Rusher,,,,50,0,50,0,0,267,0,0,0,0,0,0,0,0,0,0,-5675177,17.0,"Clarksville, TN",University of Kentucky,,,
2872,2987,micool132,Nathan Explosion,Nathan,Explosion,34.0,retired,active,2025-04-03 11:41:18,,Defensive End,Speed Rusher,,,,50,0,50,0,0,1112,0,0,0,0,0,0,0,0,0,0,11497200,66.0,"New Port Richey, Florida",UQAC,,,
2871,2912,MoreliaSpilota,Roscoe White,Roscoe,White,34.0,retired,,2025-04-03 11:41:18,,Quarterback,Gunslinger,,,,50,0,50,0,0,89,0,0,0,0,0,0,0,0,0,0,16568690,21.0,"Dothan, Alabama",University Of Georgia,,,
2870,1511,Briedaqueduc,Molki Koivu,Molki,Koivu,33.0,retired,active,2025-04-03 11:41:08,,Tight End,Possession TE,,,,50,0,50,0,0,679,0,0,0,0,0,0,0,0,0,0,1832383,86.0,"Laval, Canada",Concordia University,,,
2869,2284,ThunderTitan82,President Camacho,President,Camacho,33.0,retired,active,2025-04-03 11:41:08,,Wide Receiver,Slot Receiver,,,,50,0,50,0,0,1021,0,0,0,0,0,0,0,0,0,0,661025512,36.0,Detroit,Notre Dame,,,
2868,1501,3lewsers,Kahn Cussion,Kahn,Cussion,33.0,retired,,2025-04-03 11:41:08,,Linebacker,Versatile LB,,,,50,0,50,0,0,1499,0,0,0,0,0,0,0,0,0,0,-961090,54.0,"Los Angeles, CA",Utah State University,,,
2867,2879,TheBruisedBagel,Andrew Millar,Andrew,Millar,33.0,retired,,2025-04-03 11:41:08,,Safety,Ball Hawk,,,,50,0,50,0,0,52,0,0,0,0,0,0,0,0,0,0,6000000,27.0,"Columbus, Ohio",The Ohio State University,,,
2866,2656,sarah,Double Doink,Double,Doink,33.0,retired,,2025-04-03 11:41:08,,Kicker,Power,,,,50,0,50,0,0,1018,0,0,0,0,0,0,0,0,0,0,-960650,88.0,"Chicago, IL",Bishop Sycamore,,,
2865,2904,CrazyAwesomeDude,Kevin Moore,Kevin,Moore,33.0,retired,,2025-04-03 11:41:08,,Wide Receiver,Possession Receiver,,,,50,0,50,0,0,50,0,0,0,0,0,0,0,0,0,0,6000000,86.0,"Glendale, AZ",UTSA,,,
2864,2880,landyn_reyes,Landyn Reyes,Landyn,Reyes,33.0,retired,,2025-04-03 11:41:08,,Wide Receiver,Slot Receiver,,,,50,0,50,0,0,50,0,0,0,0,0,0,0,0,0,0,6000000,3.0,Antwerp Ohio ,Tiffin University ,,,
2863,2870,BrainBeans,Clyde Sanderson,Clyde,Sanderson,33.0,retired,,2025-04-03 11:41:08,,Safety,Ball Hawk,,,,50,0,50,0,0,50,0,0,0,0,0,0,0,0,0,0,12000000,24.0,"Fort Wayne, IN",Houston Baptist University,,,
2862,2899,Fergarzar,Fernando Garza,Fernando,Garza,33.0,retired,,2025-04-03 11:41:08,,Wide Receiver,Speed Receiver,,,,50,0,50,0,0,52,0,0,0,0,0,0,0,0,0,0,6000000,34.0,Mexico,Florida,,,
2861,1391,Wombat,Daybe Downbad,Daybe,Downbad,33.0,retired,,2025-04-03 11:41:08,,Kicker,Accurate ,,,,50,0,50,0,0,154,0,0,0,0,0,0,0,0,0,0,12119420,69.0,Sugma,Candice,,,
2860,2144,Pat,Christian Marciano,Christian,Marciano,33.0,retired,,2025-04-03 11:41:08,,Defensive Tackle,,,,,50,0,50,0,0,1402,0,0,0,0,0,0,0,0,0,0,485237312,9.0,"St. Paul, MN",Concordia University,,,
2859,207,Jiggly_333,Kawai Bartok,Kawai,Bartok,33.0,retired,active,2025-04-03 11:41:08,,Running Back,Speed Back,,,,50,0,50,0,0,285,0,0,0,0,0,0,0,0,0,0,-152273,6.0,"Sendai, Japan",University of Wisconsin-Madison,,,
2858,1847,sakrosankt,King Zeus,King,Zeus,33.0,retired,,2025-04-03 11:41:08,,Cornerback,Physical Corner ,,,,50,0,50,0,0,1444,0,0,0,0,0,0,0,0,0,0,20139838,1.0,Olympus,University of Gods,,,
2857,2073,CementHands,Raphael McTurtle,Raphael,McTurtle,33.0,retired,active,2025-04-03 11:41:08,,Defensive Tackle,Nose Tackle,,,,50,0,50,0,0,1417,0,0,0,0,0,0,0,0,0,0,43461788,96.0,Sewers,Shaolin Temple,,,
2856,2876,Ethan12,Ethan Williamson,Ethan,Williamson,33.0,retired,,2025-04-03 11:41:08,,Cornerback,Physical Corner,,,,50,0,50,0,0,50,0,0,0,0,0,0,0,0,0,0,6000000,15.0,South Carolina ,Florida state ,,,
2855,2875,Hoveyth,Cracka Hovey,Cracka,Hovey,33.0,retired,,2025-04-03 11:41:08,,Defensive End,Power Rusher,,,,50,0,50,0,0,50,0,0,0,0,0,0,0,0,0,0,6000000,95.0,hood,yourmomshouse,,,
2854,2884,Yagoyi,Pablo Pombo,Pablo,Pombo,33.0,retired,,2025-04-03 11:41:08,,Offensive Lineman,Mauler,,,,50,0,50,0,0,50,0,0,0,0,0,0,0,0,0,0,6000000,50.0,"Manaus, Brazil",Arizona State University,,,
2853,2874,TubaDeus,Daron Arnold,Daron,Arnold,33.0,retired,active,2025-04-03 11:41:08,,Defensive End,Power Rusher,,,,50,0,50,0,0,1545,0,0,0,0,0,0,0,0,0,0,652785490,99.0,Chicago,University of Illinois,,,
2852,1692,DrChops,Bud R. Fingers,Bud,R. Fingers,33.0,retired,,2025-04-03 11:41:08,,Wide Receiver,Possession Receiver,,,,50,0,50,0,0,437,0,0,0,0,0,0,0,0,0,0,63020499,3.0,"Sydney, Australia ",William and Mary,,,
2851,2843,Dirtybird,Ryan Anderson,Ryan,Anderson,33.0,retired,,2025-04-03 11:41:08,,Quarterback,Mobile,,,,50,0,50,0,0,50,0,0,0,0,0,0,0,0,0,0,13300000,14.0,Charlotte,Alabama ,,,
2850,1124,TubbyTim69,DeAndre King,DeAndre,King,33.0,retired,active,2025-04-03 11:41:08,,Running Back,Receiving Back,,,,50,0,50,0,0,1040,0,0,0,0,0,0,0,0,0,0,57080426,20.0,Canada ,Coastal Carolina ,,,
2849,950,ValorX77,Videl Valor,Videl,Valor,33.0,retired,active,2025-04-03 11:41:08,,Linebacker,Pass Rusher,,,,50,0,50,0,0,814,0,0,0,0,0,0,0,0,0,0,671610608,66.0,"Guangdong, China",UCLA,,,
2848,2871,Cole Devin,Cole Deviney,Cole,Deviney,33.0,retired,,2025-04-03 11:41:08,,Running Back,Receiving Back,,,,50,0,50,0,0,50,0,0,0,0,0,0,0,0,0,0,12000000,1.0,Atlanta,Georgia,,,
2847,2893,Masu Chan,Mason Jones,Mason,Jones,33.0,retired,,2025-04-03 11:41:08,,Linebacker,Versatile LB,,,,50,0,50,0,0,253,0,0,0,0,0,0,0,0,0,0,14000000,43.0,"Toronto, Canada",Notre Dame,,,
2846,1980,Philliesphan96,Joe Smokes,Joe,Smokes,33.0,retired,,2025-04-03 11:41:08,,Linebacker,Versatile LB,,,,50,0,50,0,0,692,0,0,0,0,0,0,0,0,0,0,32820459,96.0,"Saint-Denis, France",American University of Paris,,,
2845,2841,Bedrock18,Kyle Johnson,Kyle,Johnson,33.0,retired,,2025-04-03 11:41:08,,Wide Receiver,Possession Receiver,,,,50,0,50,0,0,50,0,0,0,0,0,0,0,0,0,0,7000000,88.0,Sginaw,Valley St,,,
2844,2860,TheBigDee12,Sandwich Maker,Sandwich,Maker,33.0,retired,,2025-04-03 11:41:08,,Tight End,Possession TE,,,,50,0,50,0,0,73,0,0,0,0,0,0,0,0,0,0,15000000,29.0,Iraq,Bishop Christian Preschool,,,
2843,2878,Fatfish89,Thokk The Scarred,Thokk,The Scarred,33.0,retired,,2025-04-03 11:41:08,,Linebacker,Versatile LB,,,,50,0,50,0,0,69,0,0,0,0,0,0,0,0,0,0,12500000,55.0,The shattered wastes,IDK,,,
2842,2869,PaganPadre,Leroy Jenkins,Leroy,Jenkins,33.0,retired,,2025-04-03 11:41:08,,Defensive Tackle,All-Purpose DT,,,,50,0,50,0,0,50,0,0,0,0,0,0,0,0,0,0,12000000,29.0,Lake Charles ,McNesse,,,
2841,2887,LANEFROST,Lane Frost II,Lane,Frost II,33.0,retired,,2025-04-03 11:41:08,,Offensive Lineman,Mauler,,,,50,0,50,0,0,773,0,0,0,0,0,0,0,0,0,0,8220988,77.0,"Peoria, Illinois",University of Miami,,,
2840,2298,mook,Marvin Toledo,Marvin,Toledo,33.0,retired,,2025-04-03 11:41:08,,Running Back,Speed Back,,,,50,0,50,0,0,366,0,0,0,0,0,0,0,0,0,0,12433800,15.0,"Ontario, Canada",Syracuse,,,
2839,2009,Faded,Able Archer,Able,Archer,33.0,retired,,2025-04-03 11:41:08,,Defensive End,Power Rusher,,,,50,0,50,0,0,611,0,0,0,0,0,0,0,0,0,0,27235485,85.0,"Portland, Maine",Penn State,,,
2838,2898,YoungBuck,Rocky Hendrix,Rocky,Hendrix,33.0,retired,,2025-04-03 11:41:08,,Wide Receiver,Slot Receiver,,,,50,0,50,0,0,60,0,0,0,0,0,0,0,0,0,0,11150000,11.0,USA,LSU,,,
2837,2883,egyeager,Ted Stevens,Ted,Stevens,33.0,retired,,2025-04-03 11:41:08,,Wide Receiver,Slot Receiver,,,,50,0,50,0,0,77,0,0,0,0,0,0,0,0,0,0,9000000,17.0,"Tulsa, Oklahoma",University of Arkansas,,,
2836,1781,SomeSay...,The Stig,The,Stig,33.0,retired,,2025-04-03 11:41:08,,Cornerback,Cover Corner,,,,50,0,50,0,0,1484,0,0,0,0,0,0,0,0,0,0,196917228,9.0,Germany,Karting Academy,,,
2835,2885,Dylanwarren,Michael Scarn,Michael,Scarn,33.0,retired,,2025-04-03 11:41:08,,Wide Receiver,Slot Receiver,,,,50,0,50,0,0,50,0,0,0,0,0,0,0,0,0,0,6000000,8.0,"Angola, IN",Indiana University,,,
2834,2873,Amadan,Greg Strongjaw,Greg,Strongjaw,33.0,retired,,2025-04-03 11:41:08,,Defensive End,Power Rusher,,,,50,0,50,0,0,587,0,0,0,0,0,0,0,0,0,0,21512030,42.0,"Dublin, Ireland",Trinity College,,,
2833,2886,mrmcgibblets28,Mister McGibblets,Mister,McGibblets,33.0,retired,,2025-04-03 11:41:08,,Safety,Center Fielder,,,,50,0,50,0,0,57,0,0,0,0,0,0,0,0,0,0,8500000,22.0,Chicago,University of Illinois,,,
2832,2897,Amatsche6,Andrew Matsche,Andrew,Matsche,33.0,retired,,2025-04-03 11:41:08,,Safety,Enforcer,,,,50,0,50,0,0,50,0,0,0,0,0,0,0,0,0,0,6000000,6.0,Easton Maryland ,University of Maryland ,,,
2831,1930,TheRocheLimit,Dax Dangerfield,Dax,Dangerfield,33.0,retired,,2025-04-03 11:41:08,,Cornerback,Cover Corner,,,,50,0,50,0,0,1529,0,0,0,0,0,0,0,0,0,0,28526560,11.0,"Portland, OR",University of Oregon,,,
2830,2900,RDonuts,Cookie Dokha,Cookie,Dokha,33.0,retired,,2025-04-03 11:41:08,,Kicker,Accurate,,,,50,0,50,0,0,50,0,0,0,0,0,0,0,0,0,0,6000000,53.0,Dubai ,Land of Ooo Community College ,,,
2829,1625,Matty7478,Kaguya Shinomiya,Kaguya,Shinomiya,33.0,retired,,2025-04-03 11:41:08,,Safety,Center Fielder,,,,50,0,50,0,0,1038,0,0,0,0,0,0,0,0,0,0,28716778,17.0,"Tokyo, Japan",Shuchiin Academy,,,
2828,685,Moosecop,D’Nickashaw Mangoldson,D’Nickashaw,Mangoldson,33.0,retired,,2025-04-03 11:41:08,,Offensive Lineman,Balanced Lineman,,,,50,0,50,0,0,907,0,0,0,0,0,0,0,0,0,0,11478970,66.0,"East Rutherford, NJ",USC,,,
2827,2850,Talls,Nick Flint,Nick,Flint,33.0,retired,,2025-04-03 11:41:08,,Linebacker,Pass Rusher,,,,50,0,50,0,0,998,0,0,0,0,0,0,0,0,0,0,108820130,13.0,"Columbus, OH",The Ohio State University,,,
2826,2894,Napalm,Talen Farrens,Talen,Farrens,33.0,retired,,2025-04-03 11:41:08,,Safety,Ball Hawk,,,,50,0,50,0,0,301,0,0,0,0,0,0,0,0,0,0,8500000,15.0,San Antonio,Texas A&M,,,
2825,2902,Will3,William Groves,William,Groves,33.0,retired,,2025-04-03 11:41:08,,Running Back,Fullback,,,,50,0,50,0,0,205,0,0,0,0,0,0,0,0,0,0,29500000,22.0,Wheeling,West Liberty,,,
2824,2892,WackoJacko2456,Jackson Allison,Jackson,Allison,33.0,retired,,2025-04-03 11:41:08,,Running Back,Power Back,,,,50,0,50,0,0,50,0,0,0,0,0,0,0,0,0,0,6000000,24.0,Brisbane,Brisbane,,,
2823,2889,frespbomber,Tommy Jordan,Tommy,Jordan,33.0,retired,,2025-04-03 11:41:08,,Quarterback,Scrambler,,,,50,0,50,0,0,50,0,0,0,0,0,0,0,0,0,0,6000000,9.0,Detroit,Georgia,,,
2822,2877,takethehorizon,Kellan Frost,Kellan,Frost,33.0,retired,,2025-04-03 11:41:08,,Defensive End,,,,,50,0,50,0,0,189,0,0,0,0,0,0,0,0,0,0,23700000,0.0,,,,,
2821,2890,Bubba,Zane Cold,Zane,Cold,33.0,retired,active,2025-04-03 11:41:08,,Running Back,Speed Back,,,,50,0,50,0,0,1050,0,0,0,0,0,0,0,0,0,0,35646847,4.0,"Eugene, Oregon",Oregon,,,
2820,2872,KaleSalad,Leonardo McTurtle,Leonardo,McTurtle,33.0,retired,active,2025-04-03 11:41:08,,Linebacker,Versatile LB,,,,50,0,50,0,0,1573,0,0,0,0,0,0,0,0,0,0,16577903,69.0,Sewers,Shaolin Temple,,,
2819,1197,IsaStarcrossed,Fairy de Pengu,Fairy,de Pengu,33.0,retired,active,2025-04-03 11:41:08,,Cornerback,Cover Corner,,,,50,0,50,0,0,210,0,0,0,0,0,0,0,0,0,0,269936954,42.0,None,None,,,
2818,2488,SeattleSeahawksBest,Jackson Walsh,Jackson,Walsh,32.0,retired,,2025-04-03 11:41:01,,Linebacker,Versatile LB,,,,50,0,50,0,0,69,0,0,0,0,0,0,0,0,0,0,11500000,3.0,"Chelsea, MA",Boston College,,,
2817,56,solas,Lance Witt,Lance,Witt,32.0,retired,,2025-04-03 11:41:01,,Safety,Ball Hawk,,,,50,0,50,0,0,502,0,0,0,0,0,0,0,0,0,0,20200000,33.0,"Philadelphia, PA",Villanova,,,
2816,627,majesiu,Władysław II Jagiełło,Władysław,II Jagiełło,32.0,retired,,2025-04-03 11:41:01,,Wide Receiver,Possession Receiver,,,,50,0,50,0,0,52,0,0,0,0,0,0,0,0,0,0,13343916,77.0,"Wilno, Poland",Uniwersytet Jagielloński,,,
2815,2827,PugWalrus,Spicy Ron,Spicy,Ron,32.0,retired,,2025-04-03 11:41:01,,Linebacker,Pass Rusher,,,,50,0,50,0,0,1356,0,0,0,0,0,0,0,0,0,0,59069300,7.0,"Cleveland, Ohio",Kent State University,,,
2814,1486,juniped,Mauler Panda,Mauler,Panda,32.0,retired,active,2025-04-03 11:41:01,,Offensive Lineman,Mauler,,,,50,0,50,0,0,446,0,0,0,0,0,0,0,0,0,0,4986136,22.0,"Sigtuna, Sweden",North Carolina State University,,,
2813,2818,LordEscanor,Escanor Sama,Escanor,Sama,32.0,retired,,2025-04-03 11:41:01,,Wide Receiver,Speed Receiver,,,,50,0,50,0,0,806,0,0,0,0,0,0,0,0,0,0,7300530,81.0,"Raleigh, NC",LSU,,,
2812,2854,ScubaSteve23,Wyatt Berp,Wyatt,Berp,32.0,retired,,2025-04-03 11:41:01,,Linebacker,Versatile LB,,,,50,0,50,0,0,52,0,0,0,0,0,0,0,0,0,0,1000000,65.0,"Trombone, OR",Phagan's School of Beauty,,,
2811,2817,2Lzy,Doc Fireball,Doc,Fireball,32.0,retired,,2025-04-03 11:41:01,,Linebacker,Pass Rusher,,,,50,0,50,0,0,893,0,0,0,0,0,0,0,0,0,0,16546300,72.0,"Tombstone, AZ",Tombstone University,,,
2810,2838,Trempale,Lenard Graf,Lenard,Graf,32.0,retired,,2025-04-03 11:41:01,,Tight End,Vertical Threat,,,,50,0,50,0,0,1153,0,0,0,0,0,0,0,0,0,0,24105151,17.0,Munich,Oregon Ducks,,,
2809,722,NamelessNate,Timothy Teboat,Timothy,Teboat,32.0,retired,,2025-04-03 11:41:01,,Tight End,Blocking TE,,,,50,0,50,0,0,50,0,0,0,0,0,0,0,0,0,0,56517633,85.0,"Makati, Phillipines",Florida Bible College,,,
2808,2834,SpookyBazz,Spooky Bazz,Spooky,Bazz,32.0,retired,,2025-04-03 11:41:01,,Kicker,Accurate,,,,50,0,50,0,0,57,0,0,0,0,0,0,0,0,0,0,6000000,12.0,"Marianna, FL",Florida State University ,,,
2807,2812,Pablo Sanchez#5146,Pablo Sanchez,Pablo,Sanchez,32.0,retired,,2025-04-03 11:41:01,,Linebacker,Versatile LB,,,,50,0,50,0,0,81,0,0,0,0,0,0,0,0,0,0,16500000,8.0,"New Mexico, USA",New Mexico Lobos,,,
2806,800,mcgriddleluver,Arnie Rufus,Arnie,Rufus,32.0,retired,,2025-04-03 11:41:01,,Defensive End,Speed Rusher,,,,50,0,50,0,0,648,0,0,0,0,0,0,0,0,0,0,5045700,80.0,Samoa,Oregon ,,,
2805,2845,MamaB,"Mrs. ""Stacks"" McHits",Mrs.,"""Stacks"" McHits",32.0,retired,,2025-04-03 11:41:01,,Defensive End,Power Rusher,,,,50,0,50,0,0,778,0,0,0,0,0,0,0,0,0,0,6750950,62.0,"Butterville, New York",The Culinary Institute of America,,,
2804,1550,Jangorhino,creamy linguine,creamy,linguine,32.0,retired,,2025-04-03 11:41:01,,Linebacker,Versatile LB,,,,50,0,50,0,0,64,0,0,0,0,0,0,0,0,0,0,284806382,56.0,the kitchen ,Hard Knocks ,,,
2803,2820,ninja182,Jakobi Manoux,Jakobi,Manoux,32.0,retired,,2025-04-03 11:41:01,,Tight End,Vertical Threat,,,,50,0,50,0,0,50,0,0,0,0,0,0,0,0,0,0,6000000,13.0,"Anchorage, Alaska",UCF,,,
2802,2829,Egeller,Efram Geller,Efram,Geller,32.0,retired,,2025-04-03 11:41:01,,Linebacker,Versatile LB,,,,50,0,50,0,0,50,0,0,0,0,0,0,0,0,0,0,8000000,52.0,New York,Michigan,,,
2801,2847,quitedrab,Quite Drab,Quite,Drab,32.0,retired,,2025-04-03 11:41:01,,Cornerback,Cover Corner,,,,50,0,50,0,0,57,0,0,0,0,0,0,0,0,0,0,6000000,22.0,"Lagos, Nigeria",N/A,,,
2800,2864,Derek4,Dexter Datamax,Dexter,Datamax,32.0,retired,,2025-04-03 11:41:01,,Tight End,Vertical Threat,,,,50,0,50,0,0,50,0,0,0,0,0,0,0,0,0,0,6000000,47.0,Cape cod mass,Area 51,,,
2799,2846,BigMilker,Ebenezer Splooge,Ebenezer,Splooge,32.0,retired,,2025-04-03 11:41:01,,Running Back,Power Back,,,,50,0,50,0,0,50,0,0,0,0,0,0,0,0,0,0,6000000,20.0,"Topeka, Kansas",University of Arkansas Monticello,,,
2798,2203,UberBJ,Theo AwardsSystemIsBad,Theo,AwardsSystemIsBad,32.0,retired,active,2025-04-03 11:41:01,,Offensive Lineman,Mauler,,,,50,0,50,0,0,777,0,0,0,0,0,0,0,0,0,0,3690600,14.0,South Jersey,Spelman College,,,
2797,452,Rindiee,D’Hydration Hennessy,D’Hydration,Hennessy,32.0,retired,,2025-04-03 11:41:01,,Running Back,Receiving Back,,,,50,0,50,0,0,57,0,0,0,0,0,0,0,0,0,0,2347063,1.0,"Compton, California",University of California at Los Angeles,,,
2796,2840,CShockWave,Colin Kramer,Colin,Kramer,32.0,retired,,2025-04-03 11:41:01,,Safety,Ball Hawk,,,,50,0,50,0,0,168,0,0,0,0,0,0,0,0,0,0,14000000,24.0,"Omaha, NE, US",University of Nebraska-Omaha,,,
2795,2836,dtg108,Dakota Grossman,Dakota,Grossman,32.0,retired,,2025-04-03 11:41:01,,Cornerback,Cover Corner,,,,50,0,50,0,0,140,0,0,0,0,0,0,0,0,0,0,-500190,18.0,"Louisville, Kentucky",University of Louisville,,,
2794,1619,Big Edd,Lock’Edd Upmf,Lock’Edd,Upmf,32.0,retired,,2025-04-03 11:41:01,,Safety,Center Fielder,,,,50,0,50,0,0,50,0,0,0,0,0,0,0,0,0,0,76813847,23.0,Pittsburgh,USC,,,
2793,2842,riccidominic22,Dominic Ricci,Dominic,Ricci,32.0,retired,,2025-04-03 11:41:01,,Cornerback,Physical Corner,,,,50,0,50,0,0,69,0,0,0,0,0,0,0,0,0,0,17700000,5.0,"Sacramento, California",University of California,,,
2792,2821,Gyman122,Reggie Wilder,Reggie,Wilder,32.0,retired,,2025-04-03 11:41:01,,Quarterback,Mobile,,,,50,0,50,0,0,50,0,0,0,0,0,0,0,0,0,0,6000000,19.0,"St. Joseph, Missouri",Missouri,,,
2791,1902,SwankyPants31,Live Laughlove,Live,Laughlove,32.0,retired,active,2025-04-03 11:41:01,,Quarterback,Gunslinger,,,,50,0,50,0,0,1570,0,0,0,0,0,0,0,0,0,0,133366203,15.0,"Miami, FL",Florida,,,
2790,2866,YA_Tittle,Jessie Carson,Jessie,Carson,32.0,retired,,2025-04-03 11:41:01,,Linebacker,Versatile LB,,,,50,0,50,0,0,71,0,0,0,0,0,0,0,0,0,0,10000000,58.0,"New York City, New York",Miami (Florida),,,
2789,1376,W.Sconnie,Abed Nadir,Abed,Nadir,32.0,retired,,2025-04-03 11:41:01,,Safety,Center Fielder,,,,50,0,50,0,0,63,0,0,0,0,0,0,0,0,0,0,28010700,82.0,"RIVERSIDE, COLORADO",Greendale Community College,,,
2788,1333,KC15,Tobias Worthington III,Tobias,Worthington III,32.0,retired,,2025-04-03 11:41:01,,Safety,Enforcer,,,,50,0,50,0,0,641,0,0,0,0,0,0,0,0,0,0,25390210,15.0,"Greenwich, CT",Yale,,,
2787,2183,platanocat,Rocky Rhoads,Rocky,Rhoads,32.0,retired,,2025-04-03 11:41:01,,Safety,Ball Hawk,,,,50,0,50,0,0,1202,0,0,0,0,0,0,0,0,0,0,32606281,88.0,"Las Vegas, NV",Good Boy University ,,,
2786,1327,Jay_Doctor,Troy Barnes,Troy,Barnes,32.0,retired,,2025-04-03 11:41:01,,Offensive Lineman,Mauler,,,,50,0,50,0,0,761,0,0,0,0,0,0,0,0,0,0,6753995,0.0,"Denver, CO",Greendale College,,,
2785,2848,BulgePant,Taylor Swayman,Taylor,Swayman,32.0,retired,,2025-04-03 11:41:01,,Tight End,Vertical Threat,,,,50,0,50,0,0,57,0,0,0,0,0,0,0,0,0,0,6000000,11.0,Boston,Michigan State,,,
2784,794,WALDO,Jack Ryan,Jack,Ryan,32.0,retired,active,2025-04-03 11:41:01,,Cornerback,Cover Corner,,,,50,0,50,0,0,116,0,0,0,0,0,0,0,0,0,0,53094653,23.0,At Sea,N/A,,,
2783,2839,cole6249,John Riggins,John,Riggins,32.0,retired,,2025-04-03 11:41:01,,Running Back,Receiving Back,,,,50,0,50,0,0,467,0,0,0,0,0,0,0,0,0,0,20707715,44.0,"Boston, MA",University of New Hampshire,,,
2782,2806,visceralpotamus,Pasta the Turtle,Pasta,the Turtle,32.0,retired,active,2025-04-03 11:41:01,,Safety,Center Fielder,,,,50,0,50,0,0,775,0,0,0,0,0,0,0,0,0,0,8660058,54.0,"Zerk House, Newfoundland, Canada",University of Newfoundland ,,,
2781,2823,dorkman,Eater Piefell,Eater,Piefell,32.0,retired,,2025-04-03 11:41:01,,Defensive Tackle,Interior Rusher,,,,50,0,50,0,0,69,0,0,0,0,0,0,0,0,0,0,10000000,99.0,New Haven,Fordham,,,
2780,2811,Big Newff,Toucan Sam,Toucan,Sam,32.0,retired,,2025-04-03 11:41:01,,Defensive Tackle,Interior Rusher,,,,50,0,50,0,0,353,0,0,0,0,0,0,0,0,0,0,4743390,10.0,"Waterloo, Ontario",University of Waterloo,,,
2779,2832,Spankmedoodles,Ian Ohara,Ian,Ohara,32.0,retired,,2025-04-03 11:41:01,,Kicker,Accurate,,,,50,0,50,0,0,50,0,0,0,0,0,0,0,0,0,0,6000000,57.0,Yankton ,USD,,,
2778,277,SwagSloth,Booker Thomas,Booker,Thomas,32.0,retired,active,2025-04-03 11:41:01,,Linebacker,Versatile LB,,,,50,0,50,0,0,63,0,0,0,0,0,0,0,0,0,0,7976774,56.0,"Robert, LA",Arkansas State,,,
2777,2799,Brandon1994,Teckers Modise,Teckers,Modise,32.0,retired,,2025-04-03 11:41:01,,Running Back,Receiving Back,,,,50,0,50,0,0,50,0,0,0,0,0,0,0,0,0,0,12000000,27.0,Scotland,University Of Miami,,,
2776,2801,BeastTakeover,Marques Brown,Marques,Brown,32.0,retired,,2025-04-03 11:41:01,,Running Back,Speed Back,,,,50,0,50,0,0,94,0,0,0,0,0,0,0,0,0,0,23200000,1.0,Chicago,Texas A&M,,,
2775,892,SouljaBoy2007,De’Aaron Harper II,De’Aaron,Harper II,32.0,retired,,2025-04-03 11:41:01,,Cornerback,Physical Corner,,,,50,0,50,0,0,938,0,0,0,0,0,0,0,0,0,0,38352837,23.0,Miami,Florida,,,
2774,2804,Minnesotafine,Dallas Fort-Worth,Dallas,Fort-Worth,32.0,retired,,2025-04-03 11:41:01,,Offensive Lineman,Balanced Lineman,,,,50,0,50,0,0,519,0,0,0,0,0,0,0,0,0,0,24837385,68.0,"Arlington, TX",SMU,,,
2773,2807,Jobin,A Kicker,A,Kicker,32.0,retired,,2025-04-03 11:41:01,,Offensive Lineman,Balanced Lineman,,,,50,0,50,0,0,292,0,0,0,0,0,0,0,0,0,0,13100000,5.0,St. Louis,Yes,,,
2772,2833,Pocketsand007,Owen Baker,Owen,Baker,32.0,retired,,2025-04-03 11:41:01,,Defensive Tackle,Interior Rusher,,,,50,0,50,0,0,117,0,0,0,0,0,0,0,0,0,0,4129700,24.0,Las Vegas,University of Las Vegas,,,
2771,1381,Acsolap,Herc Kirkby,Herc,Kirkby,32.0,retired,,2025-04-03 11:41:01,,Tight End,Vertical Threat,,,,50,0,50,0,0,922,0,0,0,0,0,0,0,0,0,0,19741240,13.0,Philadelphia,Penn State,,,
2770,1997,kentakira,Lalu Muhammad Zohri,Lalu,Muhammad Zohri,32.0,retired,,2025-04-03 11:41:01,,Running Back,Speed Back,,,,50,0,50,0,0,1376,0,0,0,0,0,0,0,0,0,0,134403350,13.0,"North Lombok Regency, Indonesia",Bandung Institute of Technology ,,,
2769,2808,taterswc,"Zephyr ""Tater"" GreyWolf",Zephyr,"""Tater"" GreyWolf",32.0,retired,,2025-04-03 11:41:01,,Linebacker,Pass Rusher,,,,50,0,50,0,0,1222,0,0,0,0,0,0,0,0,0,0,11184258,23.0,"Forest, Canada",Nature Preserve,,,
2768,2809,za2ch,Zach Mullikin,Zach,Mullikin,32.0,retired,,2025-04-03 11:41:01,,Running Back,Speed Back,,,,50,0,50,0,0,57,0,0,0,0,0,0,0,0,0,0,12000000,13.0,Kentucky,University of Kentucky ,,,
2767,2044,Fantobens,George Fantobens,George,Fantobens,32.0,retired,,2025-04-03 11:41:01,,Defensive End,Power Rusher,,,,50,0,50,0,0,275,0,0,0,0,0,0,0,0,0,0,7200000,90.0,Florida,Arizona,,,
2766,2825,Obese_taco,Ifa Balamwezi,Ifa,Balamwezi,32.0,retired,,2025-04-03 11:41:01,,Linebacker,Coverage LB,,,,50,0,50,0,0,67,0,0,0,0,0,0,0,0,0,0,9000000,48.0,"London, ENG",Auburn,,,
2765,2819,NickDenslow,Nick Denslow,Nick,Denslow,32.0,retired,,2025-04-03 11:41:01,,Offensive Lineman,Athletic Lineman,,,,50,0,50,0,0,50,0,0,0,0,0,0,0,0,0,0,6000000,69.0,Buffalo New York,USC,,,
2764,2831,Activia,Activia Dannon,Activia,Dannon,32.0,retired,,2025-04-03 11:41:01,,Wide Receiver,Slot Receiver,,,,50,0,50,0,0,57,0,0,0,0,0,0,0,0,0,0,9529200,54.0,"Edison, NJ",Virginia Tech,,,
2763,2264,teddyoojo,Bernd D. Brot,Bernd,D. Brot,32.0,retired,,2025-04-03 11:41:01,,Wide Receiver,Speed Receiver,,,,50,0,50,0,0,1229,0,0,0,0,0,0,0,0,0,0,28201098,13.0,Kika (germany),Ruhr-Universität Bochum,,,
2762,1309,SecondSucks22,Fenrir Greyback,Fenrir,Greyback,32.0,retired,,2025-04-03 11:41:01,,Defensive Tackle,Nose Tackle,,,,50,0,50,0,0,115,0,0,0,0,0,0,0,0,0,0,24500000,98.0,England,Hogwarts,,,
2761,1766,thevoicelesscreator,Franklin Turtle,Franklin,Turtle,32.0,retired,,2025-04-03 11:41:01,,Defensive Tackle,Nose Tackle,,,,50,0,50,0,0,806,0,0,0,0,0,0,0,0,0,0,5120989,78.0,Woodland,UCLA,,,
2760,2800,By-Tor,LaDamien Beck,LaDamien,Beck,32.0,retired,active,2025-04-03 11:41:01,,Linebacker,Pass Rusher,,,,50,0,50,0,0,377,0,0,0,0,0,0,0,0,0,0,2535445,21.0,"Buchs, Switzerland",University of Zurich,,,
2759,2816,turkay,Jon Montroy,Jon,Montroy,32.0,retired,,2025-04-03 11:41:01,,Safety,Ball Hawk,,,,50,0,50,0,0,147,0,0,0,0,0,0,0,0,0,0,15952550,13.0,Columbus Wisconsin,Ur mom Cave,,,
2758,2849,GoldenOne975,Samm Gamwich,Samm,Gamwich,32.0,retired,,2025-04-03 11:41:01,,Safety,Ball Hawk,,,,50,0,50,0,0,50,0,0,0,0,0,0,0,0,0,0,6000000,42.0,Pee Pee Point,UCLA,,,
2757,2803,Patty,Wilson Twist,Wilson,Twist,32.0,retired,,2025-04-03 11:41:01,,Defensive Tackle,All-Purpose DT,,,,50,0,50,0,0,147,0,0,0,0,0,0,0,0,0,0,20000000,90.0,St. Louis,University of Illinois,,,
2756,2837,tidesoftime7,Frosty McMillian,Frosty,McMillian,32.0,retired,,2025-04-03 11:41:01,,Cornerback,Cover Corner,,,,50,0,50,0,0,50,0,0,0,0,0,0,0,0,0,0,6000000,27.0,Boston,The Culinary Institute of America,,,
2755,2822,Pvtpenne,Deshawn Penne,Deshawn,Penne,32.0,retired,,2025-04-03 11:41:01,,Tight End,Vertical Threat,,,,50,0,50,0,0,1495,0,0,0,0,0,0,0,0,0,0,137346122,86.0,"Drexel, NC",NC State,,,
2754,2826,bigb33tl3,Henry Wills,Henry,Wills,32.0,retired,,2025-04-03 11:41:01,,Wide Receiver,Speed Receiver,,,,50,0,50,0,0,50,0,0,0,0,0,0,0,0,0,0,6000000,27.0,"Atlanta, Georgia",University of Georgia,,,
2753,2802,jackalewis229,Jack Lewis,Jack,Lewis,32.0,retired,,2025-04-03 11:41:01,,Kicker,Power,,,,50,0,50,0,0,242,0,0,0,0,0,0,0,0,0,0,-81594,98.0,"Cleveland, Ohio",Wyoming,,,
2752,1643,ZootTX,Kalam Mekhar,Kalam,Mekhar,32.0,retired,active,2025-04-03 11:41:01,,Cornerback,Cover Corner,,,,50,0,50,0,0,1472,0,0,0,0,0,0,0,0,0,0,245922010,9.0,"Chili, WI",University of Wisconsin,,,
2751,2824,Noke,Danielle Hunter,Danielle,Hunter,32.0,retired,,2025-04-03 11:41:01,,Defensive End,Power Rusher,,,,50,0,50,0,0,50,0,0,0,0,0,0,0,0,0,0,6000000,99.0,Jamaica,LSU,,,
2750,2830,Bruhman123,Howard Walters,Howard,Walters,32.0,retired,,2025-04-03 11:41:01,,Offensive Lineman,Balanced Lineman,,,,50,0,50,0,0,50,0,0,0,0,0,0,0,0,0,0,6000000,75.0,Ontario Canada,Buffalo,,,
2749,2813,Mbrr1214,Marty McMahon III,Marty,McMahon III,32.0,retired,,2025-04-03 11:41:01,,Quarterback,Mobile,,,,50,0,50,0,0,50,0,0,0,0,0,0,0,0,0,0,12000000,19.0,Milwaukee,Michigan State,,,
2748,1205,goodvsevil1275,Jake Endson,Jake,Endson,32.0,retired,,2025-04-03 11:41:01,,Tight End,Vertical Threat,,,,50,0,50,0,0,131,0,0,0,0,0,0,0,0,0,0,20498248,88.0,Idaho,Boise State University,,,
2747,2439,yosh,Beeg Beeg Yoshi,Beeg,Beeg Yoshi,32.0,retired,,2025-04-03 11:41:01,,Offensive Lineman,Mauler,,,,50,0,50,0,0,380,0,0,0,0,0,0,0,0,0,0,19093760,12.0,Yoshi’s Island,Squidward Community College,,,
2746,1454,Vulfzilla,Modern Nazgûl,Modern,Nazgûl,32.0,retired,active,2025-04-03 11:41:01,,Cornerback,Physical Corner,,,,50,0,50,0,0,1163,0,0,0,0,0,0,0,0,0,0,7550150,3.0,Minas Morgul,Mordor State University,,,
2745,2835,FireKing10789,Dragazor Blaze,Dragazor,Blaze,32.0,retired,,2025-04-03 11:41:01,,Cornerback,Physical Corner,,,,50,0,50,0,0,469,0,0,0,0,0,0,0,0,0,0,12332875,21.0,"Florida, USA",Harvard,,,
2744,1266,Gwdjohnson,Garfield Despacito III,Garfield,Despacito III,32.0,retired,,2025-04-03 11:41:01,,Defensive Tackle,Interior Rusher,,,,50,0,50,0,0,335,0,0,0,0,0,0,0,0,0,0,66201660,3.0,"New Mexico, USA",University of British Colombia,,,
2743,2844,bry.dailey,Don Keedic,Don,Keedic,32.0,retired,,2025-04-03 11:41:01,,Wide Receiver,Possession Receiver,,,,50,0,50,0,0,74,0,0,0,0,0,0,0,0,0,0,12700000,9.0,Russia,Indiana University,,,
2742,2860,TheBigDee12,Lightning McQueen,Lightning,McQueen,32.0,retired,,2025-04-03 11:41:01,,Wide Receiver,Speed Receiver,,,,50,0,50,0,0,50,0,0,0,0,0,0,0,0,0,0,15000000,96.0,Los Angeles,UCLA,,,
2741,1548,LimJahey,Omni Man,Omni,Man,31.0,retired,,2025-04-03 11:40:52,,Linebacker,Versatile LB,,,,50,0,50,0,0,909,0,0,0,0,0,0,0,0,0,0,5253264,5.0,Viltrum,Viltrum Military Academy,,,
2740,1739,Thor,Ken Oath,Ken,Oath,31.0,retired,active,2025-04-03 11:39:41,,Wide Receiver,Slot Receiver,,,,50,0,50,0,0,614,0,0,0,0,0,0,0,0,0,0,317484323,4.0,Woolloomooloo,Woolloomooloo TAFE,,,
2739,2790,Cook765,Johnny Bravo,Johnny,Bravo,31.0,retired,,2025-04-03 11:39:41,,Defensive Tackle,Interior Rusher,,,,50,0,50,0,0,81,0,0,0,0,0,0,0,0,0,0,1400000,99.0,Aron City,Cartoon Network,,,
2738,1236,Frostbite,Carter Knight,Carter,Knight,31.0,retired,active,2025-04-03 11:39:41,,Quarterback,Field General,,,,50,0,50,0,0,1313,0,0,0,0,0,0,0,0,0,0,6976573,11.0,"Sarasota, Florida",UGA,,,
2737,2732,slowbe89,Blake George,Blake,George,31.0,retired,,2025-04-03 11:39:41,,Running Back,Receiving Back,,,,50,0,50,0,0,50,0,0,0,0,0,0,0,0,0,0,6000000,27.0,Columbus OHIO,Ohio State,,,
2736,1446,Reno,Tessie Garciaparra,Tessie,Garciaparra,31.0,retired,active,2025-04-03 11:39:41,,Safety,Ball Hawk,,,,50,0,50,0,0,1322,0,0,0,0,0,0,0,0,0,0,12860455,97.0,,Vanderbilt,,,
2735,883,Huskies311,Marquees Acho Jr.,Marquees,Acho Jr.,31.0,retired,,2025-04-03 11:39:41,,Offensive Lineman,Balanced Lineman,,,,50,0,50,0,0,415,0,0,0,0,0,0,0,0,0,0,23852988,84.0,"Boston, MA",UConn,,,
2734,2744,g2019,Sconnie McHits,Sconnie,McHits,31.0,retired,active,2025-04-03 11:39:41,,Linebacker,Pass Rusher,,,,50,0,50,0,0,909,0,0,0,0,0,0,0,0,0,0,35271983,19.0,"Milwaukee, WI",Wisconsin,,,
2733,2307,Pythonic,Anthony MacGuire,Anthony,MacGuire,31.0,retired,,2025-04-03 11:39:41,,Defensive Tackle, Interior Rusher,,,,50,0,50,0,0,271,0,0,0,0,0,0,0,0,0,0,8069320,32.0,"Boston, MA, USA",UMass Amherst,,,
2732,640,Toasty,R.L. Stine,R.L.,Stine,31.0,retired,,2025-04-03 11:39:41,,Defensive Tackle,All-Purpose DT,,,,50,0,50,0,0,61,0,0,0,0,0,0,0,0,0,0,32185277,10.0,"Columbus, OH",The Ohio State University,,,
2731,1257,Hallmonitor_20,Paul Monitor,Paul,Monitor,31.0,retired,,2025-04-03 11:39:41,,Offensive Lineman,Athletic Lineman,,,,50,0,50,0,0,438,0,0,0,0,0,0,0,0,0,0,11409593,62.0,"Kure Beach, NC",Howard University,,,
2730,2738,Tension,Justa Nuisance,Justa,Nuisance,31.0,retired,,2025-04-03 11:39:41,,Defensive End,Power Rusher,,,,50,0,50,0,0,50,0,0,0,0,0,0,0,0,0,0,6000000,93.0,A Hospital,Home,,,
2729,1314,JaytheGreat,Jay Spears,Jay,Spears,31.0,retired,,2025-04-03 11:39:41,,Safety,Ball Hawk,,,,50,0,50,0,0,1068,0,0,0,0,0,0,0,0,0,0,40795430,5.0,"Detroit, Michigan",Michigan,,,
2728,2718,Deluxe,Deluxe Pogger,Deluxe,Pogger,31.0,retired,,2025-04-03 11:39:41,,Running Back,Speed Back,,,,50,0,50,0,0,50,0,0,0,0,0,0,0,0,0,0,12000000,24.0,"Seattle, Washington",Ohio State,,,
2726,1312,TheManWhoSoldTheWorld,Kade Carlton,Kade,Carlton,31.0,retired,,2025-04-03 11:39:41,,Cornerback,Cover Corner,,,,50,0,50,0,0,74,0,0,0,0,0,0,0,0,0,0,15747800,8.0,"Little Havana, Miami, FL",Miami,,,
2725,2786,Patey,Johnny Patey,Johnny,Patey,31.0,retired,,2025-04-03 11:39:41,,Wide Receiver,Speed Receiver,,,,50,0,50,0,0,876,0,0,0,0,0,0,0,0,0,0,29935325,11.0,"St. John's, N.L",University of Toronto,,,
2724,2395,kmatt,Warren Buffet,Warren,Buffet,31.0,retired,,2025-04-03 11:39:41,,Tight End,Vertical Threat,,,,50,0,50,0,0,189,0,0,0,0,0,0,0,0,0,0,9253210,24.0,Calgary,"Sylvan Lake College, Alberta",,,
2723,2714,124716,Eleven Kendrick-Wotts,Eleven,Kendrick-Wotts,31.0,retired,,2025-04-03 11:39:41,,Wide Receiver,Slot Receiver,,,,50,0,50,0,0,57,0,0,0,0,0,0,0,0,0,0,9000000,12.0,US,Northwestern,,,
2722,2696,HuddleHussy,Anya Mind,Anya,Mind,31.0,retired,,2025-04-03 11:39:41,,Linebacker,Pass Rusher,,,,50,0,50,0,0,182,0,0,0,0,0,0,0,0,0,0,29700000,13.0,"Sochi, Russia",University of Oregon ,,,
2721,1210,DeadlyPlayer,Lennay Kekua,Lennay,Kekua,31.0,retired,,2025-04-03 11:39:41,,Defensive Tackle,,,,,50,0,50,0,0,1018,0,0,0,0,0,0,0,0,0,0,118005180,0.0,,,,,
2720,2729,Cool Kid,Jalen Hopkins,Jalen,Hopkins,31.0,retired,,2025-04-03 11:39:41,,Wide Receiver,Speed Receiver,,,,50,0,50,0,0,59,0,0,0,0,0,0,0,0,0,0,8000000,87.0,New York,Oklahoma Sooners,,,
2719,2736,Donkey,Donkey Johnson,Donkey,Johnson,31.0,retired,,2025-04-03 11:39:41,,Tight End,Possession TE,,,,50,0,50,0,0,96,0,0,0,0,0,0,0,0,0,0,22200000,8.0,California ,UCLA,,,
2718,2728,Jerms,Doc Holliday,Doc,Holliday,31.0,retired,,2025-04-03 11:39:41,,Cornerback,Physical Corner,,,,50,0,50,0,0,404,0,0,0,0,0,0,0,0,0,0,14300000,67.0,"Rome, Italy",The Colosseum,,,
2717,2720,danieldbook,Thomas Hollands,Thomas,Hollands,31.0,retired,,2025-04-03 11:39:41,,Wide Receiver,Slot Receiver,,,,50,0,50,0,0,103,0,0,0,0,0,0,0,0,0,0,11500000,43.0,"Kingston upon Thames, London",UCLA,,,
2716,320,HalfEatenOnionBagel,Orpheus Czargyros,Orpheus,Czargyros,31.0,retired,,2025-04-03 11:39:41,,Safety,Center Fielder,,,,50,0,50,0,0,1296,0,0,0,0,0,0,0,0,0,0,12893645,44.0,Frontseat of a '72 Chevy,"University of Redlands, Rancho Cucamonga",,,
2715,2268,Southie,Lot Smith VIII,Lot,Smith VIII,31.0,retired,active,2025-04-03 11:39:41,,Running Back,Power Back,,,,50,0,50,0,0,395,0,0,0,0,0,0,0,0,0,0,3215340,28.0,"Fort Lauderdale, Florida",Brigham Young College,,,
2714,2737,Michiganonymous,Spike Daniels,Spike,Daniels,31.0,retired,active,2025-04-03 11:39:41,,Safety,Ball Hawk,,,,50,0,50,0,0,1327,0,0,0,0,0,0,0,0,0,0,4747144,47.0,"Grand Rapids, Michigan",Northwestern,,,
2713,2774,bambooboy,Kirk Smith-Johnston,Kirk,Smith-Johnston,31.0,retired,,2025-04-03 11:39:41,,Safety,Ball Hawk,,,,50,0,50,0,0,50,0,0,0,0,0,0,0,0,0,0,6000000,22.0,Baltimore,University of Maryland,,,
2712,2716,Luke_Is_Rox,Lucas Arnold,Lucas,Arnold,31.0,retired,,2025-04-03 11:39:41,,Safety,Ball Hawk,,,,50,0,50,0,0,76,0,0,0,0,0,0,0,0,0,0,15500000,22.0,Washington D.C.,Ohio State,,,
2711,2717,captjanko,Morpheus Czargyros,Morpheus,Czargyros,31.0,retired,,2025-04-03 11:39:41,,Defensive End,Speed Rusher,,,,50,0,50,0,0,1116,0,0,0,0,0,0,0,0,0,0,48168492,99.0,Backseat of a '72 Chevy,"University of Redlands, Rancho Cucamonga",,,
2710,1949,Dagumpa,Amari Springer,Amari,Springer,31.0,retired,,2025-04-03 11:39:41,,Safety,Ball Hawk,,,,50,0,50,0,0,1231,0,0,0,0,0,0,0,0,0,0,22923327,84.0,"Minneapolis, Minnesota",Bemidji State University,,,
2709,78,Vikain,Rodka Raskolnikov,Rodka,Raskolnikov,31.0,retired,,2025-04-03 11:39:41,,Wide Receiver,Possession Receiver,,,,50,0,50,0,0,829,0,0,0,0,0,0,0,0,0,0,29106000,86.0,Moscow,UCF,,,
2708,2780,Brook,Brookie Cookie,Brookie,Cookie,31.0,retired,,2025-04-03 11:39:41,,Tight End,Vertical Threat,,,,50,0,50,0,0,50,0,0,0,0,0,0,0,0,0,0,1000000,24.0,hanover ,Bunker Hill Community College ,,,
2707,2739,Anstrilla,Jon Snow,Jon,Snow,31.0,retired,,2025-04-03 11:39:41,,Cornerback,Cover Corner,,,,50,0,50,0,0,50,0,0,0,0,0,0,0,0,0,0,6000000,23.0,Winterfell,WU,,,
2706,2733,Deathdog,Felix Halloway,Felix,Halloway,31.0,retired,,2025-04-03 11:39:41,,Cornerback,Physical Corner,,,,50,0,50,0,0,57,0,0,0,0,0,0,0,0,0,0,6000000,78.0,Chicago,North Carolina,,,
2705,2713,shoxwon,Erick Bolanos,Erick,Bolanos,31.0,retired,,2025-04-03 11:39:41,,Defensive End,Speed Rusher,,,,50,0,50,0,0,433,0,0,0,0,0,0,0,0,0,0,8250000,69.0,"Wichita, KS",Wichita State University,,,
2704,2785,Doornob,Billy Doornob,Billy,Doornob,31.0,retired,,2025-04-03 11:39:41,,Kicker,Power,,,,50,0,50,0,0,125,0,0,0,0,0,0,0,0,0,0,10037717,69.0,Utah,Utah ,,,
2703,299,tlk742,Rookie Sensation,Rookie,Sensation,31.0,retired,,2025-04-03 11:39:41,,Cornerback,Cover Corner,,,,50,0,50,0,0,132,0,0,0,0,0,0,0,0,0,0,7971001,35.0,"Norwalk, CT",Beloit College,,,
2702,2712,Dextaria,Beniri T’Chawama,Beniri,T’Chawama,31.0,retired,,2025-04-03 11:39:41,,Offensive Lineman,Balanced Lineman,,,,50,0,50,0,0,1182,0,0,0,0,0,0,0,0,0,0,293395,35.0,"Moroni, Comoros",,,,
2701,2724,LeatherneckMike,Michael Carimi,Michael,Carimi,31.0,retired,,2025-04-03 11:39:41,,Offensive Lineman,Balanced Lineman,,,,50,0,50,0,0,639,0,0,0,0,0,0,0,0,0,0,28018890,99.0,Granger Indiana,Western Illinois University,,,
2700,2755,Helcim,Ben Delabaguette,Ben,Delabaguette,31.0,retired,,2025-04-03 11:39:41,,Cornerback,Slot Corner,,,,50,0,50,0,0,278,0,0,0,0,0,0,0,0,0,0,17050000,7.0,06/07/2000,Pessac (France),,,
2699,2721,DoctorDookie,Walter Sanders,Walter,Sanders,31.0,retired,,2025-04-03 11:39:41,,Running Back,Speed Back,,,,50,0,50,0,0,57,0,0,0,0,0,0,0,0,0,0,12000000,23.0,"New York City, NY",USC,,,
2698,2761,NepNeppy,Nep Neppy,Nep,Neppy,31.0,retired,,2025-04-03 11:39:41,,Defensive Tackle,Interior Rusher,,,,50,0,50,0,0,144,0,0,0,0,0,0,0,0,0,0,13500000,94.0,Tokyo,University of California ,,,
2697,1919,SnowyWolfz,"Malcador ""The Hero""",Malcador,"""The Hero""",31.0,retired,,2025-04-03 11:39:41,,Wide Receiver,,,,,50,0,50,0,0,597,0,0,0,0,0,0,0,0,0,0,8555760,16.0,Unknown,University of Florida,,,
2696,2747,zayanm,Eric Hall,Eric,Hall,31.0,retired,,2025-04-03 11:39:41,,Cornerback,Physical Corner,,,,50,0,50,0,0,77,0,0,0,0,0,0,0,0,0,0,12801430,6.0,"Mesa, AZ",University of Michigan,,,
2695,1425,MisObvious,Doo Fus,Doo,Fus,31.0,retired,,2025-04-03 11:39:41,,Defensive End,Speed Rusher,,,,50,0,50,0,0,113,0,0,0,0,0,0,0,0,0,0,29038749,7.0,Indianapolis ,Purdue,,,
2694,2734,T1GMikeOxlong,Mike Oxlong,Mike,Oxlong,31.0,retired,,2025-04-03 11:39:41,,Cornerback,Slot Corner,,,,50,0,50,0,0,50,0,0,0,0,0,0,0,0,0,0,6000000,23.0,New Jersey,Georgia ,,,
2693,1135,woelkers,Cedric Wilkins II,Cedric,Wilkins II,31.0,retired,active,2025-04-03 11:39:41,,Cornerback,Slot Corner,,,,50,0,50,0,0,1294,0,0,0,0,0,0,0,0,0,0,8176762,5.0,"Baton Rouge, LA",University of Alabama,,,
2692,1937,Highhaschdi,Nick Kaepercolin Jr.,Nick,Kaepercolin Jr.,31.0,retired,,2025-04-03 11:39:41,,Wide Receiver,Slot Receiver,,,,50,0,50,0,0,1355,0,0,0,0,0,0,0,0,0,0,10009515,41.0,"Berlin, Germany",BMS,,,
2691,2758,Rangerjase,Zoltan -,Zoltan,-,31.0,retired,,2025-04-03 11:39:41,,Offensive Lineman,Mauler,,,,50,0,50,0,0,534,0,0,0,0,0,0,0,0,0,0,20400000,7.0,The forest ,Cult of Zoltan university ,,,
2690,2750,jalvin,Ty Knotts,Ty,Knotts,31.0,retired,,2025-04-03 11:39:41,,Kicker,Accurate,,,,50,0,50,0,0,52,0,0,0,0,0,0,0,0,0,0,6000000,9.0,Baton Rouge,LSU,,,
2689,1331,Net,Jaycee Higgins,Jaycee,Higgins,31.0,retired,,2025-04-03 11:39:41,,Wide Receiver,Slot Receiver,,,,50,0,50,0,0,1070,0,0,0,0,0,0,0,0,0,0,19675832,18.0,"Astoria, Oregon",Washington,,,
2688,12,DELIRIVM,Sakeem Webb,Sakeem,Webb,31.0,retired,active,2025-04-03 11:39:41,,Linebacker,Pass Rusher,,,,50,0,50,0,0,810,0,0,0,0,0,0,0,0,0,0,45853530,1.0,"Denver, Colorado, USA",University of Colorado,,,
2687,2692,.emfaith,Kotoni Staggs,Kotoni,Staggs,31.0,retired,,2025-04-03 11:39:41,,Wide Receiver,Speed Receiver,,,,50,0,50,0,0,1455,0,0,0,0,0,0,0,0,0,0,32752310,18.0,Rockhampton,University of Georgia,,,
2686,2730,CptGoosar,Mark Goodhead,Mark,Goodhead,31.0,retired,,2025-04-03 11:39:41,,Cornerback,Cover Corner,,,,50,0,50,0,0,1434,0,0,0,0,0,0,0,0,0,0,41962093,14.0,"Repton, UK",University Of Birmingham,,,
2685,2715,nealpt,Cal Stevenson,Cal,Stevenson,31.0,retired,,2025-04-03 11:39:41,,Safety,Ball Hawk,,,,50,0,50,0,0,117,0,0,0,0,0,0,0,0,0,0,6500000,21.0,California,Ohio State University,,,
2684,1343,siddhus,Ray the Manta Ray,Ray,the Manta Ray,31.0,retired,active,2025-04-03 11:39:41,,Cornerback,Physical Corner,,,,50,0,50,0,0,920,0,0,0,0,0,0,0,0,0,0,2777750,70.0,Pacific Ocean,San Jose State,,,
2683,2743,Sonaclov,French Fries,French,Fries,31.0,retired,,2025-04-03 11:39:41,,Wide Receiver,Slot Receiver,,,,50,0,50,0,0,429,0,0,0,0,0,0,0,0,0,0,35850000,13.0,"Bordeaux, France",Castelnau,,,
2682,2731,mit416,cat dog,cat,dog,31.0,retired,,2025-04-03 11:39:41,,Tight End,Vertical Threat,,,,50,0,50,0,0,50,0,0,0,0,0,0,0,0,0,0,6000000,24.0,pluto ,mars,,,
2681,1450,MN_Moosey,Malcolm Savage,Malcolm,Savage,31.0,retired,,2025-04-03 11:39:41,,Quarterback,,,,,50,0,50,0,0,1363,0,0,0,0,0,0,0,0,0,0,322424887,0.0,,,,,
2680,1524,Ismael8907,DeCarr Rek,DeCarr,Rek,31.0,retired,,2025-04-03 11:39:41,,Linebacker,Coverage LB,,,,50,0,50,0,0,235,0,0,0,0,0,0,0,0,0,0,38350976,4.0,"Las Vegas,Nv",Fresno State,,,
2679,2719,dev,Devin Boateng,Devin,Boateng,31.0,retired,,2025-04-03 11:39:41,,Wide Receiver,Speed Receiver,,,,50,0,50,0,0,60,0,0,0,0,0,0,0,0,0,0,15000000,11.0,"Boston, MA",Michigan,,,
2678,2741,JamesGames23,James Sharkey,James,Sharkey,31.0,retired,,2025-04-03 11:39:41,,Cornerback,Cover Corner,,,,50,0,50,0,0,111,0,0,0,0,0,0,0,0,0,0,18000000,23.0,"Hudson, Wisconsin",University of Wisconsin-Eau Claire,,,
2676,552,Sopath,Dumais Wells,Dumais,Wells,31.0,retired,,2025-04-03 11:39:41,,Wide Receiver,Possession Receiver,,,,50,0,50,0,0,263,0,0,0,0,0,0,0,0,0,0,8565400,6.0,"Charleston, South Carolina",Oregon,,,
2675,2703,Bis57,Ta Falingus,Ta,Falingus,31.0,retired,,2025-04-03 11:39:41,,Defensive Tackle,Interior Rusher,,,,50,0,50,0,0,57,0,0,0,0,0,0,0,0,0,0,12000000,1.0,"Screamer, Alabama",Alabama,,,
2674,2725,TubaMasterFlex,Siaosi Multiauaopele,Siaosi,Multiauaopele,31.0,retired,,2025-04-03 11:39:41,,Safety,Enforcer,,,,50,0,50,0,0,263,0,0,0,0,0,0,0,0,0,0,22939110,37.0,"Waipahu, HI",Brigham Young University,,,
2673,2760,crazylemire,Tony Demonson,Tony,Demonson,31.0,retired,,2025-04-03 11:39:41,,Cornerback,Cover Corner,,,,50,0,50,0,0,1105,0,0,0,0,0,0,0,0,0,0,8836142,0.0,,,,,
2672,2742,Greenbaynathan,Nathan Claflin,Nathan,Claflin,31.0,retired,active,2025-04-03 11:39:41,,Linebacker,Versatile LB,,,,50,0,50,0,0,710,0,0,0,0,0,0,0,0,0,0,2838729,14.0,Alexandria VA,Syracuse,,,
2671,1851,.simo,Wendell Sailor,Wendell,Sailor,31.0,retired,,2025-04-03 11:39:41,,Quarterback,Field General,,,,50,0,50,0,0,1609,0,0,0,0,0,0,0,0,0,0,16072223,9.0,Brisbane,N/A,,,
2670,1520,Tp3480,Ikick Ballz,Ikick,Ballz,31.0,retired,,2025-04-03 11:39:41,,Kicker,Power,,,,50,0,50,0,0,422,0,0,0,0,0,0,0,0,0,0,17250000,69.0,Alaska,LSU,,,
2669,2753,Maxyman1506,Jet King,Jet,King,31.0,retired,,2025-04-03 11:39:41,,Safety,Center Fielder,,,,50,0,50,0,0,50,0,0,0,0,0,0,0,0,0,0,6000000,17.0,Basking Ridge NJ,University of Cincinnati ,,,
2668,1380,golden_apricot,Pepelegs Johnson,Pepelegs,Johnson,30.0,retired,,2025-04-03 11:34:48,,Cornerback,Physical Corner,,,,50,0,50,0,0,562,0,0,0,0,0,0,0,0,0,0,36291240,58.0,France,Smol Legs University,,,
2667,2642,Sloths1,Levy Tate,Levy,Tate,30.0,retired,,2025-04-03 11:34:48,,Kicker,Accurate,,,,50,0,50,0,0,622,0,0,0,0,0,0,0,0,0,0,-2000000,69.0,"Novgorod, Russia",Virginia Polytechnic Institute and State University ,,,
2666,2660,MrGoat1246,CMC’s Burner,CMC’s,Burner,30.0,retired,,2025-04-03 11:34:48,,Cornerback,Physical Corner,,,,50,0,50,0,0,747,0,0,0,0,0,0,0,0,0,0,7171280,5.0,Omaha,Nebraska,,,
2665,2676,Dolphins,Bradley Welch,Bradley,Welch,30.0,retired,,2025-04-03 11:34:48,,Running Back,Power Back,,,,50,0,50,0,0,495,0,0,0,0,0,0,0,0,0,0,67218449,18.0,"Orlando, Fl",,,,
2664,1098,Lowlycrib,Andy Fantuz,Andy,Fantuz,30.0,retired,active,2025-04-03 11:34:48,,Wide Receiver,,,,,50,0,50,0,0,421,0,0,0,0,0,0,0,0,0,0,3466477,12.0,"Toronto, Canada",Maryland,,,
2663,2666,Tacoshoppe,Rex Crenshaw,Rex,Crenshaw,30.0,retired,,2025-04-03 11:34:48,,Tight End,Possession TE,,,,50,0,50,0,0,933,0,0,0,0,0,0,0,0,0,0,21150000,69.0,"Boise, ID",Boise State,,,
2662,2641,JayWhy75,Jason Waterfalls,Jason,Waterfalls,30.0,retired,,2025-04-03 11:34:48,,Linebacker,Pass Rusher,,,,50,0,50,0,0,1326,0,0,0,0,0,0,0,0,0,0,15388655,29.0,"Wheeling, West Virginia",Ohio University,,,
2661,2669,SaviorHawkins,Savior Hawkins,Savior,Hawkins,30.0,retired,,2025-04-03 11:34:48,,Cornerback,Cover Corner,,,,50,0,50,0,0,180,0,0,0,0,0,0,0,0,0,0,33117876,30.0,"San Juan, Puerto Rico",University Of Central Florida,,,
2660,2705,Brian_Taylor,Brian Taylor,Brian,Taylor,30.0,retired,,2025-04-03 11:34:48,,Offensive Lineman,Balanced Lineman,,,,50,0,50,0,0,67,0,0,0,0,0,0,0,0,0,0,10000000,75.0,,University of Florida,,,
2659,2648,TakaMori152,Kiara Tenoh,Kiara,Tenoh,30.0,retired,,2025-04-03 11:34:48,,Running Back,Speed Back,,,,50,0,50,0,0,271,0,0,0,0,0,0,0,0,0,0,7356940,44.0,Underworld Japan,KFP Training Facility,,,
2658,2659,krazko,Calvin Hobbes,Calvin,Hobbes,30.0,retired,,2025-04-03 11:34:48,,Cornerback,Physical Corner,,,,50,0,50,0,0,1187,0,0,0,0,0,0,0,0,0,0,52739330,16.0,"Göteborg, Sweden",Wormwood High,,,
2657,2707,JoeyLegend,Joey McCarty,Joey,McCarty,30.0,retired,,2025-04-03 11:34:48,,Kicker,Power,,,,50,0,50,0,0,50,0,0,0,0,0,0,0,0,0,0,10000000,76.0,"London, Canada",Toronto FC Academy,,,
2656,2668,Big_Papi,Bill de La T. Dauterive,Bill,de La T. Dauterive,30.0,retired,,2025-04-03 11:34:48,,Linebacker,Versatile LB,,,,50,0,50,0,0,435,0,0,0,0,0,0,0,0,0,0,9158140,72.0,"Chateau D’Haute Rivé, New Orleans, Louisiana",Army,,,
2655,1060,Starboy,Jason Garciaparra,Jason,Garciaparra,30.0,retired,active,2025-04-03 11:34:48,,Defensive End,Speed Rusher,,,,50,0,50,0,0,1329,0,0,0,0,0,0,0,0,0,0,61947256,74.0,"Quincy, Massachusetts",Georgia Tech,,,
2654,951,ScorpXCracker,Dorfus Jimbo Jr Jr,Dorfus,Jimbo Jr Jr,30.0,retired,,2025-04-03 11:34:48,,Kicker,Power,,,,50,0,50,0,0,81,0,0,0,0,0,0,0,0,0,0,25400000,35.0,the factory ,Greendale,,,
2653,2652,cas212110,Cas Roseboom,Cas,Roseboom,30.0,retired,,2025-04-03 11:34:48,,Wide Receiver,Speed Receiver,,,,50,0,50,0,0,50,0,0,0,0,0,0,0,0,0,0,6000000,34.0,"Amsterdam, The Netherlands.",Clemson,,,
2652,2701,brewster,Kai Marshall,Kai,Marshall,30.0,retired,,2025-04-03 11:34:48,,Wide Receiver,Speed Receiver,,,,50,0,50,0,0,108,0,0,0,0,0,0,0,0,0,0,7000000,81.0,"Darwin, Australia",Boston College,,,
2651,2691,PhreshPhil,Richard Mansher,Richard,Mansher,30.0,retired,,2025-04-03 11:34:48,,Safety,Ball Hawk,,,,50,0,50,0,0,177,0,0,0,0,0,0,0,0,0,0,-800000,19.0,"Vancouver, Canada",Oregon State,,,
2650,2005,KenitohMenara,Mason Malone,Mason,Malone,30.0,retired,,2025-04-03 11:34:48,,Running Back,Power Back,,,,50,0,50,0,0,781,0,0,0,0,0,0,0,0,0,0,12851200,77.0,,University of Southern California (USC),,,
2649,2650,suley12,Sal Shaw,Sal,Shaw,30.0,retired,,2025-04-03 11:34:48,,Quarterback,Mobile,,,,50,0,50,0,0,79,0,0,0,0,0,0,0,0,0,0,10165450,12.0,"Denver, Colorado",Texas,,,
2648,2700,TheCHEESE,Ripoff CheeseBrand,Ripoff,CheeseBrand,30.0,retired,,2025-04-03 11:34:48,,Safety,Center Fielder,,,,50,0,50,0,0,187,0,0,0,0,0,0,0,0,0,0,15623450,70.0,Greece,John Hopkins University,,,
2647,1047,AlexF,"Blake ""BJ"" Faux Jr.",Blake,"""BJ"" Faux Jr.",30.0,retired,,2025-04-03 11:34:48,,Linebacker,Coverage LB,,,,50,0,50,0,0,50,0,0,0,0,0,0,0,0,0,0,16499025,40.0,"Nashville, TN",Akron,,,
2646,1341,Ry_,Ricky Stanzi,Ricky,Stanzi,30.0,retired,,2025-04-03 11:34:48,,Quarterback,Pocket Passer,,,,50,0,50,0,0,254,0,0,0,0,0,0,0,0,0,0,28457830,9.0,"Cleveland, OH",Iowa,,,
2645,764,maxcrazy,Scooter McGee,Scooter,McGee,30.0,retired,,2025-04-03 11:34:48,,Linebacker,Pass Rusher,,,,50,0,50,0,0,50,0,0,0,0,0,0,0,0,0,0,65500000,32.0,"Islip, NY ",Marist,,,
2644,2694,Twinsfan87,Jeremy Crouse,Jeremy,Crouse,30.0,retired,,2025-04-03 11:34:48,,Running Back,Fullback,,,,50,0,50,0,0,287,0,0,0,0,0,0,0,0,0,0,20758200,27.0,"Detroit, Michigan ",Alabama,,,
2643,2670,Beck,Sal Ami,Sal,Ami,30.0,retired,active,2025-04-03 11:34:48,,Wide Receiver,Speed Receiver,,,,50,0,50,0,0,1339,0,0,0,0,0,0,0,0,0,0,10720144,69.0,"Scranton, Pennsylvania ",School of Hard Knocks,,,
2642,2303,pauadrian,Tay Swizzle,Tay,Swizzle,30.0,retired,,2025-04-03 11:34:48,,Offensive Lineman,Mauler,,,,50,0,50,0,0,350,0,0,0,0,0,0,0,0,0,0,18758600,13.0,,Big Machine Records,,,
2641,2685,Accka,Rocco Blade,Rocco,Blade,30.0,retired,,2025-04-03 11:34:48,,Defensive End,,,,,50,0,50,0,0,1361,0,0,0,0,0,0,0,0,0,0,11200000,0.0,,,,,
2640,206,Zoone16,Nick L. Back,Nick,L. Back,30.0,retired,,2025-04-03 11:34:48,,Tight End,Vertical Threat,,,,50,0,50,0,0,573,0,0,0,0,0,0,0,0,0,0,20876241,69.0,"Hanna, Alberta, Canada","McGill University, Canada",,,
2639,2677,Pancakes,Jax Baker,Jax,Baker,30.0,retired,,2025-04-03 11:34:48,,Running Back,,,,,50,0,50,0,0,274,0,0,0,0,0,0,0,0,0,0,14750000,9.0,"Las Vegas, Nevada",UNLV,,,
2638,27,Tomen,Konstantin Selich,Konstantin,Selich,30.0,retired,,2025-04-03 11:34:48,,Linebacker,Coverage LB,,,,50,0,50,0,0,585,0,0,0,0,0,0,0,0,0,0,32669624,74.0,"Fulda, Germany",FAU,,,
2637,2662,Jack R.,Jack R.,Jack,R.,30.0,retired,,2025-04-03 11:34:48,,Running Back,Speed Back,,,,50,0,50,0,0,50,0,0,0,0,0,0,0,0,0,0,12000000,0.0,,,,,
2636,2690,Spartan,Caleb Watt,Caleb,Watt,30.0,retired,,2025-04-03 11:34:48,,Defensive End,Speed Rusher,,,,50,0,50,0,0,260,0,0,0,0,0,0,0,0,0,0,14914400,90.0,"Bloomington, Indiana",Indiana University,,,
2635,220,Muford,Vincent Sharpei Jr.,Vincent,Sharpei Jr.,30.0,retired,,2025-04-03 11:34:48,,Wide Receiver,Slot Receiver,,,,50,0,50,0,0,1341,0,0,0,0,0,0,0,0,0,0,45192618,17.0,,Notre Dame,,,
2634,971,TomHanks,Sheriff Woody,Sheriff,Woody,30.0,retired,active,2025-04-03 11:34:48,,Linebacker,Pass Rusher,,,,50,0,50,0,0,1259,0,0,0,0,0,0,0,0,0,0,21970352,5.0,Al's Toy Barn,None,,,
2633,2637,MMFLEX,Miles Weperom,Miles,Weperom,30.0,retired,active,2025-04-03 11:34:48,,Defensive End,Speed Rusher,,,,50,0,50,0,0,1498,0,0,0,0,0,0,0,0,0,0,73541521,38.0,,UCLA,,,
2632,1426,jeffie43,Yaji Robe,Yaji,Robe,30.0,retired,,2025-04-03 11:34:48,,Running Back,Speed Back,,,,50,0,50,0,0,213,0,0,0,0,0,0,0,0,0,0,13083003,21.0,"Toronto, ON",Wisconsin,,,
2631,1310,scorycory,Senbyō Korin,Senbyō,Korin,30.0,retired,,2025-04-03 11:34:48,,Linebacker,Pass Rusher,,,,50,0,50,0,0,169,0,0,0,0,0,0,0,0,0,0,11126568,69.0,The Lookout,The Lookout,,,
2630,2688,oilmandan,Stewart Hellraiser,Stewart,Hellraiser,30.0,retired,active,2025-04-03 11:34:48,,Defensive End,Athletic Lineman,,,,50,0,50,0,0,457,0,0,0,0,0,0,0,0,0,0,54701826,87.0,Banff. AB,Oregon,,,
2629,2657,KyleY1998,Kyle Bryant,Kyle,Bryant,30.0,retired,,2025-04-03 11:34:48,,Safety,Center Fielder,,,,50,0,50,0,0,50,0,0,0,0,0,0,0,0,0,0,9242000,22.0,"Wake Forest, NC",Wake Forest,,,
2628,2698,Kobefromthefrobe,Deffo not Leroy Leroy,Deffo,not Leroy Leroy,30.0,retired,,2025-04-03 11:34:48,,Tight End,Possession TE,,,,50,0,50,0,0,412,0,0,0,0,0,0,0,0,0,0,3471535,17.0,Sacramento ,Arizona ,,,
2627,2440,Eagle Eye,Yondu Yorukan,Yondu,Yorukan,30.0,retired,,2025-04-03 11:34:48,,Safety,Ball Hawk,,,,50,0,50,0,0,92,0,0,0,0,0,0,0,0,0,0,26000000,44.0,"Bangalore, India",UCLA,,,
2626,2640,Thelastheraclid,Cliff Burton,Cliff,Burton,30.0,retired,,2025-04-03 11:34:48,,Wide Receiver,Slot Receiver,,,,50,0,50,0,0,677,0,0,0,0,0,0,0,0,0,0,15306750,34.0,"Castro Valley, California",UCLA,,,
2625,2680,Crowe,Jared Crowe,Jared,Crowe,30.0,retired,,2025-04-03 11:34:48,,Linebacker,Coverage LB,,,,50,0,50,0,0,50,0,0,0,0,0,0,0,0,0,0,6000000,99.0,"Nashville, TN",Vanderbilt,,,
2624,459,PDXBaller,Hercules Kamealoha,Hercules,Kamealoha,30.0,retired,,2025-04-03 11:34:48,,Defensive Tackle,All-Purpose DT,,,,50,0,50,0,0,149,0,0,0,0,0,0,0,0,0,0,36693010,77.0,"Miloli'i, Hawaiʻi, U.S.",University of Hawaii,,,
2623,2423,SirBongo,Clifford Wilson,Clifford,Wilson,30.0,retired,,2025-04-03 11:34:48,,Offensive Lineman,Mauler,,,,50,0,50,0,0,250,0,0,0,0,0,0,0,0,0,0,7829550,57.0,Oshkosh,Badgers,,,
2622,2653,Pooter,JJ Slasher,JJ,Slasher,30.0,retired,,2025-04-03 11:34:48,,Wide Receiver,Speed Receiver,,,,50,0,50,0,0,92,0,0,0,0,0,0,0,0,0,0,10450950,6.0,"Birmingham, AL",UAB (University of Alabama at Birmingham),,,
2621,439,Unicorn,dont draft,dont,draft,30.0,retired,,2025-04-03 11:34:48,,Linebacker,Pass Rusher,,,,50,0,50,0,0,1123,0,0,0,0,0,0,0,0,0,0,-253004,42.0,"Long Beach, California ",UC-Berkeley,,,
2620,258,Darnellthebeast,Electric Squirrel,Electric,Squirrel,30.0,retired,,2025-04-03 11:34:48,,Running Back,Receiving Back,,,,50,0,50,0,0,79,0,0,0,0,0,0,0,0,0,0,18138000,25.0,Kentucky,Alabama,,,
2619,2699,Rigno,Ringo Starr,Ringo,Starr,30.0,retired,,2025-04-03 11:34:48,,Running Back,Speed Back,,,,50,0,50,0,0,60,0,0,0,0,0,0,0,0,0,0,6000000,30.0,"Liverpool, England",Chicago,,,
2618,2665,Dukemarriot,LaCarpetron Dukemarriot,LaCarpetron,Dukemarriot,30.0,retired,,2025-04-03 11:34:48,,Linebacker,Versatile LB,,,,50,0,50,0,0,485,0,0,0,0,0,0,0,0,0,0,16627850,21.0,"Nephi, Utah",BYU,,,
2617,2651,nhlbeastmode_7777,Brent Suzuki,Brent,Suzuki,30.0,retired,,2025-04-03 11:34:48,,Wide Receiver,,,,,50,0,50,0,0,85,0,0,0,0,0,0,0,0,0,0,16759550,0.0,"Gastonia,NC",North Carolina ,,,
2616,1285,Revolution5,Tron Carter,Tron,Carter,30.0,retired,,2025-04-03 11:34:48,,Quarterback,Field General,,,,50,0,50,0,0,1281,0,0,0,0,0,0,0,0,0,0,16981878,5.0,,Wake Forest,,,
2615,2706,unconfident,Tight End Eighty-Two,Tight,End Eighty-Two,30.0,retired,active,2025-04-03 11:34:48,,Quarterback,Pocket Passer,,,,50,0,50,0,0,1340,0,0,0,0,0,0,0,0,0,0,287122640,81.0,Houston,Washington,,,
2614,2679,mtholf14,Matthew Holford,Matthew,Holford,30.0,retired,,2025-04-03 11:34:48,,Wide Receiver,"Possession Receiver (Corey Davis, Kevin Golladay)",,,,50,0,50,0,0,334,0,0,0,0,0,0,0,0,0,0,6000000,14.0,"Newcastle, England","Newcastle University, England",,,
2613,2663,Ourcrab,Calvin Zamboni,Calvin,Zamboni,30.0,retired,,2025-04-03 11:34:48,,Running Back,Fullback,,,,50,0,50,0,0,57,0,0,0,0,0,0,0,0,0,0,6000000,85.0,Honolulu,Hawaii Pacific ,,,
2612,2101,Skindog44,Ioe Torrent,Ioe,Torrent,30.0,retired,active,2025-04-03 11:34:48,,Linebacker,Pass Rusher,,,,50,0,50,0,0,1464,0,0,0,0,0,0,0,0,0,0,1727332,0.0,,Missouri,,,
2611,2552,Billy Bighits,Bill Cherry,Bill,Cherry,30.0,retired,,2025-04-03 11:34:48,,Running Back,Power Back,,,,50,0,50,0,0,50,0,0,0,0,0,0,0,0,0,0,12000000,0.0,Emporia kansas,,,,
2610,2644,Tbone54,Miracle Whip,Miracle,Whip,30.0,retired,,2025-04-03 11:34:48,,Linebacker,Versatile LB,,,,50,0,50,0,0,421,0,0,0,0,0,0,0,0,0,0,8500000,40.0,"Kanyeville, Illinois ",Le Cordon Bleu,,,
2609,647,caltroit_red_flames,Bernie Sanders,Bernie,Sanders,30.0,retired,,2025-04-03 11:34:48,,Offensive Lineman,Balanced Lineman,,,,50,0,50,0,0,632,0,0,0,0,0,0,0,0,0,0,155558431,1.0,"Brooklyn, New York City, U.S.",University of Chicago,,,
2608,1048,C9Van,The Laz,The,Laz,30.0,retired,,2025-04-03 11:34:48,,Safety,Ball Hawk,,,,50,0,50,0,0,663,0,0,0,0,0,0,0,0,0,0,126503,42.0,,The Cult,,,
2607,2674,MattBake12,Dominos Pizzaman,Dominos,Pizzaman,30.0,retired,,2025-04-03 11:34:48,,Linebacker,Pass Rusher,,,,50,0,50,0,0,1439,0,0,0,0,0,0,0,0,0,0,19939860,0.0,"Louisville, KY",Papa Johns University,,,
2606,1045,Kendowalski,Sigo Hendricks,Sigo,Hendricks,30.0,retired,,2025-04-03 11:34:48,,Linebacker,Pass Rusher,,,,50,0,50,0,0,127,0,0,0,0,0,0,0,0,0,0,6000000,0.0,"Kingston, Jamaica ",South Dakota,,,
2605,1033,NylarthePhoenix,Owen Reed,Owen,Reed,30.0,retired,,2025-04-03 11:34:48,,Cornerback,Cover Corner,,,,50,0,50,0,0,358,0,0,0,0,0,0,0,0,0,0,16501176,21.0,"Cincinnati, OH",USC,,,
2604,1122,Bauer,Madison Beer,Madison,Beer,30.0,retired,active,2025-04-03 11:34:48,,Offensive Lineman,Balanced Lineman,,,,50,0,50,0,0,319,0,0,0,0,0,0,0,0,0,0,9855341,69.0,,ASU,,,
2603,2654,popart,Rainbow Atchinson,Rainbow,Atchinson,30.0,retired,,2025-04-03 11:34:48,,Wide Receiver,Slot Receiver,,,,50,0,50,0,0,50,0,0,0,0,0,0,0,0,0,0,6000000,82.0,"Salina, KS",Notre Dame,,,
2602,2672,wearingabear,Jimmy Nardello,Jimmy,Nardello,30.0,retired,,2025-04-03 11:34:48,,Running Back,"Speed Back (George Kittle, Darren Waller)",,,,50,0,50,0,0,112,0,0,0,0,0,0,0,0,0,0,12500000,0.0,Mt. Vesuvius,AUR,,,
2601,2638,Zema,Sunday Salami,Sunday,Salami,30.0,retired,,2025-04-03 11:34:48,,Cornerback,Cover Corner,,,,50,0,50,0,0,57,0,0,0,0,0,0,0,0,0,0,10703780,14.0,Germany,None,,,
2600,1866,TheCC,Dee Walt,Dee,Walt,30.0,retired,active,2025-04-03 11:34:48,,Safety,Center Fielder,,,,50,0,50,0,0,1437,0,0,0,0,0,0,0,0,0,0,321788905,38.0,"Iowa City, Iowa",Iowa,,,
2599,2689,Adrest245,Joseph Charles Raymond,Joseph,Charles Raymond,30.0,retired,,2025-04-03 11:34:48,,Defensive Tackle,Nose Tackle,,,,50,0,50,0,0,92,0,0,0,0,0,0,0,0,0,0,21200000,99.0,"New Delhi, India",Texas a&m,,,
2598,1419,hannahg32,JJ Jay Jay-Jaymison Jr,JJ,Jay Jay-Jaymison Jr,30.0,retired,,2025-04-03 11:34:48,,Defensive Tackle,Interior Rusher,,,,50,0,50,0,0,591,0,0,0,0,0,0,0,0,0,0,14959031,6.0,"San Jose, California",,,,
2597,2632,Dp-420,Dustin Parmelee,Dustin,Parmelee,30.0,retired,,2025-04-03 11:34:48,,Quarterback,Field General,,,,50,0,50,0,0,1334,0,0,0,0,0,0,0,0,0,0,29041075,17.0,New York City,Ohio State,,,
2596,2438,Slick,DeAndre Henry,DeAndre,Henry,30.0,retired,,2025-04-03 11:34:48,,Running Back,Speed Back,,,,50,0,50,0,0,105,0,0,0,0,0,0,0,0,0,0,4600000,10.0,Toronto Canada,Alabama ,,,
2595,1227,goodfortunecoffee,Fuzzy George,Fuzzy,George,30.0,retired,,2025-04-03 11:34:48,,Safety,Enforcer,,,,50,0,50,0,0,743,0,0,0,0,0,0,0,0,0,0,170285616,24.0,"Tacoma, WA",UTEP,,,
2594,896,terriblehippo,Squidward Tentacles,Squidward,Tentacles,30.0,retired,,2025-04-03 11:34:48,,Wide Receiver,Speed Receiver,,,,50,0,50,0,0,790,0,0,0,0,0,0,0,0,0,0,181451415,0.0,,,,,
2593,2664,0range,Mickey Docton,Mickey,Docton,30.0,retired,,2025-04-03 11:34:48,,Safety,Ball Hawk,,,,50,0,50,0,0,57,0,0,0,0,0,0,0,0,0,0,6000000,40.0,"Newark, New Jersey",Alabama,,,
2592,2695,Squeak,Steve Atwater Jr.,Steve,Atwater Jr.,30.0,retired,,2025-04-03 11:34:48,,Safety,Enforcer,,,,50,0,50,0,0,88,0,0,0,0,0,0,0,0,0,0,12700000,27.0,"Denver, CO",Colorado School of Mines,,,
2591,1822,hexify,Hex Aqua-Key’Kiann,Hex,Aqua-Key’Kiann,30.0,retired,,2025-04-03 11:34:48,,Defensive End,Speed Rusher,,,,50,0,50,0,0,620,0,0,0,0,0,0,0,0,0,0,7799999,6.0,"Honolulu, HI",Kentucky ,,,
2590,2693,PjWolf110,John Johnson,John,Johnson,30.0,retired,,2025-04-03 11:34:48,,Quarterback,QB - Field General,,,,50,0,50,0,0,50,0,0,0,0,0,0,0,0,0,0,6000000,9.0,Lawrence ,Kansas,,,
2589,242,sapp2013,Freddy Bly,Freddy,Bly,29.0,retired,,2025-04-03 11:34:40,,Kicker,Accurate,,,,50,0,50,0,0,391,0,0,0,0,0,0,0,0,0,0,66804787,15.0,"Tijuana, Mexico",Idaho University,,,
2588,2620,Cubusong1,Stanley Yelnats,Stanley,Yelnats,29.0,retired,,2025-04-03 11:34:40,,Tight End,Possession TE,,,,50,0,50,0,0,50,0,0,0,0,0,0,0,0,0,0,8000000,13.0,"New York, NY",Emory,,,
2587,2565,Urq660,Guy Gibson,Guy,Gibson,29.0,retired,,2025-04-03 11:34:40,,Cornerback,Physical Corner,,,,50,0,50,0,0,977,0,0,0,0,0,0,0,0,0,0,47834036,43.0,"Lincoln, UK",Air Force,,,
2586,776,wuma,In Active,In,Active,29.0,retired,,2025-04-03 11:34:40,,Linebacker,Coverage LB,,,,50,0,50,0,0,474,0,0,0,0,0,0,0,0,0,0,8978175,29.0,Hospital,BC,,,
2585,255,KezKincaid,Gronku Muerto,Gronku,Muerto,29.0,retired,,2025-04-03 11:34:40,,Tight End,Possession TE,,,,50,0,50,0,0,916,0,0,0,0,0,0,0,0,0,0,20696858,72.0,"Las Vegas, NV",UNLV,,,
2584,1903,furiousPanda,Panda McKyle,Panda,McKyle,29.0,retired,,2025-04-03 11:34:40,,Offensive Lineman,Balanced Lineman,,,,50,0,50,0,0,1056,0,0,0,0,0,0,0,0,0,0,20040328,9.0,"Chicago, IL",Notre Dame,,,
2583,2578,CrazyCaityCat,Caitlyn Catowize,Caitlyn,Catowize,29.0,retired,,2025-04-03 11:34:40,,Wide Receiver,Slot Receiver,,,,50,0,50,0,0,85,0,0,0,0,0,0,0,0,0,0,12622120,88.0,"Escondido, CA",UCR,,,
2582,2624,Gtpk4,Izuku Campbell,Izuku,Campbell,29.0,retired,,2025-04-03 11:34:40,,Kicker,Accurate,,,,50,0,50,0,0,317,0,0,0,0,0,0,0,0,0,0,7000000,17.0,"Jackson, Wyoming",Wyoming,,,
2581,2600,CahtahHaht,Cameron Johnston,Cameron,Johnston,29.0,retired,,2025-04-03 11:34:40,,Kicker,Power,,,,50,0,50,0,0,50,0,0,0,0,0,0,0,0,0,0,6000000,11.0,Kelowna,Villanova,,,
2580,12,DELIRIVM,Noel Akerele,Noel,Akerele,29.0,retired,active,2025-04-03 11:34:40,,Running Back,Power Back,,,,50,0,50,0,0,58,0,0,0,0,0,0,0,0,0,0,45853530,41.0,"London, England",Colorado,,,
2579,1004,shadyshoelace,Dante King,Dante,King,29.0,retired,,2025-04-03 11:34:40,,Running Back,Receiving Back,,,,50,0,50,0,0,1497,0,0,0,0,0,0,0,0,0,0,47519992,43.0,"San Francisco, CA",Stanford,,,
2578,2589,Zephyrus1128,Hououin Kyouma,Hououin,Kyouma,29.0,retired,active,2025-04-03 11:34:40,,Cornerback,Slot Corner,,,,50,0,50,0,0,394,0,0,0,0,0,0,0,0,0,0,27866095,8.0,"Akihabara, Japan",Tokyo Denki University,,,
2577,2572,musha6570,Chevvy Bronko,Chevvy,Bronko,29.0,retired,,2025-04-03 11:34:40,,Offensive Lineman,Athletic Lineman,,,,50,0,50,0,0,626,0,0,0,0,0,0,0,0,0,0,7359976,0.0,"Dover, New Hampshire",Penn State,,,
2576,369,BOOM™,Buffalo Hunter,Buffalo,Hunter,29.0,retired,active,2025-04-03 11:34:40,,Running Back,Receiving Back,,,,50,0,50,0,0,1411,0,0,0,0,0,0,0,0,0,0,4851720,85.0,"Glendale, AZ",Navy,,,
2575,2308,ToastCharger,Ivan Toastovich,Ivan,Toastovich,29.0,retired,active,2025-04-03 11:34:40,,Running Back,"Fullback (Kyle Juszczyk, CJ Ham)",,,,50,0,50,0,0,466,0,0,0,0,0,0,0,0,0,0,24058123,41.0,Ukraine,Ukraine,,,
2574,2294,legion of slugs,Will Stern,Will,Stern,29.0,retired,,2025-04-03 11:34:40,,Defensive End,Speed Rusher,,,,50,0,50,0,0,862,0,0,0,0,0,0,0,0,0,0,9750000,56.0,"Spokane, WA",CWU,,,
2573,2558,nlj04,Noah Johns,Noah,Johns,29.0,retired,,2025-04-03 11:34:40,,Running Back,Power Back,,,,50,0,50,0,0,352,0,0,0,0,0,0,0,0,0,0,5000000,47.0,"Richland, WA",Eastern Washington,,,
2572,2576,EricNCSU,Sam Squanch,Sam,Squanch,29.0,retired,,2025-04-03 11:34:40,,Running Back,Receiving Back,,,,50,0,50,0,0,726,0,0,0,0,0,0,0,0,0,0,12877695,59.0,"Sunnyvale, Nova Scotia, Canada",North Carolina State University,,,
2571,36,Shaka,JR Reigns,JR,Reigns,29.0,retired,,2025-04-03 11:34:40,,Defensive End,Power Rusher,,,,50,0,50,0,0,52,0,0,0,0,0,0,0,0,0,0,14950000,99.0,"Great Falls, Montana",Montana,,,
2570,2615,Luciddreams702,Lucid Dreams,Lucid,Dreams,29.0,retired,active,2025-04-03 11:34:40,,Defensive End,Power Rusher,,,,50,0,50,0,0,1069,0,0,0,0,0,0,0,0,0,0,37067778,0.0,,,,,
2569,2584,Fronk,John Huntsman,John,Huntsman,29.0,retired,active,2025-04-03 11:34:40,,Running Back,Power Back,,,,50,0,50,0,0,1412,0,0,0,0,0,0,0,0,0,0,240912286,40.0,"Angola, IN",Black and Brave Academy,,,
2568,2579,Cnelly,Dick Thickum,Dick,Thickum,29.0,retired,,2025-04-03 11:34:40,,Offensive Lineman,Athletic Lineman,,,,50,0,50,0,0,126,0,0,0,0,0,0,0,0,0,0,11550000,6.0,Queens,University Of Iowa,,,
2567,2631,.duckszy,Duck Awntop,Duck,Awntop,29.0,retired,,2025-04-03 11:34:40,,Defensive End,Speed Rusher,,,,50,0,50,0,0,127,0,0,0,0,0,0,0,0,0,0,14890950,35.0,"Anaheim, CA",University of Dayton,,,
2566,2629,CmdrWalrus,Amadeus Redding,Amadeus,Redding,29.0,retired,,2025-04-03 11:34:40,,Defensive Tackle,Interior Rusher,,,,50,0,50,0,0,627,0,0,0,0,0,0,0,0,0,0,25450000,98.0,Florida,UCF,,,
2565,2588,13 Wolves,Hunter Phelan,Hunter,Phelan,29.0,retired,,2025-04-03 11:34:40,,Safety,Enforcer,,,,50,0,50,0,0,50,0,0,0,0,0,0,0,0,0,0,6000000,13.0,"Lincoln, AR",Arkansas,,,
2564,2594,Yetiman,Yetiman Beardstien,Yetiman,Beardstien,29.0,retired,,2025-04-03 11:34:40,,Offensive Lineman,Athletic Lineman,,,,50,0,50,0,0,59,0,0,0,0,0,0,0,0,0,0,6564000,72.0,Himalayan Mountains,Himalayan Tech,,,
2563,2583,IceBear32,David Frank,David,Frank,29.0,retired,active,2025-04-03 11:34:40,,Defensive End,Speed Rusher,,,,50,0,50,0,0,1446,0,0,0,0,0,0,0,0,0,0,63740704,50.0,"Angola, IN",Ball State University,,,
2562,594,Drizzy,Marcus Jones,Marcus,Jones,29.0,retired,active,2025-04-03 11:34:40,,Linebacker,Pass Rusher,,,,50,0,50,0,0,721,0,0,0,0,0,0,0,0,0,0,12692615,45.0,"Oakland, CA",California,,,
2561,2379,Capt_Blitzkrieg,Joey Marston,Joey,Marston,29.0,retired,,2025-04-03 11:34:40,,Offensive Lineman,Athletic Lineman,,,,50,0,50,0,0,404,0,0,0,0,0,0,0,0,0,0,13583950,33.0,"Lithia, FL, US",Auburn,,,
2560,2573,allbetsonjames,Tre’ Mendus Johnson,Tre’,Mendus Johnson,29.0,retired,,2025-04-03 11:34:40,,Safety,Enforcer,,,,50,0,50,0,0,1200,0,0,0,0,0,0,0,0,0,0,25222063,20.0,Miami FL,FSU,,,
2559,2592,bowl0,Rean Schwarzer,Rean,Schwarzer,29.0,retired,active,2025-04-03 11:34:40,,Safety,Ball Hawk,,,,50,0,50,0,0,1279,0,0,0,0,0,0,0,0,0,0,445044525,42.0,Baltimore,Maryland,,,
2558,2628,Tomme100,Tomme Salami,Tomme,Salami,29.0,retired,,2025-04-03 11:34:40,,Defensive End,Speed Rusher,,,,50,0,50,0,0,349,0,0,0,0,0,0,0,0,0,0,23000000,0.0,,Illinois,,,
2557,2566,Fno,AJ Tirrell,AJ,Tirrell,29.0,retired,,2025-04-03 11:34:40,,Wide Receiver,Possession Receiver,,,,50,0,50,0,0,56,0,0,0,0,0,0,0,0,0,0,12565400,55.0,,University of Miami (U),,,
2556,305,Oles,Kazimir Oles JR,Kazimir,Oles JR,29.0,retired,active,2025-04-03 11:34:40,,Quarterback,Gunslinger,,,,50,0,50,0,0,1293,0,0,0,0,0,0,0,0,0,0,31145397,16.0,"Baltimore, Maryland",Maryland (like all great Oles players),,,
2555,2633,Levels,Aye Plus,Aye,Plus,29.0,retired,,2025-04-03 11:34:40,,Safety,Ball Hawk,,,,50,0,50,0,0,101,0,0,0,0,0,0,0,0,0,0,5937120,20.0,Miami,University of Florida,,,
2554,1897,retrospace111,Little Edd,Little,Edd,29.0,retired,,2025-04-03 11:34:40,,Kicker,Accurate,,,,50,0,50,0,0,57,0,0,0,0,0,0,0,0,0,0,25142100,1.0,Pittsburgh,Pittsburgh,,,
2552,2577,shanghai_kid,Darius Severance,Darius,Severance,29.0,retired,,2025-04-03 11:34:40,,Safety,Ball Hawk,,,,50,0,50,0,0,160,0,0,0,0,0,0,0,0,0,0,16132850,21.0,"Portland, Oregon",Oregon,,,
2551,1199,ddrector,Sir Peter Jackson,Sir,Peter Jackson,29.0,retired,,2025-04-03 11:34:40,,Linebacker,Coverage LB,,,,50,0,50,0,0,1138,0,0,0,0,0,0,0,0,0,0,83954910,74.0,"Wellington, New Zealand",,,,
2550,399,Bayley,Rejoignez LOrdreSombre,Rejoignez,LOrdreSombre,29.0,retired,active,2025-04-03 11:34:40,,Wide Receiver,Speed Receiver,,,,50,0,50,0,0,1149,0,0,0,0,0,0,0,0,0,0,178823307,28.0,"Halifax, Canada",Boston College,,,
2549,2623,numberonedork,Charity Beaver,Charity,Beaver,29.0,retired,,2025-04-03 11:34:40,,Cornerback,Cover Corner,,,,50,0,50,0,0,166,0,0,0,0,0,0,0,0,0,0,10000000,31.0,"Oslo, Norway",Institute of Technology,,,
2548,2582,Middy,Jack Sparrow,Jack,Sparrow,29.0,retired,,2025-04-03 11:34:40,,Tight End,Vertical Threat,,,,50,0,50,0,0,57,0,0,0,0,0,0,0,0,0,0,24000000,87.0,"Hartford, CT",Boston College,,,
2547,2593,Hord300,Elliot Hord,Elliot,Hord,29.0,retired,,2025-04-03 11:34:40,,Linebacker,Coverage LB,,,,50,0,50,0,0,201,0,0,0,0,0,0,0,0,0,0,15150000,33.0,Astoria,University of Washington,,,
2546,2570,Lukstins88,Janis Lux,Janis,Lux,29.0,retired,,2025-04-03 11:34:40,,Wide Receiver,Possession Receiver,,,,50,0,50,0,0,243,0,0,0,0,0,0,0,0,0,0,16718600,25.0,Latvia,Latvia,,,
2545,883,Huskies311,Zaaron Pryor,Zaaron,Pryor,29.0,retired,,2025-04-03 11:34:40,,Linebacker,Pass Rusher,,,,50,0,50,0,0,50,0,0,0,0,0,0,0,0,0,0,23852988,58.0,"Denver, Colorado ",UConn,,,
2544,613,cpetrella,Fitted Cuddles,Fitted,Cuddles,29.0,retired,,2025-04-03 11:34:40,,Safety,Center Fielder,,,,50,0,50,0,0,187,0,0,0,0,0,0,0,0,0,0,8024872,63.0,"Pittsburgh, Pennsylvania",Terry Bradshaw University,,,
2543,2568,OrvalOverallOveralls,Malik F. Doom,Malik,F. Doom,29.0,retired,,2025-04-03 11:34:40,,Defensive End,Power Rusher,,,,50,0,50,0,0,88,0,0,0,0,0,0,0,0,0,0,24000000,94.0,"Norfolk, Virginia",Auburn,,,
2542,1414,Fitted2106,Amabacus Fitted,Amabacus,Fitted,29.0,retired,,2025-04-03 11:34:40,,Defensive End,,,,,50,0,50,0,0,274,0,0,0,0,0,0,0,0,0,0,11206750,0.0,,Mike Izzys house,,,
2541,2599,Suggs,Suggs Upshar,Suggs,Upshar,29.0,retired,,2025-04-03 11:34:40,,Safety,Center Fielder,,,,50,0,50,0,0,293,0,0,0,0,0,0,0,0,0,0,41892690,4.0,"Pristina, Kosovo",University of Central Florida,,,
2540,1970,Sylphreni,Emperor de Pengu,Emperor,de Pengu,29.0,retired,,2025-04-03 11:34:40,,Defensive Tackle,Nose Tackle,,,,50,0,50,0,0,620,0,0,0,0,0,0,0,0,0,0,18861907,6.0,"Atlanta, GA",University of Georgia,,,
2539,2634,Trashae,Teddy Murphy,Teddy,Murphy,29.0,retired,,2025-04-03 11:34:40,,Linebacker,Coverage LB,,,,50,0,50,0,0,491,0,0,0,0,0,0,0,0,0,0,16279040,29.0,"Ponce, Puerto Rico",Towson University,,,
2538,1128,hihihi_62,Quinton Crash,Quinton,Crash,29.0,retired,,2025-04-03 11:34:40,,Wide Receiver,Speed Receiver,,,,50,0,50,0,0,1366,0,0,0,0,0,0,0,0,0,0,83207120,7.0,"Rankin Inlet, Nunavut, Canada",University of Hard Knocks,,,
2537,1297,Dewalt27,ILove HotSalads,ILove,HotSalads,29.0,retired,active,2025-04-03 11:34:40,,Defensive End,Speed Rusher (1 Used!),,,,50,0,50,0,0,1348,0,0,0,0,0,0,0,0,0,0,127554402,0.0,"Pittsburgh, PA",Pittsburg State,,,
2536,1163,Opera_Phantom,Jay Cue Jr.,Jay,Cue Jr.,29.0,retired,active,2025-04-03 11:34:40,,Running Back,Receiving Back,,,,50,0,50,0,0,1537,0,0,0,0,0,0,0,0,0,0,56142558,10.0,"Lisbon, Portugal",DeVry University,,,
2535,2574,Moodles,Keane Lover,Keane,Lover,29.0,retired,,2025-04-03 11:34:40,,Offensive Lineman,Balanced Lineman,,,,50,0,50,0,0,679,0,0,0,0,0,0,0,0,0,0,11000000,70.0,"Romance, WV",Longwood,,,
2534,900,Frick_Nasty,Gimmy Jaroppolo Jr.,Gimmy,Jaroppolo Jr.,29.0,retired,,2025-04-03 11:34:40,,Quarterback,Gunslinger,,,,50,0,50,0,0,1118,0,0,0,0,0,0,0,0,0,0,13461015,10.0,"Arlington Heights, IL",Eastern Illinois University,,,
2533,1321,LiathTheSquirrel,Jean-Jacques Leroy,Jean-Jacques,Leroy,29.0,retired,active,2025-04-03 11:34:40,,Kicker,Accurate,,,,50,0,50,0,0,417,0,0,0,0,0,0,0,0,0,0,13438195,1.0,,,,,
2532,2571,fever95,Lip Gallagher,Lip,Gallagher,29.0,retired,,2025-04-03 11:34:40,,Cornerback,Cover Corner,,,,50,0,50,0,0,1500,0,0,0,0,0,0,0,0,0,0,37113446,29.0,"Chicago, Illinois",Illinois State University,,,
2531,2569,Kevin5010,Beau Novak,Beau,Novak,29.0,retired,,2025-04-03 11:34:40,,Tight End,Possession TE,,,,50,0,50,0,0,58,0,0,0,0,0,0,0,0,0,0,18150000,84.0,"London, England",Notre Dame,,,
2530,2596,EliteQB2,Josh Allen,Josh,Allen,29.0,retired,,2025-04-03 11:34:40,,Quarterback,Mobile,,,,50,0,50,0,0,50,0,0,0,0,0,0,0,0,0,0,6000000,0.0,California ,Florida ,,,
2529,2272,itztimg,"Will ""Brick Wall"" Smyth",Will,"""Brick Wall"" Smyth",29.0,retired,active,2025-04-03 11:34:40,,Defensive Tackle,Interior Rusher,,,,50,0,50,0,0,676,0,0,0,0,0,0,0,0,0,0,76995220,27.0,"Portland, OR",University of Oregon,,,
2528,2103,Haseo,Goat Tank Jr.,Goat,Tank Jr.,29.0,retired,,2025-04-03 11:34:40,,Running Back,"Speed Back (Raheem Mostert, Saquon Barkley)",,,,50,0,50,0,0,1117,0,0,0,0,0,0,0,0,0,0,72106999,86.0,"Orlando, FL",Ohio State,,,
2527,861,soryantyler,Henny Tingzpahcbol,Henny,Tingzpahcbol,28.0,retired,,2025-04-03 11:34:29,,Cornerback,Cover Corner,,,,50,0,50,0,0,571,0,0,0,0,0,0,0,0,0,0,24899795,24.0,Pmanns mum,LSU,,,
2526,963,Duilio05,Sam the Onion Man,Sam,the Onion Man,28.0,retired,,2025-04-03 11:33:37,,Wide Receiver,Slot Receiver,,,,50,0,50,0,0,1274,0,0,0,0,0,0,0,0,0,0,208070294,3.0,"Green Lake, Texas",Green Lake School Elementary,,,
2525,2458,FootballIsCool,Stumpy Jones,Stumpy,Jones,28.0,retired,active,2025-04-03 11:32:47,,Offensive Lineman,Balanced Lineman,,,,50,0,50,0,0,1538,0,0,0,0,0,0,0,0,0,0,1782016,35.0,The woods,"Evergreen College, Olympia Washington",,,
2524,2564,Jackers41,Lebron Brady Jr.,Lebron,Brady Jr.,28.0,retired,,2025-04-03 11:31:06,,Defensive End,Speed Rusher,,,,50,0,50,0,0,176,0,0,0,0,0,0,0,0,0,0,7011400,41.0,St. Louis,Miami,,,
2523,2470,Alcott,Cole Maxwell,Cole,Maxwell,28.0,retired,,2025-04-03 11:31:06,,Wide Receiver,Speed Receiver,,,,50,0,50,0,0,1319,0,0,0,0,0,0,0,0,0,0,8533845,20.0,"Dallas, TX",University of Oklahoma,,,
2522,2496,Pavlov's Bell,Ivo Marriott,Ivo,Marriott,28.0,retired,,2025-04-03 11:31:06,,Tight End,Possession TE,,,,50,0,50,0,0,57,0,0,0,0,0,0,0,0,0,0,8000000,44.0,"San Diego, California",Asacoco University,,,
2520,2450,StadiumGambler,Saleem Spence,Saleem,Spence,28.0,retired,,2025-04-03 11:31:06,,Wide Receiver,Possession Receiver,,,,50,0,50,0,0,1429,0,0,0,0,0,0,0,0,0,0,3243075,83.0,"Cape Town, South Africa (Triple citizenship with USA/Canada/South Africa)",University of Manitoba,,,
2519,2500,ToadStyle,Mr. Poop,Mr.,Poop,28.0,retired,,2025-04-03 11:31:06,,Offensive Lineman,Mauler,,,,50,0,50,0,0,57,0,0,0,0,0,0,0,0,0,0,7500000,37.0,"Ulaanbaatar, Mongolia",BYU,,,
2518,2519,Void_DCXI,Brandon Prince,Brandon,Prince,28.0,retired,,2025-04-03 11:31:06,,Running Back,Power Back,,,,50,0,50,0,0,740,0,0,0,0,0,0,0,0,0,0,20289515,25.0,"Allen Park, Michigan",Eastern Michigan University,,,
2517,2491,Dallypole,Dallas Dole,Dallas,Dole,28.0,retired,,2025-04-03 11:31:06,,Kicker,Power,,,,50,0,50,0,0,582,0,0,0,0,0,0,0,0,0,0,45000000,4.0,"El Paso, TX",UTEP,,,
2516,1222,CLG Rampage,Jacob Raske,Jacob,Raske,28.0,retired,active,2025-04-03 11:31:06,,Safety,Ball Hawk,,,,50,0,50,0,0,947,0,0,0,0,0,0,0,0,0,0,37719714,4.0,"Juneau, Alaska",Louisiana State University,,,
2515,2480,ilmari07,Beefcake Johnson,Beefcake,Johnson,28.0,retired,,2025-04-03 11:31:06,,Defensive Tackle,Nose Tackle,,,,50,0,50,0,0,239,0,0,0,0,0,0,0,0,0,0,18458200,77.0,"Little Rock, AR",Tennessee,,,
2514,2483,toadallyfroggie,Gerard Grenouille,Gerard,Grenouille,28.0,retired,,2025-04-03 11:31:06,,Running Back,Receiving Back,,,,50,0,50,0,0,50,0,0,0,0,0,0,0,0,0,0,6000000,23.0,"Aries, France",TCU,,,
2513,2461,firstfray,Dexter Hall,Dexter,Hall,28.0,retired,active,2025-04-03 11:31:06,,Linebacker,Pass Rusher,,,,50,0,50,0,0,1214,0,0,0,0,0,0,0,0,0,0,180917885,55.0,"Miami, Florida",Wisconsin,,,
2512,562,infinitempg,Busch Goose,Busch,Goose,28.0,retired,active,2025-04-03 11:31:06,,Running Back,Receiving Back,,,,50,0,50,0,0,1518,0,0,0,0,0,0,0,0,0,0,1251369640,66.0,"Piscataway, NJ",Rutgers University,,,
2511,2520,Hayes937,Jake Hayes,Jake,Hayes,28.0,retired,,2025-04-03 11:31:06,,Defensive Tackle,All-Purpose DT,,,,50,0,50,0,0,57,0,0,0,0,0,0,0,0,0,0,8000000,93.0,"Leicester, England",Southampton Solent,,,
2510,2457,Pib,Glenn Smart,Glenn,Smart,28.0,retired,,2025-04-03 11:31:06,,Linebacker,Pass Rusher,,,,50,0,50,0,0,1158,0,0,0,0,0,0,0,0,0,0,1210212,99.0,"London, England",Texas A&M,,,
2509,2447,Hummus God,Tay Heenie,Tay,Heenie,28.0,retired,,2025-04-03 11:31:06,,Offensive Lineman,Athletic Lineman,,,,50,0,50,0,0,160,0,0,0,0,0,0,0,0,0,0,11000000,62.0,"Miami, Florida",University of Central Florida,,,
2508,2505,Magnet,Rudy Gray,Rudy,Gray,28.0,retired,,2025-04-03 11:31:06,,Offensive Lineman,Mauler,,,,50,0,50,0,0,265,0,0,0,0,0,0,0,0,0,0,30114470,72.0,Charlotte,Boston College,,,
2507,2038,xQCFamous,DeAndre Chuggs,DeAndre,Chuggs,28.0,retired,,2025-04-03 11:31:06,,Linebacker,Versatile LB,,,,50,0,50,0,0,297,0,0,0,0,0,0,0,0,0,0,108648490,88.0,,Duke,,,
2506,2502,Ayso24,Bjørn Borg,Bjørn,Borg,28.0,retired,,2025-04-03 11:31:06,,Offensive Lineman,Balanced Lineman,,,,50,0,50,0,0,65,0,0,0,0,0,0,0,0,0,0,12157325,71.0,"Oslo, Norway",Texas Tech,,,
2505,2537,W19eaver,Phillip Weaver,Phillip,Weaver,28.0,retired,,2025-04-03 11:31:06,,Tight End,,,,,50,0,50,0,0,132,0,0,0,0,0,0,0,0,0,0,6507500,0.0,,,,,
2504,2535,Exilate,Lonnie Jackson,Lonnie,Jackson,28.0,retired,,2025-04-03 11:31:06,,Running Back,Speed Back,,,,50,0,50,0,0,1222,0,0,0,0,0,0,0,0,0,0,49491165,23.0,"Denver, Colorado",University of Colorado Boulder,,,
2503,1290,bex,Raeni Clarke,Raeni,Clarke,28.0,retired,,2025-04-03 11:31:06,,Cornerback,Physical Corner,,,,50,0,50,0,0,1203,0,0,0,0,0,0,0,0,0,0,143427800,3.0,"Brooklyn, New York",East Los Angeles College,,,
2502,2507,Miller,Gritt Gurdur,Gritt,Gurdur,28.0,retired,,2025-04-03 11:31:06,,Defensive End,Power Rusher,,,,50,0,50,0,0,196,0,0,0,0,0,0,0,0,0,0,13041180,58.0,"Lafayette, Indiana",Purdue,,,
2501,1143,grok,Toy Robot,Toy,Robot,28.0,retired,,2025-04-03 11:31:06,,Kicker,Accurate,,,,50,0,50,0,0,138,0,0,0,0,0,0,0,0,0,0,17000000,12.0,"St. Louis, Missouri",University of Missouri,,,
2500,2490,dude_man,Cade Williams,Cade,Williams,28.0,retired,,2025-04-03 11:31:06,,Defensive Tackle,,,,,50,0,50,0,0,1495,0,0,0,0,0,0,0,0,0,0,723377250,69.0,"Boring, OR",Home Schooled,,,
2499,2540,FunnyManLuke,Gyles Marrett,Gyles,Marrett,28.0,retired,,2025-04-03 11:31:06,,Defensive End,Power Rusher,,,,50,0,50,0,0,231,0,0,0,0,0,0,0,0,0,0,11000000,95.0,"Arlington, Texas",Texas A&M,,,
2498,2487,Skorch,Andrew Warthol,Andrew,Warthol,28.0,retired,,2025-04-03 11:31:06,,Defensive End,Speed Rusher,,,,50,0,50,0,0,351,0,0,0,0,0,0,0,0,0,0,15381610,94.0,"Seattle, Washington",San Diego State University,,,
2497,2549,Prime,Jeff Gray,Jeff,Gray,28.0,retired,,2025-04-03 11:31:06,,Tight End,Vertical Threat,,,,50,0,50,0,0,50,0,0,0,0,0,0,0,0,0,0,10000000,36.0,"Charlotte, NC",NC State,,,
2496,590,Ace,C.J. Sonjack,C.J.,Sonjack,28.0,retired,,2025-04-03 11:31:06,,Cornerback,Cover Corner,,,,50,0,50,0,0,821,0,0,0,0,0,0,0,0,0,0,23989590,27.0,,Maryland,,,
2495,2529,Archinity,Archie Griffin,Archie,Griffin,28.0,retired,,2025-04-03 11:31:06,,Running Back,Power Back,,,,50,0,50,0,0,83,0,0,0,0,0,0,0,0,0,0,9442250,20.0,"Detroit, MI",University of Michigan,,,
2494,2482,CIXhris,Kris Krieg,Kris,Krieg,28.0,retired,,2025-04-03 11:31:06,,Cornerback,Cover Corner,,,,50,0,50,0,0,50,0,0,0,0,0,0,0,0,0,0,6000000,29.0,Miami,Maryland,,,
2493,2438,Slick,Latavuis Jackson,Latavuis,Jackson,28.0,retired,,2025-04-03 11:31:06,,Wide Receiver,Speed Receiver,,,,50,0,50,0,0,50,0,0,0,0,0,0,0,0,0,0,4600000,0.0,Los Angeles California,Duke,,,
2492,2497,mango8154,Daniel O’Leary,Daniel,O’Leary,28.0,retired,,2025-04-03 11:31:06,,Linebacker,Pass Rusher,,,,50,0,50,0,0,747,0,0,0,0,0,0,0,0,0,0,18247898,13.0,"Luton, England",De Montford University,,,
2491,2514,Astrophy058,Kelvin Harris,Kelvin,Harris,28.0,retired,,2025-04-03 11:31:06,,Safety,Center Fielder,,,,50,0,50,0,0,341,0,0,0,0,0,0,0,0,0,0,11103460,36.0,"Conroe, Texas",Texas A&M,,,
2490,1528,JPach,IsHe... ReallyInvisible,IsHe...,ReallyInvisible,28.0,retired,,2025-04-03 11:31:06,,Offensive Lineman,Balanced Lineman,,,,50,0,50,0,0,1018,0,0,0,0,0,0,0,0,0,0,35000000,6.0,Birth Not Witnessed,Too Fast For Class,,,
2489,2555,Cklues,Logan Anderson,Logan,Anderson,28.0,retired,,2025-04-03 11:31:06,,Defensive End,Speed Rusher,,,,50,0,50,0,0,376,0,0,0,0,0,0,0,0,0,0,7631590,98.0,"Ontario, Canada",Wilfred Laurier University,,,
2488,2462,aimbotalex,Aleksandr Vasiliev,Aleksandr,Vasiliev,28.0,retired,,2025-04-03 11:31:06,,Wide Receiver,Possession Receiver,,,,50,0,50,0,0,120,0,0,0,0,0,0,0,0,0,0,4000000,26.0,A highway in Russia,Random House in Russia ,,,
2487,2541,Quail,Lux Opal,Lux,Opal,28.0,retired,,2025-04-03 11:31:06,,Kicker,Accurate,,,,50,0,50,0,0,430,0,0,0,0,0,0,0,0,0,0,10721605,8.0,"Minneapolis, MN",University of Minnesota,,,
2486,2530,Bub,Logan Steele,Logan,Steele,28.0,retired,,2025-04-03 11:31:06,,Cornerback,Slot Corner,,,,50,0,50,0,0,74,0,0,0,0,0,0,0,0,0,0,18000000,47.0,"St. Paul, Minnesota",University of Florida,,,
2485,2521,marklol,Mark Higgins,Mark,Higgins,28.0,retired,,2025-04-03 11:31:06,,Linebacker,Versatile LB ,,,,50,0,50,0,0,74,0,0,0,0,0,0,0,0,0,0,11000000,13.0,"Moscow, Russia",University of A&M,,,
2484,2501,hillsteady,Holton Hillburn,Holton,Hillburn,28.0,retired,,2025-04-03 11:31:06,,Tight End,,,,,50,0,50,0,0,50,0,0,0,0,0,0,0,0,0,0,6000000,0.0,,,,,
2483,1476,RedArrow12c,Red Arrow Jr.,Red,Arrow Jr.,28.0,retired,,2025-04-03 11:31:06,,Defensive End,Speed Rusher,,,,50,0,50,0,0,333,0,0,0,0,0,0,0,0,0,0,17538050,12.0,"Sarasota, Florida",The Ohio State University,,,
2482,487,JKortesi81,Bayley Cowabunga,Bayley,Cowabunga,28.0,retired,active,2025-04-03 11:31:06,,Wide Receiver,Slot Receiver,,,,50,0,50,0,0,1215,0,0,0,0,0,0,0,0,0,0,3066950,85.0,"Buffalo, NY",Georgia,,,
2481,2550,Shiny,David Ramczyk,David,Ramczyk,28.0,retired,,2025-04-03 11:31:06,,Defensive Tackle,Nose Tackle,,,,50,0,50,0,0,415,0,0,0,0,0,0,0,0,0,0,12044040,75.0,New Jersey (USA),Rutgers ,,,
2480,2553,Thatguy91,Taipan Pete,Taipan,Pete,28.0,retired,,2025-04-03 11:31:06,,Kicker,Accurate,,,,50,0,50,0,0,424,0,0,0,0,0,0,0,0,0,0,13333333,3.0,"Brown Town, Australia",Brown Town University,,,
2479,687,pazuzu,Amy Wong,Amy,Wong,28.0,retired,,2025-04-03 11:31:06,,Cornerback,Physical Corner,,,,50,0,50,0,0,315,0,0,0,0,0,0,0,0,0,0,13452300,20.0,Mars,Mars University,,,
2478,2532,Forthefight,Lawrence McCoy,Lawrence,McCoy,28.0,retired,,2025-04-03 11:31:06,,Running Back,Receiving Back,,,,50,0,50,0,0,89,0,0,0,0,0,0,0,0,0,0,18500000,21.0,Ohio,Ohio State,,,
2477,828,Bigred1580,Luke Quick,Luke,Quick,28.0,retired,active,2025-04-03 11:31:06,,Wide Receiver,Speed Receiver,,,,50,0,50,0,0,1362,0,0,0,0,0,0,0,0,0,0,252431587,18.0,"Fargo, ND","Minnesota State, Moorhead",,,
2476,2476,cjmccarley,Siege Cameron,Siege,Cameron,28.0,retired,,2025-04-03 11:31:06,,Cornerback,Cover Corner,,,,50,0,50,0,0,853,0,0,0,0,0,0,0,0,0,0,5756825,23.0,"Dallas, TX ",University of Florida ,,,
2475,2474,shrub02,Bender Rodriguez,Bender,Rodriguez,28.0,retired,,2025-04-03 11:31:06,,Linebacker,Versatile LB,,,,50,0,50,0,0,1454,0,0,0,0,0,0,0,0,0,0,15217718,22.0,"Tijuana, Mexico",San Diego State,,,
2474,2526,Gragg9,Anton Bruckner,Anton,Bruckner,28.0,retired,,2025-04-03 11:31:06,,Cornerback,Physical Corner,,,,50,0,50,0,0,1041,0,0,0,0,0,0,0,0,0,0,1554568,25.0,Silver City,UW,,,
2473,2547,Rooks,Blake Bosworth,Blake,Bosworth,28.0,retired,,2025-04-03 11:31:06,,Defensive End,Speed Rusher,,,,50,0,50,0,0,50,0,0,0,0,0,0,0,0,0,0,6000000,56.0,"Massillon, OH",Ohio State,,,
2472,1158,.Laser,Dexter Zaylren,Dexter,Zaylren,28.0,retired,active,2025-04-03 11:31:06,,Quarterback,Pocket Passer,,,,50,0,50,0,0,1518,0,0,0,0,0,0,0,0,0,0,58628325,6.0,"Niagara Falls, NY",Maine University,,,
2471,2506,Hurles02,Don Bradman,Don,Bradman,28.0,retired,,2025-04-03 11:31:06,,Linebacker,Pass Rusher,,,,50,0,50,0,0,67,0,0,0,0,0,0,0,0,0,0,8982850,54.0,"Sydney, Australia ",University of Oklahoma,,,
2470,2455,jhatty8,Brooks Bane,Brooks,Bane,28.0,retired,,2025-04-03 11:31:06,,Linebacker,Pass Rusher,,,,50,0,50,0,0,162,0,0,0,0,0,0,0,0,0,0,1700000,33.0,"Akron, Ohio",The Ohio State University,,,
2469,2503,Amulos,Romulus Roman,Romulus,Roman,28.0,retired,,2025-04-03 11:31:06,,Safety,Enforcer,,,,50,0,50,0,0,922,0,0,0,0,0,0,0,0,0,0,19997253,37.0,"Gary, Indiana",Purdue,,,
2468,2460,UltimateYeehaw,Chunt The Badger,Chunt,The Badger,28.0,retired,,2025-04-03 11:31:06,,Cornerback,Cover Corner,,,,50,0,50,0,0,756,0,0,0,0,0,0,0,0,0,0,17295430,28.0,Northwest Foon,The Vermillion Minotaur,,,
2467,2539,noanic,Troy Abed,Troy,Abed,28.0,retired,,2025-04-03 11:31:06,,Wide Receiver,Slot Receiver,,,,50,0,50,0,0,1281,0,0,0,0,0,0,0,0,0,0,97203120,1.0,"Riverside, Colorado",Greendale Community College,,,
2466,1350,roastfuego,Tom Adamo,Tom,Adamo,28.0,retired,,2025-04-03 11:31:06,,Running Back,Fullback,,,,50,0,50,0,0,188,0,0,0,0,0,0,0,0,0,0,19410608,40.0,"Fairburn, Georgia",UGF,,,
2465,2534,Sebster,Willie Miller,Willie,Miller,28.0,retired,,2025-04-03 11:31:06,,Cornerback,Cover Corner,,,,50,0,50,0,0,1331,0,0,0,0,0,0,0,0,0,0,19215035,21.0,"Cincinnati, OH",Ohio State,,,
2464,2498,VeganRoleModel,Rob Banks,Rob,Banks,28.0,retired,,2025-04-03 11:31:06,,Tight End,,,,,50,0,50,0,0,50,0,0,0,0,0,0,0,0,0,0,6000000,0.0,,,,,
2463,2466,Rockiesfan4ever,Chathack’rius Smith IV,Chathack’rius,Smith IV,28.0,retired,,2025-04-03 11:31:06,,Safety,Ball Hawk,,,,50,0,50,0,0,670,0,0,0,0,0,0,0,0,0,0,13750060,22.0,"Denver, CO",Nebraska ,,,
2462,2518,j00,Juno Hu,Juno,Hu,28.0,retired,,2025-04-03 11:31:06,,Cornerback,Cover Corner,,,,50,0,50,0,0,1100,0,0,0,0,0,0,0,0,0,0,18613290,24.0,"Los Angeles, CA",USC,,,
2461,2508,xtitanxmvpx,Xavier Walls,Xavier,Walls,28.0,retired,,2025-04-03 11:31:06,,Linebacker,Pass Rusher,,,,50,0,50,0,0,1294,0,0,0,0,0,0,0,0,0,0,21163574,44.0,"Oconomowoc, WI",Wisconsin,,,
2460,2536,EzraYeet,Luke Watterson,Luke,Watterson,28.0,retired,,2025-04-03 11:31:06,,Linebacker,Versatile LB,,,,50,0,50,0,0,253,0,0,0,0,0,0,0,0,0,0,16100000,59.0,San Francisco,University of Wisconsin,,,
2459,1281,Modern_Duke,Manhattan Project,Manhattan,Project,28.0,retired,,2025-04-03 11:31:06,,Offensive Lineman,,,,,50,0,50,0,0,1340,0,0,0,0,0,0,0,0,0,0,31420788,1.0,"Los Alamos, NM",Army,,,
2458,211,Peterson,Rainbow Dash,Rainbow,Dash,28.0,retired,,2025-04-03 11:31:06,,Kicker,Accurate,,,,50,0,50,0,0,291,0,0,0,0,0,0,0,0,0,0,10666728,5.0,,Home schooled,,,
2457,2522,maupassant,Erik Gaare,Erik,Gaare,28.0,retired,,2025-04-03 11:31:06,,Running Back,Speed Back,,,,50,0,50,0,0,335,0,0,0,0,0,0,0,0,0,0,29071200,9.0,,Colorado,,,
2456,2463,MachineEarnedRuns,Mongo -,Mongo,-,28.0,retired,,2025-04-03 11:31:06,,Defensive End,Speed Rusher,,,,50,0,50,0,0,591,0,0,0,0,0,0,0,0,0,0,16900000,97.0,"Lombard, IL",Ohio State,,,
2455,2453,z0rem,Prof. Godfrey Gravity,Prof.,Godfrey Gravity,28.0,retired,,2025-04-03 11:31:06,,Defensive Tackle,All-Purpose DT,,,,50,0,50,0,0,329,0,0,0,0,0,0,0,0,0,0,29900100,17.0,,None,,,
2454,2492,Painted,Tim Soulja,Tim,Soulja,28.0,retired,active,2025-04-03 11:31:06,,Cornerback,Physical Corner,,,,50,0,50,0,0,1335,0,0,0,0,0,0,0,0,0,0,73496188,22.0,"City Trial, Dream Land",Dream Land University,,,
2453,2504,Vaelynn,Remus Roman,Remus,Roman,28.0,retired,,2025-04-03 11:31:06,,Safety,Center Fielder,,,,50,0,50,0,0,903,0,0,0,0,0,0,0,0,0,0,14079550,38.0,"Gary, IN",Purdue,,,
2452,2557,jackkmart,Kacper Puntky,Kacper,Puntky,28.0,retired,,2025-04-03 11:31:06,,Cornerback,Cover Corner,,,,50,0,50,0,0,259,0,0,0,0,0,0,0,0,0,0,215950,33.0,Terespol,,,,
2451,2510,cooldad22,Spencer Fields,Spencer,Fields,28.0,retired,,2025-04-03 11:31:06,,Safety,Enforcer,,,,50,0,50,0,0,50,0,0,0,0,0,0,0,0,0,0,6000000,33.0,,University of Washington,,,
2450,2479,miamust,Anubis J. Williams II,Anubis,J. Williams II,28.0,retired,,2025-04-03 11:31:06,,Cornerback,Physical Corner,,,,50,0,50,0,0,50,0,0,0,0,0,0,0,0,0,0,6000000,25.0,"Miami, FL",Florida International University,,,
2449,2512,SippyCupz,Kenzie Cupz,Kenzie,Cupz,28.0,retired,,2025-04-03 11:31:06,,Offensive Lineman,Balanced Lineman,,,,50,0,50,0,0,101,0,0,0,0,0,0,0,0,0,0,16577170,19.0,"East Los Angeles, CA",UC Davis,,,
2447,2527,King Jellyfish,Makoa Mahiʻai,Makoa,Mahiʻai,28.0,retired,,2025-04-03 11:31:06,,Cornerback,Physical Corner ,,,,50,0,50,0,0,1332,0,0,0,0,0,0,0,0,0,0,77716800,75.0,"Berlin, Germany",University of Oregon,,,
2446,2362,coolguy13,Jalen Ramsey,Jalen,Ramsey,27.0,retired,,2025-04-03 11:30:58,,Cornerback,All-Around,,,,50,0,50,0,0,50,0,0,0,0,0,0,0,0,0,0,12000000,20.0,Arizona,Clemson,,,
2445,2401,Drip,Drip Dad,Drip,Dad,27.0,retired,,2025-04-03 11:30:58,,Running Back,Receiving Back,,,,50,0,50,0,0,911,0,0,0,0,0,0,0,0,0,0,22741466,80.0,"Portland, Oregon, USA",Golden West College,,,
2444,2441,bruhbruhbruh,Dash Smith,Dash,Smith,27.0,retired,,2025-04-03 11:30:58,,Cornerback,,,,,50,0,50,0,0,96,0,0,0,0,0,0,0,0,0,0,9200000,23.0,,Michigan State,,,
2443,2388,Zane Cruz,Zane Cruz,Zane,Cruz,27.0,retired,,2025-04-03 11:30:58,,Defensive End,Speed Rusher,,,,50,0,50,0,0,113,0,0,0,0,0,0,0,0,0,0,20991500,55.0,"Denver, Colorado",Duk,,,
2442,1365,Kyle,Jim The Vampire,Jim,The Vampire,27.0,retired,,2025-04-03 11:30:58,,Running Back,Power Back,,,,50,0,50,0,0,1242,0,0,0,0,0,0,0,0,0,0,12370691,22.0,San Diego,,,,
2441,2411,Guunar,Ace Savage,Ace,Savage,27.0,retired,,2025-04-03 11:30:58,,Running Back,Power Back,,,,50,0,50,0,0,407,0,0,0,0,0,0,0,0,0,0,12780600,22.0,,University of Tennessee,,,
2440,2423,SirBongo,Benjamin Ankers,Benjamin,Ankers,27.0,retired,,2025-04-03 11:30:58,,Linebacker,Pass Rusher,,,,50,0,50,0,0,176,0,0,0,0,0,0,0,0,0,0,7829550,55.0,"Oshkosh, WI",Notre Dame,,,
2439,2395,kmatt,Joe Bay,Joe,Bay,27.0,retired,,2025-04-03 11:30:58,,Wide Receiver,Speed Receiver,,,,50,0,50,0,0,192,0,0,0,0,0,0,0,0,0,0,9253210,2.0,"Calgary, Canada",North Carolina State,,,
2438,1140,jsteele14,Bobby Tarantino,Bobby,Tarantino,27.0,retired,,2025-04-03 11:30:58,,Offensive Lineman,Mauler,,,,50,0,50,0,0,254,0,0,0,0,0,0,0,0,0,0,51268900,85.0,,,,,
2437,2369,crs._.graphics22,Corey Steadman,Corey,Steadman,27.0,retired,,2025-04-03 11:30:58,,Tight End,Vertical Threat,,,,50,0,50,0,0,50,0,0,0,0,0,0,0,0,0,0,12000000,88.0,Texas,Texas State,,,
2436,2382,Falcan,Franklin Ali-West,Franklin,Ali-West,27.0,retired,,2025-04-03 11:30:58,,Quarterback,Gunslinger,,,,50,0,50,0,0,50,0,0,0,0,0,0,0,0,0,0,6000000,17.0,"Anaheim, CA",Oregon St.,,,
2435,186,RainDelay,Cayson Nzeocha,Cayson,Nzeocha,27.0,retired,,2025-04-03 11:30:58,,Cornerback,Physical Corner,,,,50,0,50,0,0,177,0,0,0,0,0,0,0,0,0,0,19093902,28.0,"Lafayette, Louisiana",California,,,
2434,253,124715,Eleven Kendrick-Watts,Eleven,Kendrick-Watts,27.0,retired,,2025-04-03 11:30:58,,Safety,Enforcer,,,,50,0,50,0,0,1369,0,0,0,0,0,0,0,0,0,0,483014098,13.0,,Northwestern,,,
2433,2386,Beastofthefutur,Michael Stevens,Michael,Stevens,27.0,retired,,2025-04-03 11:30:58,,Wide Receiver,Possession Receiver,,,,50,0,50,0,0,50,0,0,0,0,0,0,0,0,0,0,6000000,0.0,Orlando FL,Alabama,,,
2432,2380,rotorwash,Rotor Wash,Rotor,Wash,27.0,retired,,2025-04-03 11:30:58,,Kicker,Balanced,,,,50,0,50,0,0,81,0,0,0,0,0,0,0,0,0,0,27453850,71.0,,Wisconsin,,,
2431,1999,WildfireMicro,Tsuyu Asui,Tsuyu,Asui,27.0,retired,,2025-04-03 11:30:58,,Wide Receiver,,,,,50,0,50,0,0,1264,0,0,0,0,0,0,0,0,0,0,15289037,24.0,Tokyo Japan ,Kentucky ,,,
2430,2403,3v-GG,Anansi Spiderson,Anansi,Spiderson,27.0,retired,,2025-04-03 11:30:58,,Safety,Playmaker,,,,50,0,50,0,0,50,0,0,0,0,0,0,0,0,0,0,6000000,42.0,"Accra, Ghana",St. GG's Academy,,,
2429,1837,Griff001,Mills Wallace,Mills,Wallace,27.0,retired,,2025-04-03 11:30:58,,Defensive End,Speed Rusher,,,,50,0,50,0,0,170,0,0,0,0,0,0,0,0,0,0,11200000,54.0,"Flagstaff, AZ",Northern Arizona University,,,
2428,2364,treant,James Wilkinson,James,Wilkinson,27.0,retired,,2025-04-03 11:30:58,,Tight End,Possession TE,,,,50,0,50,0,0,638,0,0,0,0,0,0,0,0,0,0,29819600,11.0,"Durham, North Carolina - USA",Clemson,,,
2427,2371,FuzzISFL,Carter Fox,Carter,Fox,27.0,retired,,2025-04-03 11:30:58,,Defensive Tackle,Interior Rusher,,,,50,0,50,0,0,271,0,0,0,0,0,0,0,0,0,0,4233450,53.0,"Charlotte, NC",Appalachian St,,,
2426,2392,Menace0528,Marlon Brando,Marlon,Brando,27.0,retired,,2025-04-03 11:30:58,,Defensive End,Speed Rusher,,,,50,0,50,0,0,1233,0,0,0,0,0,0,0,0,0,0,38109985,0.0,"Omaha, NE",Slippery Rock,,,
2425,1494,TheloniusJunk,Thelonius Junk,Thelonius,Junk,27.0,retired,,2025-04-03 11:30:58,,Kicker,Accurate,,,,50,0,50,0,0,103,0,0,0,0,0,0,0,0,0,0,16823550,56.0,"Milwaukee, WI",Nebraska,,,
2424,2354,Bandit239,Xander Creed,Xander,Creed,27.0,retired,,2025-04-03 11:30:58,,Running Back,Receiving Back,,,,50,0,50,0,0,355,0,0,0,0,0,0,0,0,0,0,37515670,30.0,"Los Angeles, CA",Colorado,,,
2423,2387,benELF,Vilhjálmur Kueblerson,Vilhjálmur,Kueblerson,27.0,retired,,2025-04-03 11:30:58,,Tight End,Vertical Threat,,,,50,0,50,0,0,73,0,0,0,0,0,0,0,0,0,0,18000000,95.0,"Reykjavik, Iceland",Maine,,,
2422,2376,Guriinwoodo,Cheese Farley,Cheese,Farley,27.0,retired,,2025-04-03 11:30:58,,Offensive Lineman,Balanced Lineman,,,,50,0,50,0,0,390,0,0,0,0,0,0,0,0,0,0,5059770,69.0,"Madison, Wisconsin",University of Wisconsin-Madison,,,
2421,2428,SamTwoSix,Giovanni Bianchi,Giovanni,Bianchi,27.0,retired,,2025-04-03 11:30:58,,Offensive Lineman,Athletic Lineman,,,,50,0,50,0,0,543,0,0,0,0,0,0,0,0,0,0,9868075,29.0,"Rome, Italy",University of Missouri,,,
2420,2390,Seymour,Bean Beanman,Bean,Beanman,27.0,retired,,2025-04-03 11:30:58,,Defensive End,Speed Rusher,,,,50,0,50,0,0,1387,0,0,0,0,0,0,0,0,0,0,19766370,93.0,"Toronto, Canada",Boise State,,,
2419,1480,Vorshayla,HeHateMe PickSix II,HeHateMe,PickSix II,27.0,retired,,2025-04-03 11:30:58,,Cornerback,Physical Corner,,,,50,0,50,0,0,1202,0,0,0,0,0,0,0,0,0,0,51131630,6.0,"Vancouver, BC, Canada",Greendale Community College,,,
2418,1231,FleshBagSoup,SparkySparky Boom-man,SparkySparky,Boom-man,27.0,retired,,2025-04-03 11:30:58,,Safety,Enforcer,,,,50,0,50,0,0,906,0,0,0,0,0,0,0,0,0,0,6559540,35.0,Fire Nation,None,,,
2417,1523,nour,Jonasredfyld Gabjonson,Jonasredfyld,Gabjonson,27.0,retired,,2025-04-03 11:30:58,,Cornerback,All-Around,,,,50,0,50,0,0,57,0,0,0,0,0,0,0,0,0,0,5000000,48.0,"South Africa, Ohio",Michigan State,,,
2416,2404,Gumbaman,Jason Bradshaw,Jason,Bradshaw,27.0,retired,,2025-04-03 11:30:58,,Defensive Tackle,Interior Rusher,,,,50,0,50,0,0,685,0,0,0,0,0,0,0,0,0,0,134431767,87.0,"Silver Spring MD, USA",N.C. State,,,
2415,2391,Frogman,Artour Babaev,Artour,Babaev,27.0,retired,,2025-04-03 11:30:58,,Wide Receiver,Route Runner,,,,50,0,50,0,0,57,0,0,0,0,0,0,0,0,0,0,6000000,23.0,"Tashkent, Uzbekistan",New Mexico Lobos,,,
2414,2350,LSUFAN101,Cade York,Cade,York,27.0,retired,,2025-04-03 11:30:58,,Kicker,,,,,50,0,50,0,0,562,0,0,0,0,0,0,0,0,0,0,38477210,36.0,,LSU,,,
2413,1950,thecanadiancanuck,Kevin Morrison,Kevin,Morrison,27.0,retired,,2025-04-03 11:30:58,,Defensive Tackle,,,,,50,0,50,0,0,341,0,0,0,0,0,0,0,0,0,0,9723730,56.0,"Pittsburgh, Pennsylvania",Ohio State,,,
2412,2408,excelsior,Maui Waialiki,Maui,Waialiki,27.0,retired,,2025-04-03 11:30:58,,Defensive End,Run Stuffer,,,,50,0,50,0,0,730,0,0,0,0,0,0,0,0,0,0,8537030,99.0,,University of Hawaii at Manoa,,,
2411,2368,Vernal_Bloodshine,Vernal Bloodshine,Vernal,Bloodshine,27.0,retired,,2025-04-03 11:30:58,,Kicker,,,,,50,0,50,0,0,50,0,0,0,0,0,0,0,0,0,0,12000000,0.0,,,,,
2410,2400,Laserhawk,Tahj Glover,Tahj,Glover,27.0,retired,,2025-04-03 11:30:58,,Running Back,Speed Back,,,,50,0,50,0,0,50,0,0,0,0,0,0,0,0,0,0,6000000,30.0,"Kirkland, Washington, USA",Wyoming,,,
2409,464,StevenOSullivan,Joseph Radetzky,Joseph,Radetzky,27.0,retired,,2025-04-03 11:30:58,,Wide Receiver,Slot Receiver ,,,,50,0,50,0,0,889,0,0,0,0,0,0,0,0,0,0,16533053,66.0,"Trebnice, Bohemia",Theresa Academy Vienna,,,
2408,1346,BigUnitBabs,Armando Galarraga,Armando,Galarraga,27.0,retired,,2025-04-03 11:30:58,,Kicker,Accurate,,,,50,0,50,0,0,283,0,0,0,0,0,0,0,0,0,0,5992703,99.0,Venezuela,Western Michigan,,,
2407,2351,Sabremike,Kita Chiasa,Kita,Chiasa,27.0,retired,,2025-04-03 11:30:58,,Cornerback,Cover Corner,,,,50,0,50,0,0,419,0,0,0,0,0,0,0,0,0,0,11092120,21.0,"Osaka, Japan",UCLA,,,
2406,2399,FreeSafety,"Lorenzo ""Torch"" Smith II",Lorenzo,"""Torch"" Smith II",27.0,retired,,2025-04-03 11:30:58,,Safety,Center Fielder,,,,50,0,50,0,0,50,0,0,0,0,0,0,0,0,0,0,19655120,0.0,,,,,
2405,2414,Retuperkele,Demetre Elliott,Demetre,Elliott,27.0,retired,,2025-04-03 11:30:58,,Linebacker,Coverage Linebacker,,,,50,0,50,0,0,101,0,0,0,0,0,0,0,0,0,0,6696160,22.0,"Austin, TX",Notre Dame,,,
2404,2375,Keckers,Henrik Von Pigeon,Henrik,Von Pigeon,27.0,retired,,2025-04-03 11:30:58,,Defensive Tackle,Nose Tackle,,,,50,0,50,0,0,75,0,0,0,0,0,0,0,0,0,0,20612375,96.0,"Biwabik, MN",,,,
2403,252,TheDangaZone,Preston Parker,Preston,Parker,27.0,retired,,2025-04-03 11:30:58,,Wide Receiver,Slot Receiver,,,,50,0,50,0,0,1038,0,0,0,0,0,0,0,0,0,0,15248400,11.0,Hospital,Southern Miss,,,
2402,2373,TheRealMazatt,Candice D. Fitinyomouf,Candice,D. Fitinyomouf,27.0,retired,,2025-04-03 11:30:58,,Defensive Tackle,Interior Rusher,,,,50,0,50,0,0,648,0,0,0,0,0,0,0,0,0,0,16147240,17.0,"Medicine Hat, Alberta, Canada",Texas A&M,,,
2401,2425,Chukwu,Hehe Jamison,Hehe,Jamison,27.0,retired,,2025-04-03 11:30:58,,Running Back,Speed Back,,,,50,0,50,0,0,57,0,0,0,0,0,0,0,0,0,0,6000000,5.0,"Savannah, GA",Georgia,,,
2400,1520,Tp3480,Dee Pressing,Dee,Pressing,27.0,retired,,2025-04-03 11:30:58,,Cornerback,Man to Man,,,,50,0,50,0,0,50,0,0,0,0,0,0,0,0,0,0,17250000,33.0,New York,LSU,,,
2399,1408,Voltaqe,Buck Nekkid,Buck,Nekkid,27.0,retired,,2025-04-03 11:30:58,,Cornerback,Cover Corner,,,,50,0,50,0,0,618,0,0,0,0,0,0,0,0,0,0,10650700,75.0,Hawaii,UH,,,
2398,2384,Datboi489,Jack Offmen,Jack,Offmen,27.0,retired,,2025-04-03 11:30:58,,Safety,All-Around,,,,50,0,50,0,0,50,0,0,0,0,0,0,0,0,0,0,6000000,0.0,Boston Massachusetts ,West Point,,,
2397,2429,Master_Chief_DB,Tre Washington,Tre,Washington,27.0,retired,,2025-04-03 11:30:58,,Safety,Enforcer,,,,50,0,50,0,0,206,0,0,0,0,0,0,0,0,0,0,-3039800,47.0,"Memphis, Tennessee ",North Carolina A&T,,,
2396,2410,Boo_T,Boo Tee,Boo,Tee,27.0,retired,,2025-04-03 11:30:58,,Linebacker,Pass Rusher,,,,50,0,50,0,0,109,0,0,0,0,0,0,0,0,0,0,8232000,22.0,New Zealand,The White House,,,
2395,2381,Gnat,Skim Milf,Skim,Milf,27.0,retired,,2025-04-03 11:30:58,,Wide Receiver,Speed Receiver,,,,50,0,50,0,0,50,0,0,0,0,0,0,0,0,0,0,12000000,5.0,That diary entry your mother wishes she never wrote. ,Cocks Knowledge,,,
2394,2355,overdoo,Lawrence Miller,Lawrence,Miller,27.0,retired,,2025-04-03 11:30:58,,Safety,Ball Hawk,,,,50,0,50,0,0,755,0,0,0,0,0,0,0,0,0,0,19342620,27.0,"Calgary, Alberta",Michigan State University,,,
2393,2370,sve7en,Madison Hayes,Madison,Hayes,27.0,retired,,2025-04-03 11:30:58,,Running Back,Receiving Back,,,,50,0,50,0,0,1239,0,0,0,0,0,0,0,0,0,0,2286065,13.0,"Cambridge, England",Cambridge,,,
2392,2397,Dabbadad,Massimo Rocco,Massimo,Rocco,27.0,retired,,2025-04-03 11:30:58,,Running Back,Speed Back,,,,50,0,50,0,0,86,0,0,0,0,0,0,0,0,0,0,9457450,0.0,"Yonkers, NY",Wyoming ,,,
2391,2415,Mojo Rizing,Mojo Rizing,Mojo,Rizing,27.0,retired,,2025-04-03 11:30:58,,Cornerback,Man to Man,,,,50,0,50,0,0,50,0,0,0,0,0,0,0,0,0,0,6000000,1.0,"Bronx, NY",Georgia,,,
2390,26,Waters,Liamcoolguy Gabjonson,Liamcoolguy,Gabjonson,27.0,retired,,2025-04-03 11:30:58,,Linebacker,Speed Rusher,,,,50,0,50,0,0,50,0,0,0,0,0,0,0,0,0,0,17918700,49.0,"Nicaragua, Ohio",Michigan State,,,
2389,382,TheMemeMaestro,Shane Benjamin,Shane,Benjamin,27.0,retired,,2025-04-03 11:30:58,,Tight End,Vertical Threat,,,,50,0,50,0,0,159,0,0,0,0,0,0,0,0,0,0,8052949,87.0,"Rock Island, IL",Augustana College,,,
2388,2341,Exogorthian,Exo Cortal,Exo,Cortal,27.0,retired,,2025-04-03 11:30:58,,Quarterback,Mobile,,,,50,0,50,0,0,82,0,0,0,0,0,0,0,0,0,0,15200000,15.0,Croydon Pa,Penn State,,,
2387,2398,ChaseHudson01,Marcus McMarcus,Marcus,McMarcus,27.0,retired,,2025-04-03 11:30:58,,Quarterback,Pocket Passer,,,,50,0,50,0,0,57,0,0,0,0,0,0,0,0,0,0,6000000,2.0,"Marquette, Michigan ",Penn State,,,
2386,2383,kingjwm57,Daquan Madison,Daquan,Madison,27.0,retired,,2025-04-03 11:30:58,,Defensive Tackle,,,,,50,0,50,0,0,165,0,0,0,0,0,0,0,0,0,0,3652550,0.0,"Charlotte, NC",North Carolina,,,
2385,723,AW13,Joliet Christ Jr.,Joliet,Christ Jr.,27.0,retired,active,2025-04-03 11:30:58,,Quarterback,Pocket Passer,,,,50,0,50,0,0,1310,0,0,0,0,0,0,0,0,0,0,7089381,7.0,"Vermillion, SD",Iowa State,,,
2384,2374,FunnyGuyNotNicholasAltAccount,Thor Snakechucker,Thor,Snakechucker,27.0,retired,,2025-04-03 11:30:58,,Kicker,Power ,,,,50,0,50,0,0,57,0,0,0,0,0,0,0,0,0,0,14600000,37.0,"Snake mountain, Montana",Montana Punter College,,,
2383,1086,TropicaliaCC,Duke Cheeks,Duke,Cheeks,27.0,retired,,2025-04-03 11:30:58,,Linebacker,Coverage LB,,,,50,0,50,0,0,854,0,0,0,0,0,0,0,0,0,0,37649103,4.0,"Lawrenceville, GA",University of Georgia,,,
2382,2440,Eagle Eye,Pink Panther,Pink,Panther,27.0,retired,,2025-04-03 11:30:58,,Kicker,Accurate,,,,50,0,50,0,0,72,0,0,0,0,0,0,0,0,0,0,26000000,4.0,"San Diego, USA",UCLA,,,
2381,2409,TheSparkyDee,Mike Hunt,Mike,Hunt,27.0,retired,active,2025-04-03 11:30:58,,Wide Receiver,Slot Receiver,,,,50,0,50,0,0,1139,0,0,0,0,0,0,0,0,0,0,66765080,5.0,"Flint, MI",DUKE,,,
2380,2377,AgentSmith,Borgo San Lorenzo,Borgo,San Lorenzo,27.0,retired,,2025-04-03 11:30:58,,Tight End,,,,,50,0,50,0,0,1159,0,0,0,0,0,0,0,0,0,0,9824280,33.0,"Youngstown, OH",University of Cincinnati,,,
2379,2268,Southie,Devonte Crook,Devonte,Crook,27.0,retired,active,2025-04-03 11:30:58,,Linebacker,Pass Rusher,,,,50,0,50,0,0,408,0,0,0,0,0,0,0,0,0,0,3215340,99.0,"Chicago, Illinois ",University Of Michigan,,,
2378,1984,Uprisingslash,Lion Nikita,Lion,Nikita,27.0,retired,,2025-04-03 11:30:58,,Cornerback,Man to Man ,,,,50,0,50,0,0,50,0,0,0,0,0,0,0,0,0,0,23000000,77.0,Oslo,LSU,,,
2377,1456,H0PPY75,Fergus Callaghan Jr.,Fergus,Callaghan Jr.,27.0,retired,,2025-04-03 11:30:58,,Defensive Tackle,Interior Rusher,,,,50,0,50,0,0,574,0,0,0,0,0,0,0,0,0,0,13926800,95.0,"Boston, Massachusetts",Montana State,,,
2376,2314,huck24,Vincent Jones,Vincent,Jones,26.0,retired,,2025-04-03 11:30:49,,Linebacker,Pass Rusher,,,,50,0,50,0,0,1300,0,0,0,0,0,0,0,0,0,0,12173250,24.0,"Watford, England",N/A,,,
2375,33,ckroyal92,Jaja Ding Dong,Jaja,Ding Dong,26.0,retired,active,2025-04-03 11:30:49,,Offensive Lineman,Balanced Lineman,,,,50,0,50,0,0,1293,0,0,0,0,0,0,0,0,0,0,197648400,88.0,"Husavik, ISL",Michigan,,,
2374,2316,AJay887,Laxus Dreyar,Laxus,Dreyar,26.0,retired,,2025-04-03 11:30:49,,Defensive End,Power Rusher,,,,50,0,50,0,0,346,0,0,0,0,0,0,0,0,0,0,27317025,24.0,"Magnolia, AR",Southern Arkansas University,,,
2373,2313,jgcobb79,Jack Cobb,Jack,Cobb,26.0,retired,,2025-04-03 11:30:49,,Offensive Lineman,Run Blocker,,,,50,0,50,0,0,50,0,0,0,0,0,0,0,0,0,0,6000000,0.0,,,,,
2372,227,Plastic Soup,Jon Smith,Jon,Smith,26.0,retired,,2025-04-03 11:30:49,,Offensive Lineman,Athletic Lineman,,,,50,0,50,0,0,50,0,0,0,0,0,0,0,0,0,0,1000000,0.0,USA,Michigan State ,,,
2371,2342,Faelax,Evan Jones,Evan,Jones,26.0,retired,,2025-04-03 11:30:49,,Safety,Ball Hawk,,,,50,0,50,0,0,1090,0,0,0,0,0,0,0,0,0,0,27403300,91.0,,Ohio State,,,
2370,2339,ThePope,Pope Francis,Pope,Francis,26.0,retired,,2025-04-03 11:30:49,,Offensive Lineman,Balanced Lineman,,,,50,0,50,0,0,274,0,0,0,0,0,0,0,0,0,0,3450001,13.0,Vatican City,UAB,,,
2369,2312,Emi,Emi Rune,Emi,Rune,26.0,retired,,2025-04-03 11:30:49,,Quarterback,Mobile,,,,50,0,50,0,0,143,0,0,0,0,0,0,0,0,0,0,11913000,26.0,"Sheffield, United Kingdom",University of Derby,,,
2368,2330,wonderful_art,Arthur Naught,Arthur,Naught,26.0,retired,,2025-04-03 11:30:49,,Wide Receiver,Possession Receiver,,,,50,0,50,0,0,373,0,0,0,0,0,0,0,0,0,0,62937358,80.0,"Ottawa, Canada",,,,
2367,126,37thchamber,Raphael Delacour,Raphael,Delacour,26.0,retired,active,2025-04-03 11:30:49,,Wide Receiver,,,,,50,0,50,0,0,1403,0,0,0,0,0,0,0,0,0,0,101780342,15.0,"Baltimore, MD",Harvard,,,
2366,2331,The__Y-man__100,Bismo Funyuns,Bismo,Funyuns,26.0,retired,,2025-04-03 11:30:49,,Wide Receiver,Slot Receiver,,,,50,0,50,0,0,139,0,0,0,0,0,0,0,0,0,0,13000000,47.0,Ukraine ,University of Toronto ,,,
2365,2334,Wackeo,Dick Grayson,Dick,Grayson,26.0,retired,,2025-04-03 11:30:49,,Wide Receiver,Speed Receiver,,,,50,0,50,0,0,91,0,0,0,0,0,0,0,0,0,0,10000000,12.0,"Austin, TX",University of Texas,,,
2364,2327,Bilar,Dimitrius Rogers,Dimitrius,Rogers,26.0,retired,,2025-04-03 11:30:49,,Defensive End,Power Rusher,,,,50,0,50,0,0,69,0,0,0,0,0,0,0,0,0,0,12237800,30.0,"Montreal, Canada",Penn State,,,
2363,2341,Exogorthian,Joey Brady,Joey,Brady,26.0,retired,,2025-04-03 11:30:49,,Wide Receiver,Route Runner,,,,50,0,50,0,0,50,0,0,0,0,0,0,0,0,0,0,15200000,12.0,Levittown PA,Penn State,,,
2362,2310,Count chocula,Akil Ozymandias,Akil,Ozymandias,26.0,retired,,2025-04-03 11:30:49,,Running Back,Receiving Back,,,,50,0,50,0,0,310,0,0,0,0,0,0,0,0,0,0,11950000,11.0,"Newark, New Jersey",Stanford,,,
2361,2338,Splatoon is not anime.,H. H. Hopkins,H.,H. Hopkins,26.0,retired,,2025-04-03 11:30:49,,Wide Receiver,Slot Receiver,,,,50,0,50,0,0,50,0,0,0,0,0,0,0,0,0,0,100000,88.0,"Milwaukee, WI",Texas Tech,,,
2360,2333,negs,Ryan Negs,Ryan,Negs,26.0,retired,active,2025-04-03 11:30:49,,Quarterback,Gunslinger,,,,50,0,50,0,0,1442,0,0,0,0,0,0,0,0,0,0,72624510,8.0,New Jersey,University of Georgia,,,
2359,2312,Emi,Kotone Shiomi,Kotone,Shiomi,26.0,retired,,2025-04-03 11:30:49,,Quarterback,Mobile,,,,50,0,50,0,0,93,0,0,0,0,0,0,0,0,0,0,11913000,4.0,"Kashima, Saga",Saga University,,,
2358,2337,Sticks,Ty Tyson,Ty,Tyson,26.0,retired,,2025-04-03 11:30:49,,Linebacker,Versatile LB,,,,50,0,50,0,0,198,0,0,0,0,0,0,0,0,0,0,13000000,55.0,"Miami, Florida",Miami University ,,,
2357,2303,pauadrian,Tom Teboat,Tom,Teboat,26.0,retired,,2025-04-03 11:30:49,,Tight End,Vertical Threat,,,,50,0,50,0,0,424,0,0,0,0,0,0,0,0,0,0,18758600,15.0,"Makati, Philippines",University of Florida,,,
2356,2340,Glizzy,Kemorian Moore,Kemorian,Moore,26.0,retired,,2025-04-03 11:30:49,,Wide Receiver,Speed Receiver,,,,50,0,50,0,0,64,0,0,0,0,0,0,0,0,0,0,9400000,11.0,"Fort Worth, Texas",Clemson Tigers,,,
2355,1124,TubbyTim69,Makoto Otawara,Makoto,Otawara,26.0,retired,active,2025-04-03 11:30:49,,Linebacker,,,,,50,0,50,0,0,1008,0,0,0,0,0,0,0,0,0,0,57080426,99.0,Japan,Oujo Private Senior High School,,,
2354,43,Gooney,John Smith,John,Smith,26.0,retired,,2025-04-03 11:30:49,,Wide Receiver,Speed Receiver,,,,50,0,50,0,0,57,0,0,0,0,0,0,0,0,0,0,1500000,10.0,,dont need it,,,
2353,1122,Bauer,Schumi Hulkenvettel,Schumi,Hulkenvettel,26.0,retired,active,2025-04-03 11:30:49,,Wide Receiver,Speed Receiver,,,,50,0,50,0,0,322,0,0,0,0,0,0,0,0,0,0,9855341,5.0,"Hockenheim, Germany",Texas A&M,,,
2352,1069,Tomasnz,Chet Larson,Chet,Larson,26.0,retired,,2025-04-03 11:30:49,,Linebacker,Versatile LB,,,,50,0,50,0,0,1085,0,0,0,0,0,0,0,0,0,0,20493306,54.0,Denmark,NA,,,
2351,2129,The_Mediocre_Pigeon,Big Chungus,Big,Chungus,26.0,retired,,2025-04-03 11:30:49,,Running Back,Speed Back,,,,50,0,50,0,0,255,0,0,0,0,0,0,0,0,0,0,18600000,24.0,The Artic Ocean,Big Boys College (BBC),,,
2350,2282,DoIHaveTheSause,Quavious McGrady,Quavious,McGrady,26.0,retired,,2025-04-03 11:30:49,,Wide Receiver,Speed Receiver,,,,50,0,50,0,0,255,0,0,0,0,0,0,0,0,0,0,12329050,11.0,"Houston, Texas",LSU,,,
2349,2328,Royce-Anderson,Royce Anderson,Royce,Anderson,26.0,retired,,2025-04-03 11:30:49,,Cornerback,Man to Man,,,,50,0,50,0,0,50,0,0,0,0,0,0,0,0,0,0,6000000,24.0,"Orlando, Florida",Florida ,,,
2348,1384,Ephenssta,Redbeard McFredbeard,Redbeard,McFredbeard,26.0,retired,active,2025-04-03 11:30:49,,Cornerback,,,,,50,0,50,0,0,1125,0,0,0,0,0,0,0,0,0,0,37907271,69.0,,Baylor University,,,
2347,2309,nexus1353,Something McDerpants,Something,McDerpants,26.0,retired,,2025-04-03 11:30:49,,Kicker,Accurate,,,,50,0,50,0,0,120,0,0,0,0,0,0,0,0,0,0,12000000,42.0,,Maryland,,,
2346,2346,SteelCurtain3324,Jackson Maine,Jackson,Maine,26.0,retired,,2025-04-03 11:30:49,,Linebacker,Speed Rusher,,,,50,0,50,0,0,67,0,0,0,0,0,0,0,0,0,0,14227350,59.0,"Fayeteville, NC",Boston College,,,
2345,2347,JesseMann,Bruce Brucie,Bruce,Brucie,26.0,retired,,2025-04-03 11:30:49,,Cornerback,Man to Man,,,,50,0,50,0,0,57,0,0,0,0,0,0,0,0,0,0,5000000,1.0,"North Bergen, New Jersey",,,,
2344,2322,Hordle,Alexander Franklin,Alexander,Franklin,26.0,retired,,2025-04-03 11:30:49,,Offensive Lineman,"Athletic Lineman (Brandon Scherff, Lane Johnson)",,,,50,0,50,0,0,859,0,0,0,0,0,0,0,0,0,0,12087183,54.0,"Sanford, North Carolina",UNC,,,
2343,2304,TheDude83,Moe Skeeter,Moe,Skeeter,26.0,retired,,2025-04-03 11:30:49,,Offensive Lineman,Balanced Lineman,,,,50,0,50,0,0,494,0,0,0,0,0,0,0,0,0,0,8278310,83.0,"Selma, AL ",Ain't got no schooling,,,
2342,2324,MacDaddy,Caven McRae,Caven,McRae,26.0,retired,,2025-04-03 11:30:49,,Safety,Ball Hawk,,,,50,0,50,0,0,671,0,0,0,0,0,0,0,0,0,0,19950000,89.0,"Winnipeg, Manitoba",LSU,,,
2341,2319,VivekD12,Johnny Football,Johnny,Football,26.0,retired,,2025-04-03 11:30:49,,Wide Receiver,Speed Receiver,,,,50,0,50,0,0,50,0,0,0,0,0,0,0,0,0,0,6000000,2.0,Hawaii,Texas A&M,,,
2340,1048,C9Van,Botty -,Botty,-,26.0,retired,,2025-04-03 11:30:49,,Running Back,Speed Back,,,,50,0,50,0,0,779,0,0,0,0,0,0,0,0,0,0,126503,42.0,"Budapest, Hungary",The Cult,,,
2339,2352,mee,Jonathan Shuffleboard,Jonathan,Shuffleboard,26.0,retired,,2025-04-03 11:30:49,,Safety,Center Fielder,,,,50,0,50,0,0,732,0,0,0,0,0,0,0,0,0,0,15062625,23.0,New York,Syracuse,,,
2338,2311,LatinViking,Richard Littlewood,Richard,Littlewood,26.0,retired,,2025-04-03 11:30:49,,Offensive Lineman,Mauler,,,,50,0,50,0,0,427,0,0,0,0,0,0,0,0,0,0,16517620,0.0,"Green Bay, WI",Iowa,,,
2337,1529,Legally_Blind_Gamer,Derek Wildstar,Derek,Wildstar,26.0,retired,,2025-04-03 11:30:49,,Safety,Enforcer,,,,50,0,50,0,0,764,0,0,0,0,0,0,0,0,0,0,10827150,72.0,"Dallas, TX. USA",Texas A&M,,,
2336,1221,UpperNet,Gluteus Maximus,Gluteus,Maximus,26.0,retired,,2025-04-03 11:30:49,,Offensive Lineman,Mauler,,,,50,0,50,0,0,567,0,0,0,0,0,0,0,0,0,0,4408820,26.0,"Portland, Oregon",Georgia Tech,,,
2335,1313,I'll change this later,Owmy Back,Owmy,Back,26.0,retired,,2025-04-03 11:30:49,,Tight End,Possession TE,,,,50,0,50,0,0,216,0,0,0,0,0,0,0,0,0,0,4250000,18.0,"Richmond, Virginia",Louisville ,,,
2334,2302,Tayjay,Leonard Taylor,Leonard,Taylor,26.0,retired,,2025-04-03 11:30:49,,Defensive End,Speed Rusher,,,,50,0,50,0,0,1222,0,0,0,0,0,0,0,0,0,0,105524165,56.0,"Williamsburg, Virginia",THE Ohio State University,,,
2333,2318,gls,Jalen Washington,Jalen,Washington,26.0,retired,,2025-04-03 11:30:49,,Wide Receiver,Speed Receiver,,,,50,0,50,0,0,156,0,0,0,0,0,0,0,0,0,0,22342000,14.0,"Sacramento, California",University of Florida,,,
2332,2297,PuttingMCBedsTogether,Tater Tosser,Tater,Tosser,26.0,retired,,2025-04-03 11:30:49,,Wide Receiver,Speed Receiver,,,,50,0,50,0,0,62,0,0,0,0,0,0,0,0,0,0,15000000,57.0,"Charlottesville, Virginia",University Of Virginia,,,
2331,1919,SnowyWolfz,"""Captain"" John Price","""Captain""",John Price,26.0,retired,,2025-04-03 11:30:49,,Safety,Center Fielder,,,,50,0,50,0,0,266,0,0,0,0,0,0,0,0,0,0,8555760,16.0,Unknown,University of Florida,,,
2330,2356,DaDillPickle,John Johnson,John,Johnson,26.0,retired,,2025-04-03 11:30:49,,Tight End,Balanced Tight End,,,,50,0,50,0,0,62,0,0,0,0,0,0,0,0,0,0,10000000,82.0,"Arvada, CO",Alabama,,,
2329,2308,ToastCharger,Byakuya Togami,Byakuya,Togami,26.0,retired,active,2025-04-03 11:30:49,,Defensive End,Balanced,,,,50,0,50,0,0,137,0,0,0,0,0,0,0,0,0,0,24058123,41.0,,N/A,,,
2328,2296,denns,Tony Bull,Tony,Bull,26.0,retired,,2025-04-03 11:30:49,,Safety,Playmaker,,,,50,0,50,0,0,50,0,0,0,0,0,0,0,0,0,0,11000000,32.0,New Orleans,LSU,,,
2327,2305,SlurmsMckenzie,Slurms Mckenzie,Slurms,Mckenzie,26.0,retired,,2025-04-03 11:30:49,,Offensive Lineman,Balanced Lineman,,,,50,0,50,0,0,475,0,0,0,0,0,0,0,0,0,0,6677100,88.0,Planet Wormulon,Mars University,,,
2326,2300,Mojojojo,Ernest Lover,Ernest,Lover,26.0,retired,,2025-04-03 11:30:49,,Linebacker,Pass Rusher,,,,50,0,50,0,0,1480,0,0,0,0,0,0,0,0,0,0,9044022,69.0,"Romance, West Virginia",Longwood,,,
2325,2343,bsiegel,Ben Siegel,Ben,Siegel,26.0,retired,,2025-04-03 11:30:49,,Defensive Tackle,Run Stuffer,,,,50,0,50,0,0,65,0,0,0,0,0,0,0,0,0,0,8000000,94.0,"Denver, Colorado",University of Massachusetts,,,
2324,2345,FrostBeard,Sirdsvaldis Miglasķēms,Sirdsvaldis,Miglasķēms,26.0,retired,,2025-04-03 11:30:49,,Offensive Lineman,Balanced Lineman,,,,50,0,50,0,0,381,0,0,0,0,0,0,0,0,0,0,2500000,77.0,"Riga, Latvia",University of Latvia,,,
2323,2320,Alucas,A.J Lucas,A.J,Lucas,26.0,retired,,2025-04-03 11:30:49,,Linebacker,Pass Rusher,,,,50,0,50,0,0,1078,0,0,0,0,0,0,0,0,0,0,19005630,34.0,New Zealand,LSU,,,
2322,2326,Primo Berto,Primo Berto,Primo,Berto,26.0,retired,,2025-04-03 11:30:49,,Defensive Tackle,Interior Rusher,,,,50,0,50,0,0,283,0,0,0,0,0,0,0,0,0,0,5729220,97.0,"Guanajuato, Mexico",Miami,,,
2321,2306,ComebackZak,Tugg Speedman,Tugg,Speedman,26.0,retired,active,2025-04-03 11:30:49,,Wide Receiver,,,,,50,0,50,0,0,1520,0,0,0,0,0,0,0,0,0,0,31278862,6.0,"Cleveland, OH",TCU,,,
2320,871,moonlight,Big Slammu,Big,Slammu,26.0,retired,,2025-04-03 11:30:49,,Linebacker,Pass Rusher,,,,50,0,50,0,0,1452,0,0,0,0,0,0,0,0,0,0,24811743,11.0,"Jackson, Wyoming",,,,
2319,2344,RockyBaljoa0804,Rocky Jackman,Rocky,Jackman,26.0,retired,,2025-04-03 11:30:49,,Wide Receiver,,,,,50,0,50,0,0,172,0,0,0,0,0,0,0,0,0,0,17000000,5.0,"Philadelphia, PA",Streets of Philly,,,
2317,2295,OrbitingDeath,Cobra Kai,Cobra,Kai,26.0,retired,active,2025-04-03 11:30:49,,Running Back,Speed Back [ARCHETYPE SWITCH USED],,,,50,0,50,0,0,1565,0,0,0,0,0,0,0,0,0,0,956698801,71.0,"Sacramento, California",UCLA,,,
2316,2307,Pythonic,Erik Kirkland,Erik,Kirkland,26.0,retired,,2025-04-03 11:30:49,,Linebacker,Versatile LB,,,,50,0,50,0,0,118,0,0,0,0,0,0,0,0,0,0,8069320,54.0,"Providence, RI",University of Rhode Island,,,
2315,2317,dogwoodmaple,Dogwood Maple,Dogwood,Maple,26.0,retired,,2025-04-03 11:30:49,,Safety,Ball Hawk,,,,50,0,50,0,0,1429,0,0,0,0,0,0,0,0,0,0,-389705,27.0,"Atlanta, Georgia",Georgia,,,
2314,2349,LB3737,David Moyes,David,Moyes,26.0,retired,,2025-04-03 11:30:49,,Defensive End,Speed Rusher,,,,50,0,50,0,0,1384,0,0,0,0,0,0,0,0,0,0,-1756277,0.0,"Bedourie, Queensland",,,,
2313,2299,Orhanello,LeBron James III,LeBron,James III,26.0,retired,,2025-04-03 11:30:49,,Offensive Lineman,"Mauler (Orlando Brown, Kelechi Osemele)",,,,50,0,50,0,0,534,0,0,0,0,0,0,0,0,0,0,19804050,9.0,Los Angeles ,Ohio State,,,
2312,478,Beaver,Maiteers Rico-Shea,Maiteers,Rico-Shea,26.0,retired,,2025-04-03 11:30:49,,Offensive Lineman,,,,,50,0,50,0,0,655,0,0,0,0,0,0,0,0,0,0,19254573,69.0,Tijuana  ,Notre Dame,,,
2311,2335,Shaq,Shaq Shack,Shaq,Shack,26.0,retired,,2025-04-03 11:30:49,,Cornerback,Man to Man,,,,50,0,50,0,0,55,0,0,0,0,0,0,0,0,0,0,6000000,1.0,Pee Pee Island,Shaq Academy of Shack Building,,,
2310,2336,cstarr2245,Julian Jurevicius,Julian,Jurevicius,26.0,retired,,2025-04-03 11:30:49,,Wide Receiver,"Slot Receiver (Cole Beasley, Justin Jefferson)",,,,50,0,50,0,0,150,0,0,0,0,0,0,0,0,0,0,17500000,2.0,"Sarasota, FL",Florida State University,,,
2309,937,Fordhammer,Lalo Salamanca,Lalo,Salamanca,26.0,retired,,2025-04-03 11:30:49,,Wide Receiver,Possession Receiver,,,,50,0,50,0,0,629,0,0,0,0,0,0,0,0,0,0,76110586,81.0,"Chihuahua, Mexico",University of New Mexico,,,
2308,613,cpetrella,Johnathan Smith,Johnathan,Smith,26.0,retired,,2025-04-03 11:30:49,,Kicker,Accurate,,,,50,0,50,0,0,74,0,0,0,0,0,0,0,0,0,0,8024872,69.0,,n/a,,,
2307,2323,DApolloS,Logan Sarrasin,Logan,Sarrasin,26.0,retired,active,2025-04-03 11:30:49,,Linebacker,Coverage LB,,,,50,0,50,0,0,472,0,0,0,0,0,0,0,0,0,0,15738630,38.0,"Winnipeg, MB, Canada",University of Manitoba Bisons,,,
2306,294,manicmav36,BamBam McMullet,BamBam,McMullet,26.0,retired,active,2025-04-03 11:30:49,,Linebacker,Pass Rusher,,,,50,0,50,0,0,1405,0,0,0,0,0,0,0,0,0,0,6920793,55.0,"Oklahoma City, Oklahoma",School is for quitters,,,
2305,2301,KingSean,Mario Messi,Mario,Messi,26.0,retired,,2025-04-03 11:30:49,,Tight End,Possession TE (1x Switch Used),,,,50,0,50,0,0,1193,0,0,0,0,0,0,0,0,0,0,8504200,18.0,"Boston, Massachusetts ",University of Miami ,,,
2304,861,soryantyler,Sory An'Tyler,Sory,An'Tyler,25.0,retired,,2025-04-03 11:27:23,,Wide Receiver,Speed Receiver,,,,50,0,50,0,0,67,0,0,0,0,0,0,0,0,0,0,24899795,1.0,TBD,Tenn,,,
2303,2187,Inspector Moon,Bonifacius van den Huevel,Bonifacius,van den Huevel,25.0,retired,,2025-04-03 11:26:17,,Defensive Tackle,Run Stuffer,,,,50,0,50,0,0,57,0,0,0,0,0,0,0,0,0,0,5000000,75.0,"The Hague, Netherlands",Washington,,,
2302,2218,cwoodson21,Charlie Woody,Charlie,Woody,25.0,retired,,2025-04-03 11:26:17,,Cornerback,All-Around,,,,50,0,50,0,0,50,0,0,0,0,0,0,0,0,0,0,5000000,21.0,"Durham, NC",Duke,,,
2301,2126,bjbren17,Donald McBobby,Donald,McBobby,25.0,retired,,2025-04-03 11:26:17,,Offensive Lineman,Athletic Lineman,,,,50,0,50,0,0,457,0,0,0,0,0,0,0,0,0,0,7784880,57.0,"Hartford, CT",University of Connecticut,,,
2300,1136,KillaScrilla,Dexter Jackson,Dexter,Jackson,25.0,retired,,2025-04-03 11:26:17,,Running Back,Fullback,,,,50,0,50,0,0,457,0,0,0,0,0,0,0,0,0,0,8614050,54.0,,Alabama,,,
2299,2190,FullMetalJensen,Booker Bookchin,Booker,Bookchin,25.0,retired,,2025-04-03 11:26:17,,Defensive Tackle,Interior Rusher,,,,50,0,50,0,0,57,0,0,0,0,0,0,0,0,0,0,5000000,55.0,Vancouver,Washington State University (WSU) ,,,
2298,2276,ryd029aird13,Buster Bawlls,Buster,Bawlls,25.0,retired,,2025-04-03 11:26:17,,Running Back,Fullback,,,,50,0,50,0,0,812,0,0,0,0,0,0,0,0,0,0,20955700,29.0,"Figgate, Scotland",Unknown ,,,
2297,2200,McCransky,Mark Callous,Mark,Callous,25.0,retired,,2025-04-03 11:26:17,,Wide Receiver,Possession Receiver,,,,50,0,50,0,0,297,0,0,0,0,0,0,0,0,0,0,14084275,80.0,"Death Valley, CA",Pepperdine University,,,
2296,2179,TMosura,Ananda Adyan,Ananda,Adyan,25.0,retired,,2025-04-03 11:26:17,,Offensive Lineman,Mauler,,,,50,0,50,0,0,873,0,0,0,0,0,0,0,0,0,0,21130860,75.0,,Parahyangan Catholic University,,,
2295,2157,Bilbomcbaggins,Jeff Haraldson,Jeff,Haraldson,25.0,retired,,2025-04-03 11:26:17,,Linebacker,Power Rusher,,,,50,0,50,0,0,50,0,0,0,0,0,0,0,0,0,0,5000000,92.0,"Akron, Ohio",Florida State University (FSU),,,
2294,900,Frick_Nasty,Dave Batista,Dave,Batista,25.0,retired,,2025-04-03 11:26:17,,Tight End,Vertical Threat,,,,50,0,50,0,0,664,0,0,0,0,0,0,0,0,0,0,13461015,0.0,,Performance Center,,,
2293,402,JuOSu,Medicinal Toblerone,Medicinal,Toblerone,25.0,retired,active,2025-04-03 11:26:17,,Defensive End,Speed Rusher,,,,50,0,50,0,0,1513,0,0,0,0,0,0,0,0,0,0,-977735,90.0,"Bern, Switzerland","Bern University, Switzerland",,,
2292,2268,Southie,T.J Evans,T.J,Evans,25.0,retired,active,2025-04-03 11:26:17,,Wide Receiver,Possession Receiver,,,,50,0,50,0,0,85,0,0,0,0,0,0,0,0,0,0,3215340,10.0,"Newark, New Jersey",University Of Pittsburgh,,,
2291,2193,SackDaddy24,Saximus Daddy,Saximus,Daddy,25.0,retired,,2025-04-03 11:26:17,,Defensive End,Power Rusher,,,,50,0,50,0,0,50,0,0,0,0,0,0,0,0,0,0,5000000,24.0,Buenos Aires,University of Buenos Aires,,,
2290,2244,DirtyBirdD,Hank Sakner,Hank,Sakner,25.0,retired,,2025-04-03 11:26:17,,Defensive End,Power Rusher,,,,50,0,50,0,0,67,0,0,0,0,0,0,0,0,0,0,11500000,0.0,,,,,
2289,2277,ConnorM123,Xmus Flaxon Jaxon-Waxon,Xmus,Flaxon Jaxon-Waxon,25.0,retired,,2025-04-03 11:26:17,,Defensive End,Speed Rusher,,,,50,0,50,0,0,1285,0,0,0,0,0,0,0,0,0,0,66872105,88.0,Alabama,California University of Pennsylvania,,,
2288,2156,Cody,Gary Goodman,Gary,Goodman,25.0,retired,,2025-04-03 11:26:17,,Linebacker,Pass Rusher,,,,50,0,50,0,0,1400,0,0,0,0,0,0,0,0,0,0,14610702,55.0,"Poplar, WI",Wisconsin,,,
2286,2240,angeloc,Angelo Cerilli,Angelo,Cerilli,25.0,retired,,2025-04-03 11:26:17,,Defensive Tackle,,,,,50,0,50,0,0,233,0,0,0,0,0,0,0,0,0,0,6902140,97.0,"Trotwood, Ohio",Dayton,,,
2285,147,Bwestfield,Dukburg QuakStak,Dukburg,QuakStak,25.0,retired,,2025-04-03 11:26:17,,Cornerback,Cover Corner,,,,50,0,50,0,0,1248,0,0,0,0,0,0,0,0,0,0,24958515,55.0,"Death Valley, CA",Rutgers,,,
2284,446,AdamS,Adam C. Spencer,Adam,C. Spencer,25.0,retired,,2025-04-03 11:26:17,,Tight End,Possession TE,,,,50,0,50,0,0,1056,0,0,0,0,0,0,0,0,0,0,29803325,81.0,"Penns GrOve, NJ",None,,,
2283,2266,sovietseph,Curtis Blackshear,Curtis,Blackshear,25.0,retired,,2025-04-03 11:26:17,,Cornerback,Man to Man,,,,50,0,50,0,0,77,0,0,0,0,0,0,0,0,0,0,4000000,0.0,Savannah,,,,
2282,2280,Arvot,Steven Wadham,Steven,Wadham,25.0,retired,,2025-04-03 11:26:17,,Safety,Enforcer,,,,50,0,50,0,0,1248,0,0,0,0,0,0,0,0,0,0,20584860,0.0,Dunfermline,,,,
2281,2178,snazzlepuss22,Brick Van Sanzo,Brick,Van Sanzo,25.0,retired,,2025-04-03 11:26:17,,Defensive End,Power Rusher,,,,50,0,50,0,0,1113,0,0,0,0,0,0,0,0,0,0,9690375,97.0,"St. Paul, Minnesota",University of Minnesota,,,
2280,2217,Roezam,Sam Roes,Sam,Roes,25.0,retired,,2025-04-03 11:26:17,,Defensive End,Power Rusher,,,,50,0,50,0,0,390,0,0,0,0,0,0,0,0,0,0,16703760,92.0,Indianapolis,Purdue,,,
2279,2159,Turpentine,Hank Antilles,Hank,Antilles,25.0,retired,,2025-04-03 11:26:17,,Offensive Lineman,Athletic Lineman,,,,50,0,50,0,0,66,0,0,0,0,0,0,0,0,0,0,11000000,72.0,"Philadelphia, PA",Sarah Lawrence,,,
2278,2270,JMUfan17,"Kentdavion ""Davie"" Davis",Kentdavion,"""Davie"" Davis",25.0,retired,,2025-04-03 11:26:17,,Offensive Lineman,Run Blocker,,,,50,0,50,0,0,50,0,0,0,0,0,0,0,0,0,0,5000000,66.0,"White Owl, SD",James Madison University,,,
2277,2230,Scott Mastro,Scott Mastro,Scott,Mastro,25.0,retired,,2025-04-03 11:26:17,,Wide Receiver,Route Runner,,,,50,0,50,0,0,50,0,0,0,0,0,0,0,0,0,0,5000000,12.0,"Fresno, CA",Fresno State,,,
2276,2135,kingsleigher,James Hoffman,James,Hoffman,25.0,retired,,2025-04-03 11:26:17,,Offensive Lineman,Athletic Lineman,,,,50,0,50,0,0,574,0,0,0,0,0,0,0,0,0,0,4642030,27.0,"Sauk Village, IL",Ohio State University,,,
2275,582,speculadora,Owen Holloway,Owen,Holloway,25.0,retired,active,2025-04-03 11:26:17,,Wide Receiver,Slot Receiver,,,,50,0,50,0,0,824,0,0,0,0,0,0,0,0,0,0,10604601,10.0,"Anaheim, CA",Kent State,,,
2274,2169,Montegue,Crayne Whebet,Crayne,Whebet,25.0,retired,,2025-04-03 11:26:17,,Wide Receiver,Route Runner,,,,50,0,50,0,0,134,0,0,0,0,0,0,0,0,0,0,8900000,80.0,"Seoul, South Korea",Rutgers University,,,
2273,2206,TheBlanken,Caleb Judge,Caleb,Judge,25.0,retired,,2025-04-03 11:26:17,,Linebacker,Balanced,,,,50,0,50,0,0,126,0,0,0,0,0,0,0,0,0,0,15000000,51.0,"Columbus, OH",University of Cincinnati,,,
2272,45,TheWoZy,Monkey D. Luffy,Monkey,D. Luffy,25.0,retired,,2025-04-03 11:26:17,,Defensive Tackle,Nose Tackle,,,,50,0,50,0,0,233,0,0,0,0,0,0,0,0,0,0,21373500,88.0,Japan,Kyoto University,,,
2271,37,Official DT,Uncle Rico,Uncle,Rico,25.0,retired,,2025-04-03 11:26:17,,Quarterback,Pocket Passer,,,,50,0,50,0,0,50,0,0,0,0,0,0,0,0,0,0,13382500,15.0,"Summit Valley, Washington",Washington State,,,
2270,2208,trentblackburn,Trent Blackburn,Trent,Blackburn,25.0,retired,,2025-04-03 11:26:17,,Quarterback,Pocket Passer,,,,50,0,50,0,0,58,0,0,0,0,0,0,0,0,0,0,8000000,6.0,"Cleveland, OH",Kent State,,,
2269,1073,Mooty99,Jackie Daytona,Jackie,Daytona,25.0,retired,active,2025-04-03 11:26:17,,Quarterback,Gunslinger,,,,50,0,50,0,0,1476,0,0,0,0,0,0,0,0,0,0,8559070,66.0,"Whitby, England",Pennsylvania State University ,,,
2268,2139,ReverendOReily,Richard Leaking,Richard,Leaking,25.0,retired,,2025-04-03 11:26:17,,Cornerback,Physical Corner,,,,50,0,50,0,0,1353,0,0,0,0,0,0,0,0,0,0,77238255,53.0,"Baton Rouge, Louisiana",Stanford,,,
2267,2173,y2bobman,L’Gazzy Burfict,L’Gazzy,Burfict,25.0,retired,,2025-04-03 11:26:17,,Linebacker,Pass Rusher,,,,50,0,50,0,0,1511,0,0,0,0,0,0,0,0,0,0,32189952,55.0,"Shubuta, MS",Rutgers,,,
2266,2250,Oneski,Lionel Rumper,Lionel,Rumper,25.0,retired,,2025-04-03 11:26:17,,Safety,Enforcer,,,,50,0,50,0,0,315,0,0,0,0,0,0,0,0,0,0,21659651,40.0,"Fort Wayne, Indiana",Wake Forest,,,
2265,2189,Flapinchick,Flap N’Chick,Flap,N’Chick,25.0,retired,,2025-04-03 11:26:17,,Tight End,Balanced Tight End,,,,50,0,50,0,0,71,0,0,0,0,0,0,0,0,0,0,6000000,44.0,"Savageville, Virginia ",Averett Cougars,,,
2264,60,timeconsumer,Hank Winchester,Hank,Winchester,25.0,retired,,2025-04-03 11:26:17,,Linebacker,Versatile LB,,,,50,0,50,0,0,987,0,0,0,0,0,0,0,0,0,0,26610454,55.0,"Orange County, CA",Florida,,,
2263,2293,bj_owns,Bulldog Willard,Bulldog,Willard,25.0,retired,,2025-04-03 11:26:17,,Wide Receiver,Red Zone Threat,,,,50,0,50,0,0,79,0,0,0,0,0,0,0,0,0,0,11000000,11.0,"Garland, TX",Texas,,,
2262,2213,mpressive23,Bobby Hoffman,Bobby,Hoffman,25.0,retired,,2025-04-03 11:26:17,,Defensive End,Power Rusher,,,,50,0,50,0,0,94,0,0,0,0,0,0,0,0,0,0,9000000,71.0,"Evergreen Park, IL",Notre Dame,,,
2261,2232,ztarwarz,Darren Pama,Darren,Pama,25.0,retired,,2025-04-03 11:26:17,,Wide Receiver,Slot Receiver,,,,50,0,50,0,0,1426,0,0,0,0,0,0,0,0,0,0,1055626620,0.0,San Francisco,Iowa,,,
2260,2221,WhatAmUs,Connor Quigley,Connor,Quigley,25.0,retired,,2025-04-03 11:26:17,,Offensive Lineman,Mauler,,,,50,0,50,0,0,915,0,0,0,0,0,0,0,0,0,0,72300644,66.0,"Boston, MA",UMASS Amherst ,,,
2259,2275,LewisMelville,Jeeeeroy Lenkins,Jeeeeroy,Lenkins,25.0,retired,,2025-04-03 11:26:17,,Cornerback,Physical Corner,,,,50,0,50,0,0,1365,0,0,0,0,0,0,0,0,0,0,23041500,44.0,"Edinburgh, Scotland",Bowling Green University,,,
2258,1033,NylarthePhoenix,Alex Reed,Alex,Reed,25.0,retired,,2025-04-03 11:26:17,,Wide Receiver,Possession Receiver,,,,50,0,50,0,0,291,0,0,0,0,0,0,0,0,0,0,16501176,85.0,"Cincinnati, OH",LSU,,,
2257,2124,Eldorian,Goat Tank,Goat,Tank,25.0,retired,,2025-04-03 11:26:17,,Running Back,Speed Back,,,,50,0,50,0,0,1508,0,0,0,0,0,0,0,0,0,0,7325770,35.0,"Corning, IA",Iowa,,,
2256,2248,rsquared,Dean McBean,Dean,McBean,25.0,retired,,2025-04-03 11:26:17,,Linebacker,Balanced,,,,50,0,50,0,0,61,0,0,0,0,0,0,0,0,0,0,9000000,55.0,"Tupelo, MS",Alabama,,,
2255,2274,frazzle14,Annie May,Annie,May,25.0,retired,active,2025-04-03 11:26:17,,Cornerback,,,,,50,0,50,0,0,1369,0,0,0,0,0,0,0,0,0,0,360695,35.0,"Hicksville, New York",Penn State,,,
2254,2141,Cynoblaze,Cleg Manclaw,Cleg,Manclaw,25.0,retired,,2025-04-03 11:26:17,,Offensive Lineman,Mauler,,,,50,0,50,0,0,334,0,0,0,0,0,0,0,0,0,0,7332990,0.0,"Raleigh, North Carolina",East Carolina,,,
2253,2160,Swanty,Swantavius Jones,Swantavius,Jones,25.0,retired,active,2025-04-03 11:26:17,,Cornerback,Cover Corner,,,,50,0,50,0,0,1354,0,0,0,0,0,0,0,0,0,0,8692208,33.0,"Kirkland, WA",Cypress Creek,,,
2252,2134,FlashSpider-man,Corran West,Corran,West,25.0,retired,,2025-04-03 11:26:17,,Cornerback,Man to Man,,,,50,0,50,0,0,93,0,0,0,0,0,0,0,0,0,0,13210800,21.0,"Scottsdale, AZ",Texas- Austin(UT),,,
2251,2251,ogyungj,Frankie Lantz,Frankie,Lantz,25.0,retired,,2025-04-03 11:26:17,,Running Back,Speed Back,,,,50,0,50,0,0,50,0,0,0,0,0,0,0,0,0,0,5000000,21.0,"Cleveland, OH",Air Force,,,
2250,2150,quavonermonics,Naman Fletcher,Naman,Fletcher,25.0,retired,,2025-04-03 11:26:17,,Cornerback,All-Around,,,,50,0,50,0,0,65,0,0,0,0,0,0,0,0,0,0,11000000,23.0,A van down by the river,UMass,,,
2249,2236,jzajenius36,Honky-Tonk Haywood,Honky-Tonk,Haywood,25.0,retired,,2025-04-03 11:26:17,,Defensive Tackle,Interior Rusher,,,,50,0,50,0,0,1331,0,0,0,0,0,0,0,0,0,0,61077645,40.0,"Nashville, TN",University of Tennessee,,,
2248,2287,Brentmeister69,Brent Silva,Brent,Silva,25.0,retired,,2025-04-03 11:26:17,,Offensive Lineman,,,,,50,0,50,0,0,728,0,0,0,0,0,0,0,0,0,0,7204650,75.0,"McComb, MS",Michigan State University,,,
2247,2223,EMPER0R,Mason Gillion,Mason,Gillion,25.0,retired,,2025-04-03 11:26:17,,Cornerback,Physical Corner,,,,50,0,50,0,0,572,0,0,0,0,0,0,0,0,0,0,18329615,21.0,"Green Bay, WI",Wisconsin,,,
2246,2211,xenosthelegend,Jake Fencik,Jake,Fencik,25.0,retired,active,2025-04-03 11:26:17,,Wide Receiver,Speed Receiver,,,,50,0,50,0,0,1221,0,0,0,0,0,0,0,0,0,0,6056635,3.0,"Cherry Hill, NJ",RCBC,,,
2245,2210,Jguy,Joe Show,Joe,Show,25.0,retired,,2025-04-03 11:26:17,,Tight End,,,,,50,0,50,0,0,136,0,0,0,0,0,0,0,0,0,0,15500000,0.0,,,,,
2244,2180,mweber022,Macho Weber,Macho,Weber,25.0,retired,,2025-04-03 11:26:17,,Offensive Lineman,Athletic Lineman,,,,50,0,50,0,0,50,0,0,0,0,0,0,0,0,0,0,5000000,69.0,"Chilton, WI",Wisconsin,,,
2243,2195,Vainknight13,Jameson Vermillion,Jameson,Vermillion,25.0,retired,,2025-04-03 11:26:17,,Running Back,Receiving Back,,,,50,0,50,0,0,598,0,0,0,0,0,0,0,0,0,0,19463370,1.0,"Centralia, IL",Navy,,,
2242,2226,Weasel07,Willy Weasel,Willy,Weasel,25.0,retired,,2025-04-03 11:26:17,,Wide Receiver,Route Runner,,,,50,0,50,0,0,91,0,0,0,0,0,0,0,0,0,0,11000000,17.0,Australia,ANU,,,
2241,2162,Crodyman,Wasrabi Gleel,Wasrabi,Gleel,25.0,retired,,2025-04-03 11:26:17,,Defensive End,Run Stuffer,,,,50,0,50,0,0,1301,0,0,0,0,0,0,0,0,0,0,12007860,52.0,"Windsor, VT",Dartmouth,,,
2240,2138,deadlunatic,Mark Walker,Mark,Walker,25.0,retired,,2025-04-03 11:26:17,,Wide Receiver,Slot Receiver,,,,50,0,50,0,0,1316,0,0,0,0,0,0,0,0,0,0,34912155,19.0,"Dallas, TX",Baylor,,,
2239,2185,piratecaptaindom,Crozier McCoy,Crozier,McCoy,25.0,retired,,2025-04-03 11:26:17,,Defensive End,Balanced,,,,50,0,50,0,0,57,0,0,0,0,0,0,0,0,0,0,6876780,77.0,"Canton, OH",University of Akron,,,
2238,2255,JoeCrool,Jack Burton,Jack,Burton,25.0,retired,,2025-04-03 11:26:17,,Kicker,Balanced,,,,50,0,50,0,0,62,0,0,0,0,0,0,0,0,0,0,9000000,7.0,"Pinckneyville, IL",Southern Illinois,,,
2237,2260,Camrawrn,Jeffery Jefferson,Jeffery,Jefferson,25.0,retired,,2025-04-03 11:26:17,,Defensive End,Power Rusher,,,,50,0,50,0,0,50,0,0,0,0,0,0,0,0,0,0,5000000,96.0," Salt Lake City, Utah", BYU,,,
2236,2201,LancedJack,Rusty Rucker,Rusty,Rucker,25.0,retired,,2025-04-03 11:26:17,,Linebacker,Pass Rusher,,,,50,0,50,0,0,1319,0,0,0,0,0,0,0,0,0,0,28908535,53.0,"Toronto, Canada",Syracuse,,,
2235,2148,chronoshot,Hugh McGree,Hugh,McGree,25.0,retired,,2025-04-03 11:26:17,,Offensive Lineman,Athletic Lineman,,,,50,0,50,0,0,63,0,0,0,0,0,0,0,0,0,0,6500000,78.0,"Minneapolis, MN",University of Minnesota,,,
2234,2243,Jimi64,Jimi DeSoto,Jimi,DeSoto,25.0,retired,,2025-04-03 11:26:17,,Linebacker,Coverage LB,,,,50,0,50,0,0,1346,0,0,0,0,0,0,0,0,0,0,58190396,55.0,"New Orleans, Louisiana",University of Louisiana at Lafayette,,,
2233,2186,DingusDiddler,Lugolor Gulogor,Lugolor,Gulogor,25.0,retired,,2025-04-03 11:26:17,,Cornerback,All-Around,,,,50,0,50,0,0,57,0,0,0,0,0,0,0,0,0,0,7000000,0.0,"Anchorage, Alaska",Temple University,,,
2232,2123,SchoolboyShue,Mike Rotchburns,Mike,Rotchburns,25.0,retired,,2025-04-03 11:26:17,,Running Back,Power Back,,,,50,0,50,0,0,879,0,0,0,0,0,0,0,0,0,0,11271230,37.0,At Sea ,LSU,,,
2231,2214,zaynzk,Bob Roberts,Bob,Roberts,25.0,retired,active,2025-04-03 11:26:17,,Offensive Lineman,Athletic Lineman,,,,50,0,50,0,0,1393,0,0,0,0,0,0,0,0,0,0,311923635,21.0,"Newport News, VA",Auburn ,,,
2230,2241,charlit,Killian Chambers,Killian,Chambers,25.0,retired,,2025-04-03 11:26:17,,Wide Receiver,Speed Receiver,,,,50,0,50,0,0,1057,0,0,0,0,0,0,0,0,0,0,19102252,16.0,"Albuquerque, New Mexico",New Mexico,,,
2229,2167,Bkfootball,Milk Mann,Milk,Mann,25.0,retired,,2025-04-03 11:26:17,,Safety,Run Support,,,,50,0,50,0,0,267,0,0,0,0,0,0,0,0,0,0,23125271,24.0,"Jefferson City, Missouri",University of Missouri,,,
2228,2249,nutbarspadge,Sheed Thebaw,Sheed,Thebaw,25.0,retired,,2025-04-03 11:26:17,,Defensive Tackle,Interior Rusher,,,,50,0,50,0,0,275,0,0,0,0,0,0,0,0,0,0,7840600,90.0,"Burlington, Vermont, USA",Wisconsin,,,
2227,2215,Saguaro Cactus,Abdul-Jabbar Abid,Abdul-Jabbar,Abid,25.0,retired,,2025-04-03 11:26:17,,Defensive End,Power Rusher,,,,50,0,50,0,0,57,0,0,0,0,0,0,0,0,0,0,5000000,77.0,"Phoenix, AZ",University of Texas at Austin,,,
2226,565,PaytonM34,Bronko Mills,Bronko,Mills,25.0,retired,,2025-04-03 11:26:17,,Running Back,Fullback,,,,50,0,50,0,0,311,0,0,0,0,0,0,0,0,0,0,30370035,46.0,"Windsor, ON",Notre Dame,,,
2225,2175,GlimsTC,Felix Archstone,Felix,Archstone,25.0,retired,active,2025-04-03 11:26:17,,Offensive Lineman,Athletic Lineman,,,,50,0,50,0,0,953,0,0,0,0,0,0,0,0,0,0,90339366,52.0,"Tampa, Florida",Florida,,,
2224,2046,lespoils,Marc Hamel,Marc,Hamel,25.0,retired,,2025-04-03 11:26:17,,Offensive Lineman,Athletic Lineman ,,,,50,0,50,0,0,880,0,0,0,0,0,0,0,0,0,0,28800000,42.0,"Grosses-Roches, Québec, Canada","Laval University, Canada",,,
2223,2130,DunkinDuncan,Duncan Donuts,Duncan,Donuts,25.0,retired,,2025-04-03 11:26:17,,Offensive Lineman,,,,,50,0,50,0,0,141,0,0,0,0,0,0,0,0,0,0,3000000,73.0,"Seattle, WA",University of Washington,,,
2222,2155,kookymantis,Hunter Mantis,Hunter,Mantis,25.0,retired,,2025-04-03 11:26:17,,Defensive Tackle,Interior Rusher,,,,50,0,50,0,0,50,0,0,0,0,0,0,0,0,0,0,5000000,97.0,"Allentown, PA",Temple University,,,
2221,12,DELIRIVM,Noah Akerele,Noah,Akerele,25.0,retired,active,2025-04-03 11:26:17,,Wide Receiver,Speed Receiver,,,,50,0,50,0,0,138,0,0,0,0,0,0,0,0,0,0,45853530,14.0,"London, England",Boise State,,,
2220,2196,r0tzbua,Guy Fields,Guy,Fields,25.0,retired,active,2025-04-03 11:26:17,,Offensive Lineman,Athletic Lineman,,,,50,0,50,0,0,1492,0,0,0,0,0,0,0,0,0,0,14555360,56.0,"Vienna, IL",Northwestern University,,,
2219,2097,BloomeyGB,Leo Bloomfield,Leo,Bloomfield,25.0,retired,,2025-04-03 11:26:17,,Kicker,Accurate,,,,50,0,50,0,0,355,0,0,0,0,0,0,0,0,0,0,9276794,4.0,"London, United Kingdom ",East Sussex University,,,
2218,2125,209tacos,Tex Wrecks,Tex,Wrecks,25.0,retired,,2025-04-03 11:26:17,,Defensive End,Power Rusher,,,,50,0,50,0,0,1319,0,0,0,0,0,0,0,0,0,0,10050000,74.0,Town,University of Knowing Stuff,,,
2217,1474,mongster_03,Cookie Mongster,Cookie,Mongster,25.0,retired,,2025-04-03 11:26:17,,Linebacker,Power Rusher,,,,50,0,50,0,0,50,0,0,0,0,0,0,0,0,0,0,5000000,52.0,New York City,Sesame Street University,,,
2216,2136,WailingOtter,Ninton Quelson,Ninton,Quelson,25.0,retired,,2025-04-03 11:26:17,,Offensive Lineman,Technician,,,,50,0,50,0,0,57,0,0,0,0,0,0,0,0,0,0,9148200,65.0,"Ledmloh, New Jersey",Purdue,,,
2215,2132,xUltiix,Troy Watson,Troy,Watson,25.0,retired,,2025-04-03 11:26:17,,Defensive End,Speed Rusher,,,,50,0,50,0,0,57,0,0,0,0,0,0,0,0,0,0,8051000,70.0,"San Francisco, California",UC Berkeley (Cal),,,
2214,2264,teddyoojo,Teddy Utterstruzen,Teddy,Utterstruzen,25.0,retired,,2025-04-03 11:26:17,,Safety,Ball Hawk,,,,50,0,50,0,0,703,0,0,0,0,0,0,0,0,0,0,28201098,21.0,"Miami, FL",UNLV,,,
2213,2272,itztimg,Alexander Johnson,Alexander,Johnson,25.0,retired,active,2025-04-03 11:26:17,,Wide Receiver,Speed Receiver,,,,50,0,50,0,0,124,0,0,0,0,0,0,0,0,0,0,76995220,13.0,Los Angeles,UCLA,,,
2212,2247,Kedryns,Daniel Bateman,Daniel,Bateman,25.0,retired,,2025-04-03 11:26:17,,Linebacker,Balanced,,,,50,0,50,0,0,57,0,0,0,0,0,0,0,0,0,0,5000000,0.0,,Michigan State ,,,
2211,640,Toasty,Elijah Torres,Elijah,Torres,25.0,retired,,2025-04-03 11:26:17,,Running Back,Receiving Back,,,,50,0,50,0,0,245,0,0,0,0,0,0,0,0,0,0,32185277,20.0,"Recanto das Emas, Distrito Federal",Baylor University,,,
2210,2242,Richard_Hooklip,Clay Clark,Clay,Clark,25.0,retired,,2025-04-03 11:26:17,,Cornerback,Cover Corner,,,,50,0,50,0,0,160,0,0,0,0,0,0,0,0,0,0,12335100,36.0,"Jacksonville, FL",Florida State,,,
2209,2170,katarn22,Albert Ruschmann,Albert,Ruschmann,25.0,retired,,2025-04-03 11:26:17,,Cornerback,Cover Corner,,,,50,0,50,0,0,1502,0,0,0,0,0,0,0,0,0,0,-3758737,72.0,,Rutgers University,,,
2208,2222,BuffaloFinFan,Chad Thunder,Chad,Thunder,25.0,retired,,2025-04-03 11:26:17,,Linebacker,Balanced,,,,50,0,50,0,0,50,0,0,0,0,0,0,0,0,0,0,5000000,57.0,"Tallahassee, FL",Florida,,,
2207,211,Peterson,Matt Peterson,Matt,Peterson,25.0,retired,,2025-04-03 11:26:17,,Quarterback,Mobile,,,,50,0,50,0,0,306,0,0,0,0,0,0,0,0,0,0,10666728,5.0,Seattle WA,Washington,,,
2206,271,Ben,Ben Alexander-Arnold,Ben,Alexander-Arnold,25.0,retired,active,2025-04-03 11:26:17,,Running Back,Fullback,,,,50,0,50,0,0,647,0,0,0,0,0,0,0,0,0,0,-169410,66.0,"Liverpool, England",Rainhill High School,,,
2205,916,Air Crou,Cmon Skiuuup,Cmon,Skiuuup,25.0,retired,,2025-04-03 11:26:17,,Wide Receiver,**Speed Receiver**,,,,50,0,50,0,0,1249,0,0,0,0,0,0,0,0,0,0,45899623,69.0,"Glennville, Georgia",Savannah State,,,
2204,2281,Sl1nny92,Matty Martinsson,Matty,Martinsson,25.0,retired,,2025-04-03 11:26:17,,Linebacker,Balanced,,,,50,0,50,0,0,217,0,0,0,0,0,0,0,0,0,0,7559100,99.0,"Stoke-on-Trent, England",Minnesota,,,
2203,1205,goodvsevil1275,Jake Sackson,Jake,Sackson,25.0,retired,,2025-04-03 11:26:17,,Defensive End,Balanced,,,,50,0,50,0,0,97,0,0,0,0,0,0,0,0,0,0,20498248,93.0,"Toledo, OH",Toledo,,,
2202,2166,Kotasa,Rich Triplet,Rich,Triplet,25.0,retired,active,2025-04-03 11:26:17,,Cornerback,Physical Corner,,,,50,0,50,0,0,1538,0,0,0,0,0,0,0,0,0,0,151189380,0.0,"Minneapolis, MN ",MNSU - Mankato,,,
2201,2294,legion of slugs,Lawrence Bledsoe,Lawrence,Bledsoe,25.0,retired,,2025-04-03 11:26:17,,Defensive End,Speed Rusher,,,,50,0,50,0,0,57,0,0,0,0,0,0,0,0,0,0,9750000,56.0,"Spokane, Washington",EWU,,,
2200,2177,Flesheatinmonkey,Gib McGlib,Gib,McGlib,25.0,retired,,2025-04-03 11:26:17,,Linebacker,Speed Rusher,,,,50,0,50,0,0,50,0,0,0,0,0,0,0,0,0,0,5000000,2.0,"Hot Coffee, MS",Florida,,,
2199,2172,SPK,Lukas Hinsetzen,Lukas,Hinsetzen,25.0,retired,,2025-04-03 11:26:17,,Cornerback,Man to Man,,,,50,0,50,0,0,59,0,0,0,0,0,0,0,0,0,0,8000000,22.0,"Wuerzburg, Germany",University of Tennessee,,,
2198,2202,Emarko92,Colt Reinhorn,Colt,Reinhorn,25.0,retired,,2025-04-03 11:26:17,,Tight End,Balanced Tight End,,,,50,0,50,0,0,50,0,0,0,0,0,0,0,0,0,0,5000000,83.0,"Indianapolis, IN",University of Kentucky ,,,
2197,2257,Nowordofalie,Smitty McGhee,Smitty,McGhee,25.0,retired,,2025-04-03 11:26:17,,Offensive Lineman,Run Blocker,,,,50,0,50,0,0,102,0,0,0,0,0,0,0,0,0,0,8000000,66.0,"Constantinople, Turkey",Central Connecticut State University (ccsu) ,,,
2196,2234,oji3001,Owen Isaac,Owen,Isaac,25.0,retired,,2025-04-03 11:26:17,,Defensive Tackle,Nose Tackle,,,,50,0,50,0,0,768,0,0,0,0,0,0,0,0,0,0,12499090,99.0,"London, UK",Houston,,,
2195,2165,Crunk,Tayshawn Crunk,Tayshawn,Crunk,25.0,retired,,2025-04-03 11:26:17,,Cornerback,Physical Corner,,,,50,0,50,0,0,1534,0,0,0,0,0,0,0,0,0,0,1088720,25.0,"Natchez, MS",Ole Miss,,,
2194,2192,Arkz,Daniel Foster,Daniel,Foster,25.0,retired,,2025-04-03 11:26:17,,Cornerback,Cover Corner,,,,50,0,50,0,0,1499,0,0,0,0,0,0,0,0,0,0,78343675,44.0,"Boston, MA",Northeastern,,,
2193,2188,Breezy,Breezy Wallace,Breezy,Wallace,25.0,retired,,2025-04-03 11:26:17,,Cornerback,Man to Man ,,,,50,0,50,0,0,50,0,0,0,0,0,0,0,0,0,0,5000000,70.0,"Brooklyn, New York",Yale,,,
2192,2263,Newty,Lebby Newton,Lebby,Newton,25.0,retired,,2025-04-03 11:26:17,,Wide Receiver,Possession Receiver,,,,50,0,50,0,0,160,0,0,0,0,0,0,0,0,0,0,16300000,10.0,London,UNLV,,,
2191,2171,BrickyT,J.J.J. Shabadoo,J.J.J.,Shabadoo,25.0,retired,,2025-04-03 11:26:17,,Defensive Tackle,Interior Rusher,,,,50,0,50,0,0,52,0,0,0,0,0,0,0,0,0,0,5000000,76.0,"Fort Stockton, Texas",Texas,,,
2190,2205,ajtigger,Zach Crossley,Zach,Crossley,25.0,retired,active,2025-04-03 11:26:17,,Wide Receiver,Slot Receiver,,,,50,0,50,0,0,1295,0,0,0,0,0,0,0,0,0,0,656440,0.0,"Philadelphia,PA",,,,
2189,2212,caveman3732,Brandon Kirwin,Brandon,Kirwin,25.0,retired,,2025-04-03 11:26:17,,Wide Receiver,Route Runner,,,,50,0,50,0,0,50,0,0,0,0,0,0,0,0,0,0,5000000,21.0,"Toronto, Ontario, Canada",Texas Tech University,,,
2188,2291,Scruffles,Jack Jackson Jr.,Jack,Jackson Jr.,25.0,retired,,2025-04-03 11:26:17,,Linebacker,Coverage Linebacker,,,,50,0,50,0,0,50,0,0,0,0,0,0,0,0,0,0,5000000,53.0,"St. Augustine, Florida",University of South Florida,,,
2187,2128,TheDart31,Dart Ragusa,Dart,Ragusa,25.0,retired,,2025-04-03 11:26:17,,Tight End,Possession Tight End,,,,50,0,50,0,0,50,0,0,0,0,0,0,0,0,0,0,11500000,87.0,"Auburn, NY",Liberty U,,,
2186,2289,Rehnx,Tyrone Biggums,Tyrone,Biggums,25.0,retired,,2025-04-03 11:26:17,,Cornerback,,,,,50,0,50,0,0,62,0,0,0,0,0,0,0,0,0,0,9000000,21.0,Harlem,IU,,,
2185,1553,Thiath,Etrigan T. Slayer,Etrigan,T. Slayer,25.0,retired,,2025-04-03 11:26:17,,Defensive End,Run Stuffer,,,,50,0,50,0,0,772,0,0,0,0,0,0,0,0,0,0,72944093,72.0,Hell,Merlin's College of the Mystic Arts,,,
2184,2199,slate,Peter Patterson,Peter,Patterson,25.0,retired,,2025-04-03 11:26:17,,Safety,Center Fielder,,,,50,0,50,0,0,1408,0,0,0,0,0,0,0,0,0,0,54636907,27.0,"St. Paul, MN",Iowa,,,
2183,2182,Woodhead,Jake Woodhead,Jake,Woodhead,25.0,retired,,2025-04-03 11:26:17,,Tight End,Possession Tight End,,,,50,0,50,0,0,57,0,0,0,0,0,0,0,0,0,0,5000000,27.0,"Dublin, Ireland",Penn State University (PSU),,,
2182,2154,Spladle1,Gabr Spladle,Gabr,Spladle,25.0,retired,,2025-04-03 11:26:17,,Tight End,Possession Tight End,,,,50,0,50,0,0,57,0,0,0,0,0,0,0,0,0,0,5000000,0.0,Washington DC,Miami,,,
2181,2239,Regius,Regius Goliathus,Regius,Goliathus,25.0,retired,,2025-04-03 11:26:17,,Linebacker,Speed Rusher,,,,50,0,50,0,0,52,0,0,0,0,0,0,0,0,0,0,5000000,42.0,Newark,TCU,,,
2180,2161,HoneyandVinegar,Vick Vinegar,Vick,Vinegar,25.0,retired,,2025-04-03 11:26:17,,Defensive End,Power Rusher,,,,50,0,50,0,0,50,0,0,0,0,0,0,0,0,0,0,5000000,41.0,"Philadelphia, PA",,,,
2179,2284,ThunderTitan82,Damian Blackfyre,Damian,Blackfyre,25.0,retired,active,2025-04-03 11:26:17,,Safety,Ball Hawk,,,,50,0,50,0,0,921,0,0,0,0,0,0,0,0,0,0,661025512,33.0,"Santa Barbara, California",USC,,,
2178,2292,Tylar,Timmy Dimbi,Timmy,Dimbi,25.0,retired,,2025-04-03 11:26:17,,Offensive Lineman,"Athletic Lineman (Akiem Hicks, DeForest Buckner)",,,,50,0,50,0,0,732,0,0,0,0,0,0,0,0,0,0,11990680,26.0,"Buffalo, New York",Notre Dame,,,
2177,998,Beebob,Harley Fank,Harley,Fank,25.0,retired,,2025-04-03 11:26:17,,Offensive Lineman,Athletic Lineman,,,,50,0,50,0,0,670,0,0,0,0,0,0,0,0,0,0,7272600,11.0,"Seattle, WA",University of Washington,,,
2176,2183,platanocat,Marlon Alexander,Marlon,Alexander,25.0,retired,,2025-04-03 11:26:17,,Offensive Lineman,Mauler,,,,50,0,50,0,0,1087,0,0,0,0,0,0,0,0,0,0,32606281,88.0,"Albuquerque, NM",University of New Mexico,,,
2175,24,Raven,Davriel Lavigne,Davriel,Lavigne,25.0,retired,active,2025-04-03 11:26:17,,Cornerback,Cover Corner,,,,50,0,50,0,0,1490,0,0,0,0,0,0,0,0,0,0,81878343,41.0,"Miragoane, Haiti",Colorado State University,,,
2174,2127,Brane_Chyld,Terry Tate,Terry,Tate,25.0,retired,,2025-04-03 11:26:17,,Linebacker,Speed Rusher,,,,50,0,50,0,0,228,0,0,0,0,0,0,0,0,0,0,18200000,0.0,,The Office,,,
2173,2229,DNeon,Ben Anabender,Ben,Anabender,25.0,retired,,2025-04-03 11:26:17,,Cornerback,Zone,,,,50,0,50,0,0,196,0,0,0,0,0,0,0,0,0,0,2949455,42.0,"Cairns, Australia","The one with all the backpackers, you know the one.",,,
2172,2137,SportingMoose,Sterling Moss,Sterling,Moss,25.0,retired,,2025-04-03 11:26:17,,Offensive Lineman,Athletic Lineman,,,,50,0,50,0,0,59,0,0,0,0,0,0,0,0,0,0,7750000,59.0,"Fayetteville, AR",University of Arkansas,,,
2171,1034,SDCore,NationalSimulation FootballLeague,NationalSimulation,FootballLeague,25.0,retired,,2025-04-03 11:26:17,,Cornerback,,,,,50,0,50,0,0,1075,0,0,0,0,0,0,0,0,0,0,22774990,13.0,San Diego,SDSU,,,
2170,2269,DatPolishGuy,"LeDavious ""Dave"" Davis",LeDavious,"""Dave"" Davis",25.0,retired,,2025-04-03 11:26:17,,Defensive Tackle,Run Stuffer,,,,50,0,50,0,0,50,0,0,0,0,0,0,0,0,0,0,5000000,93.0,"White Owl, SD",James Madison University,,,
2169,2267,BenGroseclose,Brian Nelson,Brian,Nelson,25.0,retired,,2025-04-03 11:26:17,,Safety,Playmaker,,,,50,0,50,0,0,152,0,0,0,0,0,0,0,0,0,0,11219925,31.0,,Central Michigan University,,,
2168,2184,Ubergestern,Stephon Trummer,Stephon,Trummer,25.0,retired,,2025-04-03 11:26:17,,Tight End,Balanced Tight End,,,,50,0,50,0,0,69,0,0,0,0,0,0,0,0,0,0,13000000,85.0,"Munich, Germany",Ohio State,,,
2167,2197,Gravtx,Clay Stallworth,Clay,Stallworth,25.0,retired,,2025-04-03 11:26:17,,Offensive Lineman,Balanced Lineman,,,,50,0,50,0,0,333,0,0,0,0,0,0,0,0,0,0,10455796,70.0,"Gary, IN",Purdue,,,
2166,794,WALDO,King Tutankhamun,King,Tutankhamun,25.0,retired,active,2025-04-03 11:26:17,,Running Back,Receiving Back,,,,50,0,50,0,0,212,0,0,0,0,0,0,0,0,0,0,53094653,22.0,Egypt,Nile State University,,,
2165,2163,Kai,D’Brickashaw Minshew Sr.,D’Brickashaw,Minshew Sr.,25.0,retired,,2025-04-03 11:26:17,,Safety,Playmaker,,,,50,0,50,0,0,60,0,0,0,0,0,0,0,0,0,0,12500000,37.0,"Colorado Springs, CO",University of Colorado,,,
2164,2219,dakotag108,Dakota Grossman,Dakota,Grossman,25.0,retired,,2025-04-03 11:26:17,,Wide Receiver,Red Zone Threat Receiver,,,,50,0,50,0,0,63,0,0,0,0,0,0,0,0,0,0,10500000,18.0,,,,,
2163,2245,Asked Madden,Raylan Crowder,Raylan,Crowder,25.0,retired,active,2025-04-03 11:26:17,,Defensive End,Power Rusher,,,,50,0,50,0,0,1511,0,0,0,0,0,0,0,0,0,0,59576600,92.0,"Shelbyville, Kentucky",ASU,,,
2162,2259,Doomraider,Terry Yaki,Terry,Yaki,25.0,retired,,2025-04-03 11:26:17,,Running Back,Power Back,,,,50,0,50,0,0,633,0,0,0,0,0,0,0,0,0,0,17928430,21.0,"Osaka, Japan",USF,,,
2161,2204,billbrasky,Bill Brasky,Bill,Brasky,25.0,retired,,2025-04-03 11:26:17,,Kicker,Power,,,,50,0,50,0,0,65,0,0,0,0,0,0,0,0,0,0,11000000,9.0,"Blackflat, TX",University of Texas,,,
2160,409,bluesfan55,Anders Christiansen,Anders,Christiansen,25.0,retired,,2025-04-03 11:26:17,,Running Back,Speed Back,,,,50,0,50,0,0,720,0,0,0,0,0,0,0,0,0,0,17195780,15.0,"Aalborg, Denmark",Vanderbilt,,,
2159,2144,Pat,Doy Fieri,Doy,Fieri,25.0,retired,,2025-04-03 11:26:17,,Cornerback,Cover Corner,,,,50,0,50,0,0,1429,0,0,0,0,0,0,0,0,0,0,485237312,45.0,,,,,
2158,2198,GuitarMaster116,Adam Mellott,Adam,Mellott,25.0,retired,active,2025-04-03 11:26:17,,Offensive Lineman,Balanced Lineman,,,,50,0,50,0,0,1346,0,0,0,0,0,0,0,0,0,0,12147840,71.0,"Nashville, Tennessee",Virginia Tech (VT),,,
2157,2256,Lemonzi,Julian Joseph,Julian,Joseph,25.0,retired,,2025-04-03 11:26:17,,Tight End,Balanced Tight End ,,,,50,0,50,0,0,50,0,0,0,0,0,0,0,0,0,0,5000000,80.0,"Wilmington, DE",University of Delaware,,,
2156,2224,zeagle1,Chuck Roth,Chuck,Roth,25.0,retired,active,2025-04-03 11:26:17,,Defensive Tackle,Interior Rusher,,,,50,0,50,0,0,1473,0,0,0,0,0,0,0,0,0,0,341688851,77.0,"Round Rock, Texas",Dartmouth ,,,
2155,2258,TheStudyGroup,Chris Callahan,Chris,Callahan,25.0,retired,,2025-04-03 11:26:17,,Safety,Center Fielder,,,,50,0,50,0,0,57,0,0,0,0,0,0,0,0,0,0,5000000,0.0,"Jacksonville, Florida",USF,,,
2154,1858,gav,Gavin Leclerc,Gavin,Leclerc,25.0,retired,,2025-04-03 11:26:17,,Cornerback,Slot Corner,,,,50,0,50,0,0,146,0,0,0,0,0,0,0,0,0,0,11500000,11.0,"St. Louis, Missouri",Missouri,,,
2153,2261,Beefstu409,James Gath,James,Gath,25.0,retired,,2025-04-03 11:26:17,,Offensive Lineman,Athletic Lineman,,,,50,0,50,0,0,388,0,0,0,0,0,0,0,0,0,0,17159355,42.0,Grand Rapids MI,Grand Valley State University,,,
2152,2203,UberBJ,Sulaiman Kazi,Sulaiman,Kazi,25.0,retired,active,2025-04-03 11:26:17,,Cornerback,Physical Corner,,,,50,0,50,0,0,1133,0,0,0,0,0,0,0,0,0,0,3690600,82.0,"Kigali, Rwanda ",Miami (FL) ,,,
2151,2246,Egglton,Henry Grant,Henry,Grant,25.0,retired,active,2025-04-03 11:26:17,,Defensive End,Balanced,,,,50,0,50,0,0,67,0,0,0,0,0,0,0,0,0,0,4693000,94.0,,Kent State University,,,
2150,2118,bigbluex02,Thomas Rose,Thomas,Rose,24.0,retired,active,2025-04-03 11:26:06,,Kicker,Accurate,,,,50,0,50,0,0,535,0,0,0,0,0,0,0,0,0,0,5750000,51.0,"Honolulu, Hawaii",51 College,,,
2149,1301,Grum,Grummy Bear,Grummy,Bear,24.0,retired,,2025-04-03 11:24:45,,Safety,All-Around,,,,50,0,50,0,0,234,0,0,0,0,0,0,0,0,0,0,-500000,42.0,"Kansas City, KS",,,,
2148,1243,Sermokala,Alejandro Chainbreaker,Alejandro,Chainbreaker,24.0,retired,,2025-04-03 11:24:45,,Linebacker,"Pass Rusher (Khalil Mack, Von Miller)",,,,50,0,50,0,0,1132,0,0,0,0,0,0,0,0,0,0,8523975,82.0,"Buenos Aires, Argentina",University of Buenos Aires,,,
2147,2064,Slothman07,Dorothy Zbornak,Dorothy,Zbornak,24.0,retired,,2025-04-03 11:24:45,,Cornerback,Slot Corner,,,,50,0,50,0,0,942,0,0,0,0,0,0,0,0,0,0,16866980,38.0,"New York, NY",Golden Gate University,,,
2146,2050,Kyamprac,Zoe Watts,Zoe,Watts,24.0,retired,active,2025-04-03 11:24:45,,Running Back,Speed Back,,,,50,0,50,0,0,1537,0,0,0,0,0,0,0,0,0,0,948478134,18.0,"Ferndale, CA",Stanford,,,
2145,2054,j_birdie,Jay McCowski,Jay,McCowski,24.0,retired,,2025-04-03 11:24:45,,Defensive End,Speed Rusher,,,,50,0,50,0,0,57,0,0,0,0,0,0,0,0,0,0,18000000,68.0,"Lafayette, Louisiana",LSU,,,
2144,1097,Buttersqauch101,Joshua Campbell,Joshua,Campbell,24.0,retired,active,2025-04-03 11:24:45,,Wide Receiver,Speed Receiver,,,,50,0,50,0,0,1098,0,0,0,0,0,0,0,0,0,0,71457798,10.0,Jackson Hole Wyoming,Wyoming,,,
2143,207,Jiggly_333,Mai Fukushū,Mai,Fukushū,24.0,retired,active,2025-04-03 11:24:45,,Running Back,Speed Back,,,,50,0,50,0,0,899,0,0,0,0,0,0,0,0,0,0,-152273,23.0,"Yakushima, Japan",????,,,
2142,2052,Attopax,Asher Montain,Asher,Montain,24.0,retired,,2025-04-03 11:24:45,,Defensive End,Speed Rusher,,,,50,0,50,0,0,1357,0,0,0,0,0,0,0,0,0,0,17236453,56.0,"Long Beach, CA",University of Alabama,,,
2141,47,JBLAZE_THE_BOSS,Mike Boss Jr,Mike,Boss Jr,24.0,retired,active,2025-04-03 11:24:45,,Linebacker,Pass Rusher,,,,50,0,50,0,0,1413,0,0,0,0,0,0,0,0,0,0,7950589,12.0,"Orange County, CA",Miami,,,
2140,2072,crow19,Busch Light,Busch,Light,24.0,retired,,2025-04-03 11:24:45,,Linebacker,Versatile LB,,,,50,0,50,0,0,705,0,0,0,0,0,0,0,0,0,0,10321451,54.0,"Topeka, Kansas",Alabma,,,
2139,1447,SaborTheWaverunner,Petra Sabor,Petra,Sabor,24.0,retired,,2025-04-03 11:24:45,,Linebacker,Speed Rusher,,,,50,0,50,0,0,146,0,0,0,0,0,0,0,0,0,0,8621490,9.0,"Chatsworth, CA",UCLA,,,
2138,2065,Piggboye,Alpha Centauri,Alpha,Centauri,24.0,retired,,2025-04-03 11:24:45,,Defensive Tackle,Interior Rusher,,,,50,0,50,0,0,59,0,0,0,0,0,0,0,0,0,0,10000000,50.0,"Satans Kingdom, MA",SCAD (Savannah College of Art and Design),,,
2137,59,PigSnout,Mattathias Caliban,Mattathias,Caliban,24.0,retired,,2025-04-03 11:24:45,,Quarterback,Field General,,,,50,0,50,0,0,1566,0,0,0,0,0,0,0,0,0,0,5837256,8.0,"Hollywood, Florida ",Louisville ,,,
2136,2096,Blue,John Price,John,Price,24.0,retired,,2025-04-03 11:24:45,,Cornerback,Man-to-Man CB,,,,50,0,50,0,0,67,0,0,0,0,0,0,0,0,0,0,9000000,0.0,,,,,
2135,2059,Tonzy,Maverick Bowie,Maverick,Bowie,24.0,retired,,2025-04-03 11:24:45,,Cornerback,Physical Corner,,,,50,0,50,0,0,1346,0,0,0,0,0,0,0,0,0,0,18467050,7.0,"Lynchburg, VA",Liberty University,,,
2134,1985,Lime,Joseph Joestar,Joseph,Joestar,24.0,retired,,2025-04-03 11:24:45,,Linebacker,Pass Rusher,,,,50,0,50,0,0,1082,0,0,0,0,0,0,0,0,0,0,23094350,2.0,New York City,Purdue,,,
2133,2055,pppaul317,Quentin Button,Quentin,Button,24.0,retired,,2025-04-03 11:24:45,,Offensive Lineman,,,,,50,0,50,0,0,414,0,0,0,0,0,0,0,0,0,0,9331355,17.0,"Milwaukee, WI",Iowa,,,
2132,2120,Luke,Juke Thomason,Juke,Thomason,24.0,retired,,2025-04-03 11:24:45,,Kicker,Balanced,,,,50,0,50,0,0,127,0,0,0,0,0,0,0,0,0,0,19195800,56.0,New York,Rutgers,,,
2131,2103,Haseo,Zack Mouse,Zack,Mouse,24.0,retired,,2025-04-03 11:24:45,,Safety,Playmaker,,,,50,0,50,0,0,267,0,0,0,0,0,0,0,0,0,0,72106999,45.0,"Charlotte, NC",NC State,,,
2130,1028,TeyonSchavari,Captain Rogers,Captain,Rogers,24.0,retired,,2025-04-03 11:24:45,,Running Back,Speed Back,,,,50,0,50,0,0,1155,0,0,0,0,0,0,0,0,0,0,49984371,1.0,"Brooklyn, NY",Brooklyn College,,,
2129,648,Blastmeaway,"Thad Pennington, Jr.",Thad,"Pennington, Jr.",24.0,retired,,2025-04-03 11:24:45,,Offensive Lineman,Balanced Lineman,,,,50,0,50,0,0,589,0,0,0,0,0,0,0,0,0,0,13542220,69.0,My dad's balls sir,The ,,,
2127,235,Jepox,"Chad ""The Rig"" Simpson",Chad,"""The Rig"" Simpson",24.0,retired,,2025-04-03 11:24:45,,Defensive Tackle,All-Purpose DT,,,,50,0,50,0,0,246,0,0,0,0,0,0,0,0,0,0,15320500,99.0,"Miami, FL",University of Florida,,,
2126,645,Mongoose87,Sigismund Sternenstaub,Sigismund,Sternenstaub,24.0,retired,active,2025-04-03 11:24:45,,Running Back,Fullback,,,,50,0,50,0,0,342,0,0,0,0,0,0,0,0,0,0,4425550,72.0,"Cygnet, OH",Duke,,,
2125,2073,CementHands,Ragnar Krashwagen,Ragnar,Krashwagen,24.0,retired,active,2025-04-03 11:24:45,,Tight End,Vertical Threat,,,,50,0,50,0,0,984,0,0,0,0,0,0,0,0,0,0,43461788,53.0,Sweden,Home School,,,
2124,2105,Goat_Whisperer,Blago Kokot,Blago,Kokot,24.0,retired,,2025-04-03 11:24:45,,Kicker,Power,,,,50,0,50,0,0,1084,0,0,0,0,0,0,0,0,0,0,-1083100,4.0,,Arizona State University,,,
2123,662,BWIII,Crowbar Theeks,Crowbar,Theeks,24.0,retired,,2025-04-03 11:24:45,,Running Back,Power Back,,,,50,0,50,0,0,202,0,0,0,0,0,0,0,0,0,0,30176925,33.0,"Atlanta, GA",Texas,,,
2121,2100,DeanoBamBeano,"Thomas ""The Tank"" Engine",Thomas,"""The Tank"" Engine",24.0,retired,,2025-04-03 11:24:45,,Tight End,Balanced Tight End,,,,50,0,50,0,0,145,0,0,0,0,0,0,0,0,0,0,8000000,27.0,"Tidmouth, Sodor, GB",Tidmouth Steam-Locomotive College,,,
2120,2068,delta,Delta Airlines,Delta,Airlines,24.0,retired,,2025-04-03 11:24:45,,Linebacker,Balanced,,,,50,0,50,0,0,50,0,0,0,0,0,0,0,0,0,0,13000000,20.0,Boston,Nebraska,,,
2119,2080,MobiausGrander,Azarius Ranger,Azarius,Ranger,24.0,retired,active,2025-04-03 11:24:45,,Defensive End,Power Rusher,,,,50,0,50,0,0,1001,0,0,0,0,0,0,0,0,0,0,23163524,4.0,"West Palm Beach, FL",Florida ,,,
2118,2061,Apple Bee#39;s Manager,Logan Hex,Logan,Hex,24.0,retired,,2025-04-03 11:24:45,,Wide Receiver,Red Zone Threat,,,,50,0,50,0,0,63,0,0,0,0,0,0,0,0,0,0,1000000,13.0,"Hopkinsville, Kentucky",Kentucky,,,
2117,2112,TheGodfather,Jordan Waffle,Jordan,Waffle,24.0,retired,,2025-04-03 11:24:45,,Cornerback,All-Around,,,,50,0,50,0,0,57,0,0,0,0,0,0,0,0,0,0,5000000,43.0,"Philadelphia, Pennsylvania",Penn State,,,
2116,2095,supertardis101,Rickie Vaughne,Rickie,Vaughne,24.0,retired,,2025-04-03 11:24:45,,Cornerback,Slot Corner,,,,50,0,50,0,0,1017,0,0,0,0,0,0,0,0,0,0,2385470,77.0,Virginia,Virginia Tech,,,
2115,2056,Sushi,Ne Mo,Ne,Mo,24.0,retired,,2025-04-03 11:24:45,,Offensive Lineman,Mauler,,,,50,0,50,0,0,429,0,0,0,0,0,0,0,0,0,0,10051050,84.0,Anemone,Florida,,,
2114,2083,Rusfan,Joel Drake,Joel,Drake,24.0,retired,active,2025-04-03 11:24:45,,Safety,Center Fielder,,,,50,0,50,0,0,1286,0,0,0,0,0,0,0,0,0,0,69840837,20.0,Gary. Indiana,Louisville,,,
2113,2062,Garnuk,Woodrow Brooks,Woodrow,Brooks,24.0,retired,,2025-04-03 11:24:45,,Defensive End,Power Rusher,,,,50,0,50,0,0,135,0,0,0,0,0,0,0,0,0,0,15000000,99.0,"Brooklyn, NY",UCF,,,
2112,2102,SchwarzNarr,Melvin Murder-Moose,Melvin,Murder-Moose,24.0,retired,,2025-04-03 11:24:45,,Linebacker,,,,,50,0,50,0,0,1480,0,0,0,0,0,0,0,0,0,0,72140498,67.0,Moon,University of Michigan,,,
2111,2071,Cincyfan96,Adam Schell,Adam,Schell,24.0,retired,,2025-04-03 11:24:45,,Linebacker,Coverage LB,,,,50,0,50,0,0,1475,0,0,0,0,0,0,0,0,0,0,27090677,58.0,"Lexington, KY",Kentucky,,,
2110,2087,100stars,Greg Young,Greg,Young,24.0,retired,,2025-04-03 11:24:45,,Tight End,Balanced Tight End,,,,50,0,50,0,0,50,0,0,0,0,0,0,0,0,0,0,13000000,0.0,"Orefield, Pennsylvania",Maryland,,,
2109,488,Walder Frey,Sasha Medved,Sasha,Medved,24.0,retired,,2025-04-03 11:24:45,,Defensive End,Power Rusher,,,,50,0,50,0,0,134,0,0,0,0,0,0,0,0,0,0,15342000,2.0,"San Antonio, TX",Texas,,,
2108,1312,TheManWhoSoldTheWorld,Myles Smith,Myles,Smith,24.0,retired,,2025-04-03 11:24:45,,Linebacker,Coverage Linebacker,,,,50,0,50,0,0,155,0,0,0,0,0,0,0,0,0,0,15747800,22.0,"Oklahoma City, OK",Florida,,,
2107,2106,Kelsier,Ashweather Cett,Ashweather,Cett,24.0,retired,,2025-04-03 11:24:45,,Offensive Lineman,,,,,50,0,50,0,0,50,0,0,0,0,0,0,0,0,0,0,5000000,97.0,"Norfolk, Virginia",East Carolina ,,,
2106,2119,Ode2U,Axel E. Ratione,Axel,E. Ratione,24.0,retired,,2025-04-03 11:24:45,,Safety,Center Fielder,,,,50,0,50,0,0,77,0,0,0,0,0,0,0,0,0,0,7500000,48.0,"New York, New York",Houston Baptist University,,,
2105,2058,RDBSouthPaw,Brach Thomaslacher,Brach,Thomaslacher,24.0,retired,,2025-04-03 11:24:45,,Linebacker,Pass Rusher,,,,50,0,50,0,0,1379,0,0,0,0,0,0,0,0,0,0,14533920,54.0,"Pasco, WA",Texas Tech University,,,
2104,729,Trautner,Sam Howitzer,Sam,Howitzer,24.0,retired,,2025-04-03 11:24:45,,Quarterback,Field General,,,,50,0,50,0,0,1582,0,0,0,0,0,0,0,0,0,0,6358390,7.0,"Chapel Hill, NC",North Carolina,,,
2103,2098,Ruhu,Ruhu Rush,Ruhu,Rush,24.0,retired,,2025-04-03 11:24:45,,Safety,Run Support,,,,50,0,50,0,0,57,0,0,0,0,0,0,0,0,0,0,5455300,33.0,"Akron, Ohio",Buffalo,,,
2102,2099,Garry Winthorpe,Garry Winthorpe,Garry,Winthorpe,24.0,retired,,2025-04-03 11:24:45,,Safety,Run support,,,,50,0,50,0,0,50,0,0,0,0,0,0,0,0,0,0,19000000,0.0,,Notre Dame,,,
2101,2085,JoshMcNabb,Michael Cera,Michael,Cera,24.0,retired,,2025-04-03 11:24:45,,Defensive Tackle,Balanced,,,,50,0,50,0,0,50,0,0,0,0,0,0,0,0,0,0,5000000,0.0,"Brampton, Canada",Ohio State,,,
2100,1257,Hallmonitor_20,Jeremiah Zelos,Jeremiah,Zelos,24.0,retired,,2025-04-03 11:24:45,,Safety,Enforcer,,,,50,0,50,0,0,679,0,0,0,0,0,0,0,0,0,0,11409593,53.0,,Grambling State ,,,
2099,2104,envie808,Nessie Joans,Nessie,Joans,24.0,retired,,2025-04-03 11:24:45,,Cornerback,Man to Man,,,,50,0,50,0,0,50,0,0,0,0,0,0,0,0,0,0,9000000,11.0,,Antelope Valley College ,,,
2098,2111,Eliajah,Eliajah Williams,Eliajah,Williams,24.0,retired,,2025-04-03 11:24:45,,Running Back,Receiving Back,,,,50,0,50,0,0,50,0,0,0,0,0,0,0,0,0,0,5000000,0.0,,,,,
2097,802,Snussu,James Pazos,James,Pazos,24.0,retired,,2025-04-03 11:24:45,,Cornerback,All-Around,,,,50,0,50,0,0,137,0,0,0,0,0,0,0,0,0,0,41262600,,"Cheyenne, Wyoming",Laramie County Community College,,,
2096,2110,Hooperorama,Ajay Krishna,Ajay,Krishna,24.0,retired,,2025-04-03 11:24:45,,Offensive Lineman,Athletic Lineman,,,,50,0,50,0,0,125,0,0,0,0,0,0,0,0,0,0,18000000,29.0,INDIA,UCLA,,,
2095,789,WannabeFinn,Sergio Kitchens,Sergio,Kitchens,24.0,retired,,2025-04-03 11:24:45,,Linebacker,Pass Rusher,,,,50,0,50,0,0,286,0,0,0,0,0,0,0,0,0,0,19455160,35.0,"College Park, GA",University of Georgia,,,
2094,2091,abh89,Harrison Andrews,Harrison,Andrews,24.0,retired,active,2025-04-03 11:24:45,,Cornerback,Physical Corner,,,,50,0,50,0,0,1529,0,0,0,0,0,0,0,0,0,0,334134252,26.0,"Lakeland, FL",University of Florida (UF),,,
2093,2048,Birdman,LeBong Simwell,LeBong,Simwell,24.0,retired,,2025-04-03 11:24:45,,Defensive Tackle,All-Purpose DT,,,,50,0,50,0,0,1152,0,0,0,0,0,0,0,0,0,0,13685630,97.0,"Carnival Cruise, International Waters",LSU,,,
2092,2081,BigDongFunkyKong,Sebastian Low,Sebastian,Low,24.0,retired,,2025-04-03 11:24:45,,Defensive End,Speed Rusher,,,,50,0,50,0,0,57,0,0,0,0,0,0,0,0,0,0,5000000,19.0,"London, England",Auburn,,,
2091,785,Mavfatha,Icebox Riposte,Icebox,Riposte,24.0,retired,,2025-04-03 11:24:45,,Offensive Lineman,"Mauler (Orlando Brown, Kelechi Osemele)",,,,50,0,50,0,0,1211,0,0,0,0,0,0,0,0,0,0,-2296560,67.0,"Volcano, Hawaii",University of Hawaii,,,
2090,2067,R-Jeff,Timothy Martins III,Timothy,Martins III,24.0,retired,,2025-04-03 11:24:45,,Running Back,All-Purpose Back,,,,50,0,50,0,0,50,0,0,0,0,0,0,0,0,0,0,4000000,29.0,Frankfurt,Frankfurt University,,,
2089,704,YoungTB,Korbin Brown,Korbin,Brown,24.0,retired,,2025-04-03 11:24:45,,Wide Receiver,Speed Receiver,,,,50,0,50,0,0,597,0,0,0,0,0,0,0,0,0,0,27231564,11.0,"Los Angeles, California",University of Southern California,,,
2088,2066,xTri,Taro Raimon,Taro,Raimon,24.0,retired,,2025-04-03 11:24:45,,Wide Receiver,Speed Receiver,,,,50,0,50,0,0,1494,0,0,0,0,0,0,0,0,0,0,-2480870,80.0,Tokyo,Notre Dame,,,
2087,12,DELIRIVM,Wyatt Fulton Jr.,Wyatt,Fulton Jr.,24.0,retired,active,2025-04-03 11:24:45,,Cornerback,Man to Man,,,,50,0,50,0,0,50,0,0,0,0,0,0,0,0,0,0,45853530,34.0,"Fort Collins, Colorado",Colorado State,,,
2086,2078,GotDatWeeFee,Rashad Hilliard,Rashad,Hilliard,24.0,retired,,2025-04-03 11:24:45,,Safety,Center Fielder,,,,50,0,50,0,0,733,0,0,0,0,0,0,0,0,0,0,13674920,22.0,Gainesville,University of Florida (UF),,,
2085,2086,RattyBal21,Jason Polinger,Jason,Polinger,24.0,retired,,2025-04-03 11:24:45,,Safety,Run Support,,,,50,0,50,0,0,50,0,0,0,0,0,0,0,0,0,0,9000000,6.0,Chicago,Texas A&M,,,
2084,2109,MattressCadaire,Mattress Cadaire,Mattress,Cadaire,24.0,retired,,2025-04-03 11:24:45,,Offensive Lineman,Athletic Lineman,,,,50,0,50,0,0,401,0,0,0,0,0,0,0,0,0,0,14368110,55.0,"Los Angeles, CA",UCLA,,,
2083,2074,Skyfish,Nerdy Name,Nerdy,Name,24.0,retired,,2025-04-03 11:24:45,,Safety,Center Fielder,,,,50,0,50,0,0,202,0,0,0,0,0,0,0,0,0,0,22750000,22.0,Denver Colorado,Wheelie Boi University,,,
2082,1331,Net,Oliver Sloan,Oliver,Sloan,24.0,retired,,2025-04-03 11:24:45,,Defensive End,"Speed Rusher (Chase Young, Frank Clark)",,,,50,0,50,0,0,569,0,0,0,0,0,0,0,0,0,0,19675832,13.0,Seattle,Appalachian State,,,
2081,2079,Terel,Nacho Davis,Nacho,Davis,24.0,retired,,2025-04-03 11:24:45,,Tight End,Balanced Tight End,,,,50,0,50,0,0,50,0,0,0,0,0,0,0,0,0,0,5000000,1.0,"Jacksonville, Florida",University of Florida,,,
2080,2063,Yeenoghu,Juan Domine,Juan,Domine,24.0,retired,,2025-04-03 11:24:45,,Linebacker,"Pass Rusher (Khalil Mack, Von Miller)",,,,50,0,50,0,0,1527,0,0,0,0,0,0,0,0,0,0,32758042,53.0,"The Woodlands, TX",University of Houston,,,
2079,1425,MisObvious,Arlington Heights,Arlington,Heights,24.0,retired,,2025-04-03 11:24:45,,Defensive End,Speed Rusher,,,,50,0,50,0,0,403,0,0,0,0,0,0,0,0,0,0,29038749,0.0,"Arlington Heights, IL",Valparaiso University,,,
2078,2082,Z-Whiz,Deadly Memes,Deadly,Memes,24.0,retired,active,2025-04-03 11:24:45,,Running Back,Speed Back,,,,50,0,50,0,0,1501,0,0,0,0,0,0,0,0,0,0,5050425,8.0,"Nimrod, OR",Oregon,,,
2077,2107,Nictox,Macaroni “Mac” Elephant,Macaroni,“Mac” Elephant,24.0,retired,,2025-04-03 11:24:45,,Offensive Lineman,Mauler,,,,50,0,50,0,0,319,0,0,0,0,0,0,0,0,0,0,9265450,14.0,"Detroit, MI",N/A,,,
2076,830,Rise of Smitty,Tre’Darius J’Vathon,Tre’Darius,J’Vathon,24.0,retired,,2025-04-03 11:24:45,,Running Back,Fullback,,,,50,0,50,0,0,1047,0,0,0,0,0,0,0,0,0,0,4032335,14.0,"Oxford, Mississippi",Ole Miss,,,
2075,1210,DeadlyPlayer,Frank Michell,Frank,Michell,24.0,retired,,2025-04-03 11:24:45,,Tight End,Vertical Threat,,,,50,0,50,0,0,432,0,0,0,0,0,0,0,0,0,0,118005180,76.0,Hell,Indiana,,,
2074,792,MrStennett,Charlemagne Cortez,Charlemagne,Cortez,24.0,retired,,2025-04-03 11:24:45,,Quarterback,Field General,,,,50,0,50,0,0,1389,0,0,0,0,0,0,0,0,0,0,38002300,2.0,"Atherton, CA",Cornell University,,,
2073,2077,Cristóbal,Bob Smith,Bob,Smith,24.0,retired,,2025-04-03 11:24:45,,Defensive End,Speed Rusher,,,,50,0,50,0,0,98,0,0,0,0,0,0,0,0,0,0,4957020,96.0,"Paris, Texas",Appalachian State,,,
2072,45,TheWoZy,Lee Out,Lee,Out,24.0,retired,,2025-04-03 11:24:45,,Defensive Tackle,Run Stuffer,,,,50,0,50,0,0,133,0,0,0,0,0,0,0,0,0,0,21373500,81.0,"College Park, GA",University of Georgia,,,
2071,1975,Jason,Ray-Ray Jackson,Ray-Ray,Jackson,23.0,retired,,2025-04-03 11:24:37,,Cornerback,Slot Corner,,,,50,0,50,0,0,657,0,0,0,0,0,0,0,0,0,0,13523445,24.0,"Montreal, Canada",Alabama,,,
2070,2012,A Duck On Quack,Jason Young,Jason,Young,23.0,retired,,2025-04-03 11:24:37,,Cornerback,Man to Man ,,,,50,0,50,0,0,145,0,0,0,0,0,0,0,0,0,0,7000000,30.0,"San Diego, California",San Diego State University,,,
2069,1968,DanE got dis,Danny King,Danny,King,23.0,retired,,2025-04-03 11:24:37,,Kicker,Accurate,,,,50,0,50,0,0,575,0,0,0,0,0,0,0,0,0,0,6850000,14.0,"Johnstown, Pennsylvania",Pittsburgh,,,
2068,2018,Nhamlet,Eugene Smoothie,Eugene,Smoothie,23.0,retired,,2025-04-03 11:24:37,,Safety,Center Fielder,,,,50,0,50,0,0,1427,0,0,0,0,0,0,0,0,0,0,34780255,21.0,"Canmore, Canada",UCLA,,,
2067,950,ValorX77,Videl-San -,Videl-San,-,23.0,retired,active,2025-04-03 11:24:37,,Wide Receiver,Speed Receiver,,,,50,0,50,0,0,1463,0,0,0,0,0,0,0,0,0,0,671610608,66.0,"West City, Japan",Orange Star College,,,
2066,365,Rabidsponge21,Datsum PhastBawls,Datsum,PhastBawls,23.0,retired,,2025-04-03 11:24:37,,Kicker,Accurate,,,,50,0,50,0,0,421,0,0,0,0,0,0,0,0,0,0,14194580,1.0,Korea,Hard Knocks,,,
2065,1977,notorioustig,L’Carpetron Dookmarriot,L’Carpetron,Dookmarriot,23.0,retired,,2025-04-03 11:24:37,,Safety,Center Fielder,,,,50,0,50,0,0,395,0,0,0,0,0,0,0,0,0,0,9585600,94.0,"Seattle, WA",Homeschooled,,,
2064,892,SouljaBoy2007,Deonte Washington,Deonte,Washington,23.0,retired,,2025-04-03 11:24:37,,Wide Receiver,Speed Receiver,,,,50,0,50,0,0,138,0,0,0,0,0,0,0,0,0,0,38352837,15.0,"Chicago, IL",Northwestern,,,
2063,2030,puolivalmiste,Mike Karpaasi,Mike,Karpaasi,23.0,retired,,2025-04-03 11:24:37,,Defensive End,Power Rusher,,,,50,0,50,0,0,965,0,0,0,0,0,0,0,0,0,0,7350000,52.0,"Duluth, Minnesota",,,,
2062,872,dieselj123,Rigby Raccoon,Rigby,Raccoon,23.0,retired,,2025-04-03 11:24:37,,Offensive Lineman,Athletic Lineman,,,,50,0,50,0,0,438,0,0,0,0,0,0,0,0,0,0,6809700,69.0,Colorado,The Park,,,
2061,2016,SeanReynolds,Sean Reynolds,Sean,Reynolds,23.0,retired,,2025-04-03 11:24:37,,Safety,,,,,50,0,50,0,0,119,0,0,0,0,0,0,0,0,0,0,11000000,9.0,Dublin Ireland ,DCU,,,
2060,2020,24redcrayons,Julio Jones,Julio,Jones,23.0,retired,,2025-04-03 11:24:37,,Offensive Lineman,Balanced Lineman,,,,50,0,50,0,0,1134,0,0,0,0,0,0,0,0,0,0,25712745,62.0,"Topeka, Kansas",Alabama,,,
2059,257,Daybe,Jackson Kingston,Jackson,Kingston,23.0,retired,,2025-04-03 11:24:37,,Wide Receiver,Speed Receiver,,,,50,0,50,0,0,1452,0,0,0,0,0,0,0,0,0,0,8012300,12.0,"Havana, Cuba",Louisiana-Lafayette,,,
2058,700,JSS,3’ Jeffrey,3’,Jeffrey,23.0,retired,,2025-04-03 11:24:37,,Defensive End,Power Rusher,,,,50,0,50,0,0,444,0,0,0,0,0,0,0,0,0,0,11931540,0.0,"Bramtpon, Ontario",Trapstar University,,,
2057,1299,Trickiefella1,Jim Namen Jr,Jim,Namen Jr,23.0,retired,,2025-04-03 11:24:37,,Defensive End,Speed Rusher,,,,50,0,50,0,0,50,0,0,0,0,0,0,0,0,0,0,7882500,77.0,Florida,Central Florida ,,,
2056,1984,Uprisingslash,Atossa Atlas,Atossa,Atlas,23.0,retired,,2025-04-03 11:24:37,,Safety,Center Fielder,,,,50,0,50,0,0,50,0,0,0,0,0,0,0,0,0,0,23000000,77.0,Philadelphia ,Princeton ,,,
2055,1976,Pavel Pipowitsch,Mikel van Perkins,Mikel,van Perkins,23.0,retired,,2025-04-03 11:24:37,,Cornerback,Zone,,,,50,0,50,0,0,318,0,0,0,0,0,0,0,0,0,0,10557020,56.0,Amsterdam ,Colorado,,,
2054,2008,AzxCards,Rick Casey,Rick,Casey,23.0,retired,,2025-04-03 11:24:37,,Tight End,Balanced Tight End ,,,,50,0,50,0,0,57,0,0,0,0,0,0,0,0,0,0,14000000,0.0,,,,,
2052,1981,Preston_99,Brady Matthis,Brady,Matthis,23.0,retired,,2025-04-03 11:24:37,,Tight End,Vertical Threat,,,,50,0,50,0,0,59,0,0,0,0,0,0,0,0,0,0,8000000,0.0,"Indio, California",San Jose State,,,
2051,590,Ace,Arik Eller,Arik,Eller,23.0,retired,,2025-04-03 11:24:37,,Defensive End,Run Stuffer,,,,50,0,50,0,0,478,0,0,0,0,0,0,0,0,0,0,23989590,29.0,"Copenhagen, Denmark",University of New Hampshire,,,
2050,883,Huskies311,IHeart Syracuse,IHeart,Syracuse,23.0,retired,,2025-04-03 11:24:37,,Safety,Center Fielder,,,,50,0,50,0,0,674,0,0,0,0,0,0,0,0,0,0,23852988,70.0,"Ontario, CA",Tennessee ,,,
2049,2039,Dizzman,Bob Murphy,Bob,Murphy,23.0,retired,,2025-04-03 11:24:37,,Running Back,Receiving Back,,,,50,0,50,0,0,161,0,0,0,0,0,0,0,0,0,0,10000000,33.0,Puerto Rico,Air Force,,,
2048,1970,Sylphreni,Greedy Sly,Greedy,Sly,23.0,retired,,2025-04-03 11:24:37,,Offensive Lineman,,,,,50,0,50,0,0,1083,0,0,0,0,0,0,0,0,0,0,18861907,36.0,Maine,The Ohio State University,,,
2047,1965,The_Kidd,Lesean Paris Crooks,Lesean,Paris Crooks,23.0,retired,,2025-04-03 11:24:37,,Cornerback,Physical Corner,,,,50,0,50,0,0,1423,0,0,0,0,0,0,0,0,0,0,20306455,2.0,"East Harlem, New York, New York",University of California-Berkeley(Cal),,,
2046,2000,Esmith4358,Ethan Smith,Ethan,Smith,23.0,retired,,2025-04-03 11:24:37,,Tight End,Balanced Tight End,,,,50,0,50,0,0,59,0,0,0,0,0,0,0,0,0,0,6500000,0.0,"Detroit, MI",Eastern Michigan University,,,
2045,2033,tree,Mike Afton,Mike,Afton,23.0,retired,,2025-04-03 11:24:37,,Wide Receiver,Speed Receiver,,,,50,0,50,0,0,96,0,0,0,0,0,0,0,0,0,0,15662700,16.0,,Iowa,,,
2044,1963,Rufio_NZ,Doug Howlett,Doug,Howlett,23.0,retired,,2025-04-03 11:24:37,,Wide Receiver,Slot Receiver,,,,50,0,50,0,0,828,0,0,0,0,0,0,0,0,0,0,19594665,0.0,Auckland,University of Canterbury,,,
2043,1967,bertogarce,Diego Hernandez,Diego,Hernandez,23.0,retired,,2025-04-03 11:24:37,,Defensive Tackle,Interior Rusher ,,,,50,0,50,0,0,59,0,0,0,0,0,0,0,0,0,0,17809600,72.0," Lubbock, Texas ",University of Colorado,,,
2042,2009,Faded,Nicholas Ayers,Nicholas,Ayers,23.0,retired,,2025-04-03 11:24:37,,Running Back,Speed Back,,,,50,0,50,0,0,1141,0,0,0,0,0,0,0,0,0,0,27235485,42.0,"Mesa, Arizona",Arizona State (ASU),,,
2041,2010,Carnie #3,Killian Carnahan,Killian,Carnahan,23.0,retired,,2025-04-03 11:24:37,,Cornerback,Man to Man,,,,50,0,50,0,0,69,0,0,0,0,0,0,0,0,0,0,4000000,3.0,"Great Falls, Montana",University of Montana,,,
2040,303,Tylus,Tychondrius Hood,Tychondrius,Hood,23.0,retired,,2025-04-03 11:24:37,,Wide Receiver,Speed Receiver,,,,50,0,50,0,0,1441,0,0,0,0,0,0,0,0,0,0,24468751,82.0,"Gainesville, Florida",Florida,,,
2039,363,loco,Broken Bot2draftfinalasdasd,Broken,Bot2draftfinalasdasd,23.0,retired,,2025-04-03 11:24:37,,Defensive Tackle,Interior Rusher,,,,50,0,50,0,0,77,0,0,0,0,0,0,0,0,0,0,37883750,0.0,Locomotives Inc. Basement,,,,
2038,800,mcgriddleluver,Mac Griddle,Mac,Griddle,23.0,retired,,2025-04-03 11:24:37,,Safety,Enforcer,,,,50,0,50,0,0,737,0,0,0,0,0,0,0,0,0,0,5045700,80.0,California ,JUCO,,,
2037,1972,Jagajaga222,Moe Johnston,Moe,Johnston,23.0,retired,,2025-04-03 11:24:37,,Defensive Tackle,,,,,50,0,50,0,0,52,0,0,0,0,0,0,0,0,0,0,-2000000,0.0,sacramento,Georgia Tech,,,
2036,1987,noahjohng51,CJ Hopkins,CJ,Hopkins,23.0,retired,,2025-04-03 11:24:37,,Tight End,Vertical Threat,,,,50,0,50,0,0,76,0,0,0,0,0,0,0,0,0,0,3000000,18.0,"Milwaukee, Wisconsin",Wisconsin,,,
2034,2011,Jo3fish5,Danny King Jr.,Danny,King Jr.,23.0,retired,,2025-04-03 11:24:37,,,Fullback,,,,50,0,50,0,0,1235,0,0,0,0,0,0,0,0,0,0,13509650,55.0,"Atlantic City, New Jersey",Vanderbilt,,,
2033,2034,bk1689,Brennan Kennedy,Brennan,Kennedy,23.0,retired,,2025-04-03 11:24:37,,Cornerback,All-Around,,,,50,0,50,0,0,178,0,0,0,0,0,0,0,0,0,0,19000000,16.0,Nova Scotia,Alabama,,,
2032,245,AsylumParty,Griffin Porter,Griffin,Porter,23.0,retired,,2025-04-03 11:24:37,,Linebacker,Pass Rusher,,,,50,0,50,0,0,780,0,0,0,0,0,0,0,0,0,0,78819797,52.0,"Baltimore, Maryland",Miami,,,
2031,141,dave,Omar Wright Jr.,Omar,Wright Jr.,23.0,retired,,2025-04-03 11:24:37,,Linebacker,Balanced,,,,50,0,50,0,0,277,0,0,0,0,0,0,0,0,0,0,12971150,52.0,"El Paso, TX",University of Oklahoma,,,
2030,1979,DarknessRising,Kai Sakura,Kai,Sakura,23.0,retired,,2025-04-03 11:24:37,,Wide Receiver,Speed Receiver ,,,,50,0,50,0,0,1479,0,0,0,0,0,0,0,0,0,0,1151759325,77.0,"Kyoto, Japan ",University of Hawai’i,,,
2029,1986,MCP_,Mordecai Morrisey,Mordecai,Morrisey,23.0,retired,,2025-04-03 11:24:37,,Defensive End,Balanced,,,,50,0,50,0,0,93,0,0,0,0,0,0,0,0,0,0,8000000,,"Galveston, Texas",UT Austin,,,
2028,1197,IsaStarcrossed,Adélie de Pengu,Adélie,de Pengu,23.0,retired,active,2025-04-03 11:24:37,,Linebacker,,,,,50,0,50,0,0,1489,0,0,0,0,0,0,0,0,0,0,269936954,42.0,Antarctica,Antarctica,,,
2027,1152,PersonMann,Dick Thruster,Dick,Thruster,23.0,retired,,2025-04-03 11:24:37,,Offensive Lineman,Athletic Lineman,,,,50,0,50,0,0,516,0,0,0,0,0,0,0,0,0,0,12221323,64.0,"Chicago, IL",University of Michigan,,,
2026,2007,EvrybdyzRussian,Joseph May,Joseph,May,23.0,retired,,2025-04-03 11:24:37,,Safety,Playmaker,,,,50,0,50,0,0,77,0,0,0,0,0,0,0,0,0,0,11000000,27.0,"Glendale, AZ",University of Minnesota,,,
2025,2022,M.Dawg3.0,Mac Mobley,Mac,Mobley,23.0,retired,,2025-04-03 11:24:37,,Safety,Playmaker,,,,50,0,50,0,0,50,0,0,0,0,0,0,0,0,0,0,13000000,0.0,"Baton Rouge, Louisiana ",,,,
2024,762,LGMForever,Carl Wheezer,Carl,Wheezer,23.0,retired,,2025-04-03 11:24:37,,Offensive Lineman,Mauler,,,,50,0,50,0,0,498,0,0,0,0,0,0,0,0,0,0,18796935,58.0,Retroville,Retroville University,,,
2023,613,cpetrella,I Hop,I,Hop,23.0,retired,,2025-04-03 11:24:37,,Offensive Lineman,Athletic Lineman,,,,50,0,50,0,0,50,0,0,0,0,0,0,0,0,0,0,8024872,69.0,International House of Pancakes,Sackerman University,,,
2022,770,ml002,Mr. Large Sternum,Mr.,Large Sternum,23.0,retired,,2025-04-03 11:24:37,,Defensive End,Balanced,,,,50,0,50,0,0,223,0,0,0,0,0,0,0,0,0,0,5490000,84.0,"Miami, FL",Southern Michigan Community College,,,
2021,1978,Jmac NCheese,Hingle McCringleberry,Hingle,McCringleberry,23.0,retired,,2025-04-03 11:24:37,,Linebacker,Pass Rusher,,,,50,0,50,0,0,533,0,0,0,0,0,0,0,0,0,0,15400000,8.0,"Tampa, FL",Penn State University,,,
2020,221,Blaster,Blade McCoy,Blade,McCoy,23.0,retired,,2025-04-03 11:24:37,,Linebacker,Speed Rusher,,,,50,0,50,0,0,236,0,0,0,0,0,0,0,0,0,0,13451442,21.0,"Austin, Texas",Texas,,,
2019,68,Aenir,Griff Oberwald,Griff,Oberwald,23.0,retired,,2025-04-03 11:24:37,,Wide Receiver,Red Zone Threat,,,,50,0,50,0,0,470,0,0,0,0,0,0,0,0,0,0,22955220,19.0,"Streissen, Averland",N/A,,,
2018,1065,Judas_Iscariot,Judas The White,Judas,The White,23.0,retired,,2025-04-03 11:24:37,,Defensive Tackle,Interior Rusher,,,,50,0,50,0,0,67,0,0,0,0,0,0,0,0,0,0,24399825,0.0,,,,,
2017,2005,KenitohMenara,Raphael d’Alcott,Raphael,d’Alcott,23.0,retired,,2025-04-03 11:24:37,,Safety,Center Fielder,,,,50,0,50,0,0,379,0,0,0,0,0,0,0,0,0,0,12851200,97.0,"Corpus Christi, Texas",Ohio State,,,
2016,459,PDXBaller,Reginald Covington III,Reginald,Covington III,23.0,retired,,2025-04-03 11:24:37,,Quarterback,Game Manager,,,,50,0,50,0,0,333,0,0,0,0,0,0,0,0,0,0,36693010,8.0,"Seattle, WA",Stanford,,,
2015,1313,I'll change this later,Unoriginal Name,Unoriginal,Name,23.0,retired,,2025-04-03 11:24:37,,Cornerback,,,,,50,0,50,0,0,56,0,0,0,0,0,0,0,0,0,0,4250000,18.0,,Louisville ,,,
2014,777,PSanchez55,Keynel McZeal,Keynel,McZeal,23.0,retired,,2025-04-03 11:24:37,,Running Back,"Fullback (Kyle Juszczyk, CJ Ham)",,,,50,0,50,0,0,271,0,0,0,0,0,0,0,0,0,0,21246470,88.0,Port Arthur Texas,Texas A&M,,,
2013,1964,ycstefano,Rice Ahoc-Machine,Rice,Ahoc-Machine,23.0,retired,,2025-04-03 11:24:37,,Running Back,All-Purpose Back,,,,50,0,50,0,0,74,0,0,0,0,0,0,0,0,0,0,19000000,31.0,Freistadt (Austria),University of Applied Science Hagenberg,,,
2012,2036,IHateBobNutting,Philip Stein,Philip,Stein,23.0,retired,,2025-04-03 11:24:37,,Safety,Ball Hawk,,,,50,0,50,0,0,1095,0,0,0,0,0,0,0,0,0,0,19255625,27.0,"Pittsburgh, PA",University of Maryland,,,
2011,2013,K Dot,Kayleb Dotson,Kayleb,Dotson,23.0,retired,,2025-04-03 11:24:37,,Safety,Center Fielder,,,,50,0,50,0,0,98,0,0,0,0,0,0,0,0,0,0,12221818,24.0,"Minneapolis, Minnesota",LSU,,,
2010,23,Saliva^,Quanter Skrills,Quanter,Skrills,23.0,retired,,2025-04-03 11:24:37,,Running Back,Speed Back,,,,50,0,50,0,0,268,0,0,0,0,0,0,0,0,0,0,12175666,41.0,"Chattanooga, TN",University of Tennessee,,,
2009,33,ckroyal92,Water Chestnut III,Water,Chestnut III,23.0,retired,active,2025-04-03 11:24:37,,Defensive End,Power Rusher,,,,50,0,50,0,0,463,0,0,0,0,0,0,0,0,0,0,197648400,55.0,"Philadelphia, PA",Michigan,,,
2008,1950,thecanadiancanuck,Byron Blackwell,Byron,Blackwell,23.0,retired,,2025-04-03 11:24:37,,Cornerback,Man to Man,,,,50,0,50,0,0,245,0,0,0,0,0,0,0,0,0,0,9723730,22.0,"Austin, Texas",LSU,,,
2007,153,enigmatic,Luca Scabbia,Luca,Scabbia,23.0,retired,,2025-04-03 11:24:37,,Wide Receiver,Slot Receiver,,,,50,0,50,0,0,1213,0,0,0,0,0,0,0,0,0,0,54367240,99.0,"Grosseto, Italy",Syracuse,,,
2006,2021,youngkingabdul,Damien Hands,Damien,Hands,23.0,retired,,2025-04-03 11:24:37,,Wide Receiver,Route Runner,,,,50,0,50,0,0,67,0,0,0,0,0,0,0,0,0,0,5000000,21.0,Oakland,Ohio State,,,
2005,2028,PancakesAllDay,Made Cays,Made,Cays,23.0,retired,,2025-04-03 11:24:37,,Offensive Lineman,Technician,,,,50,0,50,0,0,57,0,0,0,0,0,0,0,0,0,0,9000000,68.0,"Knoxville, TN",,,,
2004,1124,TubbyTim69,Kevin Malone,Kevin,Malone,23.0,retired,active,2025-04-03 11:24:37,,Offensive Lineman,,,,,50,0,50,0,0,179,0,0,0,0,0,0,0,0,0,0,57080426,0.0,,Pennsylvania school of Accounting,,,
2003,2026,FlyinHawaiian,Jahlani Kelekolio,Jahlani,Kelekolio,23.0,retired,,2025-04-03 11:24:37,,Defensive End,Balanced,,,,50,0,50,0,0,55,0,0,0,0,0,0,0,0,0,0,13000000,50.0,"Pearl City, HI",Hawaii,,,
2002,1971,yhaiat,Geykume Onfroy,Geykume,Onfroy,23.0,retired,,2025-04-03 11:24:37,,Running Back,Power Back ,,,,50,0,50,0,0,50,0,0,0,0,0,0,0,0,0,0,10000000,22.0,Israel,Auburn,,,
2001,1966,ChazMichaels,Chaz Michaels,Chaz,Michaels,23.0,retired,,2025-04-03 11:24:37,,Safety,Center Fielder ,,,,50,0,50,0,0,50,0,0,0,0,0,0,0,0,0,0,18000000,3.0,"Cleveland, OH",Michigan ,,,
2000,1997,kentakira,Yuuto Kira Cloudera,Yuuto,Kira Cloudera,23.0,retired,,2025-04-03 11:24:37,,Defensive Tackle,Interior Rusher,,,,50,0,50,0,0,851,0,0,0,0,0,0,0,0,0,0,134403350,69.0,Tokyo,Kwansei Gakuin University,,,
1999,1999,WildfireMicro,Eric Richards,Eric,Richards,23.0,retired,,2025-04-03 11:24:37,,Safety,Center Fielder,,,,50,0,50,0,0,496,0,0,0,0,0,0,0,0,0,0,15289037,67.0,Sheperdsville Kentucky ,Kentucky ,,,
1998,2038,xQCFamous,Benoit Blanco,Benoit,Blanco,23.0,retired,,2025-04-03 11:24:37,,Safety,Center Fielder,,,,50,0,50,0,0,467,0,0,0,0,0,0,0,0,0,0,108648490,55.0,"Gatineau, Quebec",Duke,,,
1997,734,BaseScoutX1,"Dick ""Dickie"" Cheese III",Dick,"""Dickie"" Cheese III",23.0,retired,,2025-04-03 11:24:37,,Safety,Center Fielder,,,,50,0,50,0,0,50,0,0,0,0,0,0,0,0,0,0,16396150,33.0,"Tijuana, Mexico",UTEP,,,
1996,2025,Rocketman,Benji Raji,Benji,Raji,23.0,retired,,2025-04-03 11:24:37,,Defensive Tackle,Nose Tackle,,,,50,0,50,0,0,50,0,0,0,0,0,0,0,0,0,0,9000000,90.0,New York City,Boston College,,,
1995,1118,nairbretsamdaerb,Charmin Glassley,Charmin,Glassley,23.0,retired,,2025-04-03 11:24:37,,Linebacker,Speed Rusher,,,,50,0,50,0,0,78,0,0,0,0,0,0,0,0,0,0,20550000,0.0,"Sacramento, CA",Texas,,,
1994,452,Rindiee,Tyrone Woods,Tyrone,Woods,23.0,retired,,2025-04-03 11:24:37,,Linebacker,Speed Rusher,,,,50,0,50,0,0,284,0,0,0,0,0,0,0,0,0,0,2347063,55.0,"Scottsdale, Arizona",,,,
1993,460,Keyg_an,Bradley Owens,Bradley,Owens,23.0,retired,,2025-04-03 11:24:37,,Linebacker,Speed Rusher,,,,50,0,50,0,0,126,0,0,0,0,0,0,0,0,0,0,8595125,21.0,"Austin, Texas",Texas,,,
1992,1273,dylanjj37,Dick Thunder,Dick,Thunder,23.0,retired,,2025-04-03 11:24:37,,Offensive Lineman,Athletic Lineman,,,,50,0,50,0,0,93,0,0,0,0,0,0,0,0,0,0,6434000,77.0,"Burton, Ohio (Pancake Town USA)",The Ohio State University,,,
1991,1993,earlbacher,Brian Earlbacher,Brian,Earlbacher,23.0,retired,,2025-04-03 11:24:37,,Linebacker,Balanced,,,,50,0,50,0,0,117,0,0,0,0,0,0,0,0,0,0,4732900,54.0,"Chicago, Illinois",Alabama,,,
1990,1958,hotdog,DB Jadakiss,DB,Jadakiss,23.0,retired,,2025-04-03 11:24:37,,Safety,Ball Hawk,,,,50,0,50,0,0,1337,0,0,0,0,0,0,0,0,0,0,6055716,42.0,"Yonkers, NY",Fordham,,,
1989,1851,.simo,Achtfünf -,Achtfünf,-,23.0,retired,,2025-04-03 11:24:37,,Wide Receiver,Possession Receiver,,,,50,0,50,0,0,1181,0,0,0,0,0,0,0,0,0,0,16072223,85.0,"Rockhampton, Queensland",,,,
1988,462,toivo,Brock Bodenhamer,Brock,Bodenhamer,23.0,retired,,2025-04-03 11:24:37,,Wide Receiver,Slot Receiver,,,,50,0,50,0,0,985,0,0,0,0,0,0,0,0,0,0,17361225,0.0,,,,,
1987,866,Nykonax,Running Back,Running,Back,23.0,retired,,2025-04-03 11:24:37,,Offensive Lineman,Mauler,,,,50,0,50,0,0,415,0,0,0,0,0,0,0,0,0,0,41459485,0.0,Calgary Canada,Berkley,,,
1986,1989,Gamaliel,Joe Exotic,Joe,Exotic,23.0,retired,,2025-04-03 11:24:37,,Defensive Tackle,Run Stuffer,,,,50,0,50,0,0,154,0,0,0,0,0,0,0,0,0,0,14314950,0.0,"Wynnewood, Oklahoma",LSU,,,
1985,1980,Philliesphan96,Tomage McGullager,Tomage,McGullager,23.0,retired,,2025-04-03 11:24:37,,Cornerback,Cover Corner,,,,50,0,50,0,0,852,0,0,0,0,0,0,0,0,0,0,32820459,86.0,"Wyoming, DE",Delaware College of Art and Design,,,
1984,2015,Confictional,Dre Matthews,Dre,Matthews,23.0,retired,,2025-04-03 11:24:37,,Wide Receiver,Speed Receiver,,,,50,0,50,0,0,588,0,0,0,0,0,0,0,0,0,0,9553285,11.0,"Brooklyn, New York",University of Florida,,,
1983,1957,gbfn,Heinrich Kackpoo,Heinrich,Kackpoo,23.0,retired,,2025-04-03 11:24:37,,Defensive Tackle,Interior Rusher,,,,50,0,50,0,0,1504,0,0,0,0,0,0,0,0,0,0,25330397,41.0,Freistadt,University of Applied Scienes Hagenberg,,,
1982,2023,Lost_Kelu,Braxton Sinclair,Braxton,Sinclair,23.0,retired,,2025-04-03 11:24:37,,Defensive Tackle,Run Stuffer,,,,50,0,50,0,0,185,0,0,0,0,0,0,0,0,0,0,8444380,96.0,"New Orleans, Louisiana ",LSU,,,
1981,20,ADwyer87,Bane Kaʻanāʻanā,Bane,Kaʻanāʻanā,23.0,retired,,2025-04-03 11:24:37,,Defensive Tackle,All-purpose DT,,,,50,0,50,0,0,483,0,0,0,0,0,0,0,0,0,0,158214174,69.0,"Hilo, Hawai'i",University of Hawai?i at M?noa,,,
1980,2001,Mysa,Tycker Om,Tycker,Om,23.0,retired,,2025-04-03 11:24:37,,Defensive End,,,,,50,0,50,0,0,397,0,0,0,0,0,0,0,0,0,0,11608425,98.0,"Chicago, IL",Oregon,,,
1979,1961,Amidships,Tyler Montain,Tyler,Montain,23.0,retired,active,2025-04-03 11:24:37,,Linebacker,,,,,50,0,50,0,0,1552,0,0,0,0,0,0,0,0,0,0,447530378,98.0,"Long Beach, CA",LSU,,,
1978,954,nickyvmlp,Bob Bob,Bob,Bob,23.0,retired,,2025-04-03 11:24:37,,Offensive Lineman,Mauler,,,,50,0,50,0,0,779,0,0,0,0,0,0,0,0,0,0,83535068,48.0,"Nowhere, Kansas",Robert Morris,,,
1977,1962,Naosu,Son Goku,Son,Goku,23.0,retired,,2025-04-03 11:24:37,,Defensive End,Power Rusher,,,,50,0,50,0,0,1356,0,0,0,0,0,0,0,0,0,0,15363354,7.0,Planet Vegeta,None,,,
1976,2004,Harrison.Leavers,Harrison Leavers,Harrison,Leavers,23.0,retired,,2025-04-03 11:24:37,,Wide Receiver,Route Runner,,,,50,0,50,0,0,50,0,0,0,0,0,0,0,0,0,0,5000000,13.0,"Queensland, Australia",Minnesota,,,
1975,1847,sakrosankt,Michael Witheblock,Michael,Witheblock,22.0,retired,,2025-04-03 11:24:29,,Linebacker,Pass Rusher,,,,50,0,50,0,0,1490,0,0,0,0,0,0,0,0,0,0,20139838,84.0,Freistadt (Austria),University of Hagenberg,,,
1974,1670,Ortecam,Samuel L Sackson Sr.,Samuel,L Sackson Sr.,22.0,retired,,2025-04-03 11:24:29,,Linebacker,Speed Rusher,,,,50,0,50,0,0,190,0,0,0,0,0,0,0,0,0,0,7042915,55.0,"Akron, Ohio",Notre Dame,,,
1973,1579,RyanTrax,DeShawn Jones,DeShawn,Jones,22.0,retired,,2025-04-03 11:24:29,,Defensive End,Speed Rusher,,,,50,0,50,0,0,57,0,0,0,0,0,0,0,0,0,0,13000000,69.0,"Oakland, California",University of Iowa,,,
1972,1938,gargaroff,Taylor Cooper,Taylor,Cooper,22.0,retired,,2025-04-03 11:24:29,,Offensive Lineman,Mauler,,,,50,0,50,0,0,648,0,0,0,0,0,0,0,0,0,0,1713675,27.0,"Ramstein Air Base, Germany",Temple,,,
1971,1652,Honeybaby,Leland Breeland,Leland,Breeland,22.0,retired,,2025-04-03 11:24:29,,Defensive Tackle,Interior Rusher,,,,50,0,50,0,0,60,0,0,0,0,0,0,0,0,0,0,11000000,90.0,"New York, New York",Boston Univeristy (BU),,,
1970,1789,Billybolo53,Cuco Clemente,Cuco,Clemente,22.0,retired,,2025-04-03 11:24:29,,Safety,Center Fielder,,,,50,0,50,0,0,1483,0,0,0,0,0,0,0,0,0,0,20714685,24.0,"Santiago, Dominican Republic",Florida,,,
1969,1861,Phalanx32,Sebastian Vettel,Sebastian,Vettel,22.0,retired,,2025-04-03 11:24:29,,Safety,Center Fielder,,,,50,0,50,0,0,179,0,0,0,0,0,0,0,0,0,0,9215140,47.0,"Buffalo, NY",Florida,,,
1968,363,loco,Broken Bot,Broken,Bot,22.0,retired,,2025-04-03 11:24:29,,Wide Receiver,Speed Receiver,,,,50,0,50,0,0,50,0,0,0,0,0,0,0,0,0,0,37883750,1.0,Lab,Bot U,,,
1967,1823,Lightnoir,Wesley Eriksen,Wesley,Eriksen,22.0,retired,,2025-04-03 11:24:29,,Safety,Center Fielder,,,,50,0,50,0,0,1052,0,0,0,0,0,0,0,0,0,0,29016154,23.0,"Little Rock, Arkansas",University of Arkansas,,,
1966,1680,ArtichokeDip,John Doe,John,Doe,22.0,retired,,2025-04-03 11:24:29,,Tight End,Balanced Tight End,,,,50,0,50,0,0,57,0,0,0,0,0,0,0,0,0,0,13000000,18.0,"Hospital, County Limerick, Ireland","University of California, San Francisco - School of Medicine",,,
1965,1885,JacobPCGaming,Jacob Caine,Jacob,Caine,22.0,retired,,2025-04-03 11:24:29,,Cornerback,Man to Man,,,,50,0,50,0,0,50,0,0,0,0,0,0,0,0,0,0,13000000,22.0,"Austin, Texas",Texas A&M,,,
1964,1686,swlane,Swlane Train,Swlane,Train,22.0,retired,,2025-04-03 11:24:29,,Defensive Tackle,Interior Rusher,,,,50,0,50,0,0,50,0,0,0,0,0,0,0,0,0,0,9000000,69.0,"Atlanta, GA",Arizona State,,,
1963,1727,GoochThunder,Bucky Laurence,Bucky,Laurence,22.0,retired,,2025-04-03 11:24:29,,Defensive Tackle,Interior Rusher,,,,50,0,50,0,0,57,0,0,0,0,0,0,0,0,0,0,9000000,93.0,Baltimore,Navy,,,
1962,1825,dahayn,Leeroy Jenkins,Leeroy,Jenkins,22.0,retired,,2025-04-03 11:24:29,,Offensive Lineman,Athletic Lineman,,,,50,0,50,0,0,936,0,0,0,0,0,0,0,0,0,0,24619658,14.0,"Honolulu, HI",Portland State University,,,
1961,1531,Birb,Le Kick,Le,Kick,22.0,retired,,2025-04-03 11:24:29,,Kicker,Power,,,,50,0,50,0,0,57,0,0,0,0,0,0,0,0,0,0,13000000,1.0,"Tilt Cove, NL",Highschool Dropout ,,,
1960,1730,Ayyylmao,Mark Radson,Mark,Radson,22.0,retired,,2025-04-03 11:24:29,,Linebacker,Speed Rusher,,,,50,0,50,0,0,157,0,0,0,0,0,0,0,0,0,0,14609260,54.0,"Kingston,PA",Alabama,,,
1959,631,MadCashFlow,Danshawn Jenkins,Danshawn,Jenkins,22.0,retired,,2025-04-03 11:24:29,,Defensive End,Power Rusher,,,,50,0,50,0,0,59,0,0,0,0,0,0,0,0,0,0,5334950,70.0,"Fort Worth, Texas",Louisiana State University,,,
1957,1831,birdleaf,Archideld Bonzales,Archideld,Bonzales,22.0,retired,,2025-04-03 11:24:29,,Defensive Tackle,Nose Tackle,,,,50,0,50,0,0,59,0,0,0,0,0,0,0,0,0,0,13000000,77.0,South Africa,Stanford,,,
1956,1705,SG2Tall4You,Seth Goepferich,Seth,Goepferich,22.0,retired,,2025-04-03 11:24:29,,Tight End,Balanced Tight End,,,,50,0,50,0,0,50,0,0,0,0,0,0,0,0,0,0,9000000,88.0,"Brookings, SD",South Dakota State University (SDSTATE),,,
1955,1641,RussDrivesTheBus,Lawrence Bass,Lawrence,Bass,22.0,retired,active,2025-04-03 11:24:29,,Linebacker,,,,,50,0,50,0,0,1403,0,0,0,0,0,0,0,0,0,0,580214420,54.0,"Kingsport, TN",University of Tennessee,,,
1954,1695,MysteriousStranger,Bartholomew Castor,Bartholomew,Castor,22.0,retired,,2025-04-03 11:24:29,,Safety,Center Fielder,,,,50,0,50,0,0,50,0,0,0,0,0,0,0,0,0,0,5000000,24.0,British Columbia,UBC,,,
1953,1570,Sorrel,Michael Lee,Michael,Lee,22.0,retired,,2025-04-03 11:24:29,,Safety,Center Fielder,,,,50,0,50,0,0,73,0,0,0,0,0,0,0,0,0,0,9000000,34.0,"Houston, Texas",University of Texas - Austin,,,
1952,1669,Cdoubleu,Hengwei Luo,Hengwei,Luo,22.0,retired,,2025-04-03 11:24:29,,Safety,Center Fielder,,,,50,0,50,0,0,57,0,0,0,0,0,0,0,0,0,0,9000000,47.0,"Kuala Lumpur, Malaysia",Florida Atlantic,,,
1951,1849,IthicaHawk,Hamish MacAndrew,Hamish,MacAndrew,22.0,retired,,2025-04-03 11:24:29,,Safety,Ball Hawk,,,,50,0,50,0,0,949,0,0,0,0,0,0,0,0,0,0,13033968,20.0,"Isle of Skye, Scotland",University of Glasgow,,,
1950,1864,ronanb23,Ronan Briscoe,Ronan,Briscoe,22.0,retired,,2025-04-03 11:24:29,,Wide Receiver,Route Runner,,,,50,0,50,0,0,69,0,0,0,0,0,0,0,0,0,0,10068650,13.0,"Lebanon, TN",Middle Tennessee State,,,
1949,1829,Rusty,Fatso Wombat,Fatso,Wombat,22.0,retired,,2025-04-03 11:24:29,,Linebacker,Run Stopper,,,,50,0,50,0,0,57,0,0,0,0,0,0,0,0,0,0,9000000,52.0,"Sydney, Australia",The Outback,,,
1948,1902,SwankyPants31,Richard Gilbert,Richard,Gilbert,22.0,retired,active,2025-04-03 11:24:29,,Running Back,Power Back,,,,50,0,50,0,0,1304,0,0,0,0,0,0,0,0,0,0,133366203,37.0,Ann Arbor,Michigan State,,,
1947,1860,Booger,Fawn Dillmiballs,Fawn,Dillmiballs,22.0,retired,,2025-04-03 11:24:29,,Defensive Tackle,Nose Tackle,,,,50,0,50,0,0,1258,0,0,0,0,0,0,0,0,0,0,5454623,69.0,"Houston, Texas",University of Michigan,,,
1946,1739,Thor,Heath Evans,Heath,Evans,22.0,retired,active,2025-04-03 11:24:29,,Tight End,Vertical Threat,,,,50,0,50,0,0,1255,0,0,0,0,0,0,0,0,0,0,317484323,44.0,"Melbourne, Australia",UCLA,,,
1945,1610,FryO,Caloe Peara,Caloe,Peara,22.0,retired,,2025-04-03 11:24:29,,Linebacker,Speed Rusher,,,,50,0,50,0,0,50,0,0,0,0,0,0,0,0,0,0,9000000,54.0,"Detroit, Michigan",Michigan State,,,
1944,1836,JVanger,Joshua Vanger,Joshua,Vanger,22.0,retired,,2025-04-03 11:24:29,,Safety,Playmaker,,,,50,0,50,0,0,50,0,0,0,0,0,0,0,0,0,0,13000000,4.0,"Madison, WI",University of Wisconsin - Madison,,,
1943,1905,SethLindsey,Seth Lindsey,Seth,Lindsey,22.0,retired,,2025-04-03 11:24:29,,Kicker,Accurate,,,,50,0,50,0,0,50,0,0,0,0,0,0,0,0,0,0,9000000,8.0,"Princeton, NJ",University of Virginia,,,
1942,1913,infyy,Godrick Fallstrum,Godrick,Fallstrum,22.0,retired,,2025-04-03 11:24:29,,Defensive Tackle,Nose Tackle,,,,50,0,50,0,0,79,0,0,0,0,0,0,0,0,0,0,9476125,71.0,"Punkeydoodles Corners, Ontario, Canada",Rutgers,,,
1941,1844,Ozamataz,Ozamataz Buckshank,Ozamataz,Buckshank,22.0,retired,,2025-04-03 11:24:29,,Cornerback,Zone,,,,50,0,50,0,0,116,0,0,0,0,0,0,0,0,0,0,6000000,49.0,"Reading, Pennsylvania",Stanford University,,,
1940,1716,muse316,Luke Skywalker,Luke,Skywalker,22.0,retired,,2025-04-03 11:24:29,,Quarterback,Pocket Passer,,,,50,0,50,0,0,917,0,0,0,0,0,0,0,0,0,0,13575325,12.0,"Philadelphia, PA",University of Michigan and Lehigh University,,,
1939,1871,william90,Sulu Candles,Sulu,Candles,22.0,retired,,2025-04-03 11:24:29,,Running Back,Power Back,,,,50,0,50,0,0,50,0,0,0,0,0,0,0,0,0,0,5000000,2.0,"Compton, CA",The U,,,
1938,1893,acoccia,Anthony DiNapoli,Anthony,DiNapoli,22.0,retired,,2025-04-03 11:24:29,,Defensive Tackle,Interior Rusher,,,,50,0,50,0,0,50,0,0,0,0,0,0,0,0,0,0,9000000,96.0,"Long Beach, CA",UCSB,,,
1937,1777,Alexander Hamilton II,Alexander Hamilton II,Alexander,Hamilton II,22.0,retired,,2025-04-03 11:24:29,,Cornerback,Man to Man ,,,,50,0,50,0,0,143,0,0,0,0,0,0,0,0,0,0,7939000,10.0,"Birmingham, Alabama",Princeton,,,
1936,399,Bayley,Benson Bayley Jr.,Benson,Bayley Jr.,22.0,retired,active,2025-04-03 11:24:29,,Offensive Lineman,Mauler,,,,50,0,50,0,0,1056,0,0,0,0,0,0,0,0,0,0,178823307,58.0,"Reading, PA",Boston College,,,
1935,1949,Dagumpa,Dex Kennedy,Dex,Kennedy,22.0,retired,,2025-04-03 11:24:29,,Linebacker,Coverage LB,,,,50,0,50,0,0,1309,0,0,0,0,0,0,0,0,0,0,22923327,52.0,"Culver City, California",UCLA,,,
1934,1850,Number 82,Shawn Dawkins,Shawn,Dawkins,22.0,retired,,2025-04-03 11:24:29,,Safety,Center Fielder,,,,50,0,50,0,0,1478,0,0,0,0,0,0,0,0,0,0,115527700,29.0,Australia,University of Chicago,,,
1933,1931,gold2855,James Carson,James,Carson,22.0,retired,,2025-04-03 11:24:29,,Offensive Lineman,Gunslinger,,,,50,0,50,0,0,69,0,0,0,0,0,0,0,0,0,0,14500000,2.0,"Pasco, WA",University of Washington,,,
1932,1699,fcruz,Fernando Cruz,Fernando,Cruz,22.0,retired,,2025-04-03 11:24:29,,Offensive Lineman,Athletic Lineman,,,,50,0,50,0,0,57,0,0,0,0,0,0,0,0,0,0,9700000,53.0,Mexico,Harvard,,,
1931,1604,TommyThaMan,Tommy Sacamano,Tommy,Sacamano,22.0,retired,,2025-04-03 11:24:29,,Offensive Lineman,Pass Blocker,,,,50,0,50,0,0,234,0,0,0,0,0,0,0,0,0,0,8950000,75.0,"Denver, CO",University of Louisiana Monroe,,,
1930,1709,Guess911,Craig Royal,Craig,Royal,22.0,retired,,2025-04-03 11:24:29,,Tight End,Vertical Threat,,,,50,0,50,0,0,50,0,0,0,0,0,0,0,0,0,0,5000000,0.0,"Providence, Rhode Island",Harvard,,,
1929,1737,NoahFinn,Anthony Brewer,Anthony,Brewer,22.0,retired,,2025-04-03 11:24:29,,Defensive End,Power Rusher,,,,50,0,50,0,0,62,0,0,0,0,0,0,0,0,0,0,9000000,54.0,"Evanston, IL",,,,
1928,1548,LimJahey,Von Hayes,Von,Hayes,22.0,retired,,2025-04-03 11:24:29,,Defensive End,Power Rusher,,,,50,0,50,0,0,1219,0,0,0,0,0,0,0,0,0,0,5253264,55.0,"Miami, Florida",University of Miami,,,
1927,1515,BadLck,Momona Keiki-Kāne,Momona,Keiki-Kāne,22.0,retired,,2025-04-03 11:24:29,,Defensive Tackle,,,,,50,0,50,0,0,393,0,0,0,0,0,0,0,0,0,0,12529195,93.0,,Hawaii,,,
1925,1900,SwishaSteve,Steve Alvarado,Steve,Alvarado,22.0,retired,,2025-04-03 11:24:29,,Wide Receiver,Speed Receiver,,,,50,0,50,0,0,50,0,0,0,0,0,0,0,0,0,0,9000000,12.0,"Austin, Tx",Texas,,,
1924,1122,Bauer,Thubba Bumper,Thubba,Bumper,22.0,retired,active,2025-04-03 11:24:29,,Running Back,Speed Back,,,,50,0,50,0,0,460,0,0,0,0,0,0,0,0,0,0,9855341,27.0,"Chicago, IL",Texas A&M,,,
1923,1751,STarantelli,Tony Baloney,Tony,Baloney,22.0,retired,,2025-04-03 11:24:29,,Defensive Tackle,Nose Tackle,,,,50,0,50,0,0,59,0,0,0,0,0,0,0,0,0,0,9000000,75.0,"Tuscaloosa, Alabama",Miami (The U),,,
1922,1772,Apollo,J.B. Apollo,J.B.,Apollo,22.0,retired,,2025-04-03 11:24:29,,Running Back,All-Purpose Back,,,,50,0,50,0,0,126,0,0,0,0,0,0,0,0,0,0,11372150,3.0,"Columbus, OH",Ohio State,,,
1921,1681,Leoben,A.J. Warren,A.J.,Warren,22.0,retired,,2025-04-03 11:24:29,,Defensive End,Speed Rusher,,,,50,0,50,0,0,58,0,0,0,0,0,0,0,0,0,0,12458200,92.0,"Temecula, CA",Virginia,,,
1920,1703,isteelers11,Samuel Miller,Samuel,Miller,22.0,retired,,2025-04-03 11:24:29,,Linebacker,Speed Rusher,,,,50,0,50,0,0,50,0,0,0,0,0,0,0,0,0,0,9000000,90.0,"Toronto, Canada",Boise St,,,
1919,1814,sreddy969,Shawn Ansari,Shawn,Ansari,22.0,retired,,2025-04-03 11:24:29,,Tight End,Balanced Tight End,,,,50,0,50,0,0,120,0,0,0,0,0,0,0,0,0,0,14000000,87.0,"St. Louis, MO",Michigan,,,
1918,1266,Gwdjohnson,Garfield Despacito Jr.,Garfield,Despacito Jr.,22.0,retired,,2025-04-03 11:24:29,,Wide Receiver,Speed Receiver,,,,50,0,50,0,0,1088,0,0,0,0,0,0,0,0,0,0,66201660,33.0,"New Mexico, USA",Somewhere in Canada,,,
1917,1792,leman363,Leo Browning,Leo,Browning,22.0,retired,,2025-04-03 11:24:29,,Linebacker,Coverage Linebacker,,,,50,0,50,0,0,50,0,0,0,0,0,0,0,0,0,0,5000000,33.0,Boston MA,Boston College,,,
1916,1729,Troen,Troen Egghands,Troen,Egghands,22.0,retired,,2025-04-03 11:24:29,,Defensive End,Power Rusher,,,,50,0,50,0,0,1486,0,0,0,0,0,0,0,0,0,0,4165855,96.0,"Barstow, CA",Fresno State,,,
1915,1741,BDKIAFau,Gabriel Graves,Gabriel,Graves,22.0,retired,,2025-04-03 11:24:29,,Defensive End,Speed Rusher,,,,50,0,50,0,0,70,0,0,0,0,0,0,0,0,0,0,12550000,91.0,"Austin, TX",University of Texas,,,
1914,1710,IronWall,Rondo Jones,Rondo,Jones,22.0,retired,,2025-04-03 11:24:29,,Tight End,Balanced Tight End,,,,50,0,50,0,0,83,0,0,0,0,0,0,0,0,0,0,17900000,80.0,"Grand Rapids, Michigan",Western Michigan University,,,
1913,1688,oceanisadesert,Montgomery Burns,Montgomery,Burns,22.0,retired,,2025-04-03 11:24:29,,Safety,Center Fielder,,,,50,0,50,0,0,50,0,0,0,0,0,0,0,0,0,0,5000000,33.0,"Oslo, Norway",Greendale Community College,,,
1912,413,ralams123,Jonathan Altidor,Jonathan,Altidor,22.0,retired,,2025-04-03 11:24:29,,Cornerback,All-Around,,,,50,0,50,0,0,239,0,0,0,0,0,0,0,0,0,0,12914800,23.0,"Lauderhill, Florida",Fairleigh-Dickinson University,,,
1911,1580,Brody,Matt Elam,Matt,Elam,22.0,retired,,2025-04-03 11:24:29,,Safety,Center Fielder,,,,50,0,50,0,0,50,0,0,0,0,0,0,0,0,0,0,9000000,0.0,,,,,
1910,830,Rise of Smitty,Swift Willy,Swift,Willy,22.0,retired,,2025-04-03 11:24:29,,Quarterback,Mobile,,,,50,0,50,0,0,50,0,0,0,0,0,0,0,0,0,0,4032335,12.0,"Trenton, NJ",Marshall,,,
1909,1778,Memento Mori,Brandon Booker,Brandon,Booker,22.0,retired,,2025-04-03 11:24:29,,Cornerback,Physical Corner,,,,50,0,50,0,0,1488,0,0,0,0,0,0,0,0,0,0,27867641,22.0,Phoenix,Arizona State University,,,
1908,1865,RainmanL,Rainman Legends,Rainman,Legends,22.0,retired,,2025-04-03 11:24:29,,Defensive End,Balanced,,,,50,0,50,0,0,59,0,0,0,0,0,0,0,0,0,0,5000000,69.0,"Yangon, Myanmar",Santa Clara University,,,
1907,1698,MillerTime1803,Colin Miller,Colin,Miller,22.0,retired,,2025-04-03 11:24:29,,Tight End,Balanced Tight End,,,,50,0,50,0,0,50,0,0,0,0,0,0,0,0,0,0,9000000,88.0,"Baltimore, Maryland",University of Georgia (UGA),,,
1906,1590,MushroomMan89,Scott Scott,Scott,Scott,22.0,retired,,2025-04-03 11:24:29,,Wide Receiver,Route Runner,,,,50,0,50,0,0,50,0,0,0,0,0,0,0,0,0,0,13000000,87.0,Scottsdale AZ,Michigan,,,
1905,1766,thevoicelesscreator,"Mo ""Mamba"" Magic",Mo,"""Mamba"" Magic",22.0,retired,,2025-04-03 11:24:29,,Offensive Lineman,Athletic Lineman,,,,50,0,50,0,0,1088,0,0,0,0,0,0,0,0,0,0,5120989,97.0,"Calgary, Alberta. Canada",UBC (University of British Columbia),,,
1904,1672,dmr1011,Da Owl,Da,Owl,22.0,retired,,2025-04-03 11:24:29,,Running Back,All-Purpose Back,,,,50,0,50,0,0,57,0,0,0,0,0,0,0,0,0,0,5000000,21.0,"New Brunswick, NJ",Rutgers,,,
1903,1665,qWest,Tatsu Nakamura,Tatsu,Nakamura,22.0,retired,,2025-04-03 11:24:29,,Running Back,Receiving Back,,,,50,0,50,0,0,1458,0,0,0,0,0,0,0,0,0,0,154121585,7.0,"Yokohama, Japan",University of Washington,,,
1902,1894,benstackinpaper,Ben Stackinpaper,Ben,Stackinpaper,22.0,retired,,2025-04-03 11:24:29,,Cornerback,Physical Corner,,,,50,0,50,0,0,873,0,0,0,0,0,0,0,0,0,0,11194970,35.0,"South Deerfield, MA","Miami, FL",,,
1901,1821,Soup_man89,Aaron Feels,Aaron,Feels,22.0,retired,,2025-04-03 11:24:29,,Running Back,Speed Back ,,,,50,0,50,0,0,112,0,0,0,0,0,0,0,0,0,0,8000000,31.0,"Tacoma, WA",University of Washington ,,,
1900,1817,Earf,Paul Novotny,Paul,Novotny,22.0,retired,,2025-04-03 11:24:29,,Defensive Tackle,Interior Rusher,,,,50,0,50,0,0,50,0,0,0,0,0,0,0,0,0,0,4000000,69.0,"Des Moines, Iowa",Iowa,,,
1899,307,Chunk,Loin Stake,Loin,Stake,22.0,retired,,2025-04-03 11:24:29,,Defensive End,Power Rusher,,,,50,0,50,0,0,70,0,0,0,0,0,0,0,0,0,0,28850000,0.0,"Houston, TX",,,,
1898,1919,SnowyWolfz,Sim SnowBow,Sim,SnowBow,22.0,retired,,2025-04-03 11:24:29,,Quarterback,Pocket Passer,,,,50,0,50,0,0,293,0,0,0,0,0,0,0,0,0,0,8555760,16.0,Florida,University of Florida,,,
1897,1622,p1neapple,Henry Sigurdsson,Henry,Sigurdsson,22.0,retired,,2025-04-03 11:24:29,,Tight End,Balanced Tight End,,,,50,0,50,0,0,58,0,0,0,0,0,0,0,0,0,0,5000000,85.0,"Eugene, OR",University of Oregon,,,
1896,1524,Ismael8907,Ismael Sanchez,Ismael,Sanchez,22.0,retired,,2025-04-03 11:24:29,,Defensive End,Run Stuffer,,,,50,0,50,0,0,390,0,0,0,0,0,0,0,0,0,0,38350976,18.0,"Saint George, UT",UTAH,,,
1895,1940,tMuse,James Angler,James,Angler,22.0,retired,,2025-04-03 11:24:29,,Tight End,Vertical Threat,,,,50,0,50,0,0,1429,0,0,0,0,0,0,0,0,0,0,59004084,17.0,"Johnstown, Pennsylvania",Pittsburgh,,,
1894,1955,Cheech65,Clark Boyd,Clark,Boyd,22.0,retired,,2025-04-03 11:24:29,,Offensive Lineman,Athletic Lineman ,,,,50,0,50,0,0,1239,0,0,0,0,0,0,0,0,0,0,18842132,77.0,"Rahway, NJ",Rutgers,,,
1893,1925,Gazoid,Bo Jangles,Bo,Jangles,22.0,retired,,2025-04-03 11:24:29,,Cornerback,All-Around,,,,50,0,50,0,0,115,0,0,0,0,0,0,0,0,0,0,11000000,33.0,"Dallas, Texas",University of Texas at Austin,,,
1892,1918,popop143,Jimmy Frackerson,Jimmy,Frackerson,22.0,retired,,2025-04-03 11:24:29,,Defensive End,Power Rusher,,,,50,0,50,0,0,118,0,0,0,0,0,0,0,0,0,0,4900000,11.0,"Villanova, Pennsylvania",Villanova University,,,
1891,1815,DWinchester,Dean Winchester,Dean,Winchester,22.0,retired,,2025-04-03 11:24:29,,Safety,Center Fielder,,,,50,0,50,0,0,50,0,0,0,0,0,0,0,0,0,0,9000000,0.0,"Washington, D.C.",,,,
1890,1736,ThiccestBaboon,Cody Martin,Cody,Martin,22.0,retired,,2025-04-03 11:24:29,,Cornerback,Man to Man,,,,50,0,50,0,0,101,0,0,0,0,0,0,0,0,0,0,15500000,28.0,New Zealand,LSU,,,
1889,1611,SweetPot8erFrys,Clayton Jones,Clayton,Jones,22.0,retired,,2025-04-03 11:24:29,,Defensive Tackle,Interior Rusher,,,,50,0,50,0,0,71,0,0,0,0,0,0,0,0,0,0,7706360,99.0,"Long Beach, California",U.C. Berkeley (Cal),,,
1888,1762,rawdawg30,Xavier O’Doyle,Xavier,O’Doyle,22.0,retired,,2025-04-03 11:24:29,,Cornerback,Zone,,,,50,0,50,0,0,50,0,0,0,0,0,0,0,0,0,0,9000000,29.0,"San Diego, CA",UCSC,,,
1887,1761,AverageHero,Dan Jackson,Dan,Jackson,22.0,retired,,2025-04-03 11:24:29,,Safety,Playmaker,,,,50,0,50,0,0,50,0,0,0,0,0,0,0,0,0,0,13000000,22.0,"Des Moines, IA",Iowa State University,,,
1886,1687,Armadillq,Amadeus Green,Amadeus,Green,22.0,retired,,2025-04-03 11:24:29,,Safety,Playmaker,,,,50,0,50,0,0,50,0,0,0,0,0,0,0,0,0,0,5000000,22.0,Maine,University of Maine,,,
1885,1745,ACEPATS,Jorcher Minor,Jorcher,Minor,22.0,retired,,2025-04-03 11:24:29,,Offensive Lineman,Technician,,,,50,0,50,0,0,60,0,0,0,0,0,0,0,0,0,0,19916170,63.0,Virginia,Virginia,,,
1884,1551,apocalypsedenim,"Ronnie ""The Bone Crusher"" Schultz",Ronnie,"""The Bone Crusher"" Schultz",22.0,retired,,2025-04-03 11:24:29,,Linebacker,Power Rusher,,,,50,0,50,0,0,50,0,0,0,0,0,0,0,0,0,0,5000000,58.0,Berlin,Pitt,,,
1883,1728,Obscure,Nathan Bigelow,Nathan,Bigelow,22.0,retired,,2025-04-03 11:24:29,,Wide Receiver,Speed Receiver,,,,50,0,50,0,0,50,0,0,0,0,0,0,0,0,0,0,9000000,22.0,"Perry, Michigan",Michigan State University,,,
1882,1623,Nezzi,John Nesbitt,John,Nesbitt,22.0,retired,,2025-04-03 11:24:29,,Defensive Tackle,Interior Rusher ,,,,50,0,50,0,0,57,0,0,0,0,0,0,0,0,0,0,13000000,0.0,,,,,
1881,1812,Astonic,Kennedy Cannon,Kennedy,Cannon,22.0,retired,,2025-04-03 11:24:29,,Cornerback,All-Around,,,,50,0,50,0,0,50,0,0,0,0,0,0,0,0,0,0,5000000,0.0,"Chicago, Illinois",,,,
1880,1715,foolybooly,Anthony De Luca,Anthony,De Luca,22.0,retired,,2025-04-03 11:24:29,,Running Back,Speed Back,,,,50,0,50,0,0,57,0,0,0,0,0,0,0,0,0,0,5000000,30.0,"San Jose, California",Oregon,,,
1879,1951,Dropology,Beef Buckets,Beef,Buckets,22.0,retired,,2025-04-03 11:24:29,,Defensive End,Balanced,,,,50,0,50,0,0,67,0,0,0,0,0,0,0,0,0,0,20449500,99.0,"Louisville, Kentucky",Louisiana State University,,,
1878,1534,xxxbruhxxx,Pseudo QB,Pseudo,QB,22.0,retired,,2025-04-03 11:24:29,,Kicker,Accurate,,,,50,0,50,0,0,317,0,0,0,0,0,0,0,0,0,0,10500000,0.0,Undocumented,Pyongyang University of Science and Technology,,,
1877,3012,Qball710,Ed Ball,Ed,Ball,22.0,retired,,2025-04-03 11:24:29,,Safety,,,,,50,0,50,0,0,175,0,0,0,0,0,0,0,0,0,0,8100000,7.0,England,IU,,,
1876,1808,Benthicc_Biomancer,Joey McCabe,Joey,McCabe,22.0,retired,,2025-04-03 11:24:29,,Offensive Lineman,Run Blocker,,,,50,0,50,0,0,231,0,0,0,0,0,0,0,0,0,0,4250000,79.0,"Brooklyn, NY",Syracuse,,,
1875,1834,FurFurFurson,Buck Thornton,Buck,Thornton,22.0,retired,,2025-04-03 11:24:29,,Safety,Enforcer,,,,50,0,50,0,0,467,0,0,0,0,0,0,0,0,0,0,29469493,45.0,"Ellensburg, WA, USA",Central Washington University,,,
1874,1572,seanod123,Sean O’Donohue,Sean,O’Donohue,22.0,retired,,2025-04-03 11:24:29,,Linebacker,Balanced,,,,50,0,50,0,0,76,0,0,0,0,0,0,0,0,0,0,11637900,44.0,"Boise, Idaho",Iowa,,,
1873,1557,Julius1304,Julius Andersson,Julius,Andersson,22.0,retired,,2025-04-03 11:24:29,,Linebacker,Speed Rusher,,,,50,0,50,0,0,50,0,0,0,0,0,0,0,0,0,0,13000000,56.0,"Panama City, Panama",Georgia,,,
1872,1848,QuirkyTurtle,Eddie Jeeta,Eddie,Jeeta,22.0,retired,,2025-04-03 11:24:29,,Wide Receiver,Possession Receiver,,,,50,0,50,0,0,906,0,0,0,0,0,0,0,0,0,0,61273415,18.0,Watford (UK),University of Florida,,,
1871,1661,Tesla,Magnus Rikiya,Magnus,Rikiya,22.0,retired,active,2025-04-03 11:24:29,,Defensive Tackle,Nose Tackle,,,,50,0,50,0,0,1484,0,0,0,0,0,0,0,0,0,0,199341187,70.0,"Osceola, AR",Washington,,,
1870,1959,DatSmolBoi,Sean Snyder,Sean,Snyder,22.0,retired,,2025-04-03 11:24:29,,Wide Receiver,Possession Receiver,,,,50,0,50,0,0,993,0,0,0,0,0,0,0,0,0,0,8441281,81.0,Portland,,,,
1869,1626,MongrelQuill5,Meep Meep,Meep,Meep,22.0,retired,,2025-04-03 11:24:29,,Defensive End,Speed Rusher,,,,50,0,50,0,0,55,0,0,0,0,0,0,0,0,0,0,9000000,66.0,Topeka,UTEP,,,
1868,1592,mithrandir,Andrew Witten,Andrew,Witten,22.0,retired,,2025-04-03 11:24:29,,Cornerback,Cover Corner,,,,50,0,50,0,0,1449,0,0,0,0,0,0,0,0,0,0,5540681,39.0,"Rochester, NY",University of Cincinnati,,,
1867,1895,howsour,Kichwa Jones,Kichwa,Jones,22.0,retired,,2025-04-03 11:24:29,,Running Back,Fullback,,,,50,0,50,0,0,545,0,0,0,0,0,0,0,0,0,0,27053450,26.0,"San Diego, CA",Tennessee,,,
1865,1520,Tp3480,Troy Pressing,Troy,Pressing,22.0,retired,,2025-04-03 11:24:29,,Running Back,Speed Back,,,,50,0,50,0,0,50,0,0,0,0,0,0,0,0,0,0,17250000,25.0,"Buffalo, New York",Buffalo,,,
1864,1896,that_guy_you_kno,Justice Wolfe,Justice,Wolfe,22.0,retired,,2025-04-03 11:24:29,,Defensive End,Run Stopper,,,,50,0,50,0,0,52,0,0,0,0,0,0,0,0,0,0,10500000,90.0,"Topeka, Kansas",Ole Miss,,,
1863,1774,revuhlution,Chester Sweets,Chester,Sweets,22.0,retired,,2025-04-03 11:24:29,,Cornerback,All-Around ,,,,50,0,50,0,0,321,0,0,0,0,0,0,0,0,0,0,26070361,32.0,"Jacksonville, FL",San Diego State University,,,
1862,1883,NaTek27,Elias Ziegler,Elias,Ziegler,22.0,retired,,2025-04-03 11:24:29,,Safety,Center Fielder,,,,50,0,50,0,0,50,0,0,0,0,0,0,0,0,0,0,5000000,32.0,"Columbus, OH",The Ohio State University,,,
1861,1602,stupiduglyidiot,Abbas Muhammad,Abbas,Muhammad,22.0,retired,,2025-04-03 11:24:29,,Safety,Center Fielder,,,,50,0,50,0,0,242,0,0,0,0,0,0,0,0,0,0,9200000,34.0,"Daly City, California",Duke University,,,
1860,1810,Dustao,Johnnie McCartney,Johnnie,McCartney,22.0,retired,,2025-04-03 11:24:29,,Linebacker,Coverage Linebacker,,,,50,0,50,0,0,50,0,0,0,0,0,0,0,0,0,0,16077100,47.0,"Edmonton, Alberta",University of Alberta,,,
1859,1624,PaoPao02,Nathan Bourne,Nathan,Bourne,22.0,retired,,2025-04-03 11:24:29,,Defensive End,Power Rusher,,,,50,0,50,0,0,57,0,0,0,0,0,0,0,0,0,0,13000000,98.0,"Greensboro, North Carolina",University of North Carolina - Chapel Hill (UNC-CH),,,
1858,1742,slim-pickens,Slim Pickens,Slim,Pickens,22.0,retired,,2025-04-03 11:24:29,,Defensive End,Speed Rusher ,,,,105,0,105,0,0,57,0,0,0,0,0,0,0,0,0,0,5000000,55.0,"Niles, MI",University of Notre Dame,,,
1858,1742,slim-pickens,Slim Pickens,Slim,Pickens,22.0,retired,,2025-04-03 11:24:29,,Defensive End,Speed Rusher ,,,,105,0,105,0,0,57,0,0,0,0,0,0,0,0,0,0,5000000,55.0,"Niles, MI",University of Notre Dame,,,
1857,1594,ForSucksFake,Daymond Brooks,Daymond,Brooks,22.0,retired,active,2025-04-03 11:24:29,,Defensive Tackle,Interior Rusher,,,,50,0,50,0,0,1068,0,0,0,0,0,0,0,0,0,0,77010267,16.0,"Beaumont, Texas ",Washington State University (WSU),,,
1856,1600,Exilizer,Derred de Ville,Derred,de Ville,22.0,retired,,2025-04-03 11:24:29,,Linebacker,Pass Rusher,,,,50,0,50,0,0,1295,0,0,0,0,0,0,0,0,0,0,55522968,24.0,London - UK,KCL (King's College London),,,
1855,1744,2Burkeulosis,Susan Cash.Jr,Susan,Cash.Jr,22.0,retired,,2025-04-03 11:24:29,,Wide Receiver,Slot Receiver,,,,50,0,50,0,0,687,0,0,0,0,0,0,0,0,0,0,22905150,80.0,"San Francisco, California",Colorado State University,,,
1854,1673,Brucehum,Nuniq Annastesia,Nuniq,Annastesia,22.0,retired,,2025-04-03 11:24:29,,Defensive Tackle,Interior Rusher,,,,50,0,50,0,0,547,0,0,0,0,0,0,0,0,0,0,13850000,99.0,"Barrow, Alaska",University of Nebraska,,,
1853,1693,jsho574,Eugene McEvan,Eugene,McEvan,22.0,retired,,2025-04-03 11:24:29,,Linebacker,Balanced,,,,50,0,50,0,0,50,0,0,0,0,0,0,0,0,0,0,13000000,56.0,Wichita KS,University of Missouri,,,
1852,867,slothfacekilla,Ben Slothlisberger,Ben,Slothlisberger,22.0,retired,active,2025-04-03 11:24:29,,Offensive Lineman,Athletic Lineman,,,,50,0,50,0,0,1378,0,0,0,0,0,0,0,0,0,0,77538151,6.0,,Central Michigan,,,
1851,1839,RansackTheUniverse,Eldrick Avery,Eldrick,Avery,22.0,retired,,2025-04-03 11:24:29,,Safety,"Center Fielder (Minkah Fitzpatrick, Kevin Byard)",,,,50,0,50,0,0,1170,0,0,0,0,0,0,0,0,0,0,199566156,27.0,"Rock Springs, Wyoming",LSU,,,
1850,1901,Toastydata,Kevin Fakon,Kevin,Fakon,22.0,retired,,2025-04-03 11:24:29,,Running Back,Power Back,,,,50,0,50,0,0,242,0,0,0,0,0,0,0,0,0,0,9128425,16.0,Minneapolis ,UF,,,
1849,1612,ClimbToSafety,Cosmo Kramer,Cosmo,Kramer,22.0,retired,,2025-04-03 11:24:29,,Safety,Center Fielder,,,,50,0,50,0,0,57,0,0,0,0,0,0,0,0,0,0,7000000,28.0,"South Bend, Indiana",Notre Dame,,,
1848,1794,TMoney,Tyler Curtis,Tyler,Curtis,22.0,retired,,2025-04-03 11:24:29,,Wide Receiver,Speed Receiver,,,,50,0,50,0,0,50,0,0,0,0,0,0,0,0,0,0,19400000,32.0,Washington D.C ,Virginia Tech (VT),,,
1847,1530,DigitalMole,Jamie Watson,Jamie,Watson,22.0,retired,,2025-04-03 11:24:29,,Wide Receiver,Red Zone Threat,,,,50,0,50,0,0,129,0,0,0,0,0,0,0,0,0,0,9860260,15.0,"Glasgow, Scotland",Clemson Tigers,,,
1845,1343,siddhus,Jim Waters,Jim,Waters,22.0,retired,active,2025-04-03 11:24:29,,Cornerback,Physical Corner [Archetype Switch used],,,,50,0,50,0,0,1197,0,0,0,0,0,0,0,0,0,0,2777750,71.0,"San Jose, California",San Jose State ,,,
1844,1526,Polygeekism,Calum Auron,Calum,Auron,22.0,retired,,2025-04-03 11:24:29,,Safety,Playmaker ,,,,50,0,50,0,0,60,0,0,0,0,0,0,0,0,0,0,4000000,31.0,"Santa Monica, CA",Colorado St,,,
1843,1930,TheRocheLimit,Jack Banks,Jack,Banks,22.0,retired,,2025-04-03 11:24:29,,Linebacker,Pass Rusher,,,,50,0,50,0,0,1290,0,0,0,0,0,0,0,0,0,0,28526560,99.0,"Oakland, CA",Cal,,,
1842,1708,braddletoad,Farrior Deschain,Farrior,Deschain,22.0,retired,,2025-04-03 11:24:29,,Defensive End,Power Rusher ,,,,50,0,50,0,0,59,0,0,0,0,0,0,0,0,0,0,13000000,94.0,"Floydada, Texas",Texas Tech University,,,
1841,494,tbone415,Terrell Brister Jr.,Terrell,Brister Jr.,22.0,retired,,2025-04-03 11:24:29,,Wide Receiver,Speed Receiver,,,,50,0,50,0,0,50,0,0,0,0,0,0,0,0,0,0,49572593,17.0,"Boston, MA",Boston College,,,
1840,1870,juicychase,Simeon Works,Simeon,Works,22.0,retired,,2025-04-03 11:24:29,,Defensive End,Speed Rusher,,,,50,0,50,0,0,374,0,0,0,0,0,0,0,0,0,0,4883500,92.0,"Decatur, AL",Alabama,,,
1839,1740,jdourtled,Brendan Lanier,Brendan,Lanier,22.0,retired,,2025-04-03 11:24:29,,Safety,Center Fielder,,,,50,0,50,0,0,896,0,0,0,0,0,0,0,0,0,0,18376870,27.0,"Biloxi, Mississippi",University of West Florida,,,
1838,1651,Ramiochoa730,Joe Montania,Joe,Montania,22.0,retired,,2025-04-03 11:24:29,,Defensive Tackle,Interior Rusher,,,,50,0,50,0,0,57,0,0,0,0,0,0,0,0,0,0,9000000,0.0,,,,,
1837,1047,AlexF,Blake Alexander,Blake,Alexander,22.0,retired,,2025-04-03 11:24:29,,Wide Receiver,Possession Receiver,,,,50,0,50,0,0,198,0,0,0,0,0,0,0,0,0,0,16499025,80.0,"Nashville, Tennessee",University of Tennessee - Chattanooga,,,
1836,1754,NicholasTheGreat,Bruce Buckley,Bruce,Buckley,22.0,retired,,2025-04-03 11:24:29,,Offensive Lineman,Athletic Lineman,,,,50,0,50,0,0,1374,0,0,0,0,0,0,0,0,0,0,55115,51.0,"Sydney, Australia",Western Sydney University,,,
1835,1881,tan5o4,Tan Johnson,Tan,Johnson,22.0,retired,,2025-04-03 11:24:29,,Wide Receiver,Possession Receiver,,,,50,0,50,0,0,119,0,0,0,0,0,0,0,0,0,0,13075000,0.0,,Alabama,,,
1834,1657,harreth,Bobby Boomski,Bobby,Boomski,22.0,retired,,2025-04-03 11:24:29,,Kicker,Power,,,,50,0,50,0,0,59,0,0,0,0,0,0,0,0,0,0,9000000,11.0,"Poznan, Poland",University of Alabama,,,
1833,1537,Dean,Cavalier Craighorn,Cavalier,Craighorn,22.0,retired,,2025-04-03 11:24:29,,Quarterback,Game Manager,,,,50,0,50,0,0,50,0,0,0,0,0,0,0,0,0,0,4000000,12.0,"Austin Tx, USA",Boston College,,,
1832,1801,Saturnation,Landon Moore,Landon,Moore,22.0,retired,,2025-04-03 11:24:29,,Defensive End,Power Rusher,,,,50,0,50,0,0,59,0,0,0,0,0,0,0,0,0,0,13000000,98.0,"Boulder, CO",Stanford,,,
1830,1544,GabeNickson63,Gabe Nickson,Gabe,Nickson,22.0,retired,,2025-04-03 11:24:29,,Offensive Lineman,Run Blocker ,,,,50,0,50,0,0,50,0,0,0,0,0,0,0,0,0,0,13000000,63.0,"Roanoke, Virginia",,,,
1829,1904,nick900,Nick Marksman,Nick,Marksman,22.0,retired,,2025-04-03 11:24:29,,Tight End,Balanced Tight End,,,,50,0,50,0,0,269,0,0,0,0,0,0,0,0,0,0,5000000,86.0,"Rochester, NY",Syracuse,,,
1828,1663,JR_Maverick,JR Maverick,JR,Maverick,22.0,retired,,2025-04-03 11:24:29,,Cornerback,All-Around,,,,50,0,50,0,0,67,0,0,0,0,0,0,0,0,0,0,11900000,27.0,Hawai'i,Greendale,,,
1827,722,NamelessNate,Tom Sofa,Tom,Sofa,22.0,retired,,2025-04-03 11:24:29,,Quarterback,Gunslinger,,,,50,0,50,0,0,262,0,0,0,0,0,0,0,0,0,0,56517633,2.0,"Hyden, Kentucky",Kentucky,,,
1826,1562,Raistlin,Logan Marshall,Logan,Marshall,22.0,retired,,2025-04-03 11:24:29,,Wide Receiver,Speed Receiver,,,,50,0,50,0,0,50,0,0,0,0,0,0,0,0,0,0,5000000,19.0,"Jacksonville, FL",University of Florida,,,
1825,1781,SomeSay...,Matt Krause,Matt,Krause,22.0,retired,,2025-04-03 11:24:29,,Offensive Lineman,Athletic Lineman,,,,50,0,50,0,0,1279,0,0,0,0,0,0,0,0,0,0,196917228,9.0,"Dayton, OH",USC,,,
1824,1866,TheCC,Tyron Shields,Tyron,Shields,22.0,retired,active,2025-04-03 11:24:29,,Cornerback,Cover Corner,,,,50,0,50,0,0,1297,0,0,0,0,0,0,0,0,0,0,321788905,20.0,"Kansas City, MO",University of Georgia,,,
1823,1640,EarsoftheWolf,Denarius Krackle,Denarius,Krackle,22.0,retired,,2025-04-03 11:24:29,,Defensive Tackle,Balanced,,,,50,0,50,0,0,57,0,0,0,0,0,0,0,0,0,0,10023900,96.0,"Palikir, Micronesia",American University of Rome,,,
1822,1577,joe,Perry King,Perry,King,22.0,retired,,2025-04-03 11:24:29,,Tight End,Balanced Tight End,,,,50,0,50,0,0,50,0,0,0,0,0,0,0,0,0,0,9000000,46.0,"Waterloo, IA",University of Iowa (UI),,,
1821,1660,hyphenjack,Calvin McMann,Calvin,McMann,22.0,retired,,2025-04-03 11:24:29,,Linebacker,Power Rusher,,,,50,0,50,0,0,50,0,0,0,0,0,0,0,0,0,0,11000000,55.0,"Fayetteville, AR",Arkansas,,,
1819,1803,indonesianhusker,Julio Tirtawidjaja,Julio,Tirtawidjaja,22.0,retired,,2025-04-03 11:24:29,,Running Back,Receiving Back,,,,50,0,50,0,0,706,0,0,0,0,0,0,0,0,0,0,6451867,17.0,"Jakarta, Indonesia",Nebraska,,,
1818,1863,Slizzard16,Pierre Voodoo,Pierre,Voodoo,22.0,retired,,2025-04-03 11:24:29,,Safety,Center Fielder,,,,50,0,50,0,0,50,0,0,0,0,0,0,0,0,0,0,13000000,1.0,"Paris, France",UNLV,,,
1817,1619,Big Edd,BigEddi ForeverYeti,BigEddi,ForeverYeti,22.0,retired,,2025-04-03 11:24:29,,Defensive Tackle,Interior Rusher,,,,50,0,50,0,0,975,0,0,0,0,0,0,0,0,0,0,76813847,99.0,Pittsburgh,Pittsburgh,,,
1816,1009,Tesoroano7,Kade Hines,Kade,Hines,22.0,retired,,2025-04-03 11:24:29,,Defensive Tackle,Interior Rusher,,,,50,0,50,0,0,52,0,0,0,0,0,0,0,0,0,0,18500000,55.0,"Columbia, Mo ",The Ohio State University,,,
1815,1556,Btultz06,Ike Oscar,Ike,Oscar,22.0,retired,,2025-04-03 11:24:29,,Tight End,Balanced Tight End,,,,50,0,50,0,0,50,0,0,0,0,0,0,0,0,0,0,9000000,47.0,"Philadelphia, Pa",Michigan St.,,,
1814,1566,bigDUB,Willis Cannon,Willis,Cannon,22.0,retired,,2025-04-03 11:24:29,,Kicker,Accurate Kicker,,,,50,0,50,0,0,50,0,0,0,0,0,0,0,0,0,0,9000000,14.0,"Birmingham, AL",University of Alabama,,,
1813,1545,ThisAlexIngram,Alex Ingram,Alex,Ingram,22.0,retired,,2025-04-03 11:24:29,,Cornerback,Man to Man,,,,50,0,50,0,0,50,0,0,0,0,0,0,0,0,0,0,9000000,23.0,Vancouver,University of Alberta,,,
1812,1718,New2this69,Julius Augustus,Julius,Augustus,22.0,retired,,2025-04-03 11:24:29,,Offensive Lineman,Athletic Lineman,,,,50,0,50,0,0,50,0,0,0,0,0,0,0,0,0,0,5000000,65.0,"Rome, Italy",Charlotte 49ers,,,
1811,1553,Thiath,Ragnar Rok,Ragnar,Rok,22.0,retired,,2025-04-03 11:24:29,,Safety,Center Fielder,,,,50,0,50,0,0,380,0,0,0,0,0,0,0,0,0,0,72944093,27.0,"Brooklyn, New York",Buffalo,,,
1810,1650,brojam,Chauncey Morrison,Chauncey,Morrison,22.0,retired,,2025-04-03 11:24:29,,Defensive End,Balanced,,,,50,0,50,0,0,57,0,0,0,0,0,0,0,0,0,0,13000000,93.0,"Austin, Texas",University of Texas at San Antonio,,,
1809,1076,BenDover,Jamar Lackson,Jamar,Lackson,22.0,retired,active,2025-04-03 11:24:29,,Running Back,Speed Back,,,,50,0,50,0,0,1495,0,0,0,0,0,0,0,0,0,0,62696408,8.0,Canada,Yale,,,
1808,1521,Tigerfan895,Jacoby Batista,Jacoby,Batista,22.0,retired,,2025-04-03 11:24:29,,Running Back,Speed Back,,,,50,0,50,0,0,210,0,0,0,0,0,0,0,0,0,0,8000000,54.0,Flagstaff Arizona,Ole Miss,,,
1806,1704,Sloppyjoe83,"Cam ""Burrito"" Burto",Cam,"""Burrito"" Burto",22.0,retired,,2025-04-03 11:24:29,,Defensive Tackle,Interior Rusher,,,,50,0,50,0,0,57,0,0,0,0,0,0,0,0,0,0,5000000,99.0,Raleigh NC,NC State,,,
1805,1538,Dilios,Matthew Curran,Matthew,Curran,22.0,retired,,2025-04-03 11:24:29,,Defensive Tackle,Nose Tackle,,,,50,0,50,0,0,57,0,0,0,0,0,0,0,0,0,0,11000000,75.0,"Dallas, TX ",Boston College,,,
1804,1648,His Dark Materials,Henry Saxe-Coburg-Gotha,Henry,Saxe-Coburg-Gotha,22.0,retired,,2025-04-03 11:24:29,,Wide Receiver,Speed Receiver,,,,50,0,50,0,0,50,0,0,0,0,0,0,0,0,0,0,9000000,19.0,"London, United Kingdom",Deep Springs College,,,
1803,1533,dk87gaming,Daniel George,Daniel,George,22.0,retired,,2025-04-03 11:24:29,,Tight End,Blocking TE,,,,50,0,50,0,0,310,0,0,0,0,0,0,0,0,0,0,13714985,88.0,"Edmonton, Alberta, Canada",University of Washington State,,,
1802,1543,MehoyMinoy7,Colin Vance,Colin,Vance,22.0,retired,,2025-04-03 11:24:29,,Quarterback,Gunslinger,,,,50,0,50,0,0,50,0,0,0,0,0,0,0,0,0,0,9000000,17.0,"Cleveland, OH",Cleveland State,,,
1801,1855,KamiCommie,Magnus Valdyr,Magnus,Valdyr,22.0,retired,,2025-04-03 11:24:29,,Safety,Enforcer,,,,50,0,50,0,0,1100,0,0,0,0,0,0,0,0,0,0,8440380,31.0,"Seattle, Washington",University of Washington,,,
1800,1608,Ted,Toshihide Matsumoto,Toshihide,Matsumoto,22.0,retired,,2025-04-03 11:24:29,,Offensive Lineman,Technician,,,,50,0,50,0,0,50,0,0,0,0,0,0,0,0,0,0,5000000,69.0,"Utashinai-shi, Japan",帯広大学 Obihiro,,,
1799,1690,s4ndr0p,Sandro Ryeu,Sandro,Ryeu,22.0,retired,,2025-04-03 11:24:29,,Defensive End,Speed Rusher,,,,50,0,50,0,0,827,0,0,0,0,0,0,0,0,0,0,34021271,62.0,"Mannheim, Germany",Heidelberg University,,,
1798,1838,Tugles,Tom Thorne,Tom,Thorne,22.0,retired,,2025-04-03 11:24:29,,Linebacker,Coverage Linebacker,,,,50,0,50,0,0,50,0,0,0,0,0,0,0,0,0,0,9000000,59.0,"Fargo, MN",OSU,,,
1797,1828,William89,Brent Blackmon,Brent,Blackmon,22.0,retired,,2025-04-03 11:24:29,,Tight End,Balanced Tight End,,,,50,0,50,0,0,50,0,0,0,0,0,0,0,0,0,0,4000000,87.0,"Austin, TX",Texas A&M University,,,
1796,1868,LegBeg,Chudds Whittaker,Chudds,Whittaker,22.0,retired,,2025-04-03 11:24:29,,Linebacker,Speed Rusher,,,,50,0,50,0,0,55,0,0,0,0,0,0,0,0,0,0,9000000,79.0,"Mayberry, NC",New York University (NYU),,,
1795,1668,Ktown93,Ricky Boomhauer,Ricky,Boomhauer,22.0,retired,,2025-04-03 11:24:29,,Cornerback,Man to Man,,,,50,0,50,0,0,59,0,0,0,0,0,0,0,0,0,0,9000000,27.0,Honolulu,Michigan University ,,,
1794,1724,Hater,Montgomery Mantooth,Montgomery,Mantooth,22.0,retired,,2025-04-03 11:24:29,,Tight End,Balanced Tight End,,,,50,0,50,0,0,66,0,0,0,0,0,0,0,0,0,0,14331272,87.0,"San Bernadino, California",Navy,,,
1792,1571,penbleezus,Bobby Black,Bobby,Black,22.0,retired,,2025-04-03 11:24:29,,Wide Receiver,Speed Receiver,,,,50,0,50,0,0,50,0,0,0,0,0,0,0,0,0,0,4000000,16.0,"Kansas City, KS",Nebraska,,,
1791,886,gucci,Keʻokeʻo Kāne-Maikaʻi,Keʻokeʻo,Kāne-Maikaʻi,22.0,retired,active,2025-04-03 11:24:29,,Defensive End,Speed Rusher,,,,50,0,50,0,0,1329,0,0,0,0,0,0,0,0,0,0,3224939,13.0,"Altadena, CA",UCLA,,,
1790,1649,Mons00n,Winston Bragg,Winston,Bragg,22.0,retired,,2025-04-03 11:24:29,,Running Back,Blocking Back,,,,50,0,50,0,0,50,0,0,0,0,0,0,0,0,0,0,11000000,44.0,"Vancouver, British Colombia. ",University of Washington,,,
1789,1914,HiramAbiff,Hiram Abiff,Hiram,Abiff,22.0,retired,,2025-04-03 11:24:29,,Linebacker,Balanced ,,,,50,0,50,0,0,50,0,0,0,0,0,0,0,0,0,0,9000000,1.0,"Boston, Massachusetts ",Harvard ,,,
1788,1731,ronan,Ronan McDonagh,Ronan,McDonagh,22.0,retired,,2025-04-03 11:24:29,,Kicker,Balanced,,,,50,0,50,0,0,50,0,0,0,0,0,0,0,0,0,0,5000000,3.0,"Galway, Ireland",NUIG,,,
1787,1835,aspooner5,Allen Spooner,Allen,Spooner,22.0,retired,,2025-04-03 11:24:29,,Quarterback,Pocket Passer,,,,50,0,50,0,0,50,0,0,0,0,0,0,0,0,0,0,9000000,20.0,"St. Paul, MN",South Dakota,,,
1786,1780,TheBeast95,Lee Jordan,Lee,Jordan,22.0,retired,,2025-04-03 11:24:29,,Defensive Tackle,Run Stuffer ,,,,50,0,50,0,0,50,0,0,0,0,0,0,0,0,0,0,4000000,95.0,"Honolulu, Hawaii ",The Ohio State University (OSU),,,
1785,1527,devaunte,Devaunte Sackpieder,Devaunte,Sackpieder,22.0,retired,,2025-04-03 11:24:29,,Linebacker,Speed Rusher,,,,50,0,50,0,0,97,0,0,0,0,0,0,0,0,0,0,17680775,99.0,"Dallas, Texas",Florida State,,,
1784,1679,Bullmastiff,Evan Riley,Evan,Riley,22.0,retired,,2025-04-03 11:24:29,,Quarterback,Game Manager,,,,50,0,50,0,0,50,0,0,0,0,0,0,0,0,0,0,9000000,11.0,"Cleveland, Ohio",Arizona State University,,,
1783,1837,Griff001,Moe Willis,Moe,Willis,22.0,retired,,2025-04-03 11:24:29,,Safety,Playmaker,,,,50,0,50,0,0,50,0,0,0,0,0,0,0,0,0,0,11200000,8.0,,,,,
1782,1909,J0EB,"Matt ""Son of Havoc"" Cross",Matt,"""Son of Havoc"" Cross",22.0,retired,,2025-04-03 11:24:29,,Running Back,Receiving Back,,,,50,0,50,0,0,1347,0,0,0,0,0,0,0,0,0,0,70676288,33.0,,Arizona State University (ASU),,,
1781,395,Evok,Sam Sidekick,Sam,Sidekick,22.0,retired,,2025-04-03 11:24:29,,Kicker,Accurate,,,,50,0,50,0,0,1123,0,0,0,0,0,0,0,0,0,0,36550000,66.0,"Glasgow, Montana",-,,,
1780,1800,nated4444,Nat Wright,Nat,Wright,22.0,retired,,2025-04-03 11:24:29,,Linebacker,Coverage Linebacker ,,,,50,0,50,0,0,225,0,0,0,0,0,0,0,0,0,0,4136120,26.0,Austin Texas ,University of Texas ,,,
1779,1639,madeinbrazil123,Michael Smydzyck,Michael,Smydzyck,22.0,retired,,2025-04-03 11:24:29,,Linebacker,Run Stopper,,,,50,0,50,0,0,50,0,0,0,0,0,0,0,0,0,0,5000000,57.0,"Athens, GA",Wake Forest,,,
1778,1869,Jacob.bilyeu18,Buster Brownce,Buster,Brownce,22.0,retired,,2025-04-03 11:24:29,,Defensive End,Power Rusher,,,,50,0,50,0,0,128,0,0,0,0,0,0,0,0,0,0,4000000,99.0,"San Jose, California",Illinois State,,,
1777,1528,JPach,LiterallyJust A. Hexagon,LiterallyJust,A. Hexagon,22.0,retired,,2025-04-03 11:24:29,,Safety,Center Fielder,,,,50,0,50,0,0,760,0,0,0,0,0,0,0,0,0,0,35000000,6.0,"Sixes, OR",Geometry-U,,,
1776,1770,yonggarius,William Lim,William,Lim,22.0,retired,active,2025-04-03 11:24:29,,Wide Receiver,,,,,50,0,50,0,0,1428,0,0,0,0,0,0,0,0,0,0,267834825,15.0,,Seoul(S.Korea),,,
1775,1802,Warner,Cadillac Harris,Cadillac,Harris,22.0,retired,,2025-04-03 11:24:29,,Cornerback,Cover Corner,,,,50,0,50,0,0,535,0,0,0,0,0,0,0,0,0,0,15775455,27.0,"Agua Fria, NM",USC,,,
1774,1757,sensual-snickers-bar,Bayden Brosley,Bayden,Brosley,22.0,retired,,2025-04-03 11:24:29,,Cornerback,Zone,,,,50,0,50,0,0,240,0,0,0,0,0,0,0,0,0,0,3273380,46.0,"Edmonton, AB, Canada",Delaware,,,
1773,1655,Epitaxi,Sylvester Berlin,Sylvester,Berlin,22.0,retired,,2025-04-03 11:24:29,,Offensive Lineman,Pass Blocker,,,,50,0,50,0,0,86,0,0,0,0,0,0,0,0,0,0,10600000,55.0,"Malmö, Sweden",Lund University,,,
1772,1689,Colabear,Johnny Hellzapoppin,Johnny,Hellzapoppin,22.0,retired,,2025-04-03 11:24:29,,Safety,Center Fielder,,,,50,0,50,0,0,1180,0,0,0,0,0,0,0,0,0,0,21408830,21.0,"Milwaukee, Wisconsin",Notre Dame,,,
1771,1717,PMoney,Patrik Money,Patrik,Money,22.0,retired,active,2025-04-03 11:24:29,,Defensive Tackle,Interior Rusher,,,,50,0,50,0,0,1463,0,0,0,0,0,0,0,0,0,0,9355399,93.0,"Dublin, Ireland",Wisconsin,,,
1770,1852,FootballGuru,Daniel Ross,Daniel,Ross,22.0,retired,,2025-04-03 11:24:29,,Linebacker,Speed Rusher,,,,50,0,50,0,0,57,0,0,0,0,0,0,0,0,0,0,9000000,45.0,Des Moines,Iowa,,,
1769,1560,TheSnorkel,Cameron Tova,Cameron,Tova,22.0,retired,,2025-04-03 11:24:29,,Tight End,Balanced Tight End,,,,50,0,50,0,0,50,0,0,0,0,0,0,0,0,0,0,9000000,43.0,"San Francisco, CA",Duke University,,,
1768,121,youngcricket,Mike Lee,Mike,Lee,22.0,retired,,2025-04-03 11:24:29,,Wide Receiver,Speed Receiver,,,,50,0,50,0,0,475,0,0,0,0,0,0,0,0,0,0,1272800,13.0,texas,texas,,,
1767,1807,SalmonFormula,Lloyd Collins,Lloyd,Collins,22.0,retired,,2025-04-03 11:24:29,,Linebacker,Speed Rusher,,,,50,0,50,0,0,117,0,0,0,0,0,0,0,0,0,0,4150000,45.0,"Wilmington, Delaware",University of Delaware,,,
1765,1874,sebsal,D’Brickashaw Cannon,D’Brickashaw,Cannon,22.0,retired,,2025-04-03 11:24:29,,Defensive End,Power Rusher,,,,50,0,50,0,0,67,0,0,0,0,0,0,0,0,0,0,15797250,70.0,Washington DC,The U,,,
1764,1875,iStegosauruz,Colt Mendoza,Colt,Mendoza,22.0,retired,active,2025-04-03 11:24:29,,Defensive Tackle,Interior Rusher,,,,50,0,50,0,0,1378,0,0,0,0,0,0,0,0,0,0,542272366,27.0,"Brockton, Montana",University of Wyoming ,,,
1763,1764,xBradyy,Nick Jones,Nick,Jones,22.0,retired,,2025-04-03 11:24:29,,Cornerback,All-Around,,,,50,0,50,0,0,50,0,0,0,0,0,0,0,0,0,0,13000000,24.0,Boston MA,Florida Gators,,,
1762,1573,morsy,William Alexander,William,Alexander,22.0,retired,,2025-04-03 11:24:29,,Wide Receiver,Possession Receiver,,,,50,0,50,0,0,594,0,0,0,0,0,0,0,0,0,0,28586330,84.0,"Denver, Colorado",Oregon State,,,
1761,1569,CalvinGolladay,Calvin Golladay,Calvin,Golladay,22.0,retired,,2025-04-03 11:24:29,,Offensive Lineman,Athletic Lineman,,,,50,0,50,0,0,971,0,0,0,0,0,0,0,0,0,0,27576200,68.0,"Sioux Falls, South Dakota",Wisconsin,,,
1760,958,Rradum,"Monterey ""Monty"" Jack",Monterey,"""Monty"" Jack",22.0,retired,,2025-04-03 11:24:29,,Offensive Lineman,Balanced Lineman,,,,50,0,50,0,0,1294,0,0,0,0,0,0,0,0,0,0,20016138,17.0,Bojangles Parking Lot,Raging Cajuns,,,
1759,1846,Darklux,Lucas Faucher,Lucas,Faucher,22.0,retired,,2025-04-03 11:24:29,,Defensive Tackle,Nose Tackle,,,,50,0,50,0,0,74,0,0,0,0,0,0,0,0,0,0,5000000,0.0,"Paris, France",,,,
1758,1643,ZootTX,Zee Rechs,Zee,Rechs,22.0,retired,active,2025-04-03 11:24:29,,Tight End,Possession TE,,,,50,0,50,0,0,1194,0,0,0,0,0,0,0,0,0,0,245922010,0.0,"Gilmer, TX",Texas A&M,,,
1757,1635,Chihawks,Jordan Davis,Jordan,Davis,22.0,retired,,2025-04-03 11:24:29,,Safety,Playmaker,,,,50,0,50,0,0,50,0,0,0,0,0,0,0,0,0,0,5000000,25.0,"Grayslake,IL",Wisconsin-Whitewater,,,
1756,1897,retrospace111,Zamir Kehla,Zamir,Kehla,22.0,retired,,2025-04-03 11:24:29,,Cornerback,Man to Man,,,,50,0,50,0,0,926,0,0,0,0,0,0,0,0,0,0,25142100,27.0,"Austin, Texas",The University of Texas at El Paso (UTEP),,,
1755,1857,CJPJD,Cal Cutta,Cal,Cutta,22.0,retired,,2025-04-03 11:24:29,,Wide Receiver,Route Runner,,,,50,0,50,0,0,126,0,0,0,0,0,0,0,0,0,0,5400000,88.0,Toronto,CFL,,,
1754,1550,Jangorhino,Mario VonPebbles,Mario,VonPebbles,22.0,retired,,2025-04-03 11:24:29,,Defensive End,Speed Rusher,,,,50,0,50,0,0,1330,0,0,0,0,0,0,0,0,0,0,284806382,56.0,"Tucson, AZ",Clemson,,,
1753,808,StamkosFan,Thomas Passmann,Thomas,Passmann,22.0,retired,,2025-04-03 11:24:29,,Offensive Lineman,Athletic Lineman,,,,50,0,50,0,0,1147,0,0,0,0,0,0,0,0,0,0,27153071,22.0,Tanzania,Hogwarts School of Magic,,,
1752,1598,NickyWhit,Buster Nelson,Buster,Nelson,22.0,retired,,2025-04-03 11:24:29,,Linebacker,Balanced,,,,50,0,50,0,0,50,0,0,0,0,0,0,0,0,0,0,8000000,0.0,"Toledo, OH",Ohio State,,,
1750,1926,Lockeddown217,Xaq Schiaparelli,Xaq,Schiaparelli,22.0,retired,,2025-04-03 11:24:29,,Cornerback,Man to Man ,,,,50,0,50,0,0,81,0,0,0,0,0,0,0,0,0,0,15935225,0.0,"Chicago, IL",Northwestern,,,
1749,1609,Blasoon,Suleiman Ramza,Suleiman,Ramza,22.0,retired,active,2025-04-03 11:24:29,,Quarterback,Field General,,,,50,0,50,0,0,1415,0,0,0,0,0,0,0,0,0,0,120416515,19.0,"London, UK",Oregon,,,
1748,1876,Benster713,Patrick Holding,Patrick,Holding,22.0,retired,,2025-04-03 11:24:29,,Running Back,Receiving Back ,,,,50,0,50,0,0,50,0,0,0,0,0,0,0,0,0,0,4000000,21.0,"New York, New York",Arizona State University,,,
1747,1563,Semi-CharmedKindaGuy,Thom Shaylor,Thom,Shaylor,22.0,retired,,2025-04-03 11:24:29,,Safety,Playmaker,,,,50,0,50,0,0,50,0,0,0,0,0,0,0,0,0,0,0,21.0,Virginia Beach,Virginia Tech,,,
1746,1628,Sutj,Friedrich Vequain,Friedrich,Vequain,22.0,retired,,2025-04-03 11:24:29,,Tight End,Possession TE,,,,50,0,50,0,0,837,0,0,0,0,0,0,0,0,0,0,4979535,22.0,"St. Petersburg, Florida",Florida,,,
1744,1768,cho1325,James Cho,James,Cho,22.0,retired,,2025-04-03 11:24:29,,Defensive End,Speed Rusher,,,,50,0,50,0,0,940,0,0,0,0,0,0,0,0,0,0,56021374,51.0,Seattle,University of Washington,,,
1743,1822,hexify,Tristian Hex,Tristian,Hex,22.0,retired,,2025-04-03 11:24:29,,Running Back,Fullback,,,,50,0,50,0,0,507,0,0,0,0,0,0,0,0,0,0,7799999,88.0,"Hopkinsville, Kentucky",Kentucky,,,
1742,1606,GreenBayWatty,Max McClure,Max,McClure,22.0,retired,,2025-04-03 11:24:29,,Tight End,Blocking Tight End,,,,50,0,50,0,0,65,0,0,0,0,0,0,0,0,0,0,14000000,88.0,"Red Bank, New Jesrsey",Appalachian State University,,,
1741,1948,Bommer238,Dick Daniels,Dick,Daniels,22.0,retired,,2025-04-03 11:24:29,,Linebacker,Speed Rusher,,,,50,0,50,0,0,50,0,0,0,0,0,0,0,0,0,0,5000000,,Washington D.C.,UMass,,,
1740,1748,CDWaldo,C.D. Waldo,C.D.,Waldo,22.0,retired,,2025-04-03 11:24:29,,Safety,All-Around,,,,50,0,50,0,0,57,0,0,0,0,0,0,0,0,0,0,13000000,33.0,"Milwaukee, Wisconsin",Wisconsin,,,
1739,1666,wuhkuhh,Will-Barry Underground,Will-Barry,Underground,22.0,retired,,2025-04-03 11:24:29,,Defensive End,Speed Rusher,,,,50,0,50,0,0,61,0,0,0,0,0,0,0,0,0,0,10125000,68.0,"Troutman, NC",Appalachian State University,,,
1738,1879,Skyline,Acura Skyline,Acura,Skyline,22.0,retired,,2025-04-03 11:24:29,,Running Back,,,,,50,0,50,0,0,949,0,0,0,0,0,0,0,0,0,0,68822949,17.0,"Santa Clara, California",UCLA,,,
1737,1614,daguerro,Nicolas Stone,Nicolas,Stone,22.0,retired,,2025-04-03 11:24:29,,Linebacker,Speed Rusher,,,,50,0,50,0,0,57,0,0,0,0,0,0,0,0,0,0,13000000,52.0,"Fort Lauderdale, FL",Pepperdine,,,
1736,539,mmfootball,Thunder Cat,Thunder,Cat,22.0,retired,,2025-04-03 11:24:29,,Cornerback,Man to Man,,,,50,0,50,0,0,57,0,0,0,0,0,0,0,0,0,0,24537300,35.0,"Los Angeles, California",USC,,,
1735,1714,otto74,Cadillac Mitchell,Cadillac,Mitchell,22.0,retired,,2025-04-03 11:24:29,,Linebacker,Speed Rusher,,,,50,0,50,0,0,85,0,0,0,0,0,0,0,0,0,0,300000,56.0,"Long Branch, New Jersey",Monmouth University,,,
1734,1877,lamboalfredo,Donatello Arrabiata,Donatello,Arrabiata,22.0,retired,,2025-04-03 11:24:29,,Tight End,Possession TE,,,,50,0,50,0,0,369,0,0,0,0,0,0,0,0,0,0,10360125,88.0,"Point Roberts, WA",University of Washington,,,
1733,1927,KingAmazing,Douglas MacArthur,Douglas,MacArthur,22.0,retired,,2025-04-03 11:24:29,,Tight End,Balanced Tight End ,,,,50,0,50,0,0,72,0,0,0,0,0,0,0,0,0,0,7306675,87.0,"Seattle, WA",Washington State,,,
1732,1581,bob,Cashrinski blödenheimer,Cashrinski,blödenheimer,22.0,retired,,2025-04-03 11:24:29,,Kicker,Power,,,,50,0,50,0,0,50,0,0,0,0,0,0,0,0,0,0,5000000,37.0,"Brandon, FL",Western New Mexico University,,,
1731,305,Oles,Tyler Oles JR,Tyler,Oles JR,22.0,retired,active,2025-04-03 11:24:29,,Cornerback,,,,,50,0,50,0,0,1031,0,0,0,0,0,0,0,0,0,0,31145397,21.0,"Baltimore, Maryland",Maryland,,,
1730,1561,Moooooose,Streetlamp LeMoose,Streetlamp,LeMoose,22.0,retired,,2025-04-03 11:24:29,,Running Back,Speed Back,,,,50,0,50,0,0,57,0,0,0,0,0,0,0,0,0,0,5550000,22.0,"McMurdo Station, Antarctica",Stanford,,,
1729,1676,Dat_Puff,Raiden Briggs,Raiden,Briggs,22.0,retired,,2025-04-03 11:24:29,,Linebacker,Linebacker,,,,50,0,50,0,0,61,0,0,0,0,0,0,0,0,0,0,11000000,55.0,"Madison, WI",,,,
1728,627,majesiu,Stanislaw Koniecpolski,Stanislaw,Koniecpolski,22.0,retired,,2025-04-03 11:24:29,,Linebacker,Coverage LB,,,,50,0,50,0,0,1042,0,0,0,0,0,0,0,0,0,0,13343916,77.0,Koniecpol,Cecora,,,
1727,1806,RMEYNELL,Regan Meynell,Regan,Meynell,22.0,retired,,2025-04-03 11:24:29,,Tight End,Balanced Tight End,,,,50,0,50,0,0,50,0,0,0,0,0,0,0,0,0,0,0,87.0,"Wellington, New Zealand",University of Texas,,,
1726,1637,YVNGREED,Patrick Hardy,Patrick,Hardy,22.0,retired,,2025-04-03 11:24:29,,Safety,Playmaker ,,,,50,0,50,0,0,50,0,0,0,0,0,0,0,0,0,0,9000000,24.0,Detroit MI,Michigan State University,,,
1725,1647,zoferrari14,BooBoo Rodgers,BooBoo,Rodgers,22.0,retired,,2025-04-03 11:24:29,,Cornerback,All-Around,,,,50,0,50,0,0,50,0,0,0,0,0,0,0,0,0,0,13000000,24.0,San Francisco ,,,,
1724,1347,AL_GRINGO,George ’Corpse Grinder’ Fisher,George,’Corpse Grinder’ Fisher,22.0,retired,,2025-04-03 11:24:29,,Linebacker,Versatile LB,,,,50,0,50,0,0,995,0,0,0,0,0,0,0,0,0,0,1097759,66.0,"Baltimore, Maryland",Maryland,,,
1723,1851,.simo,Banjo May,Banjo,May,22.0,retired,,2025-04-03 11:24:29,,Kicker,Accurate,,,,50,0,50,0,0,50,0,0,0,0,0,0,0,0,0,0,16072223,13.0,"Brisbane, Queensland",I know nothing about American colleges sorry,,,
1722,1625,Matty7478,Matthew McDairmid,Matthew,McDairmid,22.0,retired,,2025-04-03 11:24:29,,Kicker,Power,,,,50,0,50,0,0,1347,0,0,0,0,0,0,0,0,0,0,28716778,7.0,"Inverness, Scotland",University of Arkansas at Pine Bluff,,,
1721,1658,Isidore94,Quinn Hughes,Quinn,Hughes,22.0,retired,,2025-04-03 11:24:29,,Safety,Playmaker,,,,50,0,50,0,0,401,0,0,0,0,0,0,0,0,0,0,33468850,43.0,"Vancouver, Canada",Arizona,,,
1720,1916,Kalakar,Kal Solarin,Kal,Solarin,22.0,retired,,2025-04-03 11:24:29,,Kicker,Accurate,,,,50,0,50,0,0,131,0,0,0,0,0,0,0,0,0,0,2000000,88.0,"Cape Town, South Africa",University of Cape Town,,,
1719,1840,Coterminity,Kevin Koh,Kevin,Koh,22.0,retired,,2025-04-03 11:24:29,,Wide Receiver,Route Runner,,,,50,0,50,0,0,154,0,0,0,0,0,0,0,0,0,0,23926650,16.0,"Singapore, Singapore",University of Washington,,,
1718,1767,TheGrapist,Malcom Jenkins,Malcom,Jenkins,22.0,retired,,2025-04-03 11:24:29,,Cornerback,Man to Man,,,,50,0,50,0,0,50,0,0,0,0,0,0,0,0,0,0,9000000,20.0,"San Diego, Ca",SDSU,,,
1717,1891,sayitundefined,Zed Keppler,Zed,Keppler,22.0,retired,,2025-04-03 11:24:29,,Running Back,Fullback,,,,50,0,50,0,0,416,0,0,0,0,0,0,0,0,0,0,4911650,28.0,,Delta State,,,
1716,1694,StormFlow,Buster Holiday,Buster,Holiday,22.0,retired,,2025-04-03 11:24:29,,Linebacker,Balanced,,,,50,0,50,0,0,57,0,0,0,0,0,0,0,0,0,0,14500000,55.0,"Florence, SC",Miami (Fl.),,,
1715,1645,sweeticlayd,Ayden Bayden,Ayden,Bayden,22.0,retired,,2025-04-03 11:24:29,,Defensive End,Balanced,,,,50,0,50,0,0,60,0,0,0,0,0,0,0,0,0,0,15000000,56.0,"Chicago, Illinois",University of Missouri,,,
1714,1937,Highhaschdi,Nick Kaepercolin,Nick,Kaepercolin,22.0,retired,,2025-04-03 11:24:29,,Quarterback,Pocket Passer,,,,50,0,50,0,0,1500,0,0,0,0,0,0,0,0,0,0,10009515,7.0,"Milwaukee, Wisconsin",Nevada,,,
1713,1920,Superpig,Silas Meissner,Silas,Meissner,22.0,retired,,2025-04-03 11:24:29,,Safety,Playmaker,,,,50,0,50,0,0,50,0,0,0,0,0,0,0,0,0,0,5000000,0.0,Greenville SC,,,,
1712,1753,Born_to_die,David Banner,David,Banner,22.0,retired,,2025-04-03 11:24:29,,Defensive Tackle,Balanced,,,,50,0,50,0,0,57,0,0,0,0,0,0,0,0,0,0,13200000,72.0,"Chattahoochee, FL",Florida A&M,,,
1711,1784,slacjr,Jimmy Cooks,Jimmy,Cooks,22.0,retired,,2025-04-03 11:24:29,,Safety,Center Fielder,,,,50,0,50,0,0,67,0,0,0,0,0,0,0,0,0,0,15527800,23.0,"Fairfield, CA",Stanford,,,
1710,1646,bjkman,Jacob Small,Jacob,Small,22.0,retired,active,2025-04-03 11:24:29,,Kicker,Accurate,,,,50,0,50,0,0,1057,0,0,0,0,0,0,0,0,0,0,13533500,21.0,"Sydney, Australia",Auckland,,,
1709,1601,Falcondancer,Rickety Cricket,Rickety,Cricket,22.0,retired,,2025-04-03 11:24:29,,Cornerback,Man to Man,,,,50,0,50,0,0,57,0,0,0,0,0,0,0,0,0,0,13000000,11.0,"Durant, Oklahoma",Oklahoma University,,,
1708,1759,eao134,Carlos Woods,Carlos,Woods,22.0,retired,,2025-04-03 11:24:29,,Cornerback,Man to Man,,,,50,0,50,0,0,57,0,0,0,0,0,0,0,0,0,0,9000000,27.0,"Chicago, IL",Notre Dame,,,
1707,1756,mcloud313,Vince Waterhouse,Vince,Waterhouse,22.0,retired,,2025-04-03 11:24:29,,Running Back,Speed Back,,,,50,0,50,0,0,50,0,0,0,0,0,0,0,0,0,0,5000000,31.0,"Sioux City, Iowa",Kansas University,,,
1706,1873,Forty Jordy,Deshun Jones,Deshun,Jones,22.0,retired,,2025-04-03 11:24:29,,Linebacker,Coverage LB,,,,50,0,50,0,0,1096,0,0,0,0,0,0,0,0,0,0,37438091,56.0,"Fresno, CA",Cal Poly SLO,,,
1705,1630,crazyandwavy,Sawyer Brutalitops,Sawyer,Brutalitops,22.0,retired,,2025-04-03 11:24:29,,Linebacker,Speed Rusher,,,,50,0,50,0,0,50,0,0,0,0,0,0,0,0,0,0,9000000,55.0,"Middletown, NJ",Boise St,,,
1704,1929,xbijin,Spike Suzuki,Spike,Suzuki,22.0,retired,,2025-04-03 11:24:29,,Linebacker,Versatile LB,,,,50,0,50,0,0,465,0,0,0,0,0,0,0,0,0,0,9709380,55.0,"Tokyo, JP",SJSU,,,
1703,1683,icebananas,Chad Zhao,Chad,Zhao,22.0,retired,,2025-04-03 11:24:29,,Defensive Tackle,Interior Rusher,,,,50,0,50,0,0,57,0,0,0,0,0,0,0,0,0,0,9000000,91.0,"Guangzhou, China",Yale University ,,,
1701,17,Symmetrik,Byron Dolls,Byron,Dolls,22.0,retired,,2025-04-03 11:24:29,,Offensive Lineman,Athletic Lineman,,,,50,0,50,0,0,994,0,0,0,0,0,0,0,0,0,0,29331023,71.0,"Austin, Texas",Texas,,,
1700,1816,Sunshine32,Zakary Duke,Zakary,Duke,22.0,retired,,2025-04-03 11:24:29,,Safety,Center Fielder,,,,50,0,50,0,0,50,0,0,0,0,0,0,0,0,0,0,13000000,32.0,"Fort Hood, TX",Penn State,,,
1699,1960,Bruins10,Claude Miller II,Claude,Miller II,22.0,retired,,2025-04-03 11:24:29,,Defensive Tackle,Interior Rusher,,,,50,0,50,0,0,1019,0,0,0,0,0,0,0,0,0,0,17869301,23.0,Montreal,Florida,,,
1698,1942,LanceBangs,Lance Bangs,Lance,Bangs,22.0,retired,,2025-04-03 11:24:29,,Cornerback,Man-To-Man,,,,50,0,50,0,0,50,0,0,0,0,0,0,0,0,0,0,9000000,29.0,"Navarre, FL",UF,,,
1697,1954,Reverb,Adrian Hamsh,Adrian,Hamsh,22.0,retired,,2025-04-03 11:24:29,,Linebacker,Speed Rusher,,,,50,0,50,0,0,50,0,0,0,0,0,0,0,0,0,0,4000000,22.0,"Vancouver, British Columbia",Syracuse,,,
1695,1720,Hydrojason,Jason Kreuscher,Jason,Kreuscher,22.0,retired,,2025-04-03 11:24:29,,Linebacker,Balanced,,,,50,0,50,0,0,57,0,0,0,0,0,0,0,0,0,0,13000000,52.0,Madison,Wisconsin,,,
1694,1856,Shiznit19,Slinky Claxton,Slinky,Claxton,22.0,retired,,2025-04-03 11:24:29,,Defensive End,Power Rusher,,,,50,0,50,0,0,796,0,0,0,0,0,0,0,0,0,0,12438500,77.0,"Flint, MI",Western Michigan University,,,
1693,1749,boshjailey,Jay Signs,Jay,Signs,22.0,retired,,2025-04-03 11:24:29,,Cornerback,Man to Man,,,,50,0,50,0,0,50,0,0,0,0,0,0,0,0,0,0,9000000,24.0,Lexington,University of Kentucky,,,
1692,1691,senseichen,Bryant Moreland,Bryant,Moreland,22.0,retired,,2025-04-03 11:24:29,,Wide Receiver,Route Runner,,,,50,0,50,0,0,50,0,0,0,0,0,0,0,0,0,0,9000000,17.0,Bakersfield,"California State University, Bakersfield",,,
1691,1702,Redbird,Raheem Bird,Raheem,Bird,22.0,retired,,2025-04-03 11:24:29,,Linebacker,Balanced,,,,50,0,50,0,0,57,0,0,0,0,0,0,0,0,0,0,5000000,52.0,"Toronto, Ontario",Michigan State ,,,
1690,194,DrunkenTeddy,Jeffrey Phillips,Jeffrey,Phillips,22.0,retired,,2025-04-03 11:24:29,,Running Back,Receiving Back,,,,50,0,50,0,0,820,0,0,0,0,0,0,0,0,0,0,6036607,82.0,"Vancouver, B.C.","Simon Fraser University, B.C., Canada",,,
1689,1795,Matrix,Dude Doggo,Dude,Doggo,22.0,retired,,2025-04-03 11:24:29,,Quarterback,Pocket Passer,,,,50,0,50,0,0,50,0,0,0,0,0,0,0,0,0,0,13000000,19.0,"Baltimore, Maryland",Clemson,,,
1688,1583,WateringCan,Tristan Gronlie,Tristan,Gronlie,22.0,retired,,2025-04-03 11:24:29,,Defensive Tackle,Nose Tackle ,,,,50,0,50,0,0,175,0,0,0,0,0,0,0,0,0,0,3342200,0.0,Wichita ,,,,
1687,1574,TheLordPred,Donovan Smith,Donovan,Smith,22.0,retired,,2025-04-03 11:24:29,,Wide Receiver,Speed Receiver,,,,50,0,50,0,0,50,0,0,0,0,0,0,0,0,0,0,9000000,14.0,"Oceanside, NY",Syracuse,,,
1686,1591,Embrace_Fitz_Magic_39,Rico Martinez,Rico,Martinez,22.0,retired,,2025-04-03 11:24:29,,Cornerback,Zone ,,,,50,0,50,0,0,71,0,0,0,0,0,0,0,0,0,0,16872150,25.0,"Aiken, SC",University of South Carolina,,,
1685,412,jaskins811,Danielle Hunter,Danielle,Hunter,22.0,retired,,2025-04-03 11:24:29,,Defensive End,Balanced,,,,50,0,50,0,0,87,0,0,0,0,0,0,0,0,0,0,19884266,99.0,Arizona,LSU,,,
1684,1903,furiousPanda,Haha Mango-Panda,Haha,Mango-Panda,22.0,retired,,2025-04-03 11:24:29,,Linebacker,Pass Rusher,,,,50,0,50,0,0,1189,0,0,0,0,0,0,0,0,0,0,20040328,58.0,"Chicago, IL",Notre Dame,,,
1683,996,flyeaglesfly29,Colby Jack,Colby,Jack,22.0,retired,,2025-04-03 11:24:29,,Quarterback,Field General,,,,50,0,50,0,0,1511,0,0,0,0,0,0,0,0,0,0,70563094,10.0,"Kyle, Oregon",Oregon,,,
1682,1692,DrChops,Hank Steel,Hank,Steel,22.0,retired,,2025-04-03 11:24:29,,Defensive Tackle,All-Purpose DT,,,,50,0,50,0,0,962,0,0,0,0,0,0,0,0,0,0,63020499,55.0,"Minot, North Dakota",North Texas,,,
1681,1832,enchurito,Frank Ngyuen,Frank,Ngyuen,22.0,retired,,2025-04-03 11:24:29,,Defensive End,Speed Rusher,,,,50,0,50,0,0,58,0,0,0,0,0,0,0,0,0,0,9000000,50.0,"Galveston, TX",University of Maryland,,,
1680,1558,trav56,Titus Lincoln,Titus,Lincoln,22.0,retired,,2025-04-03 11:24:29,,Tight End,Balanced Tight End,,,,50,0,50,0,0,57,0,0,0,0,0,0,0,0,0,0,9000000,88.0,"Atlanta, GA",Georgia Institute of Technology (GT),,,
1679,1890,blakae8,A-Aron Balakae,A-Aron,Balakae,22.0,retired,,2025-04-03 11:24:29,,Safety,Playmaker,,,,50,0,50,0,0,59,0,0,0,0,0,0,0,0,0,0,4000000,54.0,"Reston, VA",CMU,,,
1678,1522,NoobPanda,DeSean Hill,DeSean,Hill,22.0,retired,,2025-04-03 11:24:29,,Wide Receiver,Speed Receiver,,,,50,0,50,0,0,50,0,0,0,0,0,0,0,0,0,0,18000000,10.0,New York,Syracuse,,,
1677,1775,Soleom,Valor Gilmore,Valor,Gilmore,22.0,retired,,2025-04-03 11:24:29,,Cornerback,Man to Man,,,,50,0,50,0,0,61,0,0,0,0,0,0,0,0,0,0,5000000,24.0,"New Orleans, Louisiana",,,,
1676,1674,EliteFlame7,Curious George,Curious,George,22.0,retired,,2025-04-03 11:24:29,,Wide Receiver,Possession Receiver,,,,50,0,50,0,0,50,0,0,0,0,0,0,0,0,0,0,9000000,7.0,"San Francisco, CA",Stanford,,,
1675,1426,jeffie43,Prince Vegeta,Prince,Vegeta,21.0,retired,,2025-04-03 11:24:17,,Safety,Center Fielder,,,,50,0,50,0,0,1430,0,0,0,0,0,0,0,0,0,0,13083003,10.0,Singapore,University of Toronto - St George,,,
1674,1428,josh30601,Sardine Bean,Sardine,Bean,21.0,retired,,2025-04-03 11:22:32,,Defensive Tackle,Interior Rusher,,,,50,0,50,0,0,278,0,0,0,0,0,0,0,0,0,0,2953850,63.0,"Lake Worth, Florida",Florida State University,,,
1673,1416,CoolEverett,Everett Woodward,Everett,Woodward,21.0,retired,,2025-04-03 11:22:32,,Wide Receiver,Red Zone Threat,,,,50,0,50,0,0,50,0,0,0,0,0,0,0,0,0,0,14000000,69.0,"Atlantic City, NJ",Rutgers,,,
1672,1507,Naki,Christopher Prince,Christopher,Prince,21.0,retired,,2025-04-03 11:22:32,,Offensive Lineman,Athletic Lineman,,,,50,0,50,0,0,50,0,0,0,0,0,0,0,0,0,0,5200000,0.0,"Stamford, CT","Sacred Heart University (FCS, Fairfield, CT.)",,,
1671,11,Leafer,George O’Donnell,George,O’Donnell,21.0,retired,,2025-04-03 11:22:32,,Quarterback,Gunslinger,,,,50,0,50,0,0,1284,0,0,0,0,0,0,0,0,0,0,4304690,58.0,Cambridge,Harvard,,,
1670,1480,Vorshayla,HeHateMe PickSix,HeHateMe,PickSix,21.0,retired,,2025-04-03 11:22:32,,Cornerback,Zone,,,,50,0,50,0,0,746,0,0,0,0,0,0,0,0,0,0,51131630,6.0,Opponent's Endzone,Greendale Community College,,,
1669,1408,Voltaqe,Chris Kross,Chris,Kross,21.0,retired,,2025-04-03 11:22:32,,Wide Receiver,Speed Receiver ,,,,50,0,50,0,0,517,0,0,0,0,0,0,0,0,0,0,10650700,11.0,"Honolulu, HI",University of Hawaii,,,
1668,1460,Bobby “Freakin” Portis,Bobby “Freakin” Portis,Bobby,“Freakin” Portis,21.0,retired,,2025-04-03 11:22:32,,Cornerback,Man to Man,,,,50,0,50,0,0,50,0,0,0,0,0,0,0,0,0,0,1000000,0.0,"Little Rock, Arkansas",Arkansas,,,
1667,1439,msnmllr,Colbourne Frost,Colbourne,Frost,21.0,retired,,2025-04-03 11:22:32,,Kicker,Accurate,,,,50,0,50,0,0,50,0,0,0,0,0,0,0,0,0,0,9000000,22.0,"Brisbane, QLD",Oklahoma State,,,
1666,1479,mrmouseman,Trevor Mouseman,Trevor,Mouseman,21.0,retired,,2025-04-03 11:22:32,,Linebacker,Speed Rusher,,,,50,0,50,0,0,258,0,0,0,0,0,0,0,0,0,0,5222350,15.0,"East Setauket, NY",Stony Brook,,,
1665,951,ScorpXCracker,Dorfus Jimbo Jr,Dorfus,Jimbo Jr,21.0,retired,,2025-04-03 11:22:32,,Offensive Lineman,Balanced Lineman,,,,50,0,50,0,0,607,0,0,0,0,0,0,0,0,0,0,25400000,35.0,Florida,Greendale,,,
1664,1443,ap8333,Jeremy Quellers,Jeremy,Quellers,21.0,retired,,2025-04-03 11:22:32,,Cornerback,Man to Man,,,,50,0,50,0,0,122,0,0,0,0,0,0,0,0,0,0,6800000,22.0,"Hollywood, FL",University of Central Florida,,,
1662,1415,CosmosAblaze,Keval Shah,Keval,Shah,21.0,retired,,2025-04-03 11:22:32,,Wide Receiver,Speed Receiver,,,,50,0,50,0,0,57,0,0,0,0,0,0,0,0,0,0,5000000,7.0,"Greensboro, NC",UNC,,,
1661,1493,jeffpersonsacker,Jeff Personsacker,Jeff,Personsacker,21.0,retired,,2025-04-03 11:22:32,,Defensive End,Power Rusher,,,,50,0,50,0,0,94,0,0,0,0,0,0,0,0,0,0,8978500,63.0,"New York, NY",The Ohio State University,,,
1660,1321,LiathTheSquirrel,Gregor Macgregor,Gregor,Macgregor,21.0,retired,active,2025-04-03 11:22:32,,Safety,Enforcer,,,,50,0,50,0,0,756,0,0,0,0,0,0,0,0,0,0,13438195,77.0,Ireland,Boston Massachusetts,,,
1659,1409,TankAlpha,Jay Palmer,Jay,Palmer,21.0,retired,,2025-04-03 11:22:32,,Defensive End,Speed Rusher,,,,50,0,50,0,0,74,0,0,0,0,0,0,0,0,0,0,18000000,55.0,"Buffalo, New York",University at Buffalo (UB),,,
1658,1452,EpicMowse,Horacio Espinoza,Horacio,Espinoza,21.0,retired,,2025-04-03 11:22:32,,Running Back,Receiving Back,,,,50,0,50,0,0,57,0,0,0,0,0,0,0,0,0,0,9000000,44.0,"Albuquerque, NM",New Mexico State,,,
1657,1487,MasterCashier,Ryan Scott,Ryan,Scott,21.0,retired,,2025-04-03 11:22:32,,Linebacker,,,,,50,0,50,0,0,172,0,0,0,0,0,0,0,0,0,0,8852550,0.0,,,,,
1656,1469,DylanG5,Dylan Green,Dylan,Green,21.0,retired,,2025-04-03 11:22:32,,Offensive Lineman,Technician,,,,50,0,50,0,0,76,0,0,0,0,0,0,0,0,0,0,8000000,70.0,"Bainbridge, GA",Georgia Tech,,,
1655,1492,Dillon Cheer,Dillon Cheer,Dillon,Cheer,21.0,retired,,2025-04-03 11:22:32,,Defensive Tackle,Run Stuffer,,,,50,0,50,0,0,72,0,0,0,0,0,0,0,0,0,0,7000000,2.0,"Arvada, Colorado",Alabama,,,
1654,1401,munkysnuflz,Daniel Winkler,Daniel,Winkler,21.0,retired,,2025-04-03 11:22:32,,Defensive End,Speed Rusher,,,,50,0,50,0,0,77,0,0,0,0,0,0,0,0,0,0,5000000,64.0,"Pflugerville, TX",Southwestern University (D3),,,
1653,1477,The Xekutioner,The Xekutioner,The,Xekutioner,21.0,retired,,2025-04-03 11:22:32,,Quarterback,Mobile,,,,50,0,50,0,0,71,0,0,0,0,0,0,0,0,0,0,8850000,12.0,"Fresno, CA",Fresno State,,,
1652,1278,frithjofr,Ugarth the Dissector,Ugarth,the Dissector,21.0,retired,active,2025-04-03 11:22:32,,Linebacker,Coverage LB,,,,50,0,50,0,0,481,0,0,0,0,0,0,0,0,0,0,3033630,44.0,Sword Mountains,Many-Arrows Memorial University,,,
1651,1499,lukejm37,Luke McMaster,Luke,McMaster,21.0,retired,,2025-04-03 11:22:32,,Running Back,Speed Back,,,,50,0,50,0,0,50,0,0,0,0,0,0,0,0,0,0,9000000,36.0,"Philadelphia, PA",WVU,,,
1649,704,YoungTB,Justice Green,Justice,Green,21.0,retired,,2025-04-03 11:22:32,,Wide Receiver,Speed Receiver,,,,50,0,50,0,0,62,0,0,0,0,0,0,0,0,0,0,27231564,81.0,"Los Angeles, California",Marshall,,,
1648,1463,wildcard09,Kubee Krusher,Kubee,Krusher,21.0,retired,,2025-04-03 11:22:32,,Defensive End,Speed Rusher,,,,50,0,50,0,0,76,0,0,0,0,0,0,0,0,0,0,5358150,55.0,"Orlando, FL",FSU,,,
1646,1440,Speedo Meter,Speedo Meter,Speedo,Meter,21.0,retired,,2025-04-03 11:22:32,,Cornerback,Man to Man,,,,50,0,50,0,0,50,0,0,0,0,0,0,0,0,0,0,9000000,0.0,"Wooster, OH",University of Akron,,,
1645,1472,Henson7247,Micheal Henson,Micheal,Henson,21.0,retired,,2025-04-03 11:22:32,,Tight End,Balanced Tight End,,,,50,0,50,0,0,50,0,0,0,0,0,0,0,0,0,0,4400000,84.0,"Fayetteville, North Carolina",BYU,,,
1644,1453,matt2930,Jackmerius Tacktheritrix,Jackmerius,Tacktheritrix,21.0,retired,,2025-04-03 11:22:32,,Defensive End,Power Rusher,,,,50,0,50,0,0,165,0,0,0,0,0,0,0,0,0,0,12455300,0.0,"Detroit, Michigan",Michigan State University ,,,
1643,1427,howiejriii,Rusty Nails,Rusty,Nails,21.0,retired,,2025-04-03 11:22:32,,Wide Receiver,Speed Receiver ,,,,50,0,50,0,0,57,0,0,0,0,0,0,0,0,0,0,6000000,87.0,"Eau Claire,WI",Wisconsin,,,
1642,1495,Boomcheck,Reynaud Haugland,Reynaud,Haugland,21.0,retired,,2025-04-03 11:22:32,,Tight End,,,,,50,0,50,0,0,256,0,0,0,0,0,0,0,0,0,0,-89050,0.0,,,,,
1641,1476,RedArrow12c,Red Arrow,Red,Arrow,21.0,retired,,2025-04-03 11:22:32,,Wide Receiver,Route Runner,,,,50,0,50,0,0,444,0,0,0,0,0,0,0,0,0,0,17538050,12.0,,Georgia Tech,,,
1640,705,GoonerBear,Rando Cardrissian,Rando,Cardrissian,21.0,retired,,2025-04-03 11:22:32,,Running Back,Receiving Back,,,,50,0,50,0,0,1054,0,0,0,0,0,0,0,0,0,0,736655,38.0,"Garland, TX",Virginia Tech,,,
1639,1449,mcast55,Chip Otle,Chip,Otle,21.0,retired,,2025-04-03 11:22:32,,Defensive End,Balanced,,,,50,0,50,0,0,298,0,0,0,0,0,0,0,0,0,0,6359675,55.0,New York,Michigan,,,
1638,1420,KoltClassic,Otis Allen,Otis,Allen,21.0,retired,,2025-04-03 11:22:32,,Defensive Tackle,Nose Tackle,,,,50,0,50,0,0,1393,0,0,0,0,0,0,0,0,0,0,24002360,98.0,"Detroit, MI",Michigan State University,,,
1637,277,SwagSloth,Baby Yoda,Baby,Yoda,21.0,retired,active,2025-04-03 11:22:32,,Running Back,Speed Back,,,,50,0,50,0,0,986,0,0,0,0,0,0,0,0,0,0,7976774,2.0,Dagobah,Jedi Academy,,,
1636,1485,Joecrack0321,"Joe ""CRACK"" Torres",Joe,"""CRACK"" Torres",21.0,retired,,2025-04-03 11:22:32,,Tight End,Possession Tight End,,,,50,0,50,0,0,50,0,0,0,0,0,0,0,0,0,0,9000000,88.0,,Michigan,,,
1635,320,HalfEatenOnionBagel,Osiris Firestorm-Fjord,Osiris,Firestorm-Fjord,21.0,retired,,2025-04-03 11:22:32,,Cornerback,Physical Corner,,,,50,0,50,0,0,1195,0,0,0,0,0,0,0,0,0,0,12893645,35.0,"Paris, TX",PS 118,,,
1634,1419,hannahg32,J.J. “Jay” Jay-Jaymison,J.J.,“Jay” Jay-Jaymison,21.0,retired,,2025-04-03 11:22:32,,Kicker,Power,,,,50,0,50,0,0,446,0,0,0,0,0,0,0,0,0,0,14959031,9.0,"Amarillo, TX",,,,
1633,1467,RamboHampster,Jon Bois,Jon,Bois,21.0,retired,,2025-04-03 11:22:32,,Safety,All-Around,,,,50,0,50,0,0,333,0,0,0,0,0,0,0,0,0,0,11450000,16.0,"Augusta, GA",NC State,,,
1632,1422,MSombrero,Matt Murphy,Matt,Murphy,21.0,retired,,2025-04-03 11:22:32,,Safety,All-Around,,,,50,0,50,0,0,264,0,0,0,0,0,0,0,0,0,0,42752820,25.0,"Boulder, Colorado",University of Michigan (UM),,,
1631,1478,Grand Salami,Grand Salami,Grand,Salami,21.0,retired,,2025-04-03 11:22:32,,Wide Receiver,Route Runner,,,,50,0,50,0,0,71,0,0,0,0,0,0,0,0,0,0,4000000,19.0,Tampa Bay,UCF,,,
1630,1438,RotticusScott,Rotticus Scott,Rotticus,Scott,21.0,retired,,2025-04-03 11:22:32,,Defensive Tackle,All-Purpose DT,,,,50,0,50,0,0,1296,0,0,0,0,0,0,0,0,0,0,1615840,75.0,"Portland, Maine",University of Maine,,,
1629,1424,BRNXB0MBERS,"Pete ""Plop"" Miller",Pete,"""Plop"" Miller",21.0,retired,active,2025-04-03 11:22:32,,Defensive Tackle,Nose Tackle,,,,50,0,50,0,0,1418,0,0,0,0,0,0,0,0,0,0,23472063,98.0,"Lexington, KY",Kentucky,,,
1628,1461,Jagsfootball51,Ty Palmatier,Ty,Palmatier,21.0,retired,,2025-04-03 11:22:32,,Linebacker,Power Rusher,,,,50,0,50,0,0,57,0,0,0,0,0,0,0,0,0,0,9000000,51.0,"Salt Lake City, Utah",Utah,,,
1627,1482,rapideagle,Rapid Eagle,Rapid,Eagle,21.0,retired,,2025-04-03 11:22:32,,Defensive End,Power Rusher,,,,50,0,50,0,0,1123,0,0,0,0,0,0,0,0,0,0,28063740,92.0,"Chicago, IL",Illinois,,,
1626,1510,fballturkey,Rick Skuff,Rick,Skuff,21.0,retired,,2025-04-03 11:22:32,,Running Back,Power Back ,,,,50,0,50,0,0,332,0,0,0,0,0,0,0,0,0,0,11195995,42.0,"Oakey’s Holler, WV",Davidson College (FCS),,,
1624,1486,juniped,Flash Panda,Flash,Panda,21.0,retired,active,2025-04-03 11:22:32,,Wide Receiver,Speed Receiver,,,,50,0,50,0,0,1015,0,0,0,0,0,0,0,0,0,0,4986136,17.0,"Los Angeles, CA",North Carolina State University,,,
1623,1446,Reno,Tree Gelbman,Tree,Gelbman,21.0,retired,active,2025-04-03 11:22:32,,Tight End,Vertical Threat,,,,50,0,50,0,0,1068,0,0,0,0,0,0,0,0,0,0,12860455,88.0,The Sea,Hofstra University ,,,
1622,1450,MN_Moosey,Leon McDavid,Leon,McDavid,21.0,retired,,2025-04-03 11:22:32,,Defensive Tackle,All-Purpose DT,,,,50,0,50,0,0,1415,0,0,0,0,0,0,0,0,0,0,322424887,93.0,"Edmonton, AB",University of Florida,,,
1621,1441,JZKITTY21,JZ -,JZ,-,21.0,retired,,2025-04-03 11:22:32,,Safety,Playmaker,,,,50,0,50,0,0,50,0,0,0,0,0,0,0,0,0,0,17000000,17.0,"Morro Bay, CA",THE Ohio State University,,,
1620,1236,Frostbite,Chizuru Ichinose,Chizuru,Ichinose,21.0,retired,active,2025-04-03 11:22:32,,Running Back,Speed Back,,,,50,0,50,0,0,1511,0,0,0,0,0,0,0,0,0,0,6976573,11.0,Myrtle Beach,UCF,,,
1619,1511,Briedaqueduc,Simon Tremblay,Simon,Tremblay,21.0,retired,active,2025-04-03 11:22:32,,Offensive Lineman,Athletic Lineman,,,,50,0,50,0,0,878,0,0,0,0,0,0,0,0,0,0,1832383,77.0,"Montreal, QC",Université de Montréal,,,
1618,1448,Shak24,Shakir Ahmed,Shakir,Ahmed,21.0,retired,,2025-04-03 11:22:32,,Tight End,Balanced Tight End,,,,50,0,50,0,0,82,0,0,0,0,0,0,0,0,0,0,13347020,88.0,"Thor's Well, Oregon, USA",Flathead Valley Community College,,,
1617,1497,rubachikin,Rub A. Chikin,Rub,A. Chikin,21.0,retired,,2025-04-03 11:22:32,,Safety,Center Fielder,,,,50,0,50,0,0,82,0,0,0,0,0,0,0,0,0,0,3400000,12.0,"Portland, Oregon",Oregon,,,
1616,1489,thefrowntownclown,Rainier Wolfcastle,Rainier,Wolfcastle,21.0,retired,,2025-04-03 11:22:32,,Tight End,Possession Tight End,,,,50,0,50,0,0,289,0,0,0,0,0,0,0,0,0,0,22795150,38.0,"Thal, Styria, Austria",University of Salzburg,,,
1615,1508,Zyrok,Bruno Young,Bruno,Young,21.0,retired,,2025-04-03 11:22:32,,Wide Receiver,Speed Receiver,,,,50,0,50,0,0,50,0,0,0,0,0,0,0,0,0,0,9000000,12.0,Spain,Harvard ,,,
1614,187,Deusolis,Vance Amado-Hackett,Vance,Amado-Hackett,21.0,retired,,2025-04-03 11:22:32,,Safety,Run Support,,,,50,0,50,0,0,52,0,0,0,0,0,0,0,0,0,0,35452401,0.0,"Denver, Colorado",CU - Boulder,,,
1613,1454,Vulfzilla,Herb Altee,Herb,Altee,21.0,retired,active,2025-04-03 11:22:32,,Safety,All-Around,,,,50,0,50,0,0,90,0,0,0,0,0,0,0,0,0,0,7550150,23.0,"Dallas, TX",Virginia,,,
1612,1468,club_toasty,Dixon Uraz,Dixon,Uraz,21.0,retired,,2025-04-03 11:22:32,,Linebacker,Coverage Linebacker,,,,50,0,50,0,0,50,0,0,0,0,0,0,0,0,0,0,13500000,50.0,"Rhosllannerchrugog, Wales",UCLA,,,
1611,1060,Starboy,Chika Fujiwara,Chika,Fujiwara,21.0,retired,active,2025-04-03 11:22:32,,Quarterback,Pocket Passer,,,,50,0,50,0,0,1377,0,0,0,0,0,0,0,0,0,0,61947256,2.0,"Tokyo, Japan",Georgia Tech,,,
1610,1411,PapaKhan,Nick Domenichini,Nick,Domenichini,21.0,retired,,2025-04-03 11:22:32,,Running Back,Power Back,,,,50,0,50,0,0,50,0,0,0,0,0,0,0,0,0,0,19000000,16.0,"Portland, OR",Oregon State (OSU),,,
1609,1490,sael,Buster Hyman,Buster,Hyman,21.0,retired,,2025-04-03 11:22:32,,Quarterback,Gunslinger,,,,50,0,50,0,0,50,0,0,0,0,0,0,0,0,0,0,5000000,0.0,"Cornhole City, Nebraska",Richard Cheese Elementary,,,
1607,1445,Drunkinthunder,Rusty Shackleford,Rusty,Shackleford,21.0,retired,,2025-04-03 11:22:32,,Safety,,,,,50,0,50,0,0,57,0,0,0,0,0,0,0,0,0,0,9000000,42.0,"San Jose, CA",LSU,,,
1606,1488,Kekar,Robin Reynolds,Robin,Reynolds,21.0,retired,,2025-04-03 11:22:32,,Running Back,Speed Back ,,,,50,0,50,0,0,71,0,0,0,0,0,0,0,0,0,0,13171100,29.0,"Maracaibo, Venezuela.",Univesity of Miami FL,,,
1605,220,Muford,"John ""Tripod"" Smirh",John,"""Tripod"" Smirh",21.0,retired,,2025-04-03 11:22:32,,Defensive Tackle,All-Purpose DT,,,,50,0,50,0,0,1030,0,0,0,0,0,0,0,0,0,0,45192618,9.0,,Tulane,,,
1604,1397,Big Trusss,Smolder Bravestone,Smolder,Bravestone,21.0,retired,,2025-04-03 11:22:32,,Wide Receiver,Speed Receiver,,,,50,0,50,0,0,97,0,0,0,0,0,0,0,0,0,0,14000000,15.0,Baltimore,University of Maryland,,,
1603,1391,Wombat,Ed Barker,Ed,Barker,21.0,retired,,2025-04-03 11:22:32,,Wide Receiver,Speed Receiver,,,,50,0,50,0,0,1252,0,0,0,0,0,0,0,0,0,0,12119420,40.0,"Seattle, Washington",UW (University of Washington),,,
1602,312,Perry87,Perry Tucker Jr.,Perry,Tucker Jr.,21.0,retired,,2025-04-03 11:22:32,,Offensive Lineman,Athletic Lineman,,,,50,0,50,0,0,342,0,0,0,0,0,0,0,0,0,0,4989500,54.0,"Philadelphia, Pennsylvania",DVSU,,,
1601,1503,c272,Hank Crowell,Hank,Crowell,21.0,retired,,2025-04-03 11:22:32,,Tight End,Balanced,,,,50,0,50,0,0,50,0,0,0,0,0,0,0,0,0,0,12000000,0.0,,,,,
1600,1456,H0PPY75,Emmett Higgins,Emmett,Higgins,21.0,retired,,2025-04-03 11:22:32,,Offensive Lineman,Technician,,,,50,0,50,0,0,82,0,0,0,0,0,0,0,0,0,0,13926800,75.0,"Boise, Idaho",Boise State,,,
1599,1455,TrickyTroy2,Larry Longshot,Larry,Longshot,21.0,retired,,2025-04-03 11:22:32,,Defensive End,Speed Rusher,,,,50,0,50,0,0,253,0,0,0,0,0,0,0,0,0,0,16346730,77.0,"Rehoboth Beach, Delaware, USA",University of Delaware,,,
1598,1413,scissorstree,Matt Meagher,Matt,Meagher,21.0,retired,,2025-04-03 11:22:32,,Running Back,All-Purpose Back,,,,50,0,50,0,0,59,0,0,0,0,0,0,0,0,0,0,14000000,24.0,"Long Beach, CA",Stanford MSU,,,
1597,1475,DynamicDoug,Douglas Quail,Douglas,Quail,21.0,retired,,2025-04-03 11:22:32,,Offensive Lineman,Athletic Lineman,,,,50,0,50,0,0,405,0,0,0,0,0,0,0,0,0,0,12122840,69.0,,Notre Dame,,,
1596,1462,Pieanator,Atlas Quin,Atlas,Quin,21.0,retired,,2025-04-03 11:22:32,,Cornerback,Physical Corner,,,,50,0,50,0,0,484,0,0,0,0,0,0,0,0,0,0,14094301,19.0,The Moon,Iowa State University,,,
1595,378,PointGod,Chris Ramos,Chris,Ramos,21.0,retired,,2025-04-03 11:22:32,,Quarterback,Mobile ,,,,50,0,50,0,0,317,0,0,0,0,0,0,0,0,0,0,9374581,17.0,"Queens, NY",Long Island University,,,
1594,1404,Crkluck,Leonard Jacobs,Leonard,Jacobs,21.0,retired,,2025-04-03 11:22:32,,Quarterback,Pocket Passer,,,,50,0,50,0,0,50,0,0,0,0,0,0,0,0,0,0,9200000,8.0,"Juneau, Alaska",Lamar University (LU),,,
1593,1459,jmarnette,Jack Marnette,Jack,Marnette,21.0,retired,,2025-04-03 11:22:32,,Cornerback,Man to Man,,,,50,0,50,0,0,80,0,0,0,0,0,0,0,0,0,0,8000000,29.0,"Aberdeen, South Dakota",Boise State,,,
1592,632,nunccoepi,Immanuel Blackstone,Immanuel,Blackstone,21.0,retired,active,2025-04-03 11:22:32,,Defensive End,,,,,50,0,50,0,0,1479,0,0,0,0,0,0,0,0,0,0,45295045,76.0,"Dearborn, MI",Notre Dame,,,
1591,1434,Hi_mynameis_Matt,Matt Hole,Matt,Hole,21.0,retired,,2025-04-03 11:22:32,,Defensive End,Speed Rusher,,,,50,0,50,0,0,308,0,0,0,0,0,0,0,0,0,0,6000000,60.0,"Florence, Alabama",University of North Alabama,,,
1590,1433,Bubba Twatford,Bubba Twatford,Bubba,Twatford,21.0,retired,,2025-04-03 11:22:32,,Linebacker,Speed Rusher,,,,50,0,50,0,0,131,0,0,0,0,0,0,0,0,0,0,7750000,12.0,"Toronto, ON",Western University,,,
1589,1465,ChocolateNipples,Churro Chest,Churro,Chest,21.0,retired,,2025-04-03 11:22:32,,Cornerback,Man to Man,,,,50,0,50,0,0,50,0,0,0,0,0,0,0,0,0,0,14000000,28.0,"Boston, MA",Boston College,,,
1588,381,ItsJustBarry,Logan Noble Jr,Logan,Noble Jr,21.0,retired,,2025-04-03 11:22:32,,Defensive End,Speed Rusher,,,,50,0,50,0,0,594,0,0,0,0,0,0,0,0,0,0,16543590,31.0,Saskatoon,Horizon College and Seminary,,,
1587,1501,3lewsers,James Lewandowski,James,Lewandowski,21.0,retired,,2025-04-03 11:22:32,,Tight End,Vertical Threat,,,,50,0,50,0,0,1172,0,0,0,0,0,0,0,0,0,0,-961090,82.0,Pennsylvania,Temple,,,
1586,1399,nfspeedypur,Scotty McGuy,Scotty,McGuy,21.0,retired,,2025-04-03 11:22:32,,Wide Receiver,Possession Receiver,,,,50,0,50,0,0,57,0,0,0,0,0,0,0,0,0,0,5000000,12.0,Cornfields of Indiana,Purdue University,,,
1585,1035,ziekthemanupnext25,Jade Bridges,Jade,Bridges,21.0,retired,,2025-04-03 11:22:32,,Wide Receiver,Red Zone Threat,,,,50,0,50,0,0,58,0,0,0,0,0,0,0,0,0,0,9000000,11.0,Russia ,Oregon,,,
1584,1496,dpz1156,Cam’ron West,Cam’ron,West,21.0,retired,,2025-04-03 11:22:32,,Defensive Tackle,Nose Tackle,,,,50,0,50,0,0,71,0,0,0,0,0,0,0,0,0,0,11000000,0.0,New York,Virginia Tech ,,,
1583,1483,Lemon,Future Trunks,Future,Trunks,21.0,retired,,2025-04-03 11:22:32,,Offensive Lineman,Athletic Lineman,,,,50,0,50,0,0,926,0,0,0,0,0,0,0,0,0,0,59415175,69.0,"Nakagawa, Hokkaido, Japan",Yale,,,
1582,658,iseedoug,Dougie Smalls,Dougie,Smalls,21.0,retired,,2025-04-03 11:22:32,,Kicker,Accurate,,,,50,0,50,0,0,915,0,0,0,0,0,0,0,0,0,0,17873800,90.0,"Orange County, CA",University of South Carolina,,,
1581,1412,brehio,Austin Brehio,Austin,Brehio,21.0,retired,,2025-04-03 11:22:32,,Running Back,Receiving Back,,,,50,0,50,0,0,74,0,0,0,0,0,0,0,0,0,0,23642650,11.0,"Concord, NH",Elon University,,,
1580,1464,Iamdumberdore,Gronk Robertoswki,Gronk,Robertoswki,21.0,retired,,2025-04-03 11:22:32,,Tight End,Blocking Tight End,,,,50,0,50,0,0,290,0,0,0,0,0,0,0,0,0,0,4550000,28.0,"Henderson, NV",DeVry University,,,
1579,1494,TheloniusJunk,Thelonius Junk,Thelonius,Junk,21.0,retired,,2025-04-03 11:22:32,,Kicker,Balanced,,,,50,0,50,0,0,57,0,0,0,0,0,0,0,0,0,0,16823550,0.0,"Kansas City, MO",University of Nebraska,,,
1578,1514,CowboyOnPatrol,Shepherd Marshall,Shepherd,Marshall,21.0,retired,,2025-04-03 11:22:32,,Linebacker,,,,,50,0,50,0,0,197,0,0,0,0,0,0,0,0,0,0,11350000,0.0,,,,,
1577,1457,RilesMcGiles,Riles McTackle,Riles,McTackle,21.0,retired,,2025-04-03 11:22:32,,Defensive Tackle,Run Stuffer,,,,50,0,50,0,0,258,0,0,0,0,0,0,0,0,0,0,11264850,80.0,"Richmond, IN",Ohio State - Lima Campus,,,
1576,1458,SemiCharmedMike,Holden Summers,Holden,Summers,21.0,retired,,2025-04-03 11:22:32,,Linebacker,Pass Rusher,,,,50,0,50,0,0,403,0,0,0,0,0,0,0,0,0,0,10888865,15.0,"Sunnydale, CA",University of Minnesota (UMN),,,
1575,1394,Get_Right,Jerome Davis,Jerome,Davis,21.0,retired,,2025-04-03 11:22:32,,Wide Receiver,Route runner,,,,50,0,50,0,0,287,0,0,0,0,0,0,0,0,0,0,7757550,89.0,"Baltimore, Maryland ",Notre Dame,,,
1574,1484,schauer,Andrew Nova,Andrew,Nova,21.0,retired,,2025-04-03 11:22:32,,Running Back,Speed Back ,,,,50,0,50,0,0,171,0,0,0,0,0,0,0,0,0,0,6126710,22.0,Cleveland,University of Akron,,,
1573,1466,Tequila,Tequila Sunrise,Tequila,Sunrise,21.0,retired,,2025-04-03 11:22:32,,Running Back,,,,,50,0,50,0,0,193,0,0,0,0,0,0,0,0,0,0,-860470,0.0,,,,,
1572,1425,MisObvious,Dillard Holcombe,Dillard,Holcombe,21.0,retired,,2025-04-03 11:22:32,,Safety,All-Around,,,,50,0,50,0,0,100,0,0,0,0,0,0,0,0,0,0,29038749,7.0,"West Lafayette, IN",Indiana,,,
1571,1437,HENDRIX 2.0,Douglas Quaid,Douglas,Quaid,21.0,retired,,2025-04-03 11:22:32,,Linebacker,Pass Rusher,,,,50,0,50,0,0,1467,0,0,0,0,0,0,0,0,0,0,8002095,59.0,"Salt Lake City, Utah",Utah State,,,
1570,1418,NickNation,Nick Nation,Nick,Nation,21.0,retired,,2025-04-03 11:22:32,,Running Back,Speed Back,,,,50,0,50,0,0,50,0,0,0,0,0,0,0,0,0,0,4000000,9.0,"Oakland, CA",Arizona,,,
1569,1429,GoldenFoot9,Richard “Dick” Gardner,Richard,“Dick” Gardner,21.0,retired,,2025-04-03 11:22:32,,Offensive Lineman,Run Blocker,,,,50,0,50,0,0,57,0,0,0,0,0,0,0,0,0,0,9000000,62.0,"Rochester, New York",Syracuse,,,
1568,1436,Ultimacomanda47,Jaune Arc,Jaune,Arc,21.0,retired,,2025-04-03 11:22:32,,Defensive Tackle,Interior Rusher,,,,50,0,50,0,0,261,0,0,0,0,0,0,0,0,0,0,6245625,47.0,"Dallas, TX",University of Missouri,,,
1567,233,Confusion,Hunter Young,Hunter,Young,21.0,retired,,2025-04-03 11:22:32,,Defensive End,Power Rusher,,,,50,0,50,0,0,88,0,0,0,0,0,0,0,0,0,0,5150000,54.0,"Hyattsville, Maryland",Ohio State,,,
1566,1444,Cal Lidous,Cal Lidous,Cal,Lidous,21.0,retired,,2025-04-03 11:22:32,,Quarterback,,,,,50,0,50,0,0,114,0,0,0,0,0,0,0,0,0,0,18261175,48.0,,Boise State University,,,
1565,1392,Raheem James,Raheem Okusi,Raheem,Okusi,21.0,retired,,2025-04-03 11:22:32,,Wide Receiver,Speed Receiver,,,,50,0,50,0,0,365,0,0,0,0,0,0,0,0,0,0,18410780,0.0,"Fresno,Cali",,,,
1564,1430,the_suave1,Rico Suave,Rico,Suave,21.0,retired,,2025-04-03 11:22:32,,Safety,Center Fielder,,,,50,0,50,0,0,50,0,0,0,0,0,0,0,0,0,0,14000000,29.0,"Philadelphia, PA",University of Hypothetical Diplomas (UHD),,,
1563,1451,lewislewes,Lefty Louis,Lefty,Louis,21.0,retired,,2025-04-03 11:22:32,,Kicker,Accurate,,,,50,0,50,0,0,232,0,0,0,0,0,0,0,0,0,0,21721900,19.0,"Windsor, Ontario Canada",Washington,,,
1562,1447,SaborTheWaverunner,Alyx Sabor,Alyx,Sabor,21.0,retired,,2025-04-03 11:22:32,,Wide Receiver,Speed Receiver,,,,50,0,50,0,0,194,0,0,0,0,0,0,0,0,0,0,8621490,16.0,"Williamsburg, VA",Arizona State,,,
1561,1349,Vexatious,Jacoby Clay,Jacoby,Clay,20.0,retired,,2025-04-03 11:18:47,,Wide Receiver,Possession Receiver,,,,50,0,50,0,0,481,0,0,0,0,0,0,0,0,0,0,13655415,12.0,"Denton, Tx",LSU,,,
1560,1346,BigUnitBabs,Bobby Boucher,Bobby,Boucher,20.0,retired,,2025-04-03 11:18:47,,Defensive End,Power Rusher,,,,50,0,50,0,0,442,0,0,0,0,0,0,0,0,0,0,5992703,9.0,"Lafayette. LA, USA",South Central Louisiana State,,,
1559,244,Kcobb9,David Donaldson,David,Donaldson,20.0,retired,,2025-04-03 11:18:47,,Tight End,Possession Tight End,,,,50,0,50,0,0,60,0,0,0,0,0,0,0,0,0,0,8789000,84.0,"Gary, Indiana",Ball State,,,
1558,861,soryantyler,Jah Bur’Berry,Jah,Bur’Berry,20.0,retired,,2025-04-03 11:18:47,,Wide Receiver,Route Runner,,,,50,0,50,0,0,581,0,0,0,0,0,0,0,0,0,0,24899795,88.0,NOVA,James Madison ,,,
1557,1337,BruhMaple,Emilio Cortez,Emilio,Cortez,20.0,retired,,2025-04-03 11:18:47,,Wide Receiver,Speed Receiver,,,,50,0,50,0,0,50,0,0,0,0,0,0,0,0,0,0,9000000,13.0,North Carolina ,Utah State,,,
1556,1358,Quesadillananda,Hingle McCringleberry,Hingle,McCringleberry,20.0,retired,,2025-04-03 11:18:47,,Defensive Tackle,Nose Tackle DT,,,,50,0,50,0,0,50,0,0,0,0,0,0,0,0,0,0,6000000,99.0,"Parts, Unknown",USC,,,
1555,1383,Penrod11,Bismo Funyuns,Bismo,Funyuns,20.0,retired,,2025-04-03 11:18:47,,Wide Receiver,Route Runner,,,,50,0,50,0,0,50,0,0,0,0,0,0,0,0,0,0,5000000,0.0,,,,,
1554,1381,Acsolap,Thor Kirkby,Thor,Kirkby,20.0,retired,,2025-04-03 11:18:47,,Safety,Enforcer,,,,50,0,50,0,0,766,0,0,0,0,0,0,0,0,0,0,19741240,13.0,"Miami, Florida",University of Miami,,,
1553,439,Unicorn,Desmond Scarlett,Desmond,Scarlett,20.0,retired,,2025-04-03 11:18:47,,Cornerback,Cover Corner,,,,50,0,50,0,0,1372,0,0,0,0,0,0,0,0,0,0,-253004,13.0,"Boston, Massachusetts",Georgia ,,,
1552,446,AdamS,Awkward Sexjoke,Awkward,Sexjoke,20.0,retired,,2025-04-03 11:18:47,,Safety,Playmaker,,,,50,0,50,0,0,691,0,0,0,0,0,0,0,0,0,0,29803325,0.0,Saskatchewan Public School System Internet Network,Greendale Community College,,,
1551,1341,Ry_,Darrel Williams,Darrel,Williams,20.0,retired,,2025-04-03 11:18:47,,Running Back,Speed Back,,,,50,0,50,0,0,1327,0,0,0,0,0,0,0,0,0,0,28457830,31.0,"Marrero, Louisiana ",LSU,,,
1550,938,Baron1898,Venus Powers,Venus,Powers,20.0,retired,,2025-04-03 11:18:47,,Kicker,Accurate,,,,50,0,50,0,0,1303,0,0,0,0,0,0,0,0,0,0,769969324,3.0,"Alamo Heights, Texas",United States Air Force Academy,,,
1549,1371,Sanchez801,Dave Casper jr,Dave,Casper jr,20.0,retired,,2025-04-03 11:18:47,,Tight End,Vertical Threat,,,,50,0,50,0,0,50,0,0,0,0,0,0,0,0,0,0,9000000,87.0,"Oakland, CA",Notre Dame ,,,
1548,594,Drizzy,Jamie Nkiah,Jamie,Nkiah,20.0,retired,active,2025-04-03 11:18:47,,Safety,Center Fielder,,,,50,0,50,0,0,1250,0,0,0,0,0,0,0,0,0,0,12692615,99.0,"Atlanta, Georgia",Penn State,,,
1547,1384,Ephenssta,Warren Stephens,Warren,Stephens,20.0,retired,active,2025-04-03 11:18:47,,Linebacker,Speed Rusher,,,,50,0,50,0,0,725,0,0,0,0,0,0,0,0,0,0,37907271,18.0,"Austin, TX",Baylor,,,
1546,685,Moosecop,Galf Wilf,Galf,Wilf,20.0,retired,,2025-04-03 11:18:47,,Linebacker,Pass Rusher,,,,50,0,50,0,0,1152,0,0,0,0,0,0,0,0,0,0,11478970,53.0,"Newark, New Jersey",University at Buffalo,,,
1545,1273,dylanjj37,Darnell Johnson,Darnell,Johnson,20.0,retired,,2025-04-03 11:18:47,,Wide Receiver,Speed Receiver,,,,50,0,50,0,0,66,0,0,0,0,0,0,0,0,0,0,6434000,,"London, UK",USF,,,
1544,1348,Tolan33,George Bjornsson,George,Bjornsson,20.0,retired,,2025-04-03 11:18:47,,Defensive Tackle,Balanced,,,,50,0,50,0,0,50,0,0,0,0,0,0,0,0,0,0,5000000,95.0,"Minneapolis, MN",Minnesota,,,
1543,1344,GreenArmy,Victor Moreno,Victor,Moreno,20.0,retired,,2025-04-03 11:18:47,,Cornerback,Man to Man,,,,50,0,50,0,0,328,0,0,0,0,0,0,0,0,0,0,15500000,43.0,"Phoenix, Arizona",Arizona State University,,,
1542,1350,roastfuego,Randy Vuxta,Randy,Vuxta,20.0,retired,,2025-04-03 11:18:47,,Cornerback,Cover Corner,,,,50,0,50,0,0,905,0,0,0,0,0,0,0,0,0,0,19410608,88.0,"Honolulu, Hawaii",Hawaii,,,
1541,299,tlk742,Hal Fassingit,Hal,Fassingit,20.0,retired,,2025-04-03 11:18:47,,Offensive Lineman,Athletic Lineman,,,,50,0,50,0,0,235,0,0,0,0,0,0,0,0,0,0,7971001,69.0,"Niskayuna, NY",Beloit,,,
1540,1380,golden_apricot,Silver Banana,Silver,Banana,20.0,retired,,2025-04-03 11:18:47,,Kicker,,,,,50,0,50,0,0,711,0,0,0,0,0,0,0,0,0,0,36291240,0.0,"Boston, MA",UMass,,,
1539,1353,ITBret42,Barnabas Cole,Barnabas,Cole,20.0,retired,,2025-04-03 11:18:47,,Defensive End,Speed Rusher,,,,50,0,50,0,0,62,0,0,0,0,0,0,0,0,0,0,8649450,97.0,"Leander, TX",UTSA,,,
1538,1360,07ToyotaCamry,Miles Royal,Miles,Royal,20.0,retired,,2025-04-03 11:18:47,,Wide Receiver,Route Runner,,,,50,0,50,0,0,50,0,0,0,0,0,0,0,0,0,0,17000000,13.0,"Oakland, CA",UC Berkeley,,,
1537,1372,MaxTheDog,Oliver McWigglebutts,Oliver,McWigglebutts,20.0,retired,,2025-04-03 11:18:47,,Defensive Tackle,Run Stuffer,,,,50,0,50,0,0,72,0,0,0,0,0,0,0,0,0,0,6000000,0.0,,,,,
1536,265,bovovovo,Colonel Tushfinger,Colonel,Tushfinger,20.0,retired,,2025-04-03 11:18:47,,Running Back,Speed Back,,,,50,0,50,0,0,50,0,0,0,0,0,0,0,0,0,0,52139766,41.0,"Quahog, RI",NC State,,,
1535,1378,casserole,Tash Thompson,Tash,Thompson,20.0,retired,,2025-04-03 11:18:47,,Wide Receiver,Speed Receiver,,,,50,0,50,0,0,122,0,0,0,0,0,0,0,0,0,0,10830830,10.0,"Scottsdale, Arizona",University of North Texas,,,
1534,1343,siddhus,Siddhu Sarvepally,Siddhu,Sarvepally,20.0,retired,active,2025-04-03 11:18:47,,Running Back,Speed Back,,,,50,0,50,0,0,246,0,0,0,0,0,0,0,0,0,0,2777750,0.0,"San Jose, California",San Jose State,,,
1533,1377,JumboBumbo,Randall Jimmerson,Randall,Jimmerson,20.0,retired,,2025-04-03 11:18:47,,Defensive End,Speed Rusher,,,,50,0,50,0,0,50,0,0,0,0,0,0,0,0,0,0,17000000,21.0,Alabama , Alabama,,,
1532,1138,Hydracronis,Blake Gragg,Blake,Gragg,20.0,retired,,2025-04-03 11:18:47,,Tight End,Balanced Tight End,,,,50,0,50,0,0,185,0,0,0,0,0,0,0,0,0,0,6122350,85.0,"Madison, WI",University of Iowa,,,
1531,34,evryday,Reggie Culbertson,Reggie,Culbertson,20.0,retired,,2025-04-03 11:18:47,,Defensive Tackle,Run Stuffer,,,,50,0,50,0,0,305,0,0,0,0,0,0,0,0,0,0,23438700,91.0,"Town Creek, Alabama",Indiana,,,
1530,1365,Kyle,Carolinabbq Isbest,Carolinabbq,Isbest,20.0,retired,,2025-04-03 11:18:47,,Defensive End,Balanced,,,,50,0,50,0,0,920,0,0,0,0,0,0,0,0,0,0,12370691,97.0,"Fort Worth, Texas",,,,
1529,1373,riddlingminion,Ricardo Rose,Ricardo,Rose,20.0,retired,,2025-04-03 11:18:47,,Running Back,All-Purpose Back,,,,50,0,50,0,0,167,0,0,0,0,0,0,0,0,0,0,10604300,10.0,"Alberta, Canada",LSU,,,
1528,1376,W.Sconnie,Inspectah Deck,Inspectah,Deck,20.0,retired,,2025-04-03 11:18:47,,Linebacker,Versatile LB,,,,50,0,50,0,0,440,0,0,0,0,0,0,0,0,0,0,28010700,43.0,"Darlington, WI",University of Wisconsin - Madison,,,
1527,1387,Rowdyyy,Kemorian Moore,Kemorian,Moore,20.0,retired,,2025-04-03 11:18:47,,Wide Receiver,Possession Receiver,,,,50,0,50,0,0,133,0,0,0,0,0,0,0,0,0,0,18500000,22.0,"Fort Worth, Texas",University Of Oregon,,,
1526,1375,Nuk,Dre Uzond,Dre,Uzond,20.0,retired,,2025-04-03 11:18:47,,Cornerback,All-Around ,,,,50,0,50,0,0,59,0,0,0,0,0,0,0,0,0,0,6619625,20.0,"Kennewick, Washington",Washington,,,
1525,1345,Channel88,Vince Hammerson,Vince,Hammerson,20.0,retired,,2025-04-03 11:18:47,,Kicker,Accurate,,,,50,0,50,0,0,57,0,0,0,0,0,0,0,0,0,0,13000000,25.0,"New York,New York",Arizona State,,,
1524,161,DeathOnReddit,Ben Kenobi,Ben,Kenobi,20.0,retired,,2025-04-03 11:18:47,,Tight End,Vertical Threat,,,,50,0,50,0,0,144,0,0,0,0,0,0,0,0,0,0,31238347,89.0,"Santa Clara, California",Alabama ,,,
1523,864,Shaquill,Pancake Maker,Pancake,Maker,20.0,retired,,2025-04-03 11:18:47,,Offensive Lineman,Athletic Lineman,,,,50,0,50,0,0,50,0,0,0,0,0,0,0,0,0,0,25900000,53.0,"Pancake Factory, California",Nevada,,,
1522,794,WALDO,Zack Vega,Zack,Vega,19.0,retired,active,2025-04-03 11:18:38,,Quarterback,Pocket Passer,,,,50,0,50,0,0,422,0,0,0,0,0,0,0,0,0,0,53094653,23.0,"Greenville, South Carolina",Michigan ,,,
1521,464,StevenOSullivan,Herbert Prohaska,Herbert,Prohaska,19.0,retired,,2025-04-03 11:18:38,,Kicker,Accurate,,,,50,0,50,0,0,345,0,0,0,0,0,0,0,0,0,0,16533053,8.0,"Vienna, Austria",None,,,
1520,145,Bzerkap,Tiny Tim,Tiny,Tim,19.0,retired,,2025-04-03 11:18:38,,Tight End,Balanced Tight End,,,,50,0,50,0,0,67,0,0,0,0,0,0,0,0,0,0,36375744,85.0,"Brooklyn, NY",Fordham,,,
1519,1308,EarlEarl,OJ Littlewood,OJ,Littlewood,19.0,retired,,2025-04-03 11:18:38,,Running Back,Speed Back,,,,50,0,50,0,0,96,0,0,0,0,0,0,0,0,0,0,7500000,32.0,"San Francisco, CA",USC,,,
1518,1324,Zeddez,Quindarius Tyerucker,Quindarius,Tyerucker,19.0,retired,,2025-04-03 11:18:38,,Running Back,Speed Back,,,,50,0,50,0,0,278,0,0,0,0,0,0,0,0,0,0,15386610,37.0,"Charleston, SC",South Carolina University,,,
1516,1335,SmittyKkk,Terrance Smith,Terrance,Smith,19.0,retired,,2025-04-03 11:18:38,,Safety,Center Fielder,,,,50,0,50,0,0,50,0,0,0,0,0,0,0,0,0,0,12000000,23.0,"Boutte, La",Hahnville,,,
1515,723,AW13,Deondre Thomas-Fox,Deondre,Thomas-Fox,19.0,retired,active,2025-04-03 11:18:38,,Wide Receiver,Route Runner,,,,50,0,50,0,0,912,0,0,0,0,0,0,0,0,0,0,7089381,7.0,"Atlanta, GA",Georgia Tech,,,
1514,1327,Jay_Doctor,Mason Blaylock,Mason,Blaylock,19.0,retired,,2025-04-03 11:18:38,,Safety,Center Fielder,,,,50,0,50,0,0,1370,0,0,0,0,0,0,0,0,0,0,6753995,42.0,"Madison, WI",UW-Whitewater,,,
1513,1320,cbw99,Bryant Alexander,Bryant,Alexander,19.0,retired,,2025-04-03 11:18:38,,Offensive Lineman,Athletic Lineman,,,,50,0,50,0,0,50,0,0,0,0,0,0,0,0,0,0,9000000,0.0,,,,,
1512,1322,Blueline,Sean O’Leary,Sean,O’Leary,19.0,retired,,2025-04-03 11:18:38,,Wide Receiver,Speed Receiver,,,,50,0,50,0,0,1210,0,0,0,0,0,0,0,0,0,0,4671625,8.0,"Livermore, California",Stanford University,,,
1511,903,oz3700,Left Toenail,Left,Toenail,19.0,retired,,2025-04-03 11:18:38,,Kicker,,,,,50,0,50,0,0,55,0,0,0,0,0,0,0,0,0,0,6220000,0.0,,,,,
1510,1309,SecondSucks22,Jean-Baptist Boivin,Jean-Baptist,Boivin,19.0,retired,,2025-04-03 11:18:38,,Tight End,Possession Tight End,,,,50,0,50,0,0,96,0,0,0,0,0,0,0,0,0,0,24500000,43.0,"Quebec City, Quebec",Michigan,,,
1509,130,dropbear,Slim Dusty,Slim,Dusty,19.0,retired,,2025-04-03 11:18:38,,Cornerback,Zone,,,,50,0,50,0,0,50,0,0,0,0,0,0,0,0,0,0,29130272,47.0,"Cunnumulla, QLD, Australia",N/A,,,
1508,25,RavensFanFromOntario,Tormund Bjornsson,Tormund,Bjornsson,19.0,retired,,2025-04-03 11:18:38,,Defensive Tackle,Interior Rusher,,,,50,0,50,0,0,120,0,0,0,0,0,0,0,0,0,0,14902966,99.0,"Kalamazoo, Michigan",Michigan State,,,
1507,1318,LordMacharius,Mack Arianlacher,Mack,Arianlacher,19.0,retired,,2025-04-03 11:18:38,,Linebacker,,,,,50,0,50,0,0,728,0,0,0,0,0,0,0,0,0,0,36928815,54.0,"Chicago, Illinois",Stanford University,,,
1506,1329,Libertines,Stevie Vassallo,Stevie,Vassallo,19.0,retired,,2025-04-03 11:18:38,,Defensive End,Power Rusher,,,,50,0,50,0,0,321,0,0,0,0,0,0,0,0,0,0,8485540,19.0,"Hamrun, Malta",UCLA,,,
1505,1316,azimuthal-swift,Jeremiah Legend,Jeremiah,Legend,19.0,retired,,2025-04-03 11:18:38,,Linebacker,Speed Rusher,,,,50,0,50,0,0,50,0,0,0,0,0,0,0,0,0,0,15000000,89.0,"Baltimore, MD",University of NSFL,,,
1504,1314,JaytheGreat,Jayson Kearse,Jayson,Kearse,19.0,retired,,2025-04-03 11:18:38,,Defensive End,Power Rusher,,,,50,0,50,0,0,689,0,0,0,0,0,0,0,0,0,0,40795430,55.0,"Detroit, Michigan",Michigan,,,
1503,300,iamslm22,Avon Blocksdale Jr.,Avon,Blocksdale Jr.,19.0,retired,,2025-04-03 11:18:38,,Tight End,Possession TE,,,,50,0,50,0,0,724,0,0,0,0,0,0,0,0,0,0,97097512,6.0,"Baltimore, Maryland",Penn State,,,
1502,749,DonnoMania,Beat -,Beat,-,19.0,retired,,2025-04-03 11:18:38,,Defensive Tackle,Interior Rusher,,,,50,0,50,0,0,584,0,0,0,0,0,0,0,0,0,0,37928884,2.0,"Shibuya-Cho, Japan",,,,
1501,1317,SweetJamesJones,Sweet James-Jones,Sweet,James-Jones,19.0,retired,,2025-04-03 11:18:38,,Wide Receiver,Speed Receiver,,,,50,0,50,0,0,314,0,0,0,0,0,0,0,0,0,0,2964735,88.0,,,,,
1499,1304,Nokazoa,Austin McCormick,Austin,McCormick,19.0,retired,,2025-04-03 11:18:38,,Tight End,Vertical Threat,,,,50,0,50,0,0,1126,0,0,0,0,0,0,0,0,0,0,-5675177,83.0,"Tellico, TN",University of Tennessee at Knoxville,,,
1498,1333,KC15,Jed Podolak,Jed,Podolak,19.0,retired,,2025-04-03 11:18:38,,Wide Receiver,Speed Receiver Position Switch Used,,,,50,0,50,0,0,1098,0,0,0,0,0,0,0,0,0,0,25390210,0.0,"Independence, MO",Fulton College,,,
1497,1310,scorycory,Lord Beerus,Lord,Beerus,19.0,retired,,2025-04-03 11:18:38,,Offensive Lineman,Balanced Lineman,,,,50,0,50,0,0,1096,0,0,0,0,0,0,0,0,0,0,11126568,42.0,"Kansas City, Missouri",Penn State,,,
1496,1321,LiathTheSquirrel,Jordan Jackson,Jordan,Jackson,19.0,retired,active,2025-04-03 11:18:38,,Kicker,Accurate,,,,50,0,50,0,0,250,0,0,0,0,0,0,0,0,0,0,13438195,42.0,Australia ,International,,,
1495,90,Sweetwater,Gary Lazer-Eyes,Gary,Lazer-Eyes,19.0,retired,,2025-04-03 11:18:38,,Defensive End,Balanced,,,,50,0,50,0,0,296,0,0,0,0,0,0,0,0,0,0,99140130,42.0,Some Trailer park,None,,,
1494,697,Leafs4ever,Brock Phoenix,Brock,Phoenix,19.0,retired,,2025-04-03 11:18:38,,Quarterback,Gunslinger,,,,50,0,50,0,0,1215,0,0,0,0,0,0,0,0,0,0,54898085,9.0,"Hamilton, ON",USC,,,
1493,537,Jacob,Jacob Andrews Jr,Jacob,Andrews Jr,19.0,retired,,2025-04-03 11:18:38,,Wide Receiver,Red Zone Threat ,,,,50,0,50,0,0,91,0,0,0,0,0,0,0,0,0,0,8811660,19.0,"Miami, Florida",TBD?,,,
1492,1319,Jon Adams,Jon Adams,Jon,Adams,19.0,retired,,2025-04-03 11:18:38,,Defensive End,Power Rusher,,,,50,0,50,0,0,50,0,0,0,0,0,0,0,0,0,0,5000000,0.0,"Yeagertown, PA",Texas,,,
1491,1313,I'll change this later,hunter Scott,hunter,Scott,19.0,retired,,2025-04-03 11:18:38,,Kicker,,,,,50,0,50,0,0,65,0,0,0,0,0,0,0,0,0,0,4250000,18.0,,Mizzou,,,
1490,186,RainDelay,Rayne Gordon,Rayne,Gordon,19.0,retired,,2025-04-03 11:18:38,,Wide Receiver,Speed Receiver,,,,50,0,50,0,0,1097,0,0,0,0,0,0,0,0,0,0,19093902,10.0,"Spartanburg, South Carolina ",NC State,,,
1489,640,Toasty,Willie B. Hardagain,Willie,B. Hardagain,19.0,retired,,2025-04-03 11:18:38,,Wide Receiver,Route Runner,,,,50,0,50,0,0,429,0,0,0,0,0,0,0,0,0,0,32185277,23.0,Portland Oregon,Purdue,,,
1488,1270,esilverm,Eeeee Silvveremm,Eeeee,Silvveremm,18.0,retired,,2025-04-03 11:18:27,,Offensive Lineman,Technician,,,,50,0,50,0,0,114,0,0,0,0,0,0,0,0,0,0,12000000,7.0,"GIVE US A FAIR RUB, Florida",Madonald Hanburger For-Profit State University,,,
1487,1244,Quigonginger,Maximus Chungus,Maximus,Chungus,18.0,retired,,2025-04-03 11:17:36,,Offensive Lineman,Athletic Lineman,,,,50,0,50,0,0,140,0,0,0,0,0,0,0,0,0,0,1897350,33.0,"Athens, Greece",Naropa University,,,
1486,1217,SeanMcGinger,Jack Mahoff,Jack,Mahoff,18.0,retired,,2025-04-03 11:15:09,,Cornerback,Man to Man,,,,50,0,50,0,0,50,0,0,0,0,0,0,0,0,0,0,9690000,21.0,"Baltimore, MD",Maryland,,,
1485,135,adam2552,Johnson Harding,Johnson,Harding,18.0,retired,,2025-04-03 11:15:09,,Defensive Tackle,Interior Rusher,,,,50,0,50,0,0,308,0,0,0,0,0,0,0,0,0,0,23021470,7.0,"Austin, TX",Texas,,,
1484,1160,Tubbville,Ransom Stoddard,Ransom,Stoddard,18.0,retired,,2025-04-03 11:15:09,,Linebacker,Balanced,,,,50,0,50,0,0,50,0,0,0,0,0,0,0,0,0,0,10000000,53.0,"Shinbone, Montana",Boise,,,
1483,374,Shadowz,Ruff Ruff,Ruff,Ruff,18.0,retired,,2025-04-03 11:15:09,,Running Back,Speed Back,,,,50,0,50,0,0,500,0,0,0,0,0,0,0,0,0,0,5465750,22.0,"Alley behind a Sbarro, Manhattan, New York City",Precious Paws Canine Institute,,,
1482,1234,lamp_wizard,Samuel Bakhtiari,Samuel,Bakhtiari,18.0,retired,,2025-04-03 11:15:09,,Offensive Lineman,Technician,,,,50,0,50,0,0,262,0,0,0,0,0,0,0,0,0,0,10554600,69.0,California,Colorado St.,,,
1481,1283,Otto,Otto VanJensen,Otto,VanJensen,18.0,retired,,2025-04-03 11:15:09,,Linebacker,Speed Rusher,,,,50,0,50,0,0,70,0,0,0,0,0,0,0,0,0,0,5000000,58.0,"Erie, PA",Kent State,,,
1480,1241,kobegriffeysanders,Alexander Ryan,Alexander,Ryan,18.0,retired,,2025-04-03 11:15:09,,Wide Receiver,Route Runner,,,,50,0,50,0,0,80,0,0,0,0,0,0,0,0,0,0,24204740,15.0,"Des Moines, Iowa",Iowa,,,
1479,1252,AustinUSC,Richard Dangle,Richard,Dangle,18.0,retired,,2025-04-03 11:15:09,,Wide Receiver,Possession Receiver,,,,50,0,50,0,0,50,0,0,0,0,0,0,0,0,0,0,9000000,1.0,"Calabasas, CA",Miami ,,,
1478,1140,jsteele14,Pete Parker,Pete,Parker,18.0,retired,,2025-04-03 11:15:09,,Safety,Playmaker,,,,50,0,50,0,0,884,0,0,0,0,0,0,0,0,0,0,51268900,33.0,New York City,LSU,,,
1477,1213,BroicSilence,Marlo Smart,Marlo,Smart,18.0,retired,,2025-04-03 11:15:09,,Linebacker,Speed Rusher,,,,50,0,50,0,0,287,0,0,0,0,0,0,0,0,0,0,9531350,56.0,"New Orleans, LA",University of Delaware,,,
1476,1195,Albob,Ricky Boomer,Ricky,Boomer,18.0,retired,,2025-04-03 11:15:09,,Tight End,Balanced Tight End,,,,50,0,50,0,0,57,0,0,0,0,0,0,0,0,0,0,7500000,7.0,"San Diego, CA ",UCLA ,,,
1475,1279,Quixote,Tony Tonogai,Tony,Tonogai,18.0,retired,,2025-04-03 11:15:09,,Offensive Lineman,Run Blocker,,,,50,0,50,0,0,74,0,0,0,0,0,0,0,0,0,0,7500000,1.0,The Other Side of the Tracks,N/A,,,
1474,1187,isenru,Baxter Chance,Baxter,Chance,18.0,retired,,2025-04-03 11:15:09,,Defensive End,Power Rusher,,,,50,0,50,0,0,50,0,0,0,0,0,0,0,0,0,0,5000000,77.0,"Camden, NJ",Rensselaer Polytechnic Institute,,,
1473,1267,Inf1d3l,Dudley Moore,Dudley,Moore,18.0,retired,,2025-04-03 11:15:09,,Offensive Lineman,Technician,,,,50,0,50,0,0,50,0,0,0,0,0,0,0,0,0,0,11100000,97.0,"Chicago, IL",Ball State,,,
1472,1245,Conman,Deacon Koehler,Deacon,Koehler,18.0,retired,,2025-04-03 11:15:09,,Safety,Center Fielder,,,,50,0,50,0,0,50,0,0,0,0,0,0,0,0,0,0,9000000,31.0,"Wichita, KS",Oklahoma State ,,,
1471,1152,PersonMann,Jake Utler,Jake,Utler,18.0,retired,,2025-04-03 11:15:09,,Running Back,Speed Back,,,,50,0,50,0,0,216,0,0,0,0,0,0,0,0,0,0,12221323,16.0,"Chicago, IL",University of Michigan,,,
1470,1227,goodfortunecoffee,Fuzzy Dotson,Fuzzy,Dotson,18.0,retired,,2025-04-03 11:15:09,,Running Back,FullBack,,,,50,0,50,0,0,814,0,0,0,0,0,0,0,0,0,0,170285616,37.0,"Lamesa, TX",Arizona,,,
1469,1284,illegaloctopus,Joseph Wozniak,Joseph,Wozniak,18.0,retired,,2025-04-03 11:15:09,,Safety,Center Fielder,,,,50,0,50,0,0,345,0,0,0,0,0,0,0,0,0,0,10307225,44.0,"Hamtramck, MI",Michigan,,,
1468,1243,Sermokala,Fabricio Baldari,Fabricio,Baldari,18.0,retired,,2025-04-03 11:15:09,,Defensive End,Power Rusher,,,,50,0,50,0,0,696,0,0,0,0,0,0,0,0,0,0,8523975,55.0,International Waters,Minnesota,,,
1467,1297,Dewalt27,Asher Quinn,Asher,Quinn,18.0,retired,active,2025-04-03 11:15:09,,Cornerback,Slot Corner,,,,50,0,50,0,0,1022,0,0,0,0,0,0,0,0,0,0,127554402,0.0,"Naperville, Illinois",William Penn University,,,
1465,1249,calvins48,Jesse Jackson,Jesse,Jackson,18.0,retired,,2025-04-03 11:15:09,,Wide Receiver,Speed Receiver,,,,50,0,50,0,0,89,0,0,0,0,0,0,0,0,0,0,19290920,22.0,"Alton, IL",Illinois State University (ISU),,,
1464,1147,IWatchBrazzers69,Jah Harris,Jah,Harris,18.0,retired,,2025-04-03 11:15:09,,Linebacker,Balanced,,,,50,0,50,0,0,63,0,0,0,0,0,0,0,0,0,0,5000000,69.0,Alabama,,,,
1463,1167,Yoyo8484,James Lux,James,Lux,18.0,retired,,2025-04-03 11:15:09,,Defensive End,Run Stopper,,,,50,0,50,0,0,50,0,0,0,0,0,0,0,0,0,0,5000000,91.0,"Sarasota, Florida",Miami,,,
1462,1261,Dylandeluxe,Thudd Kassel,Thudd,Kassel,18.0,retired,,2025-04-03 11:15:09,,Linebacker,Run Stopper,,,,50,0,50,0,0,487,0,0,0,0,0,0,0,0,0,0,44932856,45.0,"Dallas, Texas",Red Valley State,,,
1461,1148,DDC#2888,Dorian Cope,Dorian,Cope,18.0,retired,,2025-04-03 11:15:09,,Wide Receiver,Red Zone Threat,,,,50,0,50,0,0,50,0,0,0,0,0,0,0,0,0,0,9000000,16.0,Virginia,,,,
1460,1196,Kaimer,Heinrich Meyer,Heinrich,Meyer,18.0,retired,,2025-04-03 11:15:09,,Defensive End,Balanced,,,,50,0,50,0,0,50,0,0,0,0,0,0,0,0,0,0,7000000,,"Köln, Germany",Western Michigan University,,,
1459,1271,JCUNLIFFE,Jim Bob Cooter,Jim,Bob Cooter,18.0,retired,,2025-04-03 11:15:09,,Wide Receiver,Red Zone Threat,,,,50,0,50,0,0,50,0,0,0,0,0,0,0,0,0,0,9000000,85.0,"Green Bay, Wisconsin",University of Wisconsin,,,
1458,1260,Msdade,Robert Dade,Robert,Dade,18.0,retired,,2025-04-03 11:15:09,,Tight End,Balanced Tight End,,,,50,0,50,0,0,50,0,0,0,0,0,0,0,0,0,0,9000000,0.0,"Charlotte, NC",Florida,,,
1457,687,pazuzu,Bender B. Rodriguez,Bender,B. Rodriguez,18.0,retired,,2025-04-03 11:15:09,,Wide Receiver,,,,,50,0,50,0,0,1093,0,0,0,0,0,0,0,0,0,0,13452300,80.0,,Mars University,,,
1456,1153,BeneZero,Junior Lopez,Junior,Lopez,18.0,retired,,2025-04-03 11:15:09,,Linebacker,Balanced ,,,,50,0,50,0,0,206,0,0,0,0,0,0,0,0,0,0,5143100,0.0,"São Paulo, Brazil",LSU,,,
1455,647,caltroit_red_flames,Givussafare Rubbe,Givussafare,Rubbe,18.0,retired,,2025-04-03 11:15:09,,Offensive Lineman,Balanced Lineman,,,,50,0,50,0,0,1284,0,0,0,0,0,0,0,0,0,0,155558431,27.0,"Grand Rapids, MI",Grand Valley State University,,,
1454,1251,Murtsi,Maurice Virtanen,Maurice,Virtanen,18.0,retired,,2025-04-03 11:15:09,,Offensive Lineman,Athletic Lineman,,,,50,0,50,0,0,1199,0,0,0,0,0,0,0,0,0,0,428894411,23.0,"Helsinki, Finland",Michigan State,,,
1453,1287,Rublic,Orien Drake,Orien,Drake,18.0,retired,,2025-04-03 11:15:09,,Running Back,All-Purpose Back,,,,50,0,50,0,0,414,0,0,0,0,0,0,0,0,0,0,9936550,44.0,Calgary,Oregon,,,
1452,1214,HoweManDo,Jake Howe,Jake,Howe,18.0,retired,,2025-04-03 11:15:09,,Defensive Tackle,Nose Tackle,,,,50,0,50,0,0,50,0,0,0,0,0,0,0,0,0,0,10000000,75.0,,The University of South Florida,,,
1451,521,CDub2,Mike Hockhertz,Mike,Hockhertz,18.0,retired,,2025-04-03 11:15:09,,Linebacker,Coverage LB,,,,50,0,50,0,0,913,0,0,0,0,0,0,0,0,0,0,37165590,22.0,"Ontario, Canada",MIT,,,
1450,1208,Fakefootballer27,Buck Buckington,Buck,Buckington,18.0,retired,,2025-04-03 11:15:09,,Defensive Tackle,Interior Rusher,,,,50,0,50,0,0,50,0,0,0,0,0,0,0,0,0,0,9187050,0.0,,Alabama,,,
1449,1188,jaminup,Ivan Abramovich,Ivan,Abramovich,18.0,retired,,2025-04-03 11:15:09,,Tight End,Vertical Threat,,,,50,0,50,0,0,50,0,0,0,0,0,0,0,0,0,0,5000000,0.0,,Virginia Tech,,,
1448,1199,ddrector,David Rector,David,Rector,18.0,retired,,2025-04-03 11:15:09,,Cornerback,Physical Corner,,,,50,0,50,0,0,1392,0,0,0,0,0,0,0,0,0,0,83954910,22.0,"Raleigh, NC",NC State,,,
1447,1296,Jspivey01,Big Jim Slade,Big,Jim Slade,18.0,retired,,2025-04-03 11:15:09,,Tight End,,,,,50,0,50,0,0,50,0,0,0,0,0,0,0,0,0,0,5000000,0.0,,Kansas,,,
1446,1302,cwjohnston,Connor Johnston,Connor,Johnston,18.0,retired,,2025-04-03 11:15:09,,Defensive Tackle,Balanced,,,,50,0,50,0,0,66,0,0,0,0,0,0,0,0,0,0,2826250,98.0,"Ann Arbor, Michigan",Eastern Michigan,,,
1445,413,ralams123,Shawn Oakman Jr,Shawn,Oakman Jr,18.0,retired,,2025-04-03 11:15:09,,Defensive End,Speed Rusher,,,,50,0,50,0,0,50,0,0,0,0,0,0,0,0,0,0,12914800,2.0,"Philadelphia, PA",Baylor,,,
1444,1204,Pavlovs_Dog_Of_War,Bug Daldwin,Bug,Daldwin,18.0,retired,,2025-04-03 11:15:09,,Wide Receiver,Possession Receiver,,,,50,0,50,0,0,50,0,0,0,0,0,0,0,0,0,0,5500000,89.0,"Gulf Breeze, Florida",Stanford,,,
1443,1151,aaronito,Charlie Day,Charlie,Day,18.0,retired,,2025-04-03 11:15:09,,Kicker,Accurate,,,,50,0,50,0,0,84,0,0,0,0,0,0,0,0,0,0,18100000,19.0,"Philadelphia, PA",Penn St,,,
1442,426,Zeegee,Oswald Grimnir,Oswald,Grimnir,18.0,retired,,2025-04-03 11:15:09,,Safety,Center Fielder,,,,50,0,50,0,0,200,0,0,0,0,0,0,0,0,0,0,12500000,42.0,"Lebanon, Kansas",Ohio State,,,
1441,1300,tommygun631,Ron Mexico,Ron,Mexico,18.0,retired,,2025-04-03 11:15:09,,Wide Receiver,Speed Receiver ,,,,50,0,50,0,0,85,0,0,0,0,0,0,0,0,0,0,1000000,84.0,Chicago,UIUC,,,
1440,252,TheDangaZone,Xavien Adams,Xavien,Adams,18.0,retired,,2025-04-03 11:15:09,,Cornerback,Man to Man,,,,50,0,50,0,0,880,0,0,0,0,0,0,0,0,0,0,15248400,25.0,"Miami, Florida",FSU,,,
1439,1158,.Laser,Korrin Abernathy,Korrin,Abernathy,18.0,retired,active,2025-04-03 11:15:09,,Cornerback,All-Around,,,,50,0,50,0,0,1383,0,0,0,0,0,0,0,0,0,0,58628325,31.0,"Detroit, MI",Marshall,,,
1438,1017,TheFlash,Hank McCoy,Hank,McCoy,18.0,retired,,2025-04-03 11:15:09,,Running Back,Power Back,,,,50,0,50,0,0,85,0,0,0,0,0,0,0,0,0,0,19068600,50.0,Tennessee ,Xavier,,,
1437,1232,RacgiMan,Howard Ryan,Howard,Ryan,18.0,retired,,2025-04-03 11:15:09,,Safety,Playmaker,,,,50,0,50,0,0,268,0,0,0,0,0,0,0,0,0,0,19050000,6.0,"Austin, Texas",University Of Delaware ,,,
1436,1262,Sereber,Chigg Bungus,Chigg,Bungus,18.0,retired,,2025-04-03 11:15:09,,Tight End,,,,,50,0,50,0,0,50,0,0,0,0,0,0,0,0,0,0,21000000,77.0,,Drake University,,,
1435,1159,Gibby,Scott Brewer,Scott,Brewer,18.0,retired,,2025-04-03 11:15:09,,Tight End,Vertical Threat,,,,50,0,50,0,0,81,0,0,0,0,0,0,0,0,0,0,5000000,82.0,"Panama City, Florida",Florida State,,,
1434,1179,noahgrimmer,Noah Grimmer,Noah,Grimmer,18.0,retired,,2025-04-03 11:15:09,,Cornerback,All-Around,,,,50,0,50,0,0,50,0,0,0,0,0,0,0,0,0,0,5000000,27.0,"Schererville, Indiana",LSU,,,
1433,1163,Opera_Phantom,Jay Cue,Jay,Cue,18.0,retired,active,2025-04-03 11:15:09,,Offensive Lineman,Athletic Lineman,,,,50,0,50,0,0,1443,0,0,0,0,0,0,0,0,0,0,56142558,10.0,Portugal,Portugal,,,
1432,872,dieselj123,Stuart Little IV,Stuart,Little IV,18.0,retired,,2025-04-03 11:15:09,,Cornerback,Zone,,,,50,0,50,0,0,238,0,0,0,0,0,0,0,0,0,0,6809700,25.0,San Francisco ,Stanford,,,
1431,1182,himynameisroy,Abashai Williams,Abashai,Williams,18.0,retired,,2025-04-03 11:15:09,,Defensive Tackle,,,,,50,0,50,0,0,50,0,0,0,0,0,0,0,0,0,0,9000000,19.0,,University of Texas San Antonio,,,
1430,1285,Revolution5,Tyrone Biggums,Tyrone,Biggums,18.0,retired,,2025-04-03 11:15:09,,Safety,Ball Hawk,,,,50,0,50,0,0,1381,0,0,0,0,0,0,0,0,0,0,16981878,5.0,"Moose Jaw, Saskatchewan",University of Saskatchewan (U of S),,,
1429,1254,soppychico,Steco Ocewilder,Steco,Ocewilder,18.0,retired,,2025-04-03 11:15:09,,Defensive End,Balanced,,,,50,0,50,0,0,763,0,0,0,0,0,0,0,0,0,0,9111350,43.0,"Leeds, United Kingdom",Auburn,,,
1428,1168,Blaze,Caleb Beck,Caleb,Beck,18.0,retired,,2025-04-03 11:15:09,,Cornerback,,,,,50,0,50,0,0,274,0,0,0,0,0,0,0,0,0,0,6000000,0.0,Toronto ON,Auburn,,,
1427,1273,dylanjj37,Gabriel Johnson,Gabriel,Johnson,18.0,retired,,2025-04-03 11:15:09,,Kicker,Balanced,,,,50,0,50,0,0,57,0,0,0,0,0,0,0,0,0,0,6434000,6.0,"Atlanta, GA",Minnesota,,,
1426,1223,WrongSandwich,Rolo Tomassi,Rolo,Tomassi,18.0,retired,,2025-04-03 11:15:09,,Cornerback,Man to Man,,,,50,0,50,0,0,57,0,0,0,0,0,0,0,0,0,0,5000000,72.0,"Los Angeles, California",University of Southern California,,,
1425,1178,TheByzantineOttoman,Harrison Sherman,Harrison,Sherman,18.0,retired,,2025-04-03 11:15:09,,Tight End,Balanced Tight End,,,,50,0,50,0,0,50,0,0,0,0,0,0,0,0,0,0,9000000,32.0,"Sterling, IL",University of Minnesota,,,
1424,1171,Conrose,Kreboktaflons Kwemen,Kreboktaflons,Kwemen,18.0,retired,,2025-04-03 11:15:09,,Tight End,Balanced Tight End,,,,50,0,50,0,0,89,0,0,0,0,0,0,0,0,0,0,4000000,17.0,"Denver, CO",James Madison University,,,
1423,1293,tweety_bird,Big Mac,Big,Mac,18.0,retired,,2025-04-03 11:15:09,,Defensive Tackle,Balanced,,,,50,0,50,0,0,50,0,0,0,0,0,0,0,0,0,0,8000000,0.0,"Omaha, NE",,,,
1422,409,bluesfan55,Tore Andre Flø,Tore,Andre Flø,18.0,retired,,2025-04-03 11:15:09,,Offensive Lineman,,,,,50,0,50,0,0,50,0,0,0,0,0,0,0,0,0,0,17195780,69.0,,New Hampshire,,,
1421,1183,Bigburgers,Dave Anima,Dave,Anima,18.0,retired,,2025-04-03 11:15:09,,Kicker,Accurate,,,,50,0,50,0,0,50,0,0,0,0,0,0,0,0,0,0,5000000,11.0,Chicago IL,Northwestern,,,
1420,648,Blastmeaway,Chas Thadsson,Chas,Thadsson,18.0,retired,,2025-04-03 11:15:09,,Offensive Lineman,Athletic Lineman,,,,50,0,50,0,0,55,0,0,0,0,0,0,0,0,0,0,13542220,69.0,Tequila bred deserts of Mexico,University of Your Mom,,,
1419,1205,goodvsevil1275,Jake Dropson,Jake,Dropson,18.0,retired,,2025-04-03 11:15:09,,Wide Receiver,Route Runner,,,,50,0,50,0,0,456,0,0,0,0,0,0,0,0,0,0,20498248,10.0,"Toledo, OH",Toledo,,,
1418,1221,UpperNet,Net Gaines,Net,Gaines,18.0,retired,,2025-04-03 11:15:09,,Wide Receiver,Route Runner,,,,50,0,50,0,0,921,0,0,0,0,0,0,0,0,0,0,4408820,48.0,"Portland, Oregon",Portland state ,,,
1417,613,cpetrella,Footballer Blockerman,Footballer,Blockerman,18.0,retired,,2025-04-03 11:15:09,,Wide Receiver,Red Zone Threat,,,,50,0,50,0,0,198,0,0,0,0,0,0,0,0,0,0,8024872,79.0,Rhode Island,Providence College,,,
1416,905,HypnauticPegasus,Achilles Babcock,Achilles,Babcock,18.0,retired,,2025-04-03 11:15:09,,Safety,Center Fielder,,,,50,0,50,0,0,50,0,0,0,0,0,0,0,0,0,0,5000000,28.0,"Atlanta, GA",EWU,,,
1415,1257,Hallmonitor_20,ILove Gimmy,ILove,Gimmy,18.0,retired,,2025-04-03 11:15:09,,Defensive End,Balanced,,,,50,0,50,0,0,541,0,0,0,0,0,0,0,0,0,0,11409593,50.0,"Fayetteville, NC",North Carolina A&T,,,
1414,1233,sefthegoat,JimJam FlimFlam,JimJam,FlimFlam,18.0,retired,,2025-04-03 11:15:09,,Safety,Playmaker,,,,50,0,50,0,0,81,0,0,0,0,0,0,0,0,0,0,5000000,25.0,"Lemont, IL ",Boston College,,,
1413,1277,Wizedex,Matt Ammons,Matt,Ammons,18.0,retired,,2025-04-03 11:15:09,,Linebacker,Run Stopper,,,,50,0,50,0,0,118,0,0,0,0,0,0,0,0,0,0,6866050,47.0,"Hollywood, FL",Duke,,,
1412,1197,IsaStarcrossed,Bjørn Ironside,Bjørn,Ironside,18.0,retired,active,2025-04-03 11:15:09,,Defensive Tackle,Interior Rusher,,,,50,0,50,0,0,830,0,0,0,0,0,0,0,0,0,0,269936954,75.0,"Detroit, MI",Michigan,,,
1411,1258,Draconiannuke,Chuck Bartowski,Chuck,Bartowski,18.0,retired,,2025-04-03 11:15:09,,Defensive End,Speed Rusher,,,,50,0,50,0,0,57,0,0,0,0,0,0,0,0,0,0,21000000,92.0,"Buffalo, NY",Notre Dame,,,
1410,1237,JSteel,Wayne Howyanow,Wayne,Howyanow,18.0,retired,,2025-04-03 11:15:09,,Linebacker,,,,,50,0,50,0,0,354,0,0,0,0,0,0,0,0,0,0,12065640,22.0,"Chicago, IL",LSU,,,
1409,1276,efiug,Benjamin Gordon,Benjamin,Gordon,18.0,retired,,2025-04-03 11:15:09,,Offensive Lineman,Technician,,,,50,0,50,0,0,84,0,0,0,0,0,0,0,0,0,0,10500000,86.0,"Benkelman, Nebraska",Western Nebraska Community College,,,
1408,1209,waywardson,Max Power,Max,Power,18.0,retired,,2025-04-03 11:15:09,,Kicker,Power,,,,50,0,50,0,0,57,0,0,0,0,0,0,0,0,0,0,5000000,69.0,"Kickapoo, Kansas",Air Force,,,
1407,1228,Ocelot,Zach Bailey,Zach,Bailey,18.0,retired,,2025-04-03 11:15:09,,Cornerback,Zone,,,,50,0,50,0,0,101,0,0,0,0,0,0,0,0,0,0,7659350,33.0,UK,LSU,,,
1406,1259,ConMan_NH,William Mitchell,William,Mitchell,18.0,retired,,2025-04-03 11:15:09,,Safety,Run Support,,,,50,0,50,0,0,60,0,0,0,0,0,0,0,0,0,0,5000000,35.0,"Portsmouth, NH",University of New Hampshire,,,
1405,1231,FleshBagSoup,Earl Sauce,Earl,Sauce,18.0,retired,,2025-04-03 11:15:09,,Tight End,Balanced Tight End,,,,50,0,50,0,0,1057,0,0,0,0,0,0,0,0,0,0,6559540,89.0,"Helena, Montana",Boise State,,,
1404,1256,tylergenis,Tyler Genis,Tyler,Genis,18.0,retired,,2025-04-03 11:15:09,,Cornerback,Man to Man,,,,50,0,50,0,0,50,0,0,0,0,0,0,0,0,0,0,8000000,29.0,San Francisco,Fresno State,,,
1403,866,Nykonax,Caden Bright,Caden,Bright,18.0,retired,,2025-04-03 11:15:09,,Offensive Lineman,Run Blocker,,,,50,0,50,0,0,74,0,0,0,0,0,0,0,0,0,0,41459485,16.0,Czechia,UCLA,,,
1402,1290,bex,Marcella Tōriki,Marcella,Tōriki,18.0,retired,,2025-04-03 11:15:09,,Running Back,,,,,50,0,50,0,0,1346,0,0,0,0,0,0,0,0,0,0,143427800,22.0,,Oregon,,,
1401,235,Jepox,Juan Marston,Juan,Marston,18.0,retired,,2025-04-03 11:15:09,,Cornerback,Man to Man,,,,50,0,50,0,0,415,0,0,0,0,0,0,0,0,0,0,15320500,23.0,Nuevo Paraíso,-,,,
1400,1266,Gwdjohnson,Garfield Despacito,Garfield,Despacito,18.0,retired,,2025-04-03 11:15:09,,Offensive Lineman,Athletic Lineman,,,,50,0,50,0,0,57,0,0,0,0,0,0,0,0,0,0,66201660,,"New Mexico, USA",Nug University,,,
1399,1236,Frostbite,Baxter Frost,Baxter,Frost,18.0,retired,active,2025-04-03 11:15:09,,Kicker,Power,,,,50,0,50,0,0,214,0,0,0,0,0,0,0,0,0,0,6976573,5.0,"Fort Myers, Florida",Georgia,,,
1398,1206,Awesomejmk,Justin Kehoe,Justin,Kehoe,18.0,retired,,2025-04-03 11:15:09,,Cornerback,All-Around,,,,50,0,50,0,0,83,0,0,0,0,0,0,0,0,0,0,5600000,24.0,"O'Fallon, MO",Mizzou,,,
1397,1211,DesireeLove97,Ram Bunchess,Ram,Bunchess,18.0,retired,,2025-04-03 11:15:09,,Defensive End,Balanced,,,,50,0,50,0,0,73,0,0,0,0,0,0,0,0,0,0,10000000,63.0,"Pittsburg, NH",UNH,,,
1396,242,sapp2013,Michael Vincent,Michael,Vincent,18.0,retired,,2025-04-03 11:15:09,,Running Back,Power Back,,,,50,0,50,0,0,558,0,0,0,0,0,0,0,0,0,0,66804787,30.0,"Denver, Colorado",Appalachian State University,,,
1395,1189,RobCubed,Trae Bacon,Trae,Bacon,18.0,retired,,2025-04-03 11:15:09,,Defensive Tackle,Interior Rusher,,,,50,0,50,0,0,159,0,0,0,0,0,0,0,0,0,0,15682175,66.0,"Charlotte, NC",Appalacian State,,,
1394,733,Wally,Charles Allan,Charles,Allan,18.0,retired,,2025-04-03 11:15:09,,Running Back,Speed Back,,,,50,0,50,0,0,177,0,0,0,0,0,0,0,0,0,0,7500000,34.0,"Hattiesburg, MS",Mississippi State,,,
1393,1190,woj34,DaQuarrion M’Wehwordson,DaQuarrion,M’Wehwordson,18.0,retired,,2025-04-03 11:15:09,,Cornerback,Man to Man,,,,50,0,50,0,0,50,0,0,0,0,0,0,0,0,0,0,10000000,34.0,"Providence, RI",Boston College,,,
1392,1220,Reon,Diego Espinosa,Diego,Espinosa,18.0,retired,,2025-04-03 11:15:09,,Kicker,Accurate Kicker,,,,50,0,50,0,0,181,0,0,0,0,0,0,0,0,0,0,11500000,3.0,"Lake City, FL",Florida State University,,,
1391,1200,thunderbug,John-Caleb Bradberton,John-Caleb,Bradberton,18.0,retired,,2025-04-03 11:15:09,,Defensive Tackle,,,,,50,0,50,0,0,205,0,0,0,0,0,0,0,0,0,0,14450000,0.0,,,,,
1390,1156,khabib,Clelin Ferrell,Clelin,Ferrell,18.0,retired,,2025-04-03 11:15:09,,Defensive End,Balanced,,,,50,0,50,0,0,50,0,0,0,0,0,0,0,0,0,0,11000000,52.0,,Clemson,,,
1389,1269,jordanjgonzalez922,Chico De La Agua,Chico,De La Agua,18.0,retired,,2025-04-03 11:15:09,,Linebacker,Run Stopper,,,,50,0,50,0,0,50,0,0,0,0,0,0,0,0,0,0,5500000,11.0,"Bridgeport, Ct",UCONN,,,
1388,1242,iWarAngel,Paco McTaco,Paco,McTaco,18.0,retired,,2025-04-03 11:15:09,,Running Back,Speed Back,,,,50,0,50,0,0,197,0,0,0,0,0,0,0,0,0,0,8450000,20.0,"Albuquerque, New Mexico",Arizona State,,,
1387,1282,AbstractArtist3781,Phillip Helmet,Phillip,Helmet,18.0,retired,,2025-04-03 11:15:09,,Quarterback,Game Manager,,,,50,0,50,0,0,65,0,0,0,0,0,0,0,0,0,0,17540600,0.0,Charleston WV,Julliard ,,,
1386,1222,CLG Rampage,Mathias Hanyadi,Mathias,Hanyadi,18.0,retired,active,2025-04-03 11:15:09,,Running Back,Power Back,,,,50,0,50,0,0,1194,0,0,0,0,0,0,0,0,0,0,37719714,30.0,"Boston, MA",UMass,,,
1385,1186,Alienf00d,Lucky Dickerson,Lucky,Dickerson,18.0,retired,,2025-04-03 11:15:09,,Kicker,Balanced,,,,50,0,50,0,0,60,0,0,0,0,0,0,0,0,0,0,11953850,2.0,Oklahoma City,Auburn,,,
1384,1275,Citizen of Adraa,Jared Smithson,Jared,Smithson,18.0,retired,,2025-04-03 11:15:09,,Offensive Lineman,Technician,,,,50,0,50,0,0,57,0,0,0,0,0,0,0,0,0,0,5000000,84.0,"Bangor, ME, USA",University of Maine,,,
1383,1210,DeadlyPlayer,Mike Franchet,Mike,Franchet,18.0,retired,,2025-04-03 11:15:09,,Defensive End,Balanced,,,,50,0,50,0,0,305,0,0,0,0,0,0,0,0,0,0,118005180,76.0,"Indianapolis, IN",Indiana,,,
1382,1203,Pooplouge,Joseph Tom,Joseph,Tom,18.0,retired,,2025-04-03 11:15:09,,Offensive Lineman,Pass Blocker,,,,50,0,50,0,0,50,0,0,0,0,0,0,0,0,0,0,9000000,73.0,"Brookefield, WI",Wisconsin,,,
1381,1226,Ngrimmer21,Nicholas Grimmer,Nicholas,Grimmer,18.0,retired,,2025-04-03 11:15:09,,Safety,All-Around,,,,50,0,50,0,0,50,0,0,0,0,0,0,0,0,0,0,5000000,21.0,Schererville Indiana,IUPUI,,,
1380,1150,Pio15,Will Smith,Will,Smith,18.0,retired,,2025-04-03 11:15:09,,Wide Receiver,Speed Receiver,,,,50,0,50,0,0,79,0,0,0,0,0,0,0,0,0,0,14213650,15.0,West Philadelphia,Bel-Air,,,
1379,1185,combatcoldcuts,Sean Frost,Sean,Frost,18.0,retired,,2025-04-03 11:15:09,,Running Back,All-Purpose Back,,,,50,0,50,0,0,57,0,0,0,0,0,0,0,0,0,0,10000000,24.0,"Worcester, MA",Boston College,,,
1378,1194,captaincrunch00,Victor Bravo,Victor,Bravo,18.0,retired,,2025-04-03 11:15:09,,Quarterback,Pocket Passer,,,,50,0,50,0,0,50,0,0,0,0,0,0,0,0,0,0,5000000,9.0,"Podunk, Vermont",Buckeyes,,,
1377,1181,Scampoli,Bill Bono,Bill,Bono,18.0,retired,,2025-04-03 11:15:09,,Tight End,Vertical Threat,,,,50,0,50,0,0,50,0,0,0,0,0,0,0,0,0,0,21000000,0.0,,,,,
1376,1281,Modern_Duke,Louisiana Purchase,Louisiana,Purchase,18.0,retired,,2025-04-03 11:15:09,,Cornerback,Man to Man,,,,50,0,50,0,0,1226,0,0,0,0,0,0,0,0,0,0,31420788,24.0,"Trenton, NJ",USC,,,
1375,1086,TropicaliaCC,Dexter Banks II,Dexter,Banks II,17.0,retired,,2025-04-03 11:15:01,,Quarterback,Mobile,,,,50,0,50,0,0,1164,0,0,0,0,0,0,0,0,0,0,37649103,13.0,"Savannah, GA",University of Georgia,,,
1374,1125,CFLSchooners,Joe Bobgarter,Joe,Bobgarter,17.0,retired,,2025-04-03 11:15:01,,Running Back,Blocking Back,,,,50,0,50,0,0,59,0,0,0,0,0,0,0,0,0,0,9000000,35.0,"Halifax, Nova Scotia",Saint Mary's University (Canada),,,
1373,1109,idkman,Ducky Donut,Ducky,Donut,17.0,retired,,2025-04-03 11:15:01,,Running Back,Speed Back,,,,50,0,50,0,0,92,0,0,0,0,0,0,0,0,0,0,11711620,99.0,"Indianapolis, Indiana",,,,
1372,1129,TickleTim,Kicky Bobby,Kicky,Bobby,17.0,retired,,2025-04-03 11:15:01,,Kicker,Balanced,,,,50,0,50,0,0,128,0,0,0,0,0,0,0,0,0,0,8188900,69.0,"Nome, Alaska",Alabama State,,,
1371,816,JM62,Jordan McCann III,Jordan,McCann III,17.0,retired,,2025-04-03 11:15:01,,Wide Receiver,Speed Receiver,,,,50,0,50,0,0,192,0,0,0,0,0,0,0,0,0,0,2500000,13.0,"Tampa, FL",University of Florida,,,
1370,1127,Dancrave,Jason Carver,Jason,Carver,17.0,retired,,2025-04-03 11:15:01,,Linebacker,Coverage Linebacker,,,,50,0,50,0,0,59,0,0,0,0,0,0,0,0,0,0,13000000,18.0,"Calgary, Alberta",Rutgers,,,
1369,1110,Yungbans23,Jackson Valadez,Jackson,Valadez,17.0,retired,,2025-04-03 11:15:01,,Wide Receiver,,,,,50,0,50,0,0,77,0,0,0,0,0,0,0,0,0,0,13326100,17.0,,NC State,,,
1368,1139,KillKillKill,Honda Edmond,Honda,Edmond,17.0,retired,,2025-04-03 11:15:01,,Linebacker,Coverage Linebacker,,,,50,0,50,0,0,974,0,0,0,0,0,0,0,0,0,0,26130590,40.0,,Michigan,,,
1367,1143,grok,Darius Ruckerberg,Darius,Ruckerberg,17.0,retired,,2025-04-03 11:15:01,,Kicker,Balanced,,,,50,0,50,0,0,50,0,0,0,0,0,0,0,0,0,0,17000000,12.0,"St Louis, Missouri",University of Illinois (Urbana-Champaign),,,
1366,1100,Gambit,Joshua Jones II,Joshua,Jones II,17.0,retired,,2025-04-03 11:15:01,,Kicker,Power,,,,50,0,50,0,0,84,0,0,0,0,0,0,0,0,0,0,8000000,0.0,Louisa Virginia,,,,
1365,1079,royalc90,Willie Woodson,Willie,Woodson,17.0,retired,,2025-04-03 11:15:01,,Cornerback,All-Around,,,,50,0,50,0,0,164,0,0,0,0,0,0,0,0,0,0,16500000,24.0,"Los Angeles, CA",UCLA,,,
1364,1115,HueJacksonSucks,Francis ’Franky LaFleur,Francis,’Franky LaFleur,17.0,retired,,2025-04-03 11:15:01,,Quarterback,Gunslinger,,,,50,0,50,0,0,50,0,0,0,0,0,0,0,0,0,0,14000000,10.0,"New Orleans, Louisiana",University of Pittsburgh,,,
1363,1092,Marquette_Patterson,Landebert Stauss,Landebert,Stauss,17.0,retired,,2025-04-03 11:15:01,,Kicker,Balanced,,,,50,0,50,0,0,50,0,0,0,0,0,0,0,0,0,0,12500000,8.0,"Hillsdale, MI",Hillsdale College,,,
1362,712,trevmi99,Koda Adok,Koda,Adok,17.0,retired,,2025-04-03 11:15:01,,Cornerback,All-Around,,,,50,0,50,0,0,71,0,0,0,0,0,0,0,0,0,0,10000000,19.0," Tampa, FL",Florida State University,,,
1361,1126,Frost,Dallas Decker,Dallas,Decker,17.0,retired,,2025-04-03 11:15:01,,Defensive End,Balanced,,,,50,0,50,0,0,50,0,0,0,0,0,0,0,0,0,0,8900000,90.0,"Boone, NC",NC State,,,
1360,1146,Nash_Nash,Dominick Schultz,Dominick,Schultz,17.0,retired,,2025-04-03 11:15:01,,Cornerback,Man to Man,,,,50,0,50,0,0,90,0,0,0,0,0,0,0,0,0,0,28700000,28.0,"Nampa, Idaho",Boise State,,,
1359,1093,BryceMolnar,Bryce Molnar,Bryce,Molnar,17.0,retired,,2025-04-03 11:15:01,,Wide Receiver,Possession Receiver,,,,50,0,50,0,0,69,0,0,0,0,0,0,0,0,0,0,14000000,11.0, Washington DC,Bucknell,,,
1357,535,run_CMC,Ashley Owens,Ashley,Owens,17.0,retired,,2025-04-03 11:15:01,,Running Back,Receiving Back,,,,50,0,50,0,0,1032,0,0,0,0,0,0,0,0,0,0,18289460,25.0,"Sturgeon Bay, Wisconsin",University of Wisconsin,,,
1356,800,mcgriddleluver,Max Lovote,Max,Lovote,17.0,retired,,2025-04-03 11:15:01,,Defensive End,Balanced,,,,50,0,50,0,0,209,0,0,0,0,0,0,0,0,0,0,5045700,80.0,Columbus Ohio,Notre Dame,,,
1355,1144,12bradys,DeeJay Dallas,DeeJay,Dallas,17.0,retired,,2025-04-03 11:15:01,,Running Back,,,,,50,0,50,0,0,52,0,0,0,0,0,0,0,0,0,0,9000000,13.0,"Orlando, FL",University of Miami,,,
1354,1096,Miamifan2000,Balec Taylor,Balec,Taylor,17.0,retired,,2025-04-03 11:15:01,,Defensive Tackle,Run Stuffer,,,,50,0,50,0,0,50,0,0,0,0,0,0,0,0,0,0,14000000,96.0,Virginia,University of Miami,,,
1353,1082,maxlane,Brennen Biletnikoff,Brennen,Biletnikoff,17.0,retired,,2025-04-03 11:15:01,,Tight End,Balanced Tight End,,,,50,0,50,0,0,61,0,0,0,0,0,0,0,0,0,0,17827860,87.0,"Arlington, VA",Arizona State,,,
1352,1136,KillaScrilla,Action Jackson,Action,Jackson,17.0,retired,,2025-04-03 11:15:01,,Wide Receiver,Red Zone Threat,,,,50,0,50,0,0,723,0,0,0,0,0,0,0,0,0,0,8614050,0.0,"Dickson, Tn",,,,
1351,1134,SouljaLad,Tyrone Baker,Tyrone,Baker,17.0,retired,,2025-04-03 11:15:01,,Linebacker,Speed Rusher,,,,50,0,50,0,0,55,0,0,0,0,0,0,0,0,0,0,9000000,0.0,Colorado Springs,University of Virginia,,,
1350,784,RaiderNation,Jordan Andrews,Jordan,Andrews,17.0,retired,,2025-04-03 11:15:01,,Cornerback,,,,,50,0,50,0,0,705,0,0,0,0,0,0,0,0,0,0,10960360,21.0,,UCLA,,,
1349,380,cosbornballboy,Chase Osborn,Chase,Osborn,17.0,retired,,2025-04-03 11:15:01,,Running Back,Speed Back,,,,50,0,50,0,0,59,0,0,0,0,0,0,0,0,0,0,10604950,10.0,"San Diego, CA",San Diego State,,,
1348,1085,mdoud10,Michael Doud,Michael,Doud,17.0,retired,,2025-04-03 11:15:01,,Tight End,Balanced Tight End,,,,50,0,50,0,0,50,0,0,0,0,0,0,0,0,0,0,10000000,10.0,"Plano, TX",University of Texas,,,
1347,1107,SabaDonutMan,Saba Donut,Saba,Donut,17.0,retired,active,2025-04-03 11:15:01,,Wide Receiver,Speed Receiver,,,,50,0,50,0,0,1178,0,0,0,0,0,0,0,0,0,0,218261669,60.0,"Indianapolis, Indiana",Oregon,,,
1346,1124,TubbyTim69,Julian McMorris,Julian,McMorris,17.0,retired,active,2025-04-03 11:15:01,,Cornerback,,,,,50,0,50,0,0,644,0,0,0,0,0,0,0,0,0,0,57080426,0.0,,University of Manitoba,,,
1345,1105,Frugger,Michael Brown,Michael,Brown,17.0,retired,,2025-04-03 11:15:01,,Defensive End,Power Rusher,,,,50,0,50,0,0,50,0,0,0,0,0,0,0,0,0,0,10000000,98.0,"Los Angeles, CA",University of Texas,,,
1344,1128,hihihi_62,Mervin Leonard,Mervin,Leonard,17.0,retired,,2025-04-03 11:15:01,,Cornerback,Cover Corner,,,,50,0,50,0,0,1236,0,0,0,0,0,0,0,0,0,0,83207120,7.0,"Tuktoyaktuk, NWT, Canada",Tuktoyaktuk High School Dropout,,,
1343,1108,Thebrain515,Albert Garrett,Albert,Garrett,17.0,retired,,2025-04-03 11:15:01,,Defensive End,Speed Rusher,,,,50,0,50,0,0,52,0,0,0,0,0,0,0,0,0,0,9000000,99.0,"Cleveland, OH",Virginia Tech,,,
1342,1076,BenDover,Ronald “The Watt” Watkins,Ronald,“The Watt” Watkins,17.0,retired,active,2025-04-03 11:15:01,,Linebacker,Speed Rusher,,,,50,0,50,0,0,243,0,0,0,0,0,0,0,0,0,0,62696408,0.0,Maryland ,,,,
1341,1097,Buttersqauch101,Brayden Ennis,Brayden,Ennis,17.0,retired,active,2025-04-03 11:15:01,,Defensive Tackle,Arch Change 1/25/20 to Run Stuffer,,,,50,0,50,0,0,810,0,0,0,0,0,0,0,0,0,0,71457798,0.0,Sheridan Wyoming,University of Wyoming,,,
1340,1137,ShaneM86,Shane Masters,Shane,Masters,17.0,retired,,2025-04-03 11:15:01,,Defensive Tackle,Interior Rusher,,,,50,0,50,0,0,667,0,0,0,0,0,0,0,0,0,0,14519301,77.0,"Melbourne , Australia",Missouri,,,
1339,1135,woelkers,Bubba Thumper,Bubba,Thumper,17.0,retired,active,2025-04-03 11:15:01,,Defensive Tackle,Interior Rusher,,,,50,0,50,0,0,1352,0,0,0,0,0,0,0,0,0,0,8176762,95.0,"San Antonio, Texas",Tennessee,,,
1338,1037,GodSpeed11,Octavius Godspeed,Octavius,Godspeed,17.0,retired,,2025-04-03 11:15:01,,Running Back,Speed Back,,,,50,0,50,0,0,106,0,0,0,0,0,0,0,0,0,0,1545860,10.0,Greenville NC,UNC,,,
1337,1077,BurritoHombre,Nate Oliver,Nate,Oliver,17.0,retired,,2025-04-03 11:15:01,,Linebacker,Speed Rusher,,,,50,0,50,0,0,50,0,0,0,0,0,0,0,0,0,0,13000000,52.0,"Davis, CA",UCLA,,,
1335,1098,Lowlycrib,Tyron Brackenridge,Tyron,Brackenridge,17.0,retired,active,2025-04-03 11:15:01,,Linebacker,Versatile LB,,,,50,0,50,0,0,1240,0,0,0,0,0,0,0,0,0,0,3466477,24.0,"Ottawa, Canada ",University of Maryland,,,
1334,1078,pb486,Bishop Berrian,Bishop,Berrian,17.0,retired,,2025-04-03 11:15:01,,Cornerback,Zone coverage,,,,50,0,50,0,0,50,0,0,0,0,0,0,0,0,0,0,18000000,22.0,"Granada, Spain ",Wake Forest,,,
1333,1091,Danglisack,Daniel Glisack,Daniel,Glisack,17.0,retired,,2025-04-03 11:15:01,,Linebacker,Coverage Linebacker,,,,50,0,50,0,0,50,0,0,0,0,0,0,0,0,0,0,14000000,0.0,"Portland, Oregon",University of Oregon,,,
1332,1102,Jaspers,Takeda Okura,Takeda,Okura,17.0,retired,,2025-04-03 11:15:01,,Safety,Center Fielder,,,,50,0,50,0,0,407,0,0,0,0,0,0,0,0,0,0,5301750,34.0,"Osaka, Japan",Oregon State University,,,
1331,1133,DanielWoodenhead,Daniel Woodenhead,Daniel,Woodenhead,17.0,retired,,2025-04-03 11:15:01,,Running Back,Receiving Back,,,,50,0,50,0,0,50,0,0,0,0,0,0,0,0,0,0,9000000,0.0,"North Platte, Nebraska",Chadron State,,,
1330,1118,nairbretsamdaerb,LilCringer Kendrick,LilCringer,Kendrick,17.0,retired,,2025-04-03 11:15:01,,Offensive Lineman,Athletic Lineman,,,,50,0,50,0,0,57,0,0,0,0,0,0,0,0,0,0,20550000,0.0,"Elk Grove, CA",,,,
1329,1131,Lazerus,Kyle Grimly,Kyle,Grimly,17.0,retired,,2025-04-03 11:15:01,,Wide Receiver,Speed Receiver,,,,50,0,50,0,0,57,0,0,0,0,0,0,0,0,0,0,9000000,10.0,"Austin, Texas ",Texas A&M,,,
1328,1122,Bauer,Jim McMahon,Jim,McMahon,17.0,retired,active,2025-04-03 11:15:01,,Wide Receiver,Speed Receiver,,,,50,0,50,0,0,414,0,0,0,0,0,0,0,0,0,0,9855341,9.0," Jersey City, New Jersey",Brigham Young University,,,
1327,1138,Hydracronis,A.C. Payton,A.C.,Payton,17.0,retired,,2025-04-03 11:15:01,,Safety,Playmaker,,,,50,0,50,0,0,130,0,0,0,0,0,0,0,0,0,0,6122350,8.0,"Cedar Falls, IA",University of Missouri,,,
1326,1114,BionicGiraffe94,Michael Locatelli,Michael,Locatelli,17.0,retired,,2025-04-03 11:15:01,,Kicker,Accurate,,,,50,0,50,0,0,59,0,0,0,0,0,0,0,0,0,0,14000000,0.0,"Albany, OR",University of Oregon,,,
1325,1064,Upton0goode13,Lars Fredricksen,Lars,Fredricksen,16.0,retired,,2025-04-03 11:14:51,,Safety,Playmaker,,,,50,0,50,0,0,55,0,0,0,0,0,0,0,0,0,0,7500000,0.0,"Campbell, Ca",,,,
1324,1046,ARJ04,Anthony Rowland,Anthony,Rowland,16.0,retired,,2025-04-03 11:14:51,,Cornerback,Zone,,,,50,0,50,0,0,166,0,0,0,0,0,0,0,0,0,0,-760960,24.0,"Jacksonville, USA",Utah,,,
1323,368,OwlStrike13,DeMarcus Strike,DeMarcus,Strike,16.0,retired,,2025-04-03 11:14:51,,Tight End,Vertical Threat,,,,50,0,50,0,0,119,0,0,0,0,0,0,0,0,0,0,5964900,13.0,,,,,
1322,1049,Jonny2x,Sam Torenson,Sam,Torenson,16.0,retired,,2025-04-03 11:14:51,,Running Back,Power Back,,,,50,0,50,0,0,1269,0,0,0,0,0,0,0,0,0,0,-935065,96.0,,North Carolina,,,
1321,382,TheMemeMaestro,Antonio Sandoval Jr.,Antonio,Sandoval Jr.,16.0,retired,,2025-04-03 11:14:51,,Defensive End,Balanced,,,,50,0,50,0,0,84,0,0,0,0,0,0,0,0,0,0,8052949,98.0,"Denver, Colorado",Notre Dame,,,
1319,1044,superwoman0688,Hakuna Matata,Hakuna,Matata,16.0,retired,,2025-04-03 11:14:51,,Defensive End,Speed Rusher ,,,,50,0,50,0,0,50,0,0,0,0,0,0,0,0,0,0,10000000,94.0," Seaford, Delaware",Delaware St.,,,
1318,1062,scharlachrot,William Tell,William,Tell,16.0,retired,,2025-04-03 11:14:51,,Cornerback,Zone,,,,50,0,50,0,0,164,0,0,0,0,0,0,0,0,0,0,8650000,25.0,"Bern, Switzerland",Cal,,,
1317,686,Vulgar,Anthony Jemima,Anthony,Jemima,16.0,retired,,2025-04-03 11:14:51,,Offensive Lineman,Pass Blocker,,,,50,0,50,0,0,104,0,0,0,0,0,0,0,0,0,0,8522360,60.0,The Flapjack Factory,Grace Lutheran Preschool,,,
1316,1066,Stovy4x4ing,Jeremy Stovall,Jeremy,Stovall,16.0,retired,,2025-04-03 11:14:51,,Cornerback,Richard Sherman or Josh Norman CB ,,,,50,0,50,0,0,52,0,0,0,0,0,0,0,0,0,0,4765740,25.0,"Spokane, Washington ",University Of Florida,,,
1315,257,Daybe,Jaylen Storm,Jaylen,Storm,16.0,retired,,2025-04-03 11:14:51,,Linebacker,Balanced,,,,50,0,50,0,0,531,0,0,0,0,0,0,0,0,0,0,8012300,29.0,"Trenton, NJ",University of Alabama,,,
1314,1058,Big Mac,Bobby Melvin,Bobby,Melvin,16.0,retired,,2025-04-03 11:14:51,,Offensive Lineman,Athletic Lineman,,,,50,0,50,0,0,68,0,0,0,0,0,0,0,0,0,0,5000000,77.0,New York,,,,
1313,562,infinitempg,Wolfie McDummy,Wolfie,McDummy,16.0,retired,active,2025-04-03 11:14:51,,Quarterback,Game Manager,,,,50,0,50,0,0,1404,0,0,0,0,0,0,0,0,0,0,1251369640,10.0,"Piscataway, NJ",Rutgers University,,,
1312,1054,Jobu22,Bo Hall,Bo,Hall,16.0,retired,,2025-04-03 11:14:51,,Defensive End,Speed Rusher,,,,50,0,50,0,0,55,0,0,0,0,0,0,0,0,0,0,9000000,94.0,California,Tulane,,,
1311,1063,DaftRaincloud,Chance Matthews,Chance,Matthews,16.0,retired,,2025-04-03 11:14:51,,Safety,Center Fielder,,,,50,0,50,0,0,77,0,0,0,0,0,0,0,0,0,0,6100000,25.0,"Portland, Oregon",Oregon,,,
1310,1074,kentuckycolonel,Alberto McGwire,Alberto,McGwire,16.0,retired,,2025-04-03 11:14:51,,Defensive Tackle,Interior Rusher,,,,50,0,50,0,0,146,0,0,0,0,0,0,0,0,0,0,5800000,75.0,"St. Louis, Missouri",Northwestern,,,
1309,582,speculadora,Hugh Mongo,Hugh,Mongo,16.0,retired,active,2025-04-03 11:14:51,,Wide Receiver,Possession Receiver,,,,50,0,50,0,0,1212,0,0,0,0,0,0,0,0,0,0,10604601,19.0,"St. Rita, Illinois",Northern Illinois,,,
1308,487,JKortesi81,Easton Cole,Easton,Cole,16.0,retired,active,2025-04-03 11:14:51,,Quarterback,Game Manager,,,,50,0,50,0,0,1358,0,0,0,0,0,0,0,0,0,0,3066950,13.0,"Buffalo, NY",Auburn,,,
1307,1060,Starboy,Armor King,Armor,King,16.0,retired,active,2025-04-03 11:14:51,,Tight End,Vertical Threat,,,,50,0,50,0,0,514,0,0,0,0,0,0,0,0,0,0,61947256,5.0,Georgia,Michigan,,,
1306,1056,DrCiber,Maxim Booth,Maxim,Booth,16.0,retired,,2025-04-03 11:14:51,,Safety,Center Fielder,,,,50,0,50,0,0,64,0,0,0,0,0,0,0,0,0,0,5000000,30.0,California,Maryland,,,
1305,1047,AlexF,Blake Faux,Blake,Faux,16.0,retired,,2025-04-03 11:14:51,,Defensive Tackle,Balanced,,,,50,0,50,0,0,734,0,0,0,0,0,0,0,0,0,0,16499025,50.0,"Nashville, TN",Vanderbilt,,,
1304,480,greygoosevodka,Evan Trigg,Evan,Trigg,16.0,retired,,2025-04-03 11:14:51,,Defensive End,Power Rusher,,,,50,0,50,0,0,50,0,0,0,0,0,0,0,0,0,0,19900200,88.0,Texas,Texas,,,
1303,1073,Mooty99,Mako Mendonca,Mako,Mendonca,16.0,retired,active,2025-04-03 11:14:51,,Running Back,Speed Back,,,,50,0,50,0,0,1303,0,0,0,0,0,0,0,0,0,0,8559070,32.0,"London, Uk",Rice University,,,
1302,218,White Cornerback,Dermot Lavelle Jr.,Dermot,Lavelle Jr.,16.0,retired,,2025-04-03 11:14:51,,Cornerback,Cover Corner,,,,50,0,50,0,0,1459,0,0,0,0,0,0,0,0,0,0,47695466,57.0,"Yellowknife, Canada","Aurora College, Yellowknife",,,
1301,221,Blaster,Blaster Blade Jr,Blaster,Blade Jr,16.0,retired,,2025-04-03 11:14:51,,Linebacker,Speed Rusher,,,,50,0,50,0,0,62,0,0,0,0,0,0,0,0,0,0,13451442,40.0,"Springhill, LA",LSU,,,
1300,1065,Judas_Iscariot,Judas Iscariot,Judas,Iscariot,16.0,retired,,2025-04-03 11:14:51,,Tight End,Vertical Threat,,,,50,0,50,0,0,74,0,0,0,0,0,0,0,0,0,0,24399825,18.0,Nazareth,Jerusalem University,,,
1299,1067,Graciejj2000,Chad Maulolo,Chad,Maulolo,16.0,retired,,2025-04-03 11:14:51,,Defensive End,Balanced,,,,50,0,50,0,0,247,0,0,0,0,0,0,0,0,0,0,19303320,35.0,"Missoula, MT",University of Montana (Griz),,,
1298,1048,C9Van,Laszlo Forty-Two,Laszlo,Forty-Two,16.0,retired,,2025-04-03 11:14:51,,Offensive Lineman,,,,,50,0,50,0,0,1332,0,0,0,0,0,0,0,0,0,0,126503,42.0,"Budapest, Hungary",West Virginia University (WVU),,,
1297,271,Ben,Ben Tu’inukuafe,Ben,Tu’inukuafe,16.0,retired,active,2025-04-03 11:14:51,,Defensive End,Balanced DE,,,,50,0,50,0,0,573,0,0,0,0,0,0,0,0,0,0,-169410,61.0,"Dunedin, New Zealand",Otago University,,,
1296,135,adam2552,Pierce Van Buren,Pierce,Van Buren,16.0,retired,,2025-04-03 11:14:51,,Linebacker,Balanced,,,,50,0,50,0,0,127,0,0,0,0,0,0,0,0,0,0,23021470,23.0,"Austin, TX",Baylor,,,
1295,652,Renrut,ForThe Brand,ForThe,Brand,16.0,retired,,2025-04-03 11:14:51,,Kicker,Balanced,,,,50,0,50,0,0,348,0,0,0,0,0,0,0,0,0,0,2432580,1.0,"King, Wisconsin ",UW-Whitewater,,,
1294,1069,Tomasnz,Peter Larson,Peter,Larson,16.0,retired,,2025-04-03 11:14:51,,Tight End,Balanced Tight End,,,,50,0,50,0,0,758,0,0,0,0,0,0,0,0,0,0,20493306,11.0,"Odense, Denmark",Washington,,,
1293,491,PratJ,RKANSAW N/A,RKANSAW,N/A,15.0,retired,,2025-04-03 11:11:52,,Running Back,Speed Back,,,,50,0,50,0,0,118,0,0,0,0,0,0,0,0,0,0,7000000,25.0,Arkansas,rkansaw stat,,,
1292,869,sharksisback,Troy Bryant,Troy,Bryant,15.0,retired,,2025-04-03 11:10:04,,Cornerback,Man to Man,,,,50,0,50,0,0,79,0,0,0,0,0,0,0,0,0,0,9500000,22.0,"Atlanta, Georgia",University of Miami (FL),,,
1291,903,oz3700,Jack Rambo,Jack,Rambo,15.0,retired,,2025-04-03 11:10:04,,Safety,,,,,50,0,50,0,0,660,0,0,0,0,0,0,0,0,0,0,6220000,0.0,,,,,
1290,958,Rradum,Cameron Olsen,Cameron,Olsen,15.0,retired,,2025-04-03 11:10:04,,Tight End,Vertical Threat,,,,50,0,50,0,0,1049,0,0,0,0,0,0,0,0,0,0,20016138,88.0,"Raleigh, North Carolina",East Carolina University,,,
1289,985,Noahbrown,D’Angelo Thompson,D’Angelo,Thompson,15.0,retired,,2025-04-03 11:10:04,,Safety,Run Support,,,,50,0,50,0,0,50,0,0,0,0,0,0,0,0,0,0,5500000,0.0,"Tampa Bay, FL",University of Southern Florida,,,
1288,923,UnluckyBandit,Luke South,Luke,South,15.0,retired,,2025-04-03 11:10:04,,Tight End,Possession Tight End,,,,50,0,50,0,0,50,0,0,0,0,0,0,0,0,0,0,5500000,20.0,"Columbus, OH",Michigan State,,,
1287,864,Shaquill,Tyson Sharpshooter,Tyson,Sharpshooter,15.0,retired,,2025-04-03 11:10:04,,Kicker,Accurate,,,,50,0,50,0,0,52,0,0,0,0,0,0,0,0,0,0,25900000,47.0,"Las Vegas, NV",Louisville,,,
1286,934,CalvinP,Logan Uchiha,Logan,Uchiha,15.0,retired,,2025-04-03 11:10:04,,Safety,Playmaker ,,,,50,0,50,0,0,867,0,0,0,0,0,0,0,0,0,0,24838775,31.0,"Brooklyn, New York",Syracuse,,,
1285,987,OldJerseyDog,Pablo Sanchez,Pablo,Sanchez,15.0,retired,,2025-04-03 11:10:04,,Linebacker,Balanced,,,,50,0,50,0,0,50,0,0,0,0,0,0,0,0,0,0,5500000,0.0,New Jersey,,,,
1284,954,nickyvmlp,Dan Wright,Dan,Wright,15.0,retired,,2025-04-03 11:10:04,,Quarterback,Gunslinger,,,,50,0,50,0,0,1073,0,0,0,0,0,0,0,0,0,0,83535068,88.0,"Lake Charles, Louisiana",Northwestern State,,,
1283,610,Shrodawg,Donte Shields,Donte,Shields,15.0,retired,,2025-04-03 11:10:04,,Defensive Tackle,Balanced,,,,50,0,50,0,0,75,0,0,0,0,0,0,0,0,0,0,11159530,78.0,"Houston, TX",Clemson,,,
1282,980,MaxGnarland,Quentin Sinclair,Quentin,Sinclair,15.0,retired,,2025-04-03 11:10:04,,Cornerback,Zone,,,,50,0,50,0,0,674,0,0,0,0,0,0,0,0,0,0,20393780,21.0,"Long Beach, CA",Wisconsin,,,
1281,130,dropbear,Jay Longshaw,Jay,Longshaw,15.0,retired,,2025-04-03 11:10:04,,Quarterback,Gunslinger,,,,50,0,50,0,0,198,0,0,0,0,0,0,0,0,0,0,29130272,6.0,"Santa Claus, Indiana",Vanderbilt,,,
1280,530,Roly,Ricardo Morris,Ricardo,Morris,15.0,retired,,2025-04-03 11:10:04,,Defensive Tackle,Balanced,,,,50,0,50,0,0,606,0,0,0,0,0,0,0,0,0,0,43867230,77.0,Canada,Oklahoma,,,
1279,1032,BrewCrew,Deon Taylor,Deon,Taylor,15.0,retired,,2025-04-03 11:10:04,,Cornerback,Man to Man,,,,50,0,50,0,0,916,0,0,0,0,0,0,0,0,0,0,7354220,23.0,"St. Louis, Missouri",Missouri,,,
1278,970,Skyandbray,Max Vaz,Max,Vaz,15.0,retired,,2025-04-03 11:10:04,,Running Back,Speed Back,,,,50,0,50,0,0,67,0,0,0,0,0,0,0,0,0,0,6254475,33.0,"Dallas, Texas",Texas Tech,,,
1277,995,yoyo13,Dashwan Jackson,Dashwan,Jackson,15.0,retired,,2025-04-03 11:10:04,,Wide Receiver,Red Zone Threat ,,,,50,0,50,0,0,57,0,0,0,0,0,0,0,0,0,0,5500000,52.0,Antarctica,,,,
1276,1028,TeyonSchavari,AJ Lattimer,AJ,Lattimer,15.0,retired,,2025-04-03 11:10:04,,Cornerback,Zone,,,,50,0,50,0,0,1101,0,0,0,0,0,0,0,0,0,0,49984371,20.0,"Newark, NJ",University of Iowa,,,
1275,968,Brookroyal,Thad Castle,Thad,Castle,15.0,retired,,2025-04-03 11:10:04,,Linebacker,Balanced ,,,,50,0,50,0,0,50,0,0,0,0,0,0,0,0,0,0,9000000,54.0,"Grand forks, ND",BMS,,,
1274,722,NamelessNate,Allen Josh,Allen,Josh,15.0,retired,,2025-04-03 11:10:04,,Linebacker,Speed Rusher,,,,50,0,50,0,0,158,0,0,0,0,0,0,0,0,0,0,56517633,41.0,"Cumberland County, Virginia",University of Ketucky,,,
1273,963,Duilio05,Walt Green,Walt,Green,15.0,retired,,2025-04-03 11:10:04,,Safety,Center Fielder,,,,50,0,50,0,0,1355,0,0,0,0,0,0,0,0,0,0,208070294,0.0,"Kuna, Idaho",Boise State,,,
1272,932,Pizza-faith,Martavius Mack,Martavius,Mack,15.0,retired,,2025-04-03 11:10:04,,Safety,All-Around,,,,50,0,50,0,0,223,0,0,0,0,0,0,0,0,0,0,75394450,18.0," Los Angeles, California",Penn St.,,,
1271,885,Furrand,Rahm Kota,Rahm,Kota,15.0,retired,,2025-04-03 11:10:04,,Offensive Lineman,Technician,,,,50,0,50,0,0,103,0,0,0,0,0,0,0,0,0,0,6365125,77.0,,Houston,,,
1270,1017,TheFlash,Frasier Crane,Frasier,Crane,15.0,retired,,2025-04-03 11:10:04,,Defensive End,Power Rusher,,,,50,0,50,0,0,106,0,0,0,0,0,0,0,0,0,0,19068600,97.0,St. Louis,LSU,,,
1269,886,gucci,Brock Landers,Brock,Landers,15.0,retired,active,2025-04-03 11:10:04,,Wide Receiver,Route Runner,,,,50,0,50,0,0,631,0,0,0,0,0,0,0,0,0,0,3224939,1.0,"Torrence, CA",Tennessee,,,
1268,911,TheChroniclesOfFrog,Kermit Stronglegs,Kermit,Stronglegs,15.0,retired,,2025-04-03 11:10:04,,Running Back,All-Purpose Back,,,,50,0,50,0,0,121,0,0,0,0,0,0,0,0,0,0,13632200,6.0,"Calgary, AB",University Of Calgary,,,
1267,993,Rouchicus,Rock Hardshaft,Rock,Hardshaft,15.0,retired,,2025-04-03 11:10:04,,Linebacker,Balanced,,,,50,0,50,0,0,184,0,0,0,0,0,0,0,0,0,0,9168725,55.0,"Las Vegas, NV",Fresno State,,,
1266,1039,Tyreke,Trevon Simmons,Trevon,Simmons,15.0,retired,,2025-04-03 11:10:04,,Defensive End,Speed Rusher,,,,50,0,50,0,0,50,0,0,0,0,0,0,0,0,0,0,14000000,95.0,"Greensboro, NC",North Carolina A&T,,,
1265,1015,rohanm,Cedric Parker,Cedric,Parker,15.0,retired,,2025-04-03 11:10:04,,Wide Receiver,Route Runner,,,,50,0,50,0,0,66,0,0,0,0,0,0,0,0,0,0,9000000,83.0,"Ellicott City, Maryland",Maryland,,,
1264,983,ven_knight,Lucas Knight,Lucas,Knight,15.0,retired,,2025-04-03 11:10:04,,Cornerback,All-Around,,,,50,0,50,0,0,1120,0,0,0,0,0,0,0,0,0,0,35413250,37.0,Mexico ,Texas A&M,,,
1263,957,RobKlev,Robert Kleven,Robert,Kleven,15.0,retired,,2025-04-03 11:10:04,,Wide Receiver,Route Runner,,,,50,0,50,0,0,57,0,0,0,0,0,0,0,0,0,0,11096400,0.0,"Wausau, Wisconsin",Wisconsin,,,
1262,991,nEEEEkolas,Mick Moekr,Mick,Moekr,15.0,retired,,2025-04-03 11:10:04,,Defensive End,Power Rusher,,,,50,0,50,0,0,50,0,0,0,0,0,0,0,0,0,0,9000000,96.0,"Racine, WI",Wisconsin,,,
1261,877,ZoomerMcGee,Andrew Solomon,Andrew,Solomon,15.0,retired,,2025-04-03 11:10:04,,Cornerback,All-Around ,,,,50,0,50,0,0,52,0,0,0,0,0,0,0,0,0,0,9000000,23.0,"Monroe, Louisiana",Ohio University,,,
1260,900,Frick_Nasty,Mo Berry,Mo,Berry,15.0,retired,,2025-04-03 11:10:04,,Linebacker,Balanced,,,,50,0,50,0,0,1344,0,0,0,0,0,0,0,0,0,0,13461015,0.0,"Loganville, GA",University of Nebraska,,,
1259,952,coffeebeard,Ronald St. James III,Ronald,St. James III,15.0,retired,,2025-04-03 11:10:04,,Running Back,Power Back,,,,50,0,50,0,0,50,0,0,0,0,0,0,0,0,0,0,500000,30.0,"Crawfordville, Fl",Florida State,,,
1258,984,Rising Equinox,Lanzer Grievous,Lanzer,Grievous,15.0,retired,,2025-04-03 11:10:04,,Linebacker,Player Archetype,,,,50,0,50,0,0,1141,0,0,0,0,0,0,0,0,0,0,40002630,90.0,Ohio,Ohio State,,,
1257,997,Qux,Tobias Chase,Tobias,Chase,15.0,retired,,2025-04-03 11:10:04,,Cornerback,Zone,,,,50,0,50,0,0,99,0,0,0,0,0,0,0,0,0,0,2239500,24.0,"Cleveland, Ohio",University of Toledo,,,
1256,973,plantane,Xerxes Ridley,Xerxes,Ridley,15.0,retired,,2025-04-03 11:10:04,,Cornerback,Zone,,,,50,0,50,0,0,573,0,0,0,0,0,0,0,0,0,0,28976510,25.0,"San Francisco, CA",Georgia Tech,,,
1255,883,Huskies311,Marquees Acho,Marquees,Acho,15.0,retired,,2025-04-03 11:10:04,,Cornerback,Man to Man,,,,50,0,50,0,0,900,0,0,0,0,0,0,0,0,0,0,23852988,52.0,"Boston, MA",UConn,,,
1254,1033,NylarthePhoenix,Apollo Reed,Apollo,Reed,15.0,retired,,2025-04-03 11:10:04,,Running Back,Speed Back,,,,50,0,50,0,0,806,0,0,0,0,0,0,0,0,0,0,16501176,13.0,"Cincinnati, OH",Miami (OH),,,
1253,1040,Tydy22,Tigole Bitties,Tigole,Bitties,15.0,retired,,2025-04-03 11:10:04,,Safety,Center Fielder,,,,50,0,50,0,0,67,0,0,0,0,0,0,0,0,0,0,6500000,23.0,"Madison, WI",Wisconsin,,,
1252,881,hazi_snazzy,Christopher Loren,Christopher,Loren,15.0,retired,,2025-04-03 11:10:04,,Cornerback,Man to Man,,,,50,0,50,0,0,50,0,0,0,0,0,0,0,0,0,0,5929200,4.0,"New York, NY",Boston College,,,
1251,916,Air Crou,Giannis Kroustis,Giannis,Kroustis,15.0,retired,,2025-04-03 11:10:04,,Defensive Tackle,Run Stuffer,,,,50,0,50,0,0,949,0,0,0,0,0,0,0,0,0,0,45899623,69.0,"San Francisco, CA",Clemson,,,
1250,948,BuddhaLebowski,Buddha Lebowski,Buddha,Lebowski,15.0,retired,,2025-04-03 11:10:04,,Linebacker,Coverage LB,,,,50,0,50,0,0,50,0,0,0,0,0,0,0,0,0,0,10000000,50.0,"Lauderdale Lake, FL",Ohio State,,,
1249,1005,VikingGT,Groovy Johnson,Groovy,Johnson,15.0,retired,,2025-04-03 11:10:04,,Cornerback,Man to Man,,,,50,0,50,0,0,59,0,0,0,0,0,0,0,0,0,0,6000000,8.0,"Gramercy Park, California",USC,,,
1248,1006,killerking,Franklin Cooper,Franklin,Cooper,15.0,retired,,2025-04-03 11:10:04,,Safety,Playmaker ,,,,50,0,50,0,0,73,0,0,0,0,0,0,0,0,0,0,9000000,33.0,"Boston, MA",Boston College,,,
1247,37,Official DT,Lenard Marx,Lenard,Marx,15.0,retired,,2025-04-03 11:10:04,,Wide Receiver,Speed Receiver,,,,50,0,50,0,0,72,0,0,0,0,0,0,0,0,0,0,13382500,14.0,"Los Angeles, California",Ole Miss,,,
1246,938,Baron1898,Morgan Marshall,Morgan,Marshall,15.0,retired,,2025-04-03 11:10:04,,Running Back,Receiving Back,,,,50,0,50,0,0,683,0,0,0,0,0,0,0,0,0,0,769969324,42.0,"Frederick, Maryland",Princeton,,,
1245,975,D4isyy,Khalil Sack,Khalil,Sack,15.0,retired,,2025-04-03 11:10:04,,Defensive End,Power Rusher,,,,50,0,50,0,0,50,0,0,0,0,0,0,0,0,0,0,5000000,52.0,"Santa Cruz, California",Stanford,,,
1244,565,PaytonM34,Brave Ulysses,Brave,Ulysses,15.0,retired,,2025-04-03 11:10:04,,Defensive End,Balanced,,,,50,0,50,0,0,727,0,0,0,0,0,0,0,0,0,0,30370035,96.0,"London, England",Oxford,,,
1243,909,Inbob27,Trey Moffat,Trey,Moffat,15.0,retired,,2025-04-03 11:10:04,,Running Back,Power Back,,,,50,0,50,0,0,50,0,0,0,0,0,0,0,0,0,0,5000000,0.0,Louisville Kentucky ,,,,
1242,965,spinarnie,Ben Bortboy,Ben,Bortboy,15.0,retired,,2025-04-03 11:10:04,,Running Back,Power Back,,,,50,0,50,0,0,159,0,0,0,0,0,0,0,0,0,0,10372075,32.0,"St. Joseph, Michigan",,,,
1241,1038,MB06,Michael Beckham,Michael,Beckham,15.0,retired,,2025-04-03 11:10:04,,Linebacker,Balanced,,,,50,0,50,0,0,50,0,0,0,0,0,0,0,0,0,0,6500000,0.0,"Hartford, Connecticut",Michigan State,,,
1240,924,Jsag25,Kenny Jammer,Kenny,Jammer,15.0,retired,,2025-04-03 11:10:04,,Safety,Run Support,,,,50,0,50,0,0,50,0,0,0,0,0,0,0,0,0,0,10000000,21.0,"Santa Maria, Ca",Cal Poly SLO,,,
1239,998,Beebob,Farley Hank,Farley,Hank,15.0,retired,,2025-04-03 11:10:04,,Running Back,Receiving Back,,,,50,0,50,0,0,768,0,0,0,0,0,0,0,0,0,0,7272600,22.0,"Florida, Tampa",FSU,,,
1238,892,SouljaBoy2007,Lamont McKinnie,Lamont,McKinnie,15.0,retired,,2025-04-03 11:10:04,,Safety,All-Around,,,,50,0,50,0,0,1000,0,0,0,0,0,0,0,0,0,0,38352837,26.0,"Phoenix, AZ",Arizona,,,
1237,895,shipwreckrising,Tony Gabagool,Tony,Gabagool,15.0,retired,,2025-04-03 11:10:04,,Linebacker,Coverage Linebacker,,,,50,0,50,0,0,756,0,0,0,0,0,0,0,0,0,0,6607035,52.0,"Vancouver, BC",Oregon,,,
1236,981,ChuckDiesel86,CrayCray Lewis,CrayCray,Lewis,15.0,retired,,2025-04-03 11:10:04,,Linebacker,Balanced,,,,50,0,50,0,0,60,0,0,0,0,0,0,0,0,0,0,11000000,55.0,"Dallas, Texas",Michigan,,,
1235,1023,Krelotelli,David Le Kre,David,Le Kre,15.0,retired,,2025-04-03 11:10:04,,Cornerback,Man To Man,,,,50,0,50,0,0,55,0,0,0,0,0,0,0,0,0,0,6500000,23.0,"Paderborn, Germany",Clemson,,,
1234,874,MiniMan561,Lo Mein,Lo,Mein,15.0,retired,,2025-04-03 11:10:04,,Defensive End,Speed Rusher,,,,50,0,50,0,0,78,0,0,0,0,0,0,0,0,0,0,8500000,88.0,Taipei Taiwan,"USC (California, not Carolina)",,,
1233,939,Eco,Fatih Terim,Fatih,Terim,15.0,retired,,2025-04-03 11:10:04,,Safety,All-Around,,,,50,0,50,0,0,1199,0,0,0,0,0,0,0,0,0,0,49860660,22.0,"Adana, Turkey",Galatasaray University,,,
1232,662,BWIII,Emondov Emoji,Emondov,Emoji,15.0,retired,,2025-04-03 11:10:04,,Cornerback,Man to Man,,,,50,0,50,0,0,1069,0,0,0,0,0,0,0,0,0,0,30176925,1.0,"Long Beach, CA",University of Washington,,,
1231,478,Beaver,Edmond Beaver-Dantes,Edmond,Beaver-Dantes,15.0,retired,,2025-04-03 11:10:04,,Offensive Lineman,Athletic Lineman,,,,50,0,50,0,0,535,0,0,0,0,0,0,0,0,0,0,19254573,69.0,Nairobi,Notre Dame,,,
1230,964,usarice,Momodou Jallow,Momodou,Jallow,15.0,retired,,2025-04-03 11:10:04,,Safety,Center Fielder,,,,50,0,50,0,0,83,0,0,0,0,0,0,0,0,0,0,3000000,26.0,Pennsylvania,Penn State,,,
1229,966,feral squirrel,Mister Big Chest,Mister,Big Chest,15.0,retired,,2025-04-03 11:10:04,,Wide Receiver,Speed Receiver,,,,50,0,50,0,0,82,0,0,0,0,0,0,0,0,0,0,6200000,11.0,"Kansas City, MO",Oklahoma State University,,,
1228,452,Rindiee,JoJo Burr-Kirven,JoJo,Burr-Kirven,15.0,retired,,2025-04-03 11:10:04,,Linebacker,Speed Rusher,,,,50,0,50,0,0,136,0,0,0,0,0,0,0,0,0,0,2347063,25.0,"Compton, CA",THE University of Washington,,,
1227,1007,Crey23,Carlomagno Rey,Carlomagno,Rey,15.0,retired,,2025-04-03 11:10:04,,Wide Receiver,Red Zone Threat,,,,50,0,50,0,0,62,0,0,0,0,0,0,0,0,0,0,9181200,80.0,"Chicago, Illinois",Northwestern,,,
1226,947,VossSauce14,Gregor Clegaine,Gregor,Clegaine,15.0,retired,,2025-04-03 11:10:04,,Offensive Lineman,Athletic Lineman,,,,50,0,50,0,0,50,0,0,0,0,0,0,0,0,0,0,6500000,70.0,"Hartland, WI",Wisconsin,,,
1225,1043,Claymore,Cale Clay,Cale,Clay,15.0,retired,,2025-04-03 11:10:04,,Defensive Tackle,Interior Rusher ,,,,50,0,50,0,0,90,0,0,0,0,0,0,0,0,0,0,3500000,0.0,,,,,
1224,937,Fordhammer,Nacho Varga,Nacho,Varga,15.0,retired,,2025-04-03 11:10:04,,Wide Receiver,Route Runner,,,,50,0,50,0,0,1360,0,0,0,0,0,0,0,0,0,0,76110586,81.0,,University of New Mexico,,,
1223,907,Sir Earl,Troy Humuhumunukunukuāpuaʻa,Troy,Humuhumunukunukuāpuaʻa,15.0,retired,,2025-04-03 11:10:04,,Safety,Playmaker,,,,50,0,50,0,0,175,0,0,0,0,0,0,0,0,0,0,9198880,43.0,"West Hills, Los Angeles, CA",University of Hawai'i,,,
1222,955,Adrian1878,Proy Tolamalu,Proy,Tolamalu,15.0,retired,,2025-04-03 11:10:04,,Safety,Playmaker,,,,50,0,50,0,0,50,0,0,0,0,0,0,0,0,0,0,500000,7.0,Hong Kong,San Jose State University,,,
1221,1016,TJH,TJ Hendrix,TJ,Hendrix,15.0,retired,,2025-04-03 11:10:04,,Quarterback,Pocket Passer,,,,50,0,50,0,0,65,0,0,0,0,0,0,0,0,0,0,9300000,0.0,"Kansas City, Missouri ",,,,
1220,898,eighthroundpick,Nick Snider,Nick,Snider,15.0,retired,,2025-04-03 11:10:04,,Defensive Tackle,Interior Rusher,,,,50,0,50,0,0,124,0,0,0,0,0,0,0,0,0,0,10903800,58.0,"Waterloo, Ontario Can.",University of Waterloo (CAN),,,
1219,1022,PapaPlatzack,Eric Lorentz,Eric,Lorentz,15.0,retired,,2025-04-03 11:10:04,,Linebacker,Balanced,,,,50,0,50,0,0,55,0,0,0,0,0,0,0,0,0,0,9000000,40.0,"Irvine, California",USC,,,
1218,253,124715,Richard D’Attoria V,Richard,D’Attoria V,15.0,retired,,2025-04-03 11:10:04,,Safety,Center Fielder,,,,50,0,50,0,0,1181,0,0,0,0,0,0,0,0,0,0,483014098,36.0,"Washington, D.C.",Northwestern,,,
1217,863,Braydenthegoat,Brayden Larosee,Brayden,Larosee,15.0,retired,,2025-04-03 11:10:04,,Safety,Run Support,,,,50,0,50,0,0,50,0,0,0,0,0,0,0,0,0,0,14000000,22.0,Boston,Florida State University,,,
1216,925,Duress,Guy Nikko,Guy,Nikko,15.0,retired,,2025-04-03 11:10:04,,Linebacker,Coverage Linebacker,,,,50,0,50,0,0,422,0,0,0,0,0,0,0,0,0,0,23402630,44.0,"Montreal, Quebec",Toledo,,,
1215,928,Thotiana,Lawalin Tae’orr,Lawalin,Tae’orr,15.0,retired,,2025-04-03 11:10:04,,Linebacker,Speed Rusher,,,,50,0,50,0,0,50,0,0,0,0,0,0,0,0,0,0,5500000,56.0,"Vennizia, Unified Merchant Confederacy of the Jagged Isles ",Barbarian - Path of the Totem ,,,
1214,1014,NextJamesHarrison,Jameis Harrison,Jameis,Harrison,15.0,retired,,2025-04-03 11:10:04,,Linebacker,Power Rusher,,,,50,0,50,0,0,50,0,0,0,0,0,0,0,0,0,0,5500000,16.0,"Atlantic City, NJ",University of Miami,,,
1213,931,BruceWaynner,Bruce Waynner,Bruce,Waynner,15.0,retired,,2025-04-03 11:10:04,,Defensive Tackle,Interior Rusher,,,,50,0,50,0,0,59,0,0,0,0,0,0,0,0,0,0,5500000,97.0,"Hill City, MN",University Of Minnesota,,,
1212,642,Ramero,Luca Ramero,Luca,Ramero,15.0,retired,,2025-04-03 11:10:04,,Wide Receiver,Possession Receiver,,,,50,0,50,0,0,50,0,0,0,0,0,0,0,0,0,0,19165430,47.0,"Medellin, Colombia",Florida State,,,
1211,1034,SDCore,Rod Tidwell,Rod,Tidwell,15.0,retired,,2025-04-03 11:10:04,,Wide Receiver,Speed Receiver,,,,50,0,50,0,0,1056,0,0,0,0,0,0,0,0,0,0,22774990,85.0,"Phoenix, AZ",Arizona State University,,,
1210,871,moonlight,Franklin Armstrong,Franklin,Armstrong,15.0,retired,,2025-04-03 11:10:04,,Quarterback,Game Manager,,,,50,0,50,0,0,1387,0,0,0,0,0,0,0,0,0,0,24811743,1.0,"Miami, Manitoba",University of Winnipeg,,,
1209,950,ValorX77,Ryan Leaf Jr,Ryan,Leaf Jr,15.0,retired,active,2025-04-03 11:10:04,,Running Back,Speed back,,,,50,0,50,0,0,1220,0,0,0,0,0,0,0,0,0,0,671610608,40.0,"Portland, Oregon ",Washington state university ,,,
1208,1012,DCross,Michael Rood,Michael,Rood,15.0,retired,,2025-04-03 11:10:04,,Tight End,Possession Tight End,,,,50,0,50,0,0,112,0,0,0,0,0,0,0,0,0,0,5967740,86.0,"Minneapolis, MN",Minnesota,,,
1207,45,TheWoZy,Ludicolo Bigby,Ludicolo,Bigby,15.0,retired,,2025-04-03 11:10:04,,Running Back,Speed Back,,,,50,0,50,0,0,543,0,0,0,0,0,0,0,0,0,0,21373500,2.0,"Earth, Ryme City",Earth,,,
1206,971,TomHanks,Forrest Gump,Forrest,Gump,15.0,retired,active,2025-04-03 11:10:04,,Running Back,Fullback,,,,50,0,50,0,0,1336,0,0,0,0,0,0,0,0,0,0,21970352,44.0,"Greenbow, Alabama",Alabama,,,
1205,1018,TebowFam15,John Tebow,John,Tebow,15.0,retired,,2025-04-03 11:10:04,,Quarterback,Mobile,,,,50,0,50,0,0,50,0,0,0,0,0,0,0,0,0,0,6500000,0.0,,University of Florida,,,
1204,929,NuK3,Justin Tyme,Justin,Tyme,15.0,retired,,2025-04-03 11:10:04,,Linebacker,Speed Rusher,,,,50,0,50,0,0,50,0,0,0,0,0,0,0,0,0,0,6500000,0.0,"Dearborn, Michigan",Michigan,,,
1203,960,KingCollins,Terry Taffy,Terry,Taffy,15.0,retired,,2025-04-03 11:10:04,,Defensive End,Balanced DE,,,,50,0,50,0,0,462,0,0,0,0,0,0,0,0,0,0,7394870,11.0,Cincinnati,Ohio State,,,
1202,946,TF0017,Matteo Maximin,Matteo,Maximin,15.0,retired,,2025-04-03 11:10:04,,Cornerback,All-Around,,,,50,0,50,0,0,50,0,0,0,0,0,0,0,0,0,0,9000000,23.0,"New Orleans, Louisiana",Lehigh University,,,
1201,896,terriblehippo,Quenton Bode,Quenton,Bode,15.0,retired,,2025-04-03 11:10:04,,Linebacker,Pass Rusher,,,,50,0,50,0,0,1257,0,0,0,0,0,0,0,0,0,0,181451415,42.0,"Anchorage, AK",Nebraska,,,
1200,1010,contacts,Jammerson Irving,Jammerson,Irving,15.0,retired,,2025-04-03 11:10:04,,Tight End,Balanced Tight End,,,,50,0,50,0,0,800,0,0,0,0,0,0,0,0,0,0,17869890,81.0,"Black River, Jamaica",Buffalo,,,
1199,868,dizzyDC,Chase Jensen,Chase,Jensen,15.0,retired,,2025-04-03 11:10:04,,Safety,All-Around,,,,50,0,50,0,0,893,0,0,0,0,0,0,0,0,0,0,57739700,31.0,"San Jose, CA",Stanford,,,
1198,608,Ramrod18,Jay Quick,Jay,Quick,15.0,retired,,2025-04-03 11:10:04,,Running Back,Speed Back,,,,50,0,50,0,0,162,0,0,0,0,0,0,0,0,0,0,8500000,20.0,"San Francisco, CA",Utah,,,
1197,912,kissthe6rings,Neon Demon,Neon,Demon,15.0,retired,,2025-04-03 11:10:04,,Cornerback,Man to Man,,,,50,0,50,0,0,50,0,0,0,0,0,0,0,0,0,0,10500000,24.0,"Boston, Massachusetts",Boston College,,,
1196,999,Newbie,Tyler Janes,Tyler,Janes,15.0,retired,,2025-04-03 11:10:04,,Running Back,Speed Back,,,,50,0,50,0,0,106,0,0,0,0,0,0,0,0,0,0,7000000,5.0,"Hercules, Ca",UNC,,,
1195,936,speedwolf27,Taters Johnson,Taters,Johnson,15.0,retired,,2025-04-03 11:10:04,,Cornerback,Man to Man,,,,50,0,50,0,0,50,0,0,0,0,0,0,0,0,0,0,9000000,0.0,Parts Unknown,,,,
1194,594,Drizzy,André Thornton,André,Thornton,15.0,retired,active,2025-04-03 11:10:04,,Wide Receiver,Route Runner,,,,50,0,50,0,0,50,0,0,0,0,0,0,0,0,0,0,12692615,25.0,"Columbus, Ohio",Penn State,,,
1193,864,Shaquill,"Shaquill ""The Thrill"" Williams VII",Shaquill,"""The Thrill"" Williams VII",15.0,retired,,2025-04-03 11:10:04,,Safety,Center Fielder,,,,50,0,50,0,0,64,0,0,0,0,0,0,0,0,0,0,25900000,43.0,"Cheyenne, Wyoming",Wyoming,,,
1192,866,Nykonax,Paul DiMirio III,Paul,DiMirio III,15.0,retired,,2025-04-03 11:10:04,,Kicker,Balanced,,,,50,0,50,0,0,50,0,0,0,0,0,0,0,0,0,0,41459485,6.0,Syracuse,Syracuse,,,
1191,1067,Graciejj2000,Chad Maulolo,Chad,Maulolo,15.0,retired,,2025-04-03 11:10:04,,,,,,,50,0,50,0,0,50,0,0,0,0,0,0,0,0,0,0,19303320,0.0,,,,,
1190,951,ScorpXCracker,Dorfus Jimbo,Dorfus,Jimbo,15.0,retired,,2025-04-03 11:10:04,,Safety,Center Fielder,,,,50,0,50,0,0,576,0,0,0,0,0,0,0,0,0,0,25400000,35.0,,Greendale,,,
1189,867,slothfacekilla,Johnny Slothface,Johnny,Slothface,15.0,retired,active,2025-04-03 11:10:04,,Linebacker,Speed Rusher,,,,50,0,50,0,0,1021,0,0,0,0,0,0,0,0,0,0,77538151,54.0,"Los Angeles, CA",University of San Diego,,,
1188,940,smaxx77,Timmy Hoss,Timmy,Hoss,15.0,retired,,2025-04-03 11:10:04,,Tight End,Vertical Threat,,,,50,0,50,0,0,191,0,0,0,0,0,0,0,0,0,0,8299760,24.0,"Utica, New York",University of Pittsburgh,,,
1187,974,clt2s2,Charles Mudley,Charles,Mudley,15.0,retired,,2025-04-03 11:10:04,,Wide Receiver,Red Zone Threat,,,,50,0,50,0,0,83,0,0,0,0,0,0,0,0,0,0,9000000,0.0,"Gainesville, FL",,,,
1186,996,flyeaglesfly29,Lightsout Lewis,Lightsout,Lewis,15.0,retired,,2025-04-03 11:10:04,,Safety,All-Around,,,,50,0,50,0,0,1124,0,0,0,0,0,0,0,0,0,0,70563094,32.0,"Laurel, Idaho",East Carolina University,,,
1185,930,Vedin,Jacob Rowan,Jacob,Rowan,15.0,retired,,2025-04-03 11:10:04,,Defensive Tackle,Pass Blocker,,,,50,0,50,0,0,166,0,0,0,0,0,0,0,0,0,0,19354675,0.0,Boston,Boston College,,,
1184,933,BigKicks,Alex Dasistwirklichseinnachname,Alex,Dasistwirklichseinnachname,15.0,retired,,2025-04-03 11:10:04,,Kicker,Accurate,,,,50,0,50,0,0,679,0,0,0,0,0,0,0,0,0,0,-6835425,5.0,"Wünsdorf, Germany",Humboldt University of Berlin,,,
1183,919,jimmyGOAT10,Gimmy Jaroppolo,Gimmy,Jaroppolo,15.0,retired,,2025-04-03 11:10:04,,Quarterback,Gunslinger,,,,50,0,50,0,0,50,0,0,0,0,0,0,0,0,0,0,13500000,10.0,"Dallas, Texas",Oklahoma University (OU),,,
1182,1019,TheKicker,Cameron Clutch,Cameron,Clutch,15.0,retired,,2025-04-03 11:10:04,,Kicker,Accurate,,,,50,0,50,0,0,82,0,0,0,0,0,0,0,0,0,0,12414880,44.0,Austria ???????? ,Yale,,,
1181,944,Sunshine,Bill Inohi,Bill,Inohi,15.0,retired,,2025-04-03 11:10:04,,Defensive Tackle,Balanced,,,,50,0,50,0,0,59,0,0,0,0,0,0,0,0,0,0,9000000,96.0,"Buford, Wyoming ",University of Idaho,,,
1180,979,br0_0ker,Ahri Espeeyeeseetee,Ahri,Espeeyeeseetee,15.0,retired,,2025-04-03 11:10:04,,Wide Receiver,Man to Man ,,,,50,0,50,0,0,1014,0,0,0,0,0,0,0,0,0,0,119964781,19.0,"Seoul, SK",Swagger,,,
1179,921,Thee_Autumn_Wind,Poster Nutbag,Poster,Nutbag,15.0,retired,,2025-04-03 11:10:04,,Defensive Tackle,Interior Rusher,,,,50,0,50,0,0,50,0,0,0,0,0,0,0,0,0,0,10500000,97.0,"Providence, RI",Boston College,,,
1178,1013,RohnJobert,Apollo Lange,Apollo,Lange,15.0,retired,,2025-04-03 11:10:04,,Quarterback,Mobile,,,,50,0,50,0,0,139,0,0,0,0,0,0,0,0,0,0,5948475,13.0,"Albuquerque, New Mexico",UCLA,,,
1177,1009,Tesoroano7,Avery Thomas,Avery,Thomas,15.0,retired,,2025-04-03 11:10:04,,Safety,Center Fielder,,,,50,0,50,0,0,69,0,0,0,0,0,0,0,0,0,0,18500000,25.0,"St Louis, Missouri",The Ohio State University ,,,
1176,1042,jms199456,Trey Aguilar,Trey,Aguilar,15.0,retired,,2025-04-03 11:10:04,,Cornerback,Man to Man,,,,50,0,50,0,0,50,0,0,0,0,0,0,0,0,0,0,6500000,22.0,"Los Angeles, California",USC,,,
1175,1004,shadyshoelace,Nero Alexander,Nero,Alexander,15.0,retired,,2025-04-03 11:10:04,,Defensive Tackle,Interior Rusher,,,,50,0,50,0,0,1426,0,0,0,0,0,0,0,0,0,0,47519992,92.0,"Chicago, IL",Northwestern,,,
1174,888,ShackDad,Memphis Wilkerson,Memphis,Wilkerson,15.0,retired,,2025-04-03 11:10:04,,Defensive End,Power Rusher,,,,50,0,50,0,0,50,0,0,0,0,0,0,0,0,0,0,5000000,56.0,"Lexington, KY",University of Kentucky,,,
1173,842,Nickm0595,Brett Tacony,Brett,Tacony,14.0,retired,,2025-04-03 11:09:54,,Wide Receiver,Route Runner,,,,50,0,50,0,0,57,0,0,0,0,0,0,0,0,0,0,5500000,19.0,Philadelphia ,Ohio State,,,
1172,843,Ape,Ma Goomba,Ma,Goomba,14.0,retired,,2025-04-03 11:09:54,,Offensive Lineman,Athletic Lineman,,,,50,0,50,0,0,57,0,0,0,0,0,0,0,0,0,0,6000000,66.0,New Jersey,LSU,,,
1171,836,sableye,Stanley Marshall,Stanley,Marshall,14.0,retired,,2025-04-03 11:09:54,,Cornerback,All-Around,,,,50,0,50,0,0,50,0,0,0,0,0,0,0,0,0,0,4000000,51.0,"New York, New York",Duke,,,
1170,858,BeyondBeyonder,Dingus Hunk,Dingus,Hunk,14.0,retired,,2025-04-03 11:09:54,,Defensive Tackle,Run Stuffer,,,,50,0,50,0,0,82,0,0,0,0,0,0,0,0,0,0,14719320,96.0,"Opp, AL", Troy,,,
1169,861,soryantyler,Gekyume Stokeley,Gekyume,Stokeley,14.0,retired,,2025-04-03 11:09:54,,Linebacker,Balanced,,,,50,0,50,0,0,478,0,0,0,0,0,0,0,0,0,0,24899795,54.0,Tennessee ,Tennesse,,,
1168,850,PopesDontRun,James Andrews,James,Andrews,14.0,retired,,2025-04-03 11:09:54,,Defensive End,Speed Rusher,,,,50,0,50,0,0,50,0,0,0,0,0,0,0,0,0,0,6000000,91.0,"Lake Forest, IL",Illinois,,,
1167,856,awurm,Thad Castle,Thad,Castle,14.0,retired,,2025-04-03 11:09:54,,Linebacker,Power Rusher,,,,50,0,50,0,0,55,0,0,0,0,0,0,0,0,0,0,4000000,54.0,Boznia,University of Florida,,,
1166,24,Raven,Corvo Havran,Corvo,Havran,14.0,retired,active,2025-04-03 11:09:54,,Quarterback,Pocket Passer,,,,50,0,50,0,0,1419,0,0,0,0,0,0,0,0,0,0,81878343,13.0,"Liberec, Czech Republic",LSU,,,
1165,585,Jonstradamus,Maxwell Beard,Maxwell,Beard,14.0,retired,,2025-04-03 11:09:54,,Defensive Tackle,Interior Rusher,,,,50,0,50,0,0,263,0,0,0,0,0,0,0,0,0,0,5075300,79.0," Washington, D.C.",University of Delaware,,,
1164,845,cb9,Cam Poole,Cam,Poole,14.0,retired,,2025-04-03 11:09:54,,Safety,Center Fielder,,,,50,0,50,0,0,57,0,0,0,0,0,0,0,0,0,0,6000000,22.0,"Dearborn, MI",Michigan,,,
1163,207,Jiggly_333,Rose Jenkins,Rose,Jenkins,14.0,retired,active,2025-04-03 11:09:54,,Quarterback,Gunslinger,,,,50,0,50,0,0,1207,0,0,0,0,0,0,0,0,0,0,-152273,13.0,"Chicago, IL",Northern Illinois University,,,
1162,852,threemanweave,Cody Kupp,Cody,Kupp,14.0,retired,,2025-04-03 11:09:54,,Safety,All-Around,,,,50,0,50,0,0,57,0,0,0,0,0,0,0,0,0,0,6000000,0.0,"Athens, GA",Georgia,,,
1161,848,reddude99,Adam Hardin,Adam,Hardin,14.0,retired,,2025-04-03 11:09:54,,Quarterback,Mobile,,,,50,0,50,0,0,55,0,0,0,0,0,0,0,0,0,0,9000000,12.0,"Louisville, KY",University of Louisville,,,
1160,121,youngcricket,Leighton Lee,Leighton,Lee,14.0,retired,,2025-04-03 11:09:54,,Linebacker,Balanced,,,,50,0,50,0,0,695,0,0,0,0,0,0,0,0,0,0,1272800,55.0,idaho,texas,,,
1159,847,atcovin,Drew Maddox,Drew,Maddox,14.0,retired,,2025-04-03 11:09:54,,Wide Receiver,Possession Receiver,,,,50,0,50,0,0,79,0,0,0,0,0,0,0,0,0,0,4400000,3.0,Chicago,Clemson,,,
1158,60,timeconsumer,Cooter Bigsby,Cooter,Bigsby,14.0,retired,,2025-04-03 11:09:54,,Quarterback,Gunslinger,,,,50,0,50,0,0,1319,0,0,0,0,0,0,0,0,0,0,26610454,1.0,"Toad Suck, Arkansas",Arkansas,,,
1157,42,WinstonKodogo,Stephen Harris Jr,Stephen,Harris Jr,14.0,retired,,2025-04-03 11:09:54,,Kicker,Balanced,,,,50,0,50,0,0,131,0,0,0,0,0,0,0,0,0,0,15328050,3.0,"Edinburgh, Scotland",University of Pennsylvania,,,
1156,127,Player1,"Sandip ""Sandy"" Bakshi",Sandip,"""Sandy"" Bakshi",14.0,retired,,2025-04-03 11:09:54,,Linebacker,Speed Rusher,,,,50,0,50,0,0,648,0,0,0,0,0,0,0,0,0,0,11010615,44.0,"Rochester, New York",Syracuse,,,
1155,844,BaronvonJobi,Ricky Enbalse,Ricky,Enbalse,14.0,retired,,2025-04-03 11:09:54,,Linebacker,Run Stopper,,,,50,0,50,0,0,50,0,0,0,0,0,0,0,0,0,0,6000000,55.0,"Charleston, West Virginia",West Virginia,,,
1154,834,Ryan0413,"Alfredo ""Thighmaster"" Crisco",Alfredo,"""Thighmaster"" Crisco",14.0,retired,,2025-04-03 11:09:54,,Kicker,Power,,,,50,0,50,0,0,481,0,0,0,0,0,0,0,0,0,0,-784500,4.0,"Houston, Texas",San Jose State,,,
1153,402,JuOSu,Stan Francisco,Stan,Francisco,14.0,retired,active,2025-04-03 11:09:54,,Quarterback,Pocket Passer,,,,50,0,50,0,0,1136,0,0,0,0,0,0,0,0,0,0,-977735,88.0,"San Francisco, CA",University of San Francisco,,,
1152,862,maskermind414,Buchanan Simons,Buchanan,Simons,14.0,retired,,2025-04-03 11:09:54,,Wide Receiver,Red Zone Threat,,,,50,0,50,0,0,50,0,0,0,0,0,0,0,0,0,0,5000000,0.0,,,,,
1151,4,princekyle,Žak Korošec,Žak,Korošec,14.0,retired,,2025-04-03 11:09:54,,Kicker,Power,,,,50,0,50,0,0,50,0,0,0,0,0,0,0,0,0,0,24600000,69.0,"Kamnik, Slovenia",Slovenia (International),,,
1150,838,uncleleo#39;skomrade,Joseph Henry,Joseph,Henry,14.0,retired,,2025-04-03 11:09:54,,Defensive End,Power Rusher,,,,50,0,50,0,0,218,0,0,0,0,0,0,0,0,0,0,1000000,94.0,"London, Ontario, Canada",Ohio State University,,,
1149,591,ghostfacethrilla,Rembrandt Khalil-Bugatti,Rembrandt,Khalil-Bugatti,13.0,retired,,2025-04-03 11:09:45,,Defensive Tackle,Interior Rusher,,,,50,0,50,0,0,63,0,0,0,0,0,0,0,0,0,0,5799330,6969.0,The Bronx,Yo Mamma's House,,,
1148,47,JBLAZE_THE_BOSS,Johnny Blaze,Johnny,Blaze,13.0,retired,active,2025-04-03 11:09:45,,Tight End,Vertical Threat,,,,50,0,50,0,0,847,0,0,0,0,0,0,0,0,0,0,7950589,87.0,Boston MA ,Boston College,,,
1147,819,Alkaiid,Blake McCargue,Blake,McCargue,13.0,retired,,2025-04-03 11:09:45,,Offensive Lineman,Pass Blocker,,,,50,0,50,0,0,143,0,0,0,0,0,0,0,0,0,0,16173800,44.0,"Mustang, Oklahoma",Oklahoma University,,,
1146,21,Noble,Lucius Kaine,Lucius,Kaine,13.0,retired,,2025-04-03 11:09:45,,Wide Receiver,Route Runner,,,,50,0,50,0,0,276,0,0,0,0,0,0,0,0,0,0,3237600,1.0,"Troy, Ohio",Ohio State,,,
1145,294,manicmav36,Johnny Snuggles,Johnny,Snuggles,13.0,retired,active,2025-04-03 11:09:45,,Cornerback,Zone,,,,50,0,50,0,0,1352,0,0,0,0,0,0,0,0,0,0,6920793,21.0,"Lincoln, NE",University of Nebraska,,,
1144,826,sarmo,J.N. Nova,J.N.,Nova,13.0,retired,,2025-04-03 11:09:45,,Wide Receiver,,,,,50,0,50,0,0,108,0,0,0,0,0,0,0,0,0,0,11000000,3.0,,Texas A&M,,,
1143,823,DavidCorperial,David Ginsberg,David,Ginsberg,13.0,retired,,2025-04-03 11:09:45,,Linebacker,Balanced,,,,50,0,50,0,0,567,0,0,0,0,0,0,0,0,0,0,18500000,16.0,"Stamford, CT",Connecticut,,,
1142,31,Rich,Benson Harris,Benson,Harris,13.0,retired,,2025-04-03 11:09:45,,Defensive Tackle,Interior Rusher,,,,50,0,50,0,0,419,0,0,0,0,0,0,0,0,0,0,15900000,99.0,"Daytona Beach, FL",LSU,,,
1141,399,Bayley,Tyler Swift,Tyler,Swift,13.0,retired,active,2025-04-03 11:09:45,,Safety,Center Fielder,,,,50,0,50,0,0,604,0,0,0,0,0,0,0,0,0,0,178823307,28.0,"Lowell, Massachusetts",Boston College,,,
1140,577,AzhekAhriman,Chris Steele,Chris,Steele,13.0,retired,,2025-04-03 11:09:45,,Cornerback,Man to Man,,,,50,0,50,0,0,142,0,0,0,0,0,0,0,0,0,0,28902960,18.0,New Orleans,UF,,,
1139,820,39alaska39,Alex Frost,Alex,Frost,13.0,retired,,2025-04-03 11:09:45,,Kicker,Balanced,,,,50,0,50,0,0,141,0,0,0,0,0,0,0,0,0,0,13588100,4.0,"Bend, Oregon ",University of Oregon,,,
1138,818,JayWhy,Jaren Haden,Jaren,Haden,13.0,retired,,2025-04-03 11:09:45,,Linebacker,Balanced,,,,50,0,50,0,0,69,0,0,0,0,0,0,0,0,0,0,26673200,57.0,"Wheeling, WV",West Virginia University,,,
1137,830,Rise of Smitty,Vander Jones,Vander,Jones,13.0,retired,,2025-04-03 11:09:45,,Running Back,All-Purpose Back,,,,50,0,50,0,0,646,0,0,0,0,0,0,0,0,0,0,4032335,21.0,"Miami, FL",UCF,,,
1136,462,toivo,Bona’beri Jones,Bona’beri,Jones,13.0,retired,,2025-04-03 11:09:45,,Wide Receiver,Speed Receiver,,,,50,0,50,0,0,640,0,0,0,0,0,0,0,0,0,0,17361225,0.0,"Durham, NC",Duke,,,
1135,833,Ason94,Knute Knurtsson,Knute,Knurtsson,13.0,retired,,2025-04-03 11:09:45,,Safety,,,,,50,0,50,0,0,322,0,0,0,0,0,0,0,0,0,0,4100000,71.0,,Michigan state ,,,
1134,817,harvey,Harvey Danger,Harvey,Danger,13.0,retired,,2025-04-03 11:09:45,,Tight End,Vertical Threat,,,,50,0,50,0,0,67,0,0,0,0,0,0,0,0,0,0,9000000,89.0,"San Diego, California",USC,,,
1133,245,AsylumParty,Spencer Castle,Spencer,Castle,13.0,retired,,2025-04-03 11:09:45,,Cornerback,All-Around,,,,50,0,50,0,0,383,0,0,0,0,0,0,0,0,0,0,78819797,23.0,"Tampa, FL",Miami,,,
1132,745,StickyRicky,Corey Trevor,Corey,Trevor,13.0,retired,,2025-04-03 11:09:45,,Running Back,Speed Back,,,,250,0,250,0,0,190,0,0,0,0,0,0,0,0,0,0,1720000,84.0,Nova Scotia,Never,,,
1131,828,Bigred1580,Nate Swift,Nate,Swift,13.0,retired,active,2025-04-03 11:09:45,,Wide Receiver,Route Runner,,,,50,0,50,0,0,1297,0,0,0,0,0,0,0,0,0,0,252431587,13.0,Omaha,Nebraska,,,
1130,831,Esso2264,Kyle Frost,Kyle,Frost,13.0,retired,,2025-04-03 11:09:45,,Kicker,Balanced,,,,50,0,50,0,0,74,0,0,0,0,0,0,0,0,0,0,5000000,17.0,"Bend, Oregon",University of Oregon,,,
1129,790,Ricecake,Eric McStrong,Eric,McStrong,13.0,retired,,2025-04-03 11:09:45,,Defensive End,Run Stopper,,,,50,0,50,0,0,50,0,0,0,0,0,0,0,0,0,0,19517440,0.0,"Saskatoon, SK",Holy Cross High School,,,
1128,827,Ng120299,Ladarius Ansong,Ladarius,Ansong,13.0,retired,,2025-04-03 11:09:45,,Tight End,Balanced Tight End ,,,,50,0,50,0,0,50,0,0,0,0,0,0,0,0,0,0,1000000,0.0,,,,,
1127,616,TrueTexican,Caleb McCoy,Caleb,McCoy,13.0,retired,,2025-04-03 11:09:45,,Safety,Playmaker Archetype,,,,50,0,50,0,0,243,0,0,0,0,0,0,0,0,0,0,1751470,14.0,"Elmendorf, TX",TCU,,,
1126,734,BaseScoutX1,Dick Cheese Jr.,Dick,Cheese Jr.,13.0,retired,,2025-04-03 11:09:45,,Linebacker,Speed Rusher,,,,50,0,50,0,0,133,0,0,0,0,0,0,0,0,0,0,16396150,79.0,"San Antonio, Texas",The University of Georgia Bulldogs,,,
1125,235,Jepox,Corwin Davenport,Corwin,Davenport,13.0,retired,,2025-04-03 11:09:45,,Running Back,Speed Back,,,,50,0,50,0,0,155,0,0,0,0,0,0,0,0,0,0,15320500,89.0,"Salisbury, Connecticut",Salisbury School,,,
1124,816,JM62,Jordan McCann,Jordan,McCann,13.0,retired,,2025-04-03 11:09:45,,Defensive Tackle,Nose Tackle,,,,50,0,50,0,0,52,0,0,0,0,0,0,0,0,0,0,2500000,0.0,"Tampa, Florida",,,,
1123,161,DeathOnReddit,Arbin Asipi III,Arbin,Asipi III,12.0,retired,,2025-04-03 11:08:49,,Cornerback,Man to Man,,,,50,0,50,0,0,491,0,0,0,0,0,0,0,0,0,0,31238347,23.0,"Hartford, Connecticut",UCONN,,,
1122,59,PigSnout,Errol Maddox,Errol,Maddox,12.0,retired,,2025-04-03 11:05:45,,Wide Receiver,Speed Receiver,,,,50,0,50,0,0,1461,0,0,0,0,0,0,0,0,0,0,5837256,14.0,"Baltimore, Maryland",University of Maryland,,,
1121,412,jaskins811,Hike Mughes,Hike,Mughes,12.0,retired,,2025-04-03 11:05:45,,Cornerback,Man to Man,,,,50,0,50,0,0,397,0,0,0,0,0,0,0,0,0,0,19884266,21.0,North Carolina,UCF,,,
1120,787,YoungGreekBoy,Luke Boechler,Luke,Boechler,12.0,retired,,2025-04-03 11:05:45,,Quarterback,Gunslinger,,,,50,0,50,0,0,282,0,0,0,0,0,0,0,0,0,0,-4671480,9.0,"Meadow Lake, Canada",Holy Cross High School,,,
1119,795,KingRonald,Ronnie Williams,Ronnie,Williams,12.0,retired,,2025-04-03 11:05:45,,Tight End,Vertical Threat,,,,50,0,50,0,0,124,0,0,0,0,0,0,0,0,0,0,500000,87.0,"Santa Cruz, California",South Carolina,,,
1118,33,ckroyal92,Trey Staley,Trey,Staley,12.0,retired,active,2025-04-03 11:05:45,,Safety,Playmaker,,,,50,0,50,0,0,911,0,0,0,0,0,0,0,0,0,0,197648400,20.0,"Columbia, SC",Clemson,,,
1117,808,StamkosFan,Tommy Helanen,Tommy,Helanen,12.0,retired,,2025-04-03 11:05:45,,Wide Receiver,Speed Receiver,,,,50,0,50,0,0,1006,0,0,0,0,0,0,0,0,0,0,27153071,17.0,"Cleveland, OH",Cleveland State University,,,
1116,331,4D Chess,Beauregard Smallwood-Chess,Beauregard,Smallwood-Chess,12.0,retired,,2025-04-03 11:05:45,,Running Back,All-Purpose Back,,,,50,0,50,0,0,136,0,0,0,0,0,0,0,0,0,0,21423500,48.0,"Paris, Texas",Yale,,,
1115,796,Whatistheinternet,Jeff Jefferson IV,Jeff,Jefferson IV,12.0,retired,,2025-04-03 11:05:45,,Safety,Center Fielder,,,,50,0,50,0,0,182,0,0,0,0,0,0,0,0,0,0,14540000,43.0,"Oakland, CA",Stanford,,,
1114,17,Symmetrik,Luke Smyles,Luke,Smyles,12.0,retired,,2025-04-03 11:05:45,,Defensive End,Speed Rusher,,,,50,0,50,0,0,459,0,0,0,0,0,0,0,0,0,0,29331023,94.0,"Hinsdale, IL, USA",Michigan,,,
1113,798,Shaggy28,CJ Henderson,CJ,Henderson,12.0,retired,,2025-04-03 11:05:45,,Cornerback,All-Around,,,,50,0,50,0,0,81,0,0,0,0,0,0,0,0,0,0,22175000,28.0,Colorado Springs Colorado,Miami (The U),,,
1112,789,WannabeFinn,Grayson Kuusela,Grayson,Kuusela,12.0,retired,,2025-04-03 11:05:45,,Defensive End,Balanced,,,,50,0,50,0,0,620,0,0,0,0,0,0,0,0,0,0,19455160,95.0,"Columbus, Ohio",Ohio University,,,
1111,814,slimthugga,Stayve Jerome Thomas,Stayve,Jerome Thomas,12.0,retired,,2025-04-03 11:05:45,,Defensive End,Speed Rusher,,,,50,0,50,0,0,135,0,0,0,0,0,0,0,0,0,0,11720000,94.0,My Mom's Vag,THE Ohio State University,,,
1110,300,iamslm22,Charlie Trout,Charlie,Trout,12.0,retired,,2025-04-03 11:05:45,,Linebacker,Balanced,,,,50,0,50,0,0,775,0,0,0,0,0,0,0,0,0,0,97097512,22.0,"Upper East Side of New York, New York",St. Jude's School for Boys - High School. No College,,,
1109,186,RainDelay,Rylant Wright,Rylant,Wright,12.0,retired,,2025-04-03 11:05:45,,Wide Receiver,Speed Receiver,,,,50,0,50,0,0,167,0,0,0,0,0,0,0,0,0,0,19093902,17.0,"Syracuse, NY",Syracuse University,,,
1108,700,JSS,Aksel Danielsson,Aksel,Danielsson,12.0,retired,,2025-04-03 11:05:45,,Running Back,Speed Back,,,,50,0,50,0,0,417,0,0,0,0,0,0,0,0,0,0,11931540,3.0,"Stockholm, Sweden",Chiraq University,,,
1107,147,Bwestfield,James Bishop,James,Bishop,12.0,retired,,2025-04-03 11:05:45,,Wide Receiver,Speed Receiver,,,,50,0,50,0,0,1428,0,0,0,0,0,0,0,0,0,0,24958515,16.0,"Austin, TX",Baylor,,,
1106,776,wuma,Derek Bohne,Derek,Bohne,12.0,retired,,2025-04-03 11:05:45,,Safety,Center Fielder,,,,50,0,50,0,0,278,0,0,0,0,0,0,0,0,0,0,8978175,29.0,"Boston, MA",Rutgers ,,,
1105,324,JR95,Jon Gott,Jon,Gott,12.0,retired,,2025-04-03 11:05:45,,Linebacker,Balanced,,,,50,0,50,0,0,148,0,0,0,0,0,0,0,0,0,0,8268000,63.0,Edmonton,Boise State University,,,
1104,781,CoachEaux,Thomas Clark,Thomas,Clark,12.0,retired,,2025-04-03 11:05:45,,Defensive Tackle,Interior Rusher,,,,50,0,50,0,0,125,0,0,0,0,0,0,0,0,0,0,15500000,90.0,"Baton Rouge, Louisiana",Louisiana State University ,,,
1103,413,ralams123,Sam Hardwick,Sam,Hardwick,12.0,retired,,2025-04-03 11:05:45,,Wide Receiver,Speed Receiver,,,,50,0,50,0,0,591,0,0,0,0,0,0,0,0,0,0,12914800,11.0,,Clemson University,,,
1102,788,Wasty,Ikaika Kalilimoku,Ikaika,Kalilimoku,12.0,retired,,2025-04-03 11:05:45,,Defensive End,Power Rusher,,,,50,0,50,0,0,270,0,0,0,0,0,0,0,0,0,0,16661000,50.0,"Kahuku, HI, USA",University of Hawai'i,,,
1101,802,Snussu,Fast Boija,Fast,Boija,12.0,retired,,2025-04-03 11:05:45,,Running Back,Speed Back,,,,50,0,50,0,0,290,0,0,0,0,0,0,0,0,0,0,41262600,69.0,"Springfield, Ohio",Clark State Community College,,,
1100,785,Mavfatha,Freezer Riposte,Freezer,Riposte,12.0,retired,,2025-04-03 11:05:45,,Defensive Tackle,Interior Rusher,,,,50,0,50,0,0,1273,0,0,0,0,0,0,0,0,0,0,-2296560,72.0,"Volcano, Hawaii",University of Hawaii,,,
1099,790,Ricecake,Eric Legstrong,Eric,Legstrong,12.0,retired,,2025-04-03 11:05:45,,Kicker,Power,,,,50,0,50,0,0,101,0,0,0,0,0,0,0,0,0,0,19517440,19.0,"Saskatoon, Canada",Holy Cross High School,,,
1098,803,hyreektill,James Wade,James,Wade,12.0,retired,,2025-04-03 11:05:45,,Running Back,Receiving Back,,,,50,0,50,0,0,57,0,0,0,0,0,0,0,0,0,0,12000000,33.0,Los Angeles,,,,
1097,813,karl,Raymond Vans,Raymond,Vans,12.0,retired,,2025-04-03 11:05:45,,Linebacker,Speed Rusher,,,,50,0,50,0,0,1025,0,0,0,0,0,0,0,0,0,0,12394450,52.0,"Edmonton, Alberta",Miami (FL),,,
1096,810,duckberg,Pecker Cox,Pecker,Cox,12.0,retired,,2025-04-03 11:05:45,,Defensive Tackle,Interior Rusher,,,,50,0,50,0,0,126,0,0,0,0,0,0,0,0,0,0,12306750,91.0,Philly Philly,Mississippi State,,,
1095,807,TommySalami,Tommy Salami,Tommy,Salami,12.0,retired,,2025-04-03 11:05:45,,Defensive End,Power Rusher,,,,50,0,50,0,0,216,0,0,0,0,0,0,0,0,0,0,9500000,69.0,"Springfield, Missouri",Kent State,,,
1094,791,SammyG,Sam Garrad,Sam,Garrad,12.0,retired,,2025-04-03 11:05:45,,Defensive Tackle,Run Stuffer,,,,50,0,50,0,0,249,0,0,0,0,0,0,0,0,0,0,900080,69.0,"Aberdeen, Saskatchewan, Canada",Holy Cross High School,,,
1093,786,NCISagent1,Devon Baxter,Devon,Baxter,12.0,retired,,2025-04-03 11:05:45,,Wide Receiver,Route Runner,,,,50,0,50,0,0,178,0,0,0,0,0,0,0,0,0,0,11500000,42.0,Kentucky,Penn State,,,
1092,815,Mack,Neo Donaldson,Neo,Donaldson,12.0,retired,,2025-04-03 11:05:45,,Kicker,Power,,,,50,0,50,0,0,257,0,0,0,0,0,0,0,0,0,0,10988600,9.0,"Gary, Indiana",Notre Dame,,,
1091,805,jsachs,Joey Sachs,Joey,Sachs,12.0,retired,,2025-04-03 11:05:45,,Defensive End,Balanced,,,,50,0,50,0,0,162,0,0,0,0,0,0,0,0,0,0,4420650,98.0,,none,,,
1090,799,Hoeforest,Krispy Kreme,Krispy,Kreme,12.0,retired,,2025-04-03 11:05:45,,Wide Receiver,Route Runner,,,,50,0,50,0,0,178,0,0,0,0,0,0,0,0,0,0,-5270960,89.0,"Carrot River, Saskatchewan",Holy Cross High School,,,
1089,459,PDXBaller,Axel Hornbacher,Axel,Hornbacher,12.0,retired,,2025-04-03 11:05:45,,Cornerback,Man to Man,,,,50,0,50,0,0,1023,0,0,0,0,0,0,0,0,0,0,36693010,36.0,"Sante Fe, NM",University of Colorado,,,
1088,446,AdamS,Dick Wizardry,Dick,Wizardry,12.0,retired,,2025-04-03 11:05:45,,Defensive Tackle,Interior Rusher,,,,50,0,50,0,0,1164,0,0,0,0,0,0,0,0,0,0,29803325,69.0,the vagina,University of Phoenix,,,
1087,792,MrStennett,Thorian Skarsgard,Thorian,Skarsgard,12.0,retired,,2025-04-03 11:05:45,,Defensive Tackle,Interior Rusher,,,,50,0,50,0,0,1184,0,0,0,0,0,0,0,0,0,0,38002300,95.0,"Oslo, Norway",Rutgers University,,,
1086,793,AtomikaNova,Thomas Nova,Thomas,Nova,12.0,retired,,2025-04-03 11:05:45,,Wide Receiver,Route Runner,,,,50,0,50,0,0,50,0,0,0,0,0,0,0,0,0,0,9000000,88.0,"Bloomington, IN",Indiana ,,,
1085,77,ErMurazor,Jorel Tuck,Jorel,Tuck,12.0,retired,,2025-04-03 11:05:45,,Safety,Center Fielder,,,,50,0,50,0,0,716,0,0,0,0,0,0,0,0,0,0,11766695,21.0,"Emerald Hills, CA",,,,
1084,794,WALDO,Jeffery Murphy,Jeffery,Murphy,12.0,retired,active,2025-04-03 11:05:45,,Running Back,Receiving Back,,,,50,0,50,0,0,341,0,0,0,0,0,0,0,0,0,0,53094653,0.0,"Greenville, SC",,,,
1083,777,PSanchez55,Logan Lejune,Logan,Lejune,12.0,retired,,2025-04-03 11:05:45,,Safety,All-Around,,,,50,0,50,0,0,935,0,0,0,0,0,0,0,0,0,0,21246470,22.0,"Groves, Texas",Lamar College,,,
1082,610,Shrodawg,Roman Stakowski,Roman,Stakowski,12.0,retired,,2025-04-03 11:05:45,,Tight End,Blocking Tight End,,,,50,0,50,0,0,227,0,0,0,0,0,0,0,0,0,0,11159530,81.0,"Brampton, Ontario",University Of Calgary,,,
1081,299,tlk742,Django Anoa’i,Django,Anoa’i,12.0,retired,,2025-04-03 11:05:45,,Wide Receiver,Red Zone Threat,,,,50,0,50,0,0,797,0,0,0,0,0,0,0,0,0,0,7971001,17.0,"Huntington Station, NY",Beloit College,,,
1080,728,Doctor Topher,Grayson Wayne,Grayson,Wayne,12.0,retired,,2025-04-03 11:05:45,,Safety,,,,,50,0,50,0,0,50,0,0,0,0,0,0,0,0,0,0,14000000,26.0,,Michigan State University,,,
1079,382,TheMemeMaestro,Daniel Amon,Daniel,Amon,12.0,retired,,2025-04-03 11:05:45,,Quarterback,Game Manager,,,,50,0,50,0,0,61,0,0,0,0,0,0,0,0,0,0,8052949,8.0,"San Diego, California",Eastern Illinois,,,
1078,592,Supersquare04,Jonathan Towers,Jonathan,Towers,12.0,retired,,2025-04-03 11:05:45,,Safety,Center Fielder,,,,50,0,50,0,0,196,0,0,0,0,0,0,0,0,0,0,11953610,23.0,Missouri,Georgia,,,
1077,800,mcgriddleluver,Soupy McBrain,Soupy,McBrain,12.0,retired,,2025-04-03 11:05:45,,Linebacker,Balanced,,,,50,0,50,0,0,155,0,0,0,0,0,0,0,0,0,0,5045700,52.0,Omaha,Nebraska,,,
1076,460,Keyg_an,Ja’brill Tuck,Ja’brill,Tuck,12.0,retired,,2025-04-03 11:05:45,,Defensive End,Speed Rusher,,,,50,0,50,0,0,273,0,0,0,0,0,0,0,0,0,0,8595125,13.0,"Chicago, Illinois",Ole Miss,,,
1075,352,Dangles13,Beau Montgomery,Beau,Montgomery,12.0,retired,,2025-04-03 11:05:45,,Cornerback, Man to Man,,,,50,0,50,0,0,637,0,0,0,0,0,0,0,0,0,0,12001670,20.0,"Milwaukee, Wisconsin ",Florida State ,,,
1074,782,Avakael,Roderick Castleberry,Roderick,Castleberry,12.0,retired,,2025-04-03 11:05:45,,Kicker,Accurate,,,,50,0,50,0,0,95,0,0,0,0,0,0,0,0,0,0,17000000,3.0,"Santa Fe, NM",Air Force,,,
1073,797,CaptainCup,Cole Walker,Cole,Walker,12.0,retired,,2025-04-03 11:05:45,,Defensive End,Speed Rusher,,,,50,0,50,0,0,99,0,0,0,0,0,0,0,0,0,0,10500000,57.0,"New Orleans, LA",Tulane University,,,
1072,806,Dez,Shane Trigg,Shane,Trigg,12.0,retired,,2025-04-03 11:05:45,,Defensive Tackle,Interior Rusher,,,,50,0,50,0,0,50,0,0,0,0,0,0,0,0,0,0,1000000,77.0,,Colorado,,,
1071,145,Bzerkap,Bobson Dugnutt,Bobson,Dugnutt,11.0,retired,,2025-04-03 11:05:30,,Cornerback,Zone,,,,50,0,50,0,0,345,0,0,0,0,0,0,0,0,0,0,36375744,19.0,"Plaquemine, LA",LSU,,,
1070,392,BoltyMcSpeedy,Kick Puncher,Kick,Puncher,11.0,retired,,2025-04-03 11:05:30,,Kicker,Balanced,,,,50,0,50,0,0,76,0,0,0,0,0,0,0,0,0,0,11093050,1.0,"Buffalo, NY",N/A,,,
1069,760,DannyMethane,Danny Methane,Danny,Methane,11.0,retired,,2025-04-03 11:05:30,,Defensive End,Speed Rusher,,,,50,0,50,0,0,216,0,0,0,0,0,0,0,0,0,0,23650000,91.0,"Pittsburgh, PA",Texas Tech,,,
1068,773,yoye,Roger Batoff,Roger,Batoff,11.0,retired,,2025-04-03 11:05:30,,Wide Receiver,Possession Receiver,,,,50,0,50,0,0,386,0,0,0,0,0,0,0,0,0,0,10000000,82.0,France,None,,,
1067,762,LGMForever,Dan Schneider,Dan,Schneider,11.0,retired,,2025-04-03 11:05:30,,Safety,Center Fielder,,,,50,0,50,0,0,1109,0,0,0,0,0,0,0,0,0,0,18796935,18.0,"Chernobyl, Ukraine",Harvard University,,,
1066,761,MarneMauler99,Franklin Townsend,Franklin,Townsend,11.0,retired,,2025-04-03 11:05:30,,Defensive Tackle,Balanced,,,,50,0,50,0,0,94,0,0,0,0,0,0,0,0,0,0,9500000,96.0,"Fairmont, West Virginia",Georgia State,,,
1065,271,Ben,Tana Keïta,Tana,Keïta,11.0,retired,active,2025-04-03 11:05:30,,Linebacker,Balanced,,,,50,0,50,0,0,655,0,0,0,0,0,0,0,0,0,0,-169410,56.0,"Cleveland, Ohio",Ohio State University,,,
1064,13,Kendrick,K.J. Becker,K.J.,Becker,11.0,retired,,2025-04-03 11:05:30,,Linebacker,Speed Rusher,,,,50,0,50,0,0,706,0,0,0,0,0,0,0,0,0,0,6696490,52.0,"Ballast Key, Florida",California,,,
1063,395,Evok,Curtis Saul,Curtis,Saul,11.0,retired,,2025-04-03 11:05:30,,Defensive Tackle,Interior Rusher,,,,50,0,50,0,0,453,0,0,0,0,0,0,0,0,0,0,36550000,94.0,"Newcastle Upon Tyne, England",Newcastle College,,,
1062,90,Sweetwater,Jerrod Canton,Jerrod,Canton,11.0,retired,,2025-04-03 11:05:30,,Running Back,Speed Back,,,,50,0,50,0,0,981,0,0,0,0,0,0,0,0,0,0,99140130,33.0,"Detroit, MI",University of Michigan,,,
1061,346,RedCydranth,Marc Spector,Marc,Spector,11.0,retired,,2025-04-03 11:05:30,,Defensive End,,,,,50,0,50,0,0,520,0,0,0,0,0,0,0,0,0,0,27276220,36.0,Milstein Labs,None,,,
1060,677,LattimoreIsland,Gordon Ramsey Jr.,Gordon,Ramsey Jr.,11.0,retired,,2025-04-03 11:05:30,,Cornerback,Man to Man ,,,,50,0,50,0,0,213,0,0,0,0,0,0,0,0,0,0,12325450,23.0,"Ponchatoula, LA",LSU,,,
1059,613,cpetrella,Footballer Sackerman,Footballer,Sackerman,11.0,retired,,2025-04-03 11:05:30,,Defensive Tackle,Interior Rusher,,,,50,0,50,0,0,463,0,0,0,0,0,0,0,0,0,0,8024872,79.0,Rhode Island,Community College of Rhode Island,,,
1058,759,NextGen85,Clark Kent,Clark,Kent,11.0,retired,,2025-04-03 11:05:30,,Linebacker,Balanced,,,,50,0,50,0,0,81,0,0,0,0,0,0,0,0,0,0,5000000,85.0,"Fargo, ND",North Dakota St,,,
1057,778,Jayhawk,Jaylin Hobbs,Jaylin,Hobbs,11.0,retired,,2025-04-03 11:05:30,,Defensive Tackle,Run Stuffer,,,,50,0,50,0,0,288,0,0,0,0,0,0,0,0,0,0,4254120,85.0,"Detoit, Michigan",Michigan,,,
1056,365,Rabidsponge21,Kwame Abayomi Mbanefo,Kwame,Abayomi Mbanefo,11.0,retired,,2025-04-03 11:05:30,,Defensive End,Power Rusher,,,,50,0,50,0,0,858,0,0,0,0,0,0,0,0,0,0,14194580,25.0,"Maputo, Mozambique",Queens,,,
1055,126,37thchamber,Lennox Garnett,Lennox,Garnett,11.0,retired,active,2025-04-03 11:05:30,,Safety,Center Fielder,,,,50,0,50,0,0,1089,0,0,0,0,0,0,0,0,0,0,101780342,29.0,"Rock River, Clarendon, Jamaica",Howard University,,,
1054,755,Smitty,Blake Bishop,Blake,Bishop,11.0,retired,,2025-04-03 11:05:30,,Quarterback,Pocket Passer,,,,50,0,50,0,0,50,0,0,0,0,0,0,0,0,0,0,500000,7.0,"Vancouver, Canada",North Dakota State,,,
1053,764,maxcrazy,Steven Moore,Steven,Moore,11.0,retired,,2025-04-03 11:05:30,,Defensive End,Power Rusher,,,,50,0,50,0,0,316,0,0,0,0,0,0,0,0,0,0,65500000,13.0," Islip, New York ",Marist ,,,
1052,188,samee,Thomas Carrasco,Thomas,Carrasco,11.0,retired,,2025-04-03 11:05:30,,Running Back,Speed Back,,,,50,0,50,0,0,177,0,0,0,0,0,0,0,0,0,0,14386850,29.0,"Sint-Niklaas, Belgium",Bangalore College of Engineering and Technology,,,
1051,775,HollowHead,Spencer Lawes,Spencer,Lawes,11.0,retired,,2025-04-03 11:05:30,,Kicker,Power,,,,50,0,50,0,0,110,0,0,0,0,0,0,0,0,0,0,6894550,5.0,"Geelong, Australia",N/A,,,
1050,47,JBLAZE_THE_BOSS,Jamal Slick,Jamal,Slick,11.0,retired,active,2025-04-03 11:05:30,,Quarterback,Pocket Passer,,,,50,0,50,0,0,50,0,0,0,0,0,0,0,0,0,0,7950589,7.0,Worcester MA,Boston College,,,
1049,770,ml002,Jonathan Rice,Jonathan,Rice,11.0,retired,,2025-04-03 11:05:30,,Cornerback,Man to Man,,,,50,0,50,0,0,421,0,0,0,0,0,0,0,0,0,0,5490000,21.0,"Springboro, Ohio",University of Akron,,,
1048,26,Waters,Johnson Cox III,Johnson,Cox III,11.0,retired,,2025-04-03 11:05:30,,Cornerback,Man to Man,,,,50,0,50,0,0,258,0,0,0,0,0,0,0,0,0,0,17918700,7.0,"Montgomery, Alabama",Louisiana State University,,,
1047,767,Radsin,Harvey Kindle,Harvey,Kindle,11.0,retired,,2025-04-03 11:05:30,,Wide Receiver,Route Runner,,,,50,0,50,0,0,172,0,0,0,0,0,0,0,0,0,0,9342520,85.0,"Fredericksburg, TX",Clemson,,,
1046,780,AceBoogiieJr,Ace Boogie Jr.,Ace,Boogie Jr.,11.0,retired,,2025-04-03 11:05:30,,Cornerback,All-Around,,,,50,0,50,0,0,62,0,0,0,0,0,0,0,0,0,0,9000000,4.0,"Atlanta, Georgia",Florida (DBU),,,
1045,27,Tomen,Alex Selich,Alex,Selich,11.0,retired,,2025-04-03 11:05:30,,Linebacker,Balanced,,,,50,0,50,0,0,1217,0,0,0,0,0,0,0,0,0,0,32669624,52.0,Germany,FAU,,,
1044,20,ADwyer87,Sunnycursed -,Sunnycursed,-,11.0,retired,,2025-04-03 11:05:30,,Wide Receiver,Speed Receiver,,,,50,0,50,0,0,1266,0,0,0,0,0,0,0,0,0,0,158214174,21.0,"Columbus, Ohio, USA",The Ohio State University,,,
1043,456,Swegkingu,Zoro Roronoa,Zoro,Roronoa,11.0,retired,,2025-04-03 11:05:30,,Running Back,All-Purpose Back,,,,50,0,50,0,0,168,0,0,0,0,0,0,0,0,0,0,5300000,2.0,"Shimotsuki Village, East Blue",N/A,,,
1042,494,tbone415,Berrell Trister,Berrell,Trister,11.0,retired,,2025-04-03 11:05:30,,Wide Receiver,Speed Receiver,,,,50,0,50,0,0,67,0,0,0,0,0,0,0,0,0,0,49572593,69.0,Cyberlife,Cyberlife,,,
1041,30,ztevans,Will Foster,Will,Foster,11.0,retired,,2025-04-03 11:05:30,,Defensive Tackle,Run Stuffer,,,,50,0,50,0,0,271,0,0,0,0,0,0,0,0,0,0,21000000,96.0,"Bucksnort, Tennessee",Memphis,,,
1040,766,Justice,Ty Justice,Ty,Justice,11.0,retired,,2025-04-03 11:05:30,,Wide Receiver,Speed Receiver,,,,50,0,50,0,0,284,0,0,0,0,0,0,0,0,0,0,6183690,13.0,Edmonton Alberta,LSU,,,
1039,756,tez,Thjalfi Halvorsen,Thjalfi,Halvorsen,11.0,retired,,2025-04-03 11:05:30,,Wide Receiver,Speed Receiver,,,,50,0,50,0,0,212,0,0,0,0,0,0,0,0,0,0,11000000,84.0,"Ringerike, Norway",Oregon Ducks,,,
1038,78,Vikain,Yulic Nagasawa,Yulic,Nagasawa,11.0,retired,,2025-04-03 11:05:30,,Wide Receiver,Route Runner,,,,50,0,50,0,0,500,0,0,0,0,0,0,0,0,0,0,29106000,96.0,"Tokyo, Japan",UCF,,,
1037,772,J.G.10,Slim Shady,Slim,Shady,11.0,retired,,2025-04-03 11:05:30,,Running Back,Speed Back,,,,50,0,50,0,0,545,0,0,0,0,0,0,0,0,0,0,18700000,10.0,Toronto,Harvard ,,,
1036,23,Saliva^,Kulture Fulture,Kulture,Fulture,11.0,retired,,2025-04-03 11:05:30,,Kicker,Accurate,,,,50,0,50,0,0,655,0,0,0,0,0,0,0,0,0,0,12175666,17.0,"Youngstown, Ohio",Akron Zips,,,
1035,754,AngelTwelve,Adrian Pitcher,Adrian,Pitcher,11.0,retired,,2025-04-03 11:05:30,,Tight End,Possession Tight End,,,,50,0,50,0,0,256,0,0,0,0,0,0,0,0,0,0,5298260,85.0,"Fairfax, Virginia",Vanderbilt,,,
1034,277,SwagSloth,Andrew Reese,Andrew,Reese,11.0,retired,active,2025-04-03 11:05:30,,Quarterback,Pocket Passer*,,,,50,0,50,0,0,1336,0,0,0,0,0,0,0,0,0,0,7976774,9.0,"Indianapolis, Indiana",Purdue,,,
1033,765,goilers,Josh Parker,Josh,Parker,11.0,retired,,2025-04-03 11:05:30,,Wide Receiver,Speed,,,,50,0,50,0,0,861,0,0,0,0,0,0,0,0,0,0,16600000,99.0,"Edmonton, AB",University of Alberta,,,
1032,741,Prepare2pie,Jake Verden,Jake,Verden,10.0,retired,,2025-04-03 10:59:24,,Cornerback,Man to Man,,,,50,0,50,0,0,138,0,0,0,0,0,0,0,0,0,0,9100000,21.0,"Salt Lake City, Utah",Michigan ,,,
1031,746,ELEV8,Augustin LaDande,Augustin,LaDande,10.0,retired,,2025-04-03 10:59:24,,Wide Receiver,Possession Receiver,,,,50,0,50,0,0,50,0,0,0,0,0,0,0,0,0,0,1000000,18.0,"Chicago, Illinois",Florida State,,,
1030,750,True Pierce,True Pierce,True,Pierce,10.0,retired,,2025-04-03 10:59:24,,Linebacker,Balanced,,,,50,0,50,0,0,76,0,0,0,0,0,0,0,0,0,0,1500000,52.0,"Atlanta, Georgia",Georgia,,,
1029,734,BaseScoutX1,Dick Cheese,Dick,Cheese,10.0,retired,,2025-04-03 10:59:24,,Linebacker,Speed Rusher,,,,50,0,50,0,0,50,0,0,0,0,0,0,0,0,0,0,16396150,79.0,Florida,Florida Agriculture and Mechanical University (FAMU),,,
1028,732,TheActualSlowpoke,Steven Oats,Steven,Oats,10.0,retired,,2025-04-03 10:59:24,,Defensive End,Speed Rush,,,,50,0,50,0,0,395,0,0,0,0,0,0,0,0,0,0,7000000,23.0,"Boston, MA",Penn State,,,
1027,493,TannerH,Tanner Hendrix,Tanner,Hendrix,10.0,retired,,2025-04-03 10:59:24,,Wide Receiver,Route Runner,,,,50,0,50,0,0,90,0,0,0,0,0,0,0,0,0,0,9780880,22.0,"Kansas City, Kansas",Missouri,,,
1026,745,StickyRicky,Ricky LaFleur,Ricky,LaFleur,10.0,retired,,2025-04-03 10:59:24,,Kicker,Power,,,,50,0,50,0,0,79,0,0,0,0,0,0,0,0,0,0,1720000,42.0,Nova Scotia,What?,,,
1025,728,Doctor Topher,Chris Bennett,Chris,Bennett,10.0,retired,,2025-04-03 10:59:24,,Quarterback,Game Manager,,,,50,0,50,0,0,50,0,0,0,0,0,0,0,0,0,0,14000000,17.0,"Chicago, IL",Michigan State University,,,
1024,608,Ramrod18,Derrick DeMarco,Derrick,DeMarco,10.0,retired,,2025-04-03 10:59:24,,Kicker,Accurate,,,,50,0,50,0,0,59,0,0,0,0,0,0,0,0,0,0,8500000,18.0,"San Jose, CA",USC,,,
1023,723,AW13,Joliet L. Christ,Joliet,L. Christ,10.0,retired,active,2025-04-03 10:59:24,,Quarterback,Gunslinger,,,,50,0,50,0,0,1102,0,0,0,0,0,0,0,0,0,0,7089381,11.0,"Brookings, SD",South Dakota,,,
1022,504,datboi,Taylor Peterson,Taylor,Peterson,10.0,retired,,2025-04-03 10:59:24,,Wide Receiver,Route Runner,,,,50,0,50,0,0,108,0,0,0,0,0,0,0,0,0,0,5294850,19.0,"Suffolk, Virginia",Hampton University,,,
1021,733,Wally,Avery Woodham,Avery,Woodham,10.0,retired,,2025-04-03 10:59:24,,Defensive End,Power Rusher,,,,50,0,50,0,0,202,0,0,0,0,0,0,0,0,0,0,7500000,94.0,"Madison, WI",University of Wisconsin,,,
1020,12,DELIRIVM,Felix Hasselhoff,Felix,Hasselhoff,10.0,retired,active,2025-04-03 10:59:24,,Wide Receiver,Route Runner,,,,50,0,50,0,0,338,0,0,0,0,0,0,0,0,0,0,45853530,0.0,"Leipzig, Germany",Germany,,,
1019,37,Official DT,Lucari Felix,Lucari,Felix,10.0,retired,,2025-04-03 10:59:24,,Cornerback,Zone Cornerback,,,,50,0,50,0,0,468,0,0,0,0,0,0,0,0,0,0,13382500,29.0,"Venice, Italy",Florida State,,,
1018,735,Preza,Emilia Rudd,Emilia,Rudd,10.0,retired,,2025-04-03 10:59:24,,Tight End,Vertical Threat,,,,50,0,50,0,0,153,0,0,0,0,0,0,0,0,0,0,10006090,10.0,Manchester,Michigan State,,,
1017,729,Trautner,Danny Grithead,Danny,Grithead,10.0,retired,,2025-04-03 10:59:24,,Safety,Center Fielder,,,,50,0,50,0,0,1400,0,0,0,0,0,0,0,0,0,0,6358390,23.0,"Canton, Ohio",Last Chance U,,,
1016,743,trslick,Ray Slick,Ray,Slick,10.0,retired,,2025-04-03 10:59:24,,Linebacker,Power Rusher,,,,50,0,50,0,0,57,0,0,0,0,0,0,0,0,0,0,12000000,0.0,,,,,
1015,250,okonkwoco,Chinwemma Yobanna-Kanayochukwu,Chinwemma,Yobanna-Kanayochukwu,10.0,retired,,2025-04-03 10:59:24,,Tight End,Blocking Tight End,,,,50,0,50,0,0,377,0,0,0,0,0,0,0,0,0,0,3000000,15.0,"Long Beach, California",Long Beach City College,,,
1014,305,Oles,Kazimir Oles,Kazimir,Oles,10.0,retired,active,2025-04-03 10:59:24,,Wide Receiver,Speed Receiver,,,,50,0,50,0,0,1447,0,0,0,0,0,0,0,0,0,0,31145397,,"Baltimore, Maryland",University of Maryland,,,
1013,747,Nobody,Adam Anderson,Adam,Anderson,10.0,retired,,2025-04-03 10:59:24,,Kicker,Accurate,,,,50,0,50,0,0,140,0,0,0,0,0,0,0,0,0,0,11000000,2.0,"Cambridge, England",,,,
1012,34,evryday,Shannon Hobbs,Shannon,Hobbs,10.0,retired,,2025-04-03 10:59:24,,Safety,Center Fielder,,,,50,0,50,0,0,334,0,0,0,0,0,0,0,0,0,0,23438700,1.0,"New Orleans, LA",University of Utah,,,
1011,753,footyfrank,Frank Fort,Frank,Fort,10.0,retired,,2025-04-03 10:59:24,,Safety,Run Support,,,,50,0,50,0,0,96,0,0,0,0,0,0,0,0,0,0,-500000,49.0,Australia,,,,
1010,725,Connair,Con Nair,Con,Nair,10.0,retired,,2025-04-03 10:59:24,,Cornerback,All-Around,,,,50,0,50,0,0,50,0,0,0,0,0,0,0,0,0,0,10000000,0.0,"San Diego, California",,,,
1009,722,NamelessNate,Nate Piazza,Nate,Piazza,10.0,retired,,2025-04-03 10:59:24,,Safety,Playmaker,,,,50,0,50,0,0,121,0,0,0,0,0,0,0,0,0,0,56517633,31.0,"Los Angeles, California",UCLA,,,
1008,347,Phobospwns,Lo Rax,Lo,Rax,10.0,retired,,2025-04-03 10:59:24,,Defensive End,Balanced,,,,50,0,50,0,0,734,0,0,0,0,0,0,0,0,0,0,17166700,57.0,"Buffalo, NY",SUNY University at Buffalo,,,
1007,320,HalfEatenOnionBagel,Achilles Hondo,Achilles,Hondo,10.0,retired,,2025-04-03 10:59:24,,Cornerback,,,,,50,0,50,0,0,707,0,0,0,0,0,0,0,0,0,0,12893645,45.0,"Atlanta, GA",Fort Valley State,,,
1006,751,Nathan_Hall,A.J. Robertson,A.J.,Robertson,10.0,retired,,2025-04-03 10:59:24,,Linebacker,Speed Rusher,,,,50,0,50,0,0,249,0,0,0,0,0,0,0,0,0,0,9702590,19.0,"Belleview, Washington",University of Washington,,,
1005,159,7hawk77,Seer Zephyrous,Seer,Zephyrous,10.0,retired,,2025-04-03 10:59:24,,Running Back,All Purpose Block,,,,50,0,50,0,0,382,0,0,0,0,0,0,0,0,0,0,15620850,68.0,New Orleans,,,,
1004,731,slowpoke,Odell Marrett,Odell,Marrett,10.0,retired,,2025-04-03 10:59:24,,Defensive End,Speed Rusher,,,,50,0,50,0,0,97,0,0,0,0,0,0,0,0,0,0,6000000,50.0,"Montgomery, Alabama",Alabama State,,,
1003,153,enigmatic,Adriana Falconi,Adriana,Falconi,10.0,retired,,2025-04-03 10:59:24,,Quarterback,Pocket Passer,,,,50,0,50,0,0,1213,0,0,0,0,0,0,0,0,0,0,54367240,3.0,"Siena, Italy",Columbia University,,,
1002,460,Keyg_an,Juan Atatyme,Juan,Atatyme,10.0,retired,,2025-04-03 10:59:24,,Running Back,Blocking Back,,,,50,0,50,0,0,128,0,0,0,0,0,0,0,0,0,0,8595125,69.0,"Berkeley, California",OLE Miss,,,
1001,739,JVMjrDOT,Jordan von Matt,Jordan,von Matt,10.0,retired,,2025-04-03 10:59:24,,Wide Receiver,Route Runner,,,,50,0,50,0,0,967,0,0,0,0,0,0,0,0,0,0,26838500,6.0,"Vancouver, Canada",University of Washington,,,
1000,68,Aenir,Chris Orosz,Chris,Orosz,10.0,retired,,2025-04-03 10:59:24,,Running Back,Power Back,,,,50,0,50,0,0,461,0,0,0,0,0,0,0,0,0,0,22955220,7.0,Science Lab,Science Lab,,,
999,749,DonnoMania,Devo Cansino,Devo,Cansino,10.0,retired,,2025-04-03 10:59:24,,Running Back,Power Back,,,,50,0,50,0,0,406,0,0,0,0,0,0,0,0,0,0,37928884,9.0,"Chicago, IL",,,,
998,708,RYLAND,Ryland Morley,Ryland,Morley,10.0,retired,,2025-04-03 10:59:24,,Defensive End,Balanced,,,,50,0,50,0,0,90,0,0,0,0,0,0,0,0,0,0,5245240,56.0,"London, England",Duke,,,
997,740,Adam Krossman,Adam Krossman,Adam,Krossman,10.0,retired,,2025-04-03 10:59:24,,Running Back,Receiving Back,,,,50,0,50,0,0,76,0,0,0,0,0,0,0,0,0,0,9644000,33.0,"Plentywood, Montana",Michigan State,,,
996,736,mabb,Xandra Troyski,Xandra,Troyski,10.0,retired,,2025-04-03 10:59:24,,Cornerback,Man to Man,,,,50,0,50,0,0,1048,0,0,0,0,0,0,0,0,0,0,44754670,8.0,"Kiev, Ukraine",MIT,,,
995,220,Muford,D’Pez Poopsie,D’Pez,Poopsie,10.0,retired,,2025-04-03 10:59:24,,Defensive End,Power Rusher,,,,50,0,50,0,0,1055,0,0,0,0,0,0,0,0,0,0,45192618,95.0,"Jackson, Mississippi ",Ole Miss,,,
994,744,honeyrobot,Lanoi Arnold,Lanoi,Arnold,10.0,retired,,2025-04-03 10:59:24,,Defensive Tackle,Nose Tackle,,,,50,0,50,0,0,50,0,0,0,0,0,0,0,0,0,0,6500000,75.0,"Seattle, WA",University of Hawaii,,,
993,738,RicoTheRB,Ricky Flores,Ricky,Flores,10.0,retired,,2025-04-03 10:59:24,,Running Back,Speed Back,,,,50,0,50,0,0,90,0,0,0,0,0,0,0,0,0,0,9674430,0.0,,,,,
992,45,TheWoZy,Zenyou Wozy,Zenyou,Wozy,10.0,retired,,2025-04-03 10:59:24,,Quarterback,Pocket Passer,,,,50,0,50,0,0,358,0,0,0,0,0,0,0,0,0,0,21373500,87.0,"Canada, Yellowknife",Yellowknife,,,
991,7,Grapehead,Damien Arnold,Damien,Arnold,10.0,retired,,2025-04-03 10:59:24,,Safety,Center Fielder,,,,50,0,50,0,0,279,0,0,0,0,0,0,0,0,0,0,14081200,55.0,"Ann Arbor, MI",Michigan,,,
990,380,cosbornballboy,ShaDarrien LaMelllana,ShaDarrien,LaMelllana,9.0,retired,,2025-04-03 10:59:14,,Wide Receiver,Speed Receiver,,,,50,0,50,0,0,259,0,0,0,0,0,0,0,0,0,0,10604950,15.0,"Birmingham, AL",South Alabama,,,
989,698,ruvimk98,Ricardo Jones,Ricardo,Jones,9.0,retired,,2025-04-03 10:59:14,,Wide Receiver,Red Zone Threat,,,,50,0,50,0,0,79,0,0,0,0,0,0,0,0,0,0,5000000,22.0,"New York, New York",Ohio State,,,
988,368,OwlStrike13,LaMarcus Strike,LaMarcus,Strike,9.0,retired,,2025-04-03 10:59:14,,Running Back,Speed Back,,,,50,0,50,0,0,169,0,0,0,0,0,0,0,0,0,0,5964900,33.0,idk,Northwestern,,,
987,704,YoungTB,Marquise Brown,Marquise,Brown,9.0,retired,,2025-04-03 10:59:14,,Running Back,Speed Back,,,,50,0,50,0,0,1054,0,0,0,0,0,0,0,0,0,0,27231564,28.0,"Pahokee, Florida",Florida State,,,
986,719,MegaSharkAttack411,Fin Jameson,Fin,Jameson,9.0,retired,,2025-04-03 10:59:14,,Linebacker,Coverage Linebacker,,,,50,0,50,0,0,57,0,0,0,0,0,0,0,0,0,0,4600000,0.0,Clarkston MI,Noter Dame,,,
985,713,kylecorbett42,Kyle Corbett,Kyle,Corbett,9.0,retired,,2025-04-03 10:59:14,,Kicker,Accurate,,,,50,0,50,0,0,104,0,0,0,0,0,0,0,0,0,0,6973710,42.0,"Corpus Christi, Texas",South Carolina,,,
984,686,Vulgar,Young Spaghetti,Young,Spaghetti,9.0,retired,,2025-04-03 10:59:14,,Defensive End,Speed Rusher,,,,50,0,50,0,0,110,0,0,0,0,0,0,0,0,0,0,8522360,60.0,"Little Italy, NY",University of Olive Garden at Sketchy Mall,,,
983,439,Unicorn,Vinny Valentine,Vinny,Valentine,9.0,retired,,2025-04-03 10:59:14,,Wide Receiver,Speed Receiver,,,,50,0,50,0,0,1214,0,0,0,0,0,0,0,0,0,0,-253004,84.0,"Minneapolis, Minnesota",Stanford,,,
982,314,kckolbe,Kevin Fitzpatrick,Kevin,Fitzpatrick,9.0,retired,,2025-04-03 10:59:14,,Quarterback,Game Manager,,,,50,0,50,0,0,941,0,0,0,0,0,0,0,0,0,0,88944900,14.0,"Houston, Texas",Air Force,,,
981,721,Sorceryy,Deion Jackson,Deion,Jackson,9.0,retired,,2025-04-03 10:59:14,,Wide Receiver,Possession Receiver,,,,50,0,50,0,0,57,0,0,0,0,0,0,0,0,0,0,5000000,84.0,Michigan,Michigan,,,
980,690,cdog0803,Deangelo Warren,Deangelo,Warren,9.0,retired,,2025-04-03 10:59:14,,Wide Receiver,Possession WR,,,,50,0,50,0,0,50,0,0,0,0,0,0,0,0,0,0,9000000,89.0,"Greensboro, North Carolina",Clemson,,,
979,252,TheDangaZone,Ricky Adams,Ricky,Adams,9.0,retired,,2025-04-03 10:59:14,,Running Back,All purpose back,,,,50,0,50,0,0,743,0,0,0,0,0,0,0,0,0,0,15248400,34.0,"Miami, FL",FSU,,,
978,715,RealWackolyte,Oskar Ludvig,Oskar,Ludvig,9.0,retired,,2025-04-03 10:59:14,,Cornerback,Man to Man,,,,50,0,50,0,0,130,0,0,0,0,0,0,0,0,0,0,3547890,20.0,Norway,Alabama,,,
977,695,CptSquall,Alsan Arshad,Alsan,Arshad,9.0,retired,,2025-04-03 10:59:14,,Wide Receiver,Route Runner ,,,,50,0,50,0,0,71,0,0,0,0,0,0,0,0,0,0,5500000,95.0,"Memphis, Tennessee ",Memphis,,,
976,707,fusion247,Jesse Marchand,Jesse,Marchand,9.0,retired,,2025-04-03 10:59:14,,Linebacker,Speed Rusher,,,,50,0,50,0,0,250,0,0,0,0,0,0,0,0,0,0,12301350,53.0,"Montreal, CA",Kansas,,,
975,701,twiggin56,Barnaby Earl,Barnaby,Earl,9.0,retired,,2025-04-03 10:59:14,,Linebacker,Run Stopper,,,,50,0,50,0,0,214,0,0,0,0,0,0,0,0,0,0,9809100,52.0,"Baton Rouge, LA",Army,,,
974,235,Jepox,Alexandre Thibault,Alexandre,Thibault,9.0,retired,,2025-04-03 10:59:14,,Safety,Center Fielder,,,,50,0,50,0,0,170,0,0,0,0,0,0,0,0,0,0,15320500,89.0,"Montreal, Canada",University of Montreal,,,
973,705,GoonerBear,Kolby Deringer,Kolby,Deringer,9.0,retired,,2025-04-03 10:59:14,,Linebacker,Balanced,,,,50,0,50,0,0,1245,0,0,0,0,0,0,0,0,0,0,736655,50.0,"Slidell, Louisiana",University of Texas,,,
972,702,Youchmeister71,Tyler Griffin,Tyler,Griffin,9.0,retired,,2025-04-03 10:59:14,,Linebacker,Balanced,,,,50,0,50,0,0,86,0,0,0,0,0,0,0,0,0,0,6100000,51.0,"Mobile, Alabama",UAB ,,,
971,708,RYLAND,Blake Marchand,Blake,Marchand,9.0,retired,,2025-04-03 10:59:14,,Wide Receiver,Speed Receiver,,,,50,0,50,0,0,94,0,0,0,0,0,0,0,0,0,0,5245240,13.0,"Montreal, CA",Kansas,,,
970,687,pazuzu,Zapp Brannigan,Zapp,Brannigan,9.0,retired,,2025-04-03 10:59:14,,Tight End,Tight End,,,,50,0,50,0,0,693,0,0,0,0,0,0,0,0,0,0,13452300,45.0,D.O.O.P,Nimbus University,,,
969,685,Moosecop,Bucky Barnes,Bucky,Barnes,9.0,retired,,2025-04-03 10:59:14,,Safety,All-Around*,,,,50,0,50,0,0,1232,0,0,0,0,0,0,0,0,0,0,11478970,20.0,"Brooklyn, New York",Penn State,,,
968,50,daBenchwarmer,Andreas Metaxas,Andreas,Metaxas,9.0,retired,,2025-04-03 10:59:14,,Quarterback,Mobile,,,,50,0,50,0,0,381,0,0,0,0,0,0,0,0,0,0,-682914,15.0,"Volos, Greece",University of Southern California,,,
967,694,sicksnipes,Emilio Ramero,Emilio,Ramero,9.0,retired,,2025-04-03 10:59:14,,Kicker,Power,,,,50,0,50,0,0,116,0,0,0,0,0,0,0,0,0,0,1500000,5.0,"Medellin, Colombia",Rutgers,,,
966,697,Leafs4ever,Xavier Flash,Xavier,Flash,9.0,retired,,2025-04-03 10:59:14,,Wide Receiver,Possession Receiver,,,,50,0,50,0,0,1134,0,0,0,0,0,0,0,0,0,0,54898085,24.0,"Hamilton, ON",Florida,,,
965,149,Molarpistols,Gus T.T. Showbiz,Gus,T.T. Showbiz,9.0,retired,,2025-04-03 10:59:14,,Cornerback,,,,,50,0,50,0,0,1131,0,0,0,0,0,0,0,0,0,0,7516530,7.0,,Pomona College,,,
964,717,Birn001,Sam Stroyker,Sam,Stroyker,9.0,retired,,2025-04-03 10:59:14,,,Speed Rusher,,,,50,0,50,0,0,50,0,0,0,0,0,0,0,0,0,0,1000000,69.0,,Stanford University,,,
963,693,Dmann49,Daquan Richardson,Daquan,Richardson,9.0,retired,,2025-04-03 10:59:14,,Cornerback,Man to Man,,,,50,0,50,0,0,77,0,0,0,0,0,0,0,0,0,0,13826000,49.0,"Beaverly Hills, California",MSU,,,
962,700,JSS,Elijah Lagerfield,Elijah,Lagerfield,9.0,retired,,2025-04-03 10:59:14,,Running Back,Speed Back,,,,50,0,50,0,0,185,0,0,0,0,0,0,0,0,0,0,11931540,22.0,"Chicago, Illinois",Arizona State University,,,
961,706,jlyman,Robert Jordan,Robert,Jordan,9.0,retired,,2025-04-03 10:59:14,,Linebacker,Balanced Linebacker,,,,50,0,50,0,0,60,0,0,0,0,0,0,0,0,0,0,13000000,51.0,"Provo, UT",BYU,,,
960,688,OBESE,Declan Harp,Declan,Harp,9.0,retired,,2025-04-03 10:59:14,,Tight End,Possession Tight End,,,,50,0,50,0,0,740,0,0,0,0,0,0,0,0,0,0,19269680,14.0,"London, United Kingdom","Twickenham Rugby College, London",,,
959,720,BPP96,John Springfield,John,Springfield,9.0,retired,,2025-04-03 10:59:14,,Safety,Center Fielder,,,,50,0,50,0,0,57,0,0,0,0,0,0,0,0,0,0,2500000,96.0,"Little rock, Arkansas",University of Arkansas,,,
958,692,IsaacJWeitkuhn,Jai Turner,Jai,Turner,9.0,retired,,2025-04-03 10:59:14,,Wide Receiver,Route Runner ,,,,50,0,50,0,0,76,0,0,0,0,0,0,0,0,0,0,13000000,13.0,"Elkhorn, WI",Wisconsin,,,
957,664,TRAININDAY,Hammer Jack,Hammer,Jack,8.0,retired,,2025-04-03 10:59:05,,Cornerback,All-Around,,,,50,0,50,0,0,73,0,0,0,0,0,0,0,0,0,0,6000000,0.0,BRONX,,,,
956,657,aceaviator,Justin Davis,Justin,Davis,8.0,retired,,2025-04-03 10:59:05,,Kicker,Power,,,,50,0,50,0,0,55,0,0,0,0,0,0,0,0,0,0,5500000,0.0,"Boston, Mass",Maryland,,,
955,647,caltroit_red_flames,Chad Pennington,Chad,Pennington,8.0,retired,,2025-04-03 10:59:05,,Linebacker,Speed Rusher,,,,50,0,50,0,0,1179,0,0,0,0,0,0,0,0,0,0,155558431,10.0,"New York City, New York",Syracuse University,,,
954,682,Mark D,Mark David,Mark,David,8.0,retired,,2025-04-03 10:59:05,,Defensive Tackle,Run Stuffer,,,,50,0,50,0,0,494,0,0,0,0,0,0,0,0,0,0,6029000,97.0," Ogunquit, ME",Oregon,,,
953,670,Blazer,Harry Balzac,Harry,Balzac,8.0,retired,,2025-04-03 10:59:05,,Safety,Center Fielder,,,,50,0,50,0,0,50,0,0,0,0,0,0,0,0,0,0,5000000,69.0,"Woody Creek, Colorado",Blue Mountain State,,,
952,678,CompleteBelter,Klaus DerFisch,Klaus,DerFisch,8.0,retired,,2025-04-03 10:59:05,,Kicker,Balanced,,,,50,0,50,0,0,54,0,0,0,0,0,0,0,0,0,0,9000000,7.0,"Munich, Germany",None,,,
951,648,Blastmeaway,Thad Pennington,Thad,Pennington,8.0,retired,,2025-04-03 10:59:05,,Safety,Center Fielder,,,,50,0,50,0,0,768,0,0,0,0,0,0,0,0,0,0,13542220,42.0,"NYC, NY",Syracuse,,,
950,677,LattimoreIsland,Maxwell Macbeth,Maxwell,Macbeth,8.0,retired,,2025-04-03 10:59:05,,Tight End,Vertical Threat ,,,,50,0,50,0,0,87,0,0,0,0,0,0,0,0,0,0,12325450,87.0,"Ponchatoula, LA",LSU,,,
949,655,Kmarko,Ramadan Steve,Ramadan,Steve,8.0,retired,,2025-04-03 10:59:05,,Defensive Tackle,Run Stuffer,,,,50,0,50,0,0,152,0,0,0,0,0,0,0,0,0,0,9122120,68.0,Old Yharnam,Baylor,,,
948,652,Renrut,Childish Gambino,Childish,Gambino,8.0,retired,,2025-04-03 10:59:05,,Quarterback,Pocket Passer,,,,50,0,50,0,0,1111,0,0,0,0,0,0,0,0,0,0,2432580,13.0,"Atlanta, GA",Clemson,,,
947,645,Mongoose87,William H. Harrison,William,H. Harrison,8.0,retired,active,2025-04-03 10:59:05,,Safety,Playmaker,,,,50,0,50,0,0,918,0,0,0,0,0,0,0,0,0,0,4425550,42.0,"Orangeville, Ontario, Canada",University of Ottawa,,,
946,649,Loganjj21,Beat Meoff,Beat,Meoff,8.0,retired,,2025-04-03 10:59:05,,,Accurate,,,,50,0,50,0,0,170,0,0,0,0,0,0,0,0,0,0,15250000,8.0,Elmira Newyork,Oklahoma,,,
945,659,Scootalicious,James Brown,James,Brown,8.0,retired,,2025-04-03 10:59:05,,Defensive Tackle,Interior Rusher,,,,50,0,50,0,0,209,0,0,0,0,0,0,0,0,0,0,4191040,63.0,"Orange County, California",N.C. State,,,
944,646,Dawegg,Brad Pennington,Brad,Pennington,8.0,retired,,2025-04-03 10:59:05,,Wide Receiver,Speed Receiver,,,,50,0,50,0,0,688,0,0,0,0,0,0,0,0,0,0,30271660,80.0,"New York City, New York",Syracuse,,,
943,658,iseedoug,Ben Horne,Ben,Horne,8.0,retired,,2025-04-03 10:59:05,,Linebacker,Speed Rusher,,,,50,0,50,0,0,1054,0,0,0,0,0,0,0,0,0,0,17873800,58.0,"Palo Alto, CA",Rensselaer Polytechnic Institute,,,
942,684,dub,Balthazar Crindy,Balthazar,Crindy,8.0,retired,,2025-04-03 10:59:05,,Tight End,Possession Tight End ,,,,50,0,50,0,0,510,0,0,0,0,0,0,0,0,0,0,29657499,85.0,"Baton Rouge, LA",LSU,,,
941,676,JaPetFlo,Nick Sharper,Nick,Sharper,8.0,retired,,2025-04-03 10:59:05,,Safety,All-Around,,,,50,0,50,0,0,79,0,0,0,0,0,0,0,0,0,0,2000000,25.0,"New Ulm, Minnesota",Wisconsin,,,
940,642,Ramero,Rickey Ramero,Rickey,Ramero,8.0,retired,,2025-04-03 10:59:05,,Defensive End,Speed Rusher,,,,50,0,50,0,0,551,0,0,0,0,0,0,0,0,0,0,19165430,47.0,"Medellin, Columbia",Florida State,,,
939,141,dave,Omar Wrong,Omar,Wrong,8.0,retired,,2025-04-03 10:59:05,,Defensive Tackle,Interior Rusher,,,,50,0,50,0,0,146,0,0,0,0,0,0,0,0,0,0,12971150,69.0,"Gary, Indiana",Harvard University ,,,
938,671,ISiegel,Seth Wallace,Seth,Wallace,8.0,retired,,2025-04-03 10:59:05,,Running Back,Power Back,,,,50,0,50,0,0,50,0,0,0,0,0,0,0,0,0,0,5000000,40.0,"Tamarac, Florida",Florida,,,
937,9,Durden,Viggo Squanch,Viggo,Squanch,8.0,retired,,2025-04-03 10:59:05,,Wide Receiver,Route Runner,,,,50,0,50,0,0,789,0,0,0,0,0,0,0,0,0,0,6818610,87.0,"China, Illinois ",Harvard,,,
936,662,BWIII,Brock Weathers III,Brock,Weathers III,8.0,retired,,2025-04-03 10:59:05,,Defensive End,Balanced,,,,50,0,50,0,0,1069,0,0,0,0,0,0,0,0,0,0,30176925,99.0,Who knows,University of Washington,,,
935,666,Fonz nuno,Fonz Nuno,Fonz,Nuno,8.0,retired,,2025-04-03 10:59:05,,Defensive End,Speed Rusher,,,,50,0,50,0,0,67,0,0,0,0,0,0,0,0,0,0,6500000,92.0,Texas ,Oregon ,,,
934,675,Penguin,Vance Sachs,Vance,Sachs,8.0,retired,,2025-04-03 10:59:05,,Defensive End,Balanced,,,,50,0,50,0,0,81,0,0,0,0,0,0,0,0,0,0,11000000,98.0,Mars,Morehead State College and Trade School,,,
933,665,OptiimusPR1ME,D.J. Riddick,D.J.,Riddick,8.0,retired,,2025-04-03 10:59:05,,Running Back,Receiving Back,,,,50,0,50,0,0,124,0,0,0,0,0,0,0,0,0,0,7300000,24.0," San Diego, CA",USC,,,
932,130,dropbear,Howard Miller,Howard,Miller,7.0,retired,,2025-04-03 10:58:57,,Wide Receiver,Speed Receiver,,,,50,0,50,0,0,984,0,0,0,0,0,0,0,0,0,0,29130272,86.0,"Chicago, Illinois",Northern Illinois,,,
931,632,nunccoepi,Verso L’Alto,Verso,L’Alto,7.0,retired,active,2025-04-03 10:56:08,,Tight End,Balanced Tight End,,,,50,0,50,0,0,1248,0,0,0,0,0,0,0,0,0,0,45295045,88.0,Detroit,Michigan State University,,,
930,637,Tlindstrom15,Lucas Hendricks,Lucas,Hendricks,7.0,retired,,2025-04-03 10:56:08,,Wide Receiver,Speed Receiver,,,,50,0,50,0,0,62,0,0,0,0,0,0,0,0,0,0,2000000,15.0,"Tampa, FL",Florida,,,
929,623,Dannyxv17,Danny Vranos,Danny,Vranos,7.0,retired,,2025-04-03 10:56:08,,Cornerback,Man to Man,,,,50,0,50,0,0,77,0,0,0,0,0,0,0,0,0,0,5000000,17.0,Boston,Boston College,,,
928,257,Daybe,Ryan Applehort,Ryan,Applehort,7.0,retired,,2025-04-03 10:56:08,,Cornerback,Man to Man,,,,50,0,50,0,0,1251,0,0,0,0,0,0,0,0,0,0,8012300,11.0,"Fort Worth, Texas",University of Houston,,,
927,627,majesiu,Vladimir Fyodorovich,Vladimir,Fyodorovich,7.0,retired,,2025-04-03 10:56:08,,Wide Receiver,Route Runner*,,,,50,0,50,0,0,1226,0,0,0,0,0,0,0,0,0,0,13343916,77.0,Yakutsk,Villanova,,,
926,622,keanex,Mark Grau,Mark,Grau,7.0,retired,,2025-04-03 10:56:08,,Running Back,Power Back,,,,50,0,50,0,0,339,0,0,0,0,0,0,0,0,0,0,9373570,31.0,,Rutgers,,,
925,480,greygoosevodka,Thomas Kane III,Thomas,Kane III,7.0,retired,,2025-04-03 10:56:08,,Linebacker,Speed Rusher,,,,50,0,50,0,0,91,0,0,0,0,0,0,0,0,0,0,19900200,88.0,"Washington, DC",Texas A&M,,,
924,630,DestaDanger,Desta Danger,Desta,Danger,7.0,retired,,2025-04-03 10:56:08,,Cornerback,All-Around,,,,50,0,50,0,0,183,0,0,0,0,0,0,0,0,0,0,8644920,22.0,"Jacksonville, Florida",Arizona State,,,
923,640,Toasty,Mason Brown,Mason,Brown,7.0,retired,,2025-04-03 10:56:08,,Safety,Center Fielder,,,,50,0,50,0,0,915,0,0,0,0,0,0,0,0,0,0,32185277,0.0,"Comfrey, MN",Boise State,,,
922,504,datboi,Dae-Jung Jo,Dae-Jung,Jo,7.0,retired,,2025-04-03 10:56:08,,Defensive End,Power Rusher,,,,50,0,50,0,0,50,0,0,0,0,0,0,0,0,0,0,5294850,97.0,"Seoul, South Korea",New Mexico University,,,
921,618,TetrisTech,Jeff Taven,Jeff,Taven,7.0,retired,,2025-04-03 10:56:08,,Wide Receiver,Possession Receiver,,,,50,0,50,0,0,50,0,0,0,0,0,0,0,0,0,0,5000000,84.0,"Cameron, North Carolina",University of North Carolina,,,
920,610,Shrodawg,Joel Shroeder,Joel,Shroeder,7.0,retired,,2025-04-03 10:56:08,,Cornerback,Man to Man,,,,50,0,50,0,0,126,0,0,0,0,0,0,0,0,0,0,11159530,25.0,"Madison, WI",Wisconsin,,,
919,644,Titan127,Zach Skinner,Zach,Skinner,7.0,retired,,2025-04-03 10:56:08,,Defensive End,Speed Rusher ,,,,50,0,50,0,0,481,0,0,0,0,0,0,0,0,0,0,5839550,94.0,Memphis,Tennessee,,,
918,612,Kigs77,Lonnie Rott,Lonnie,Rott,7.0,retired,,2025-04-03 10:56:08,,Safety,Playmaker,,,,50,0,50,0,0,52,0,0,0,0,0,0,0,0,0,0,5000000,24.0,"Albuquerque, New Mexico",University of Northern California,,,
917,631,MadCashFlow,Jordan Palemento,Jordan,Palemento,7.0,retired,,2025-04-03 10:56:08,,Tight End,Balanced Tight End,,,,50,0,50,0,0,50,0,0,0,0,0,0,0,0,0,0,5334950,81.0,Fort Worth,LSU,,,
916,603,Byden,Harrison Goertz,Harrison,Goertz,7.0,retired,,2025-04-03 10:56:08,,Linebacker,Power Rusher,,,,50,0,50,0,0,62,0,0,0,0,0,0,0,0,0,0,5000000,45.0,"Toronto, Canada",Virginia Tech,,,
915,636,Super50,Jake Gore,Jake,Gore,7.0,retired,,2025-04-03 10:56:08,,Wide Receiver,Speed Receiver,,,,50,0,50,0,0,67,0,0,0,0,0,0,0,0,0,0,9000000,18.0,Colorado ,Texas Tech,,,
914,616,TrueTexican,Cole McCoy,Cole,McCoy,7.0,retired,,2025-04-03 10:56:08,,Quarterback,Gunslinger,,,,50,0,50,0,0,246,0,0,0,0,0,0,0,0,0,0,1751470,12.0,"Houston, TX",Texas,,,
913,633,Nash,Nash Teller,Nash,Teller,7.0,retired,,2025-04-03 10:56:08,,Wide Receiver,Possession Receiver,,,,50,0,50,0,0,50,0,0,0,0,0,0,0,0,0,0,5500000,88.0,"Ft. Lauderdale, Florida, USA",Miami,,,
912,621,BARRAGMING,Kevin Kendrick,Kevin,Kendrick,7.0,retired,,2025-04-03 10:56:08,,Running Back,Power Back,,,,50,0,50,0,0,50,0,0,0,0,0,0,0,0,0,0,5000000,0.0,"Dallas,Texas",,,,
911,602,bennyboy_456,Ugandan Knuckles,Ugandan,Knuckles,7.0,retired,,2025-04-03 10:56:08,,Defensive End,Power Rusher,,,,50,0,50,0,0,76,0,0,0,0,0,0,0,0,0,0,9142857,36.0,Ugandan,Michigan,,,
910,48,andybj,Alvin Chipmunk,Alvin,Chipmunk,7.0,retired,,2025-04-03 10:56:08,,Tight End,Possession Tight End,,,,50,0,50,0,0,161,0,0,0,0,0,0,0,0,0,0,12900000,18.0,Uganga,Duke,,,
909,613,cpetrella,Footballer Catcherman,Footballer,Catcherman,7.0,retired,,2025-04-03 10:56:08,,Wide Receiver,Route Runner,,,,50,0,50,0,0,193,0,0,0,0,0,0,0,0,0,0,8024872,99.0,nowhere,all of them,,,
908,635,AwkwardCowboy,Mike Miles,Mike,Miles,7.0,retired,,2025-04-03 10:56:08,,Cornerback,Zone,,,,50,0,50,0,0,141,0,0,0,0,0,0,0,0,0,0,9000000,44.0,,Michigan,,,
907,614,Pens,Sam Penner,Sam,Penner,7.0,retired,,2025-04-03 10:56:08,,Quarterback,Pocket Passer,,,,50,0,50,0,0,134,0,0,0,0,0,0,0,0,0,0,-361550,44.0,"Ft. Lauderdale, Florida, USA",Miami,,,
906,626,GridironGang,DeAndre Green,DeAndre,Green,7.0,retired,,2025-04-03 10:56:08,,Wide Receiver,Route Runner ,,,,50,0,50,0,0,82,0,0,0,0,0,0,0,0,0,0,2460480,18.0,"Pensacola, Florida",,,,
905,634,Burd,Niraj Garrett,Niraj,Garrett,7.0,retired,,2025-04-03 10:56:08,,Linebacker,Power Rusher ,,,,50,0,50,0,0,76,0,0,0,0,0,0,0,0,0,0,4000000,40.0,"Columbus, Ohio",Michigan State,,,
904,37,Official DT,Stone Hans,Stone,Hans,7.0,retired,,2025-04-03 10:56:08,,Wide Receiver,Speed Receiver,,,,50,0,50,0,0,121,0,0,0,0,0,0,0,0,0,0,13382500,87.0,Bikini Bottom,N/A,,,
903,608,Ramrod18,Dustin DeMarco,Dustin,DeMarco,7.0,retired,,2025-04-03 10:56:08,,Wide Receiver,Possession Receiver,,,,50,0,50,0,0,59,0,0,0,0,0,0,0,0,0,0,8500000,14.0,"Los Angeles, CA",USC,,,
902,624,feve10,Ryan LeFevre,Ryan,LeFevre,7.0,retired,,2025-04-03 10:56:08,,Linebacker,Coverage Linebacker,,,,50,0,50,0,0,90,0,0,0,0,0,0,0,0,0,0,7768500,55.0,"Hartford, CT",TCU,,,
901,12,DELIRIVM,Mantis Toboggan,Mantis,Toboggan,6.0,retired,active,2025-04-03 10:55:58,,Quarterback,Pocket Passer,,,,50,0,50,0,0,50,0,0,0,0,0,0,0,0,0,0,45853530,69.0,"Philadelphia, Pennsylvania",Doctor University,,,
900,135,adam2552,Carter Bush,Carter,Bush,6.0,retired,,2025-04-03 10:54:32,,Wide Receiver,Red Zone Threat,,,,50,0,50,0,0,501,0,0,0,0,0,0,0,0,0,0,23021470,3.0,"Camden, NJ",Baylor,,,
899,25,RavensFanFromOntario,Blessed Storm,Blessed,Storm,6.0,retired,,2025-04-03 10:54:32,,Wide Receiver,Possession Receiver,,,,50,0,50,0,0,126,0,0,0,0,0,0,0,0,0,0,14902966,87.0,Immaculate Conception,Ball So Hard University,,,
898,11,Leafer,Austin Roenick,Austin,Roenick,6.0,retired,,2025-04-03 10:54:32,,Linebacker,Balanced,,,,50,0,50,0,0,863,0,0,0,0,0,0,0,0,0,0,4304690,85.0,,,,,
896,188,samee,Gustav Rodriguez,Gustav,Rodriguez,6.0,retired,,2025-04-03 10:54:32,,Defensive Tackle,Run Stuffer ,,,,50,0,50,0,0,150,0,0,0,0,0,0,0,0,0,0,14386850,10.0,"Cúcuta, Colombia",,,,
895,562,infinitempg,Micycle McCormick,Micycle,McCormick,6.0,retired,active,2025-04-03 10:54:32,,Quarterback,Pocket Passer,,,,50,0,50,0,0,1009,0,0,0,0,0,0,0,0,0,0,1251369640,32.0,"Piscataway, NJ",Rutgers University,,,
894,563,Neckbishop,Jack Dwyer,Jack,Dwyer,6.0,retired,,2025-04-03 10:54:32,,Linebacker,Balanced ,,,,50,0,50,0,0,164,0,0,0,0,0,0,0,0,0,0,15238000,52.0,"Pawnee, IN ",Purdue University,,,
893,592,Supersquare04,Dwayne Aaron,Dwayne,Aaron,6.0,retired,,2025-04-03 10:54:32,,Wide Receiver,Speed Receiver ,,,,50,0,50,0,0,604,0,0,0,0,0,0,0,0,0,0,11953610,84.0,"St. Louis, MO",Mizzou,,,
892,599,MVick,Mike Vick,Mike,Vick,6.0,retired,,2025-04-03 10:54:32,,Quarterback,Mobile,,,,50,0,50,0,0,180,0,0,0,0,0,0,0,0,0,0,0,1.0,,,,,
891,553,Squamish,Bogdan Wojcik,Bogdan,Wojcik,6.0,retired,,2025-04-03 10:54:32,,Defensive Tackle,Balanced,,,,50,0,50,0,0,160,0,0,0,0,0,0,0,0,0,0,12010507,68.0,"Bialystok, Poland",Robert Morris University,,,
890,600,Ross Germo,Ross Germo,Ross,Germo,6.0,retired,,2025-04-03 10:54:32,,Running Back,Power Back,,,,50,0,50,0,0,50,0,0,0,0,0,0,0,0,0,0,0,34.0,"Dallas, TX",,,,
889,584,KimJungBigDong,- Forfeit,-,Forfeit,6.0,retired,,2025-04-03 10:54:32,,Kicker,Balanced,,,,50,0,50,0,0,197,0,0,0,0,0,0,0,0,0,0,8992857,21.0,Iqaluit,Homeschooled,,,
888,565,PaytonM34,Brian Mills,Brian,Mills,6.0,retired,,2025-04-03 10:54:32,,Linebacker,Speed Rusher,,,,50,0,50,0,0,579,0,0,0,0,0,0,0,0,0,0,30370035,50.0,"Windsor, ON",North Carolina,,,
887,587,Robigo_,Rob Anderson,Rob,Anderson,6.0,retired,,2025-04-03 10:54:32,,Linebacker,Balanced,,,,50,0,50,0,0,139,0,0,0,0,0,0,0,0,0,0,8000000,54.0," Englewood, Ohio",Ohio State University,,,
886,594,Drizzy,Cordell Joshua,Cordell,Joshua,6.0,retired,active,2025-04-03 10:54:32,,Defensive End,Power Rusher,,,,50,0,50,0,0,352,0,0,0,0,0,0,0,0,0,0,12692615,77.0,"Tulsa, Oklahoma",Texas Tech,,,
885,591,ghostfacethrilla,Bobby Ruckus,Bobby,Ruckus,6.0,retired,,2025-04-03 10:54:32,,Safety,Run Support,,,,50,0,50,0,0,176,0,0,0,0,0,0,0,0,0,0,5799330,35.0,"Brooklyn, NY",Syracuse,,,
884,575,Egan Winter,Egan Winter,Egan,Winter,6.0,retired,,2025-04-03 10:54:32,,Cornerback,All-Around,,,,50,0,50,0,0,76,0,0,0,0,0,0,0,0,0,0,3650000,23.0,"Nome, AK",Boise State,,,
883,161,DeathOnReddit,Arbin Asipi JR,Arbin,Asipi JR,6.0,retired,,2025-04-03 10:54:32,,Defensive End,Run Stopper,,,,50,0,50,0,0,649,0,0,0,0,0,0,0,0,0,0,31238347,10.0,"Waterbury, CT",UCONN,,,
882,551,Alfredo_Pasta,Glenn McPoyal,Glenn,McPoyal,6.0,retired,,2025-04-03 10:54:32,,Tight End,Possession Tight End,,,,50,0,50,0,0,336,0,0,0,0,0,0,0,0,0,0,17906460,85.0,Nicaragua,University of Cincinnati,,,
881,560,ElvinEnchant,Elvin Enchant,Elvin,Enchant,6.0,retired,,2025-04-03 10:54:32,,Linebacker,Power Rusher,,,,50,0,50,0,0,165,0,0,0,0,0,0,0,0,0,0,17242857,0.0,"Denver, Colorado, USA",Colorado,,,
880,577,AzhekAhriman,Robby Rainey,Robby,Rainey,6.0,retired,,2025-04-03 10:54:32,,Linebacker,Coverage Linebacker ,,,,50,0,50,0,0,565,0,0,0,0,0,0,0,0,0,0,28902960,22.0,"Pensacola, Florida",University of Florida,,,
879,597,Goretron,Borro Gore,Borro,Gore,6.0,retired,,2025-04-03 10:54:32,,Running Back,Power Back,,,,50,0,50,0,0,150,0,0,0,0,0,0,0,0,0,0,11841530,21.0,"Miami, Florida",Miami,,,
878,552,Sopath,Storm Woods,Storm,Woods,6.0,retired,,2025-04-03 10:54:32,,Cornerback,Zone,,,,50,0,50,0,0,103,0,0,0,0,0,0,0,0,0,0,8565400,27.0,"San Francisco, California",Michigan,,,
877,550,bagwell,Norman Bagwell,Norman,Bagwell,6.0,retired,,2025-04-03 10:54:32,,Defensive End,Balanced,,,,50,0,50,0,0,201,0,0,0,0,0,0,0,0,0,0,5159130,69.0,"Buffalo, NY",Alabama,,,
876,590,Ace,Tor Tuck,Tor,Tuck,6.0,retired,,2025-04-03 10:54:32,,,Balanced Tight End ,,,,50,0,50,0,0,50,0,0,0,0,0,0,0,0,0,0,23989590,66.0,Kamino,Hard Knocks,,,
875,586,NYGator15,Wendell Blye,Wendell,Blye,6.0,retired,,2025-04-03 10:54:32,,,Balanced,,,,50,0,50,0,0,50,0,0,0,0,0,0,0,0,0,0,1000000,96.0,"Ft. Lauderdale, FL",University of Florida,,,
874,583,Gator,Max Dalton,Max,Dalton,6.0,retired,,2025-04-03 10:54:32,,,Pocket Passer,,,,50,0,50,0,0,50,0,0,0,0,0,0,0,0,0,0,0,13.0,"Miami, Florida",,,,
873,351,Sleepy,Willy Nyquist -,Willy,Nyquist -,6.0,retired,,2025-04-03 10:54:32,,Running Back,All-Purpose Back,,,,50,0,50,0,0,132,0,0,0,0,0,0,0,0,0,0,13318000,18.0,,Oregon State,,,
872,567,LDarke,Vernon Collins,Vernon,Collins,6.0,retired,active,2025-04-03 10:54:32,,,Power Rusher ,,,,50,0,50,0,0,79,0,0,0,0,0,0,0,0,0,0,10250000,0.0,"Manchester, UK",University of Miami,,,
871,554,STZ,Clown Baby,Clown,Baby,6.0,retired,,2025-04-03 10:54:32,,,Possession Tight End,,,,50,0,50,0,0,69,0,0,0,0,0,0,0,0,0,0,5550000,88.0,"Toronto, Canada",Ohio State,,,
870,593,money,Manson Killer,Manson,Killer,6.0,retired,,2025-04-03 10:54:32,,,Man to Man,,,,50,0,50,0,0,50,0,0,0,0,0,0,0,0,0,0,0,21.0,"Portland, Oregon",Boise State,,,
869,570,M4TTSA,Jerry Ricecake,Jerry,Ricecake,6.0,retired,,2025-04-03 10:54:32,,Wide Receiver,Red Zone Threat,,,,50,0,50,0,0,65,0,0,0,0,0,0,0,0,0,0,2180000,88.0,Miami,University of Miami,,,
868,265,bovovovo,Borkus Maximus III,Borkus,Maximus III,6.0,retired,,2025-04-03 10:54:32,,Quarterback,Pocket Passer,,,,50,0,50,0,0,901,0,0,0,0,0,0,0,0,0,0,52139766,2.0,"Herculaneum, Italy",The Platonic Academy,,,
867,515,voldy273,Jackie Jordan,Jackie,Jordan,5.0,retired,,2025-04-03 10:52:49,,Cornerback,Man to Man,,,,50,0,50,0,0,54,0,0,0,0,0,0,0,0,0,0,2000000,27.0,"Buffalo, NY",UNC,,,
866,526,mking22,Eric Forman,Eric,Forman,5.0,retired,,2025-04-03 10:51:31,,Cornerback,Zone,,,,50,0,50,0,0,75,0,0,0,0,0,0,0,0,0,0,2000000,22.0,"Edinburgh, Scotland",West Virginia University,,,
865,511,Battleborn,Ryan Sierra,Ryan,Sierra,5.0,retired,,2025-04-03 10:51:31,,Defensive Tackle,Run Stuffer,,,,50,0,50,0,0,175,0,0,0,0,0,0,0,0,0,0,17911000,95.0,"Reno, NV",Nevada,,,
864,525,The_Hero,Gregory Fletcher,Gregory,Fletcher,5.0,retired,,2025-04-03 10:51:31,,Cornerback,Man to Man,,,,50,0,50,0,0,229,0,0,0,0,0,0,0,0,0,0,10857000,0.0,Ohio,,,,
863,539,mmfootball,Michael Tillman,Michael,Tillman,5.0,retired,,2025-04-03 10:51:31,,Safety,Playmaker,,,,50,0,50,0,0,238,0,0,0,0,0,0,0,0,0,0,24537300,42.0,"Boston, Massachusetts",Arizona State,,,
862,534,Squeeze,Sydney Spinelli,Sydney,Spinelli,5.0,retired,,2025-04-03 10:51:31,,Running Back,Speed Back,,,,50,0,50,0,0,140,0,0,0,0,0,0,0,0,0,0,806000,24.0,"Vestal, NY",Indiana ,,,
861,488,Walder Frey,Egor Medved,Egor,Medved,5.0,retired,,2025-04-03 10:51:31,,Defensive Tackle,Nose Tackle,,,,50,0,50,0,0,190,0,0,0,0,0,0,0,0,0,0,15342000,93.0,"St.Petersburg, Russia",Arizona,,,
860,487,JKortesi81,Carlito Crush,Carlito,Crush,5.0,retired,active,2025-04-03 10:51:31,,Wide Receiver,Speed Receiver,,,,50,0,50,0,0,834,0,0,0,0,0,0,0,0,0,0,3066950,81.0,"Santo Domingo, Dominican Republic",THE Ohio State University,,,
859,520,pulsedk,Bastion Barnhardt,Bastion,Barnhardt,5.0,retired,,2025-04-03 10:51:31,,Defensive End,Power Rusher,,,,50,0,50,0,0,135,0,0,0,0,0,0,0,0,0,0,4680000,58.0,"Grand Rapids, MI",University of Michigan,,,
858,530,Roly,Darren Morris,Darren,Morris,5.0,retired,,2025-04-03 10:51:31,,Safety,Center Fielder ,,,,50,0,50,0,0,553,0,0,0,0,0,0,0,0,0,0,43867230,46.0,"Baltimore, Maryland",Oklahoma Sooners (University of Oklahoma),,,
857,496,Dahorner,Brandon Carter,Brandon,Carter,5.0,retired,,2025-04-03 10:51:31,,Tight End,Possession Tight End,,,,50,0,50,0,0,113,0,0,0,0,0,0,0,0,0,0,3835000,84.0,"Paragould, AR",Arkansas,,,
856,535,run_CMC,Dean Jackson,Dean,Jackson,5.0,retired,,2025-04-03 10:51:31,,Kicker,Balanced,,,,50,0,50,0,0,686,0,0,0,0,0,0,0,0,0,0,18289460,66.0,"Phoenix, Arizona",Rice University,,,
855,503,Dooberss13,Boston Ooty,Boston,Ooty,5.0,retired,,2025-04-03 10:51:31,,Cornerback,Man to Man,,,,50,0,50,0,0,50,0,0,0,0,0,0,0,0,0,0,500000,15.0,"Dallas, Texas",Mount Union,,,
854,336,Kristy95,Conall O’Sullivan,Conall,O’Sullivan,5.0,retired,,2025-04-03 10:51:31,,Running Back,Receiving Back,,,,50,0,50,0,0,155,0,0,0,0,0,0,0,0,0,0,4473500,26.0," Dublin, Ireland",BYU,,,
853,505,ajyoungmark,LaMarcus Mills,LaMarcus,Mills,5.0,retired,,2025-04-03 10:51:31,,Cornerback,Man to Man,,,,50,0,50,0,0,50,0,0,0,0,0,0,0,0,0,0,8500000,24.0,Pittsburgh PA,Penn State,,,
852,492,Corco,Nathan Clearwater,Nathan,Clearwater,5.0,retired,,2025-04-03 10:51:31,,Safety,Playmaker,,,,50,0,50,0,0,54,0,0,0,0,0,0,0,0,0,0,2000000,41.0,New York,San Diego State,,,
851,532,CFJ,Kenny Omega,Kenny,Omega,5.0,retired,,2025-04-03 10:51:31,,Wide Receiver,Route Runner,,,,50,0,50,0,0,116,0,0,0,0,0,0,0,0,0,0,4262000,61.0,"Winnipeg, MB",Kansas,,,
850,506,danny828,Jordan Banyard,Jordan,Banyard,5.0,retired,,2025-04-03 10:51:31,,Wide Receiver,Red Zone Threat,,,,50,0,50,0,0,50,0,0,0,0,0,0,0,0,0,0,500000,10.0,Pittsburgh PA,Pittsburgh,,,
849,540,12jmoritz,John Grossman,John,Grossman,5.0,retired,,2025-04-03 10:51:31,,Defensive Tackle,Balanced,,,,50,0,50,0,0,50,0,0,0,0,0,0,0,0,0,0,0,91.0,"Philadelphia, PA",Temple,,,
848,513,ray35,Ray Riemann,Ray,Riemann,5.0,retired,,2025-04-03 10:51:31,,Offensive Lineman,Athletic Lineman,,,,50,0,50,0,0,60,0,0,0,0,0,0,0,0,0,0,1000000,94.0,"Long Beach, CA",USC,,,
847,131,PoloPro,Fresh Booter,Fresh,Booter,5.0,retired,,2025-04-03 10:51:31,,Wide Receiver,Red Zone Threat,,,,50,0,50,0,0,160,0,0,0,0,0,0,0,0,0,0,21094300,0.0,Wellington FL ,Colorado State ,,,
846,504,datboi,Isaac Brown,Isaac,Brown,5.0,retired,,2025-04-03 10:51:31,,Defensive End,Run Stopper,,,,50,0,50,0,0,113,0,0,0,0,0,0,0,0,0,0,5294850,13.0,"Royal Oak, Michigan, USA",Eastern Michigan,,,
845,521,CDub2,Cameron Taylor,Cameron,Taylor,5.0,retired,,2025-04-03 10:51:31,,Safety,All-Around,,,,50,0,50,0,0,683,0,0,0,0,0,0,0,0,0,0,37165590,22.0,Canada,University of Michigan,,,
844,533,killagod47,David Turner,David,Turner,5.0,retired,,2025-04-03 10:51:31,,Running Back,Speed Back,,,,50,0,50,0,0,50,0,0,0,0,0,0,0,0,0,0,500000,44.0,"Dallas, TX",Baylor,,,
843,493,TannerH,Tanner Hendrix,Tanner,Hendrix,5.0,retired,,2025-04-03 10:51:31,,Cornerback,All Around,,,,50,0,50,0,0,55,0,0,0,0,0,0,0,0,0,0,9780880,0.0,"Weston, Missouri",Missouri,,,
842,522,JohnWachter,John Wachter,John,Wachter,5.0,retired,,2025-04-03 10:51:31,,Wide Receiver,Possession Receiver,,,,50,0,50,0,0,174,0,0,0,0,0,0,0,0,0,0,14214000,81.0,"Baltimore, MD",Maryland,,,
841,494,tbone415,Terrell Brister,Terrell,Brister,5.0,retired,,2025-04-03 10:51:31,,Cornerback,Man to Man ,,,,50,0,50,0,0,338,0,0,0,0,0,0,0,0,0,0,49572593,29.0,"Revere, MA",Boston College,,,
840,287,TheLastOlympian07,Shawn Guy,Shawn,Guy,5.0,retired,,2025-04-03 10:51:31,,Kicker,Balanced,,,,50,0,50,0,0,94,0,0,0,0,0,0,0,0,0,0,1724000,8.0,"Swainsboro, Georgia",Southern Missisippi,,,
839,489,hockeyis66,Peg Leg,Peg,Leg,5.0,retired,,2025-04-03 10:51:31,,Kicker,Power,,,,50,0,50,0,0,164,0,0,0,0,0,0,0,0,0,0,5500000,7.0,"Pittsburgh, PA",West Virginia ,,,
838,509,Hamesthegreat,John Mueller,John,Mueller,5.0,retired,,2025-04-03 10:51:31,,Kicker,Power,,,,50,0,50,0,0,50,0,0,0,0,0,0,0,0,0,0,500000,0.0,,Arizona State University,,,
837,518,Btanner,Buck Charles,Buck,Charles,5.0,retired,,2025-04-03 10:51:31,,Wide Receiver,Route Runner,,,,50,0,50,0,0,50,0,0,0,0,0,0,0,0,0,0,500000,12.0,"Brighton, MI",University of Michigan,,,
836,25,RavensFanFromOntario,Wolverine Justice,Wolverine,Justice,5.0,retired,,2025-04-03 10:51:31,,Quarterback,Pocket Passer,,,,50,0,50,0,0,50,0,0,0,0,0,0,0,0,0,0,14902966,1.0,"Anchorage, Alaska ",Nevada State Penal League,,,
835,37,Official DT,Jett Winter,Jett,Winter,5.0,retired,,2025-04-03 10:51:31,,Offensive Lineman,Technician,,,,50,0,50,0,0,50,0,0,0,0,0,0,0,0,0,0,13382500,74.0,"Summit Valley, Washington",Miami,,,
834,501,cwillis,Luis Elmarez,Luis,Elmarez,5.0,retired,,2025-04-03 10:51:31,,Linebacker,Run Stopper,,,,50,0,50,0,0,105,0,0,0,0,0,0,0,0,0,0,1232000,56.0,,Georgia State,,,
833,516,x 23 o,Thomas Mango,Thomas,Mango,5.0,retired,,2025-04-03 10:51:31,,Running Back,Speed Back,,,,50,0,50,0,0,58,0,0,0,0,0,0,0,0,0,0,1000000,23.0,"Philadelphia, PA",Temple,,,
832,490,jcfbey01,Victor Ball,Victor,Ball,5.0,retired,,2025-04-03 10:51:31,,Wide Receiver,Red Zone Threat,,,,50,0,50,0,0,87,0,0,0,0,0,0,0,0,0,0,7319000,19.0,"Miami, FL",Miami (FL),,,
831,499,Trey331x,Ben Urlacher,Ben,Urlacher,5.0,retired,,2025-04-03 10:51:31,,Linebacker,Balanced,,,,50,0,50,0,0,99,0,0,0,0,0,0,0,0,0,0,2593000,54.0,"Champaign, IL",Eastern Illinois University,,,
830,398,Jakob,Jakob Andrews,Jakob,Andrews,5.0,retired,,2025-04-03 10:51:31,,Cornerback,Man to Man,,,,50,0,50,0,0,57,0,0,0,0,0,0,0,0,0,0,7000000,15.0,"Ontario, Toronto, Canada",Michigan ,,,
829,249,Bgreene21,Luke Kraken,Luke,Kraken,5.0,retired,,2025-04-03 10:51:31,,Linebacker,Balanced,,,,50,0,50,0,0,89,0,0,0,0,0,0,0,0,0,0,11593000,52.0,Boston,UMass,,,
828,242,sapp2013,Andre Bly Jr.,Andre,Bly Jr.,5.0,retired,,2025-04-03 10:51:31,,Cornerback,All-Around,,,,50,0,50,0,0,410,0,0,0,0,0,0,0,0,0,0,66804787,23.0,"Granada, Spain",University of Florida,,,
827,207,Jiggly_333,Tegan Atwell,Tegan,Atwell,5.0,retired,active,2025-04-03 10:51:31,,Wide Receiver,Speed Receiver,,,,50,0,50,0,0,589,0,0,0,0,0,0,0,0,0,0,-152273,23.0,"Brookfield, IL",Notre Dame,,,
826,464,StevenOSullivan,Steven O’Sullivan,Steven,O’Sullivan,4.0,retired,,2025-04-03 10:51:21,,Tight End,Balanced Tight End,,,,50,0,50,0,0,176,0,0,0,0,0,0,0,0,0,0,16533053,88.0,Washington DC,Alabama,,,
825,466,Chukka,Andreas Waiters,Andreas,Waiters,4.0,retired,,2025-04-03 10:51:21,,Defensive End,Run Stopper,,,,50,0,50,0,0,50,0,0,0,0,0,0,0,0,0,0,10050000,92.0,"Queens, NY",UCONN,,,
824,481,tbrown0307,Tommy Brown,Tommy,Brown,4.0,retired,,2025-04-03 10:51:21,,Wide Receiver,Possession Receiver,,,,50,0,50,0,0,50,0,0,0,0,0,0,0,0,0,0,1500000,7.0,Singapore,Michigan,,,
823,471,ExemplaryChad,Haruki Ishigawa,Haruki,Ishigawa,4.0,retired,,2025-04-03 10:51:21,,Defensive End,Speed Rusher,,,,50,0,50,0,0,224,0,0,0,0,0,0,0,0,0,0,50337560,44.0,"Tokyo, Kantou, JPN",West Virginia,,,
822,211,Peterson,Mitchell Stars,Mitchell,Stars,4.0,retired,,2025-04-03 10:51:21,,Quarterback,Mobile,,,,50,0,50,0,0,57,0,0,0,0,0,0,0,0,0,0,10666728,7.0,,Eastern Carolina,,,
821,469,BaveDenvis,Den Bavis,Den,Bavis,4.0,retired,,2025-04-03 10:51:21,,Linebacker,Power Rusher ,,,,50,0,50,0,0,55,0,0,0,0,0,0,0,0,0,0,2500000,323.0,"Oxford, Maine.",UC Davis,,,
820,462,toivo,Noah Goodson,Noah,Goodson,4.0,retired,,2025-04-03 10:51:21,,Linebacker,Coverage Linebacker,,,,50,0,50,0,0,405,0,0,0,0,0,0,0,0,0,0,17361225,0.0,"Raleigh, NC",,,,
819,479,YoloSwaggins,JR Vance,JR,Vance,4.0,retired,,2025-04-03 10:51:21,,Tight End,Balanced Tight End,,,,50,0,50,0,0,50,0,0,0,0,0,0,0,0,0,0,500000,80.0,"Ann Arbor, MI",Vanderbilt,,,
818,468,Brent,Brent Lane,Brent,Lane,4.0,retired,,2025-04-03 10:51:21,,Kicker,Balanced,,,,50,0,50,0,0,50,0,0,0,0,0,0,0,0,0,0,3505000,17.0,"Wichita, Kansas",Kansas State,,,
817,465,liam2105,Zach Muntez,Zach,Muntez,4.0,retired,,2025-04-03 10:51:21,,Running Back,,,,,50,0,50,0,0,57,0,0,0,0,0,0,0,0,0,0,4500000,0.0,,,,,
816,478,Beaver,Blackford Oakes,Blackford,Oakes,4.0,retired,,2025-04-03 10:51:21,,Safety,Center Fielder,,,,50,0,50,0,0,485,0,0,0,0,0,0,0,0,0,0,19254573,33.0,"Denver, CO",Notre Dame,,,
815,480,greygoosevodka,Callum Grey,Callum,Grey,4.0,retired,,2025-04-03 10:51:21,,Quarterback,Pocket Passer,,,,50,0,50,0,0,52,0,0,0,0,0,0,0,0,0,0,19900200,7.0,"Vancouver, Canada",University of Alabama,,,
814,477,EastBeast,William Sean,William,Sean,4.0,retired,,2025-04-03 10:51:21,,Wide Receiver,Red Zone Threat,,,,50,0,50,0,0,104,0,0,0,0,0,0,0,0,0,0,6500000,9.0,"St. Petersburg, FL",Auburn,,,
813,474,laflamestr8up,Rakim Uchiha,Rakim,Uchiha,4.0,retired,,2025-04-03 10:51:21,,Wide Receiver,Speed Receiver,,,,50,0,50,0,0,57,0,0,0,0,0,0,0,0,0,0,0,15.0,"Tokyo, Japan",Hofstra,,,
812,475,GK12303,Angel Leon,Angel,Leon,4.0,retired,,2025-04-03 10:51:21,,Tight End,,,,,50,0,50,0,0,50,0,0,0,0,0,0,0,0,0,0,2000000,23.0,,Miami (FL),,,
811,476,Luminous,Shawn Ariel,Shawn,Ariel,4.0,retired,,2025-04-03 10:51:21,,Running Back,Speed Back ,,,,50,0,50,0,0,63,0,0,0,0,0,0,0,0,0,0,5800000,8.0,"Fort Worth, Texas",Texas Christian University (TCU),,,
810,455,Yung CJ,Dion Jacobs,Dion,Jacobs,3.0,retired,,2025-04-03 10:50:52,,Linebacker,Balanced,,,,50,0,50,0,0,50,0,0,0,0,0,0,0,0,0,0,1000000,44.0,"Orlando, Florida",Florida State,,,
809,386,Jala,Sachimo Zoidberg,Sachimo,Zoidberg,3.0,retired,,2025-04-03 10:50:52,,Offensive Lineman,Run Blocker,,,,50,0,50,0,0,50,0,0,0,0,0,0,0,0,0,0,10050000,64.0,"Vancouver, BC, Canada",UBC,,,
808,388,JamesBaker,James Baker,James,Baker,3.0,retired,,2025-04-03 10:50:52,,Quarterback,Pocket Passer,,,,50,0,50,0,0,50,0,0,0,0,0,0,0,0,0,0,2563000,12.0,"Dallas, TX",Wyoming,,,
807,447,jpd,Jaquan Young,Jaquan,Young,3.0,retired,,2025-04-03 10:50:52,,Wide Receiver,Red Zone Threat,,,,50,0,50,0,0,73,0,0,0,0,0,0,0,0,0,0,2875400,88.0,"Fox Valley, Wisconsin",Wisconsin,,,
806,380,cosbornballboy,Ricardo Sandoval,Ricardo,Sandoval,3.0,retired,,2025-04-03 10:50:52,,Defensive Tackle,Balanced,,,,50,0,50,0,0,474,0,0,0,0,0,0,0,0,0,0,10604950,93.0,"San Diego, CA",San Diego State,,,
805,396,BypassedSal,Sal Ifedemi,Sal,Ifedemi,3.0,retired,,2025-04-03 10:50:52,,Defensive End,Speed Rusher,,,,50,0,50,0,0,50,0,0,0,0,0,0,0,0,0,0,4000000,90.0,"Morristown, Tennessee",Clemson,,,
803,369,BOOM™,J.D. Boom,J.D.,Boom,3.0,retired,active,2025-04-03 10:50:52,,Defensive End,Run Stopper ,,,,50,0,50,0,0,366,0,0,0,0,0,0,0,0,0,0,4851720,91.0,"Camden, Maine.",Michigan,,,
802,438,ralz9,Nicholas Pierno,Nicholas,Pierno,3.0,retired,,2025-04-03 10:50:52,,Defensive Tackle,Interior Rusher,,,,50,0,50,0,0,197,0,0,0,0,0,0,0,0,0,0,14044230,92.0,"Philadelphia, Pa.",North Carolina State University,,,
801,422,ElMazgic,Mitch Maslin,Mitch,Maslin,3.0,retired,,2025-04-03 10:50:52,,Safety,Centre Fielder,,,,50,0,50,0,0,50,0,0,0,0,0,0,0,0,0,0,4000000,27.0,"Omaha, Nebraska",Nebraska,,,
800,379,Armagetiton,Shi’terrick Marks,Shi’terrick,Marks,3.0,retired,,2025-04-03 10:50:52,,Defensive Tackle,Run Stuffer,,,,50,0,50,0,0,76,0,0,0,0,0,0,0,0,0,0,3000000,99.0,"Mobile, Alabama",Auburn,,,
799,456,Swegkingu,Tony Flygare,Tony,Flygare,3.0,retired,,2025-04-03 10:50:52,,Quarterback,Pocket Passer,,,,50,0,50,0,0,79,0,0,0,0,0,0,0,0,0,0,5300000,12.0,"Skellefteå, Sweden",Michigan,,,
798,393,Askin,Al Sims,Al,Sims,3.0,retired,,2025-04-03 10:50:52,,Kicker,Balanced,,,,50,0,50,0,0,125,0,0,0,0,0,0,0,0,0,0,1537000,0.0,,LSU,,,
797,382,TheMemeMaestro,Antonio Sandoval,Antonio,Sandoval,3.0,retired,,2025-04-03 10:50:52,,Defensive End,Balanced,,,,50,0,50,0,0,397,0,0,0,0,0,0,0,0,0,0,8052949,99.0,"San Diego, CA",Notre Dame,,,
796,439,Unicorn,Vincent Valentine,Vincent,Valentine,3.0,retired,,2025-04-03 10:50:52,,Safety,All-Around,,,,50,0,50,0,0,556,0,0,0,0,0,0,0,0,0,0,-253004,84.0,"Minneapolis, Minnesota",Michigan State,,,
795,459,PDXBaller,Eli Kamaka,Eli,Kamaka,3.0,retired,,2025-04-03 10:50:52,,Defensive Tackle,Balanced,,,,50,0,50,0,0,602,0,0,0,0,0,0,0,0,0,0,36693010,77.0,"Honolulu, HI",Oregon,,,
794,453,Meowls,Cesar Millan,Cesar,Millan,3.0,retired,,2025-04-03 10:50:52,,Running Back,Blocking Back,,,,50,0,50,0,0,146,0,0,0,0,0,0,0,0,0,0,2250000,27.0,"Culiacán, Sinaloa, Mexico",Pacific Point Canine Academy,,,
793,423,MacTonight,William Ridley,William,Ridley,3.0,retired,,2025-04-03 10:50:52,,Linebacker,Run Stopper,,,,50,0,50,0,0,201,0,0,0,0,0,0,0,0,0,0,20776866,53.0,"Memphis, TN",University of Tennessee,,,
792,390,Wheaties,Brian Wheat,Brian,Wheat,3.0,retired,,2025-04-03 10:50:52,,Wide Receiver,Route Runner,,,,50,0,50,0,0,183,0,0,0,0,0,0,0,0,0,0,4500000,81.0,Philadelphia,Penn State,,,
791,437,Elhomi,Rico Rodriquez,Rico,Rodriquez,3.0,retired,,2025-04-03 10:50:52,,Offensive Lineman,Technician ,,,,50,0,50,0,0,85,0,0,0,0,0,0,0,0,0,0,4000000,69.0,"Seward, Alaska",Savanah State,,,
790,370,Cocoa,Ash Saginaw,Ash,Saginaw,3.0,retired,,2025-04-03 10:50:52,,Defensive Tackle,Balanced,,,,50,0,50,0,0,50,0,0,0,0,0,0,0,0,0,0,2000000,64.0,American Somalia,Texas A&M,,,
789,257,Daybe,Brice Boggs,Brice,Boggs,3.0,retired,,2025-04-03 10:50:52,,Cornerback,Man to Man,,,,50,0,50,0,0,543,0,0,0,0,0,0,0,0,0,0,8012300,6.0,Paris. Kentucky,Florida,,,
788,373,NITROONE,Jordan Danvers,Jordan,Danvers,3.0,retired,,2025-04-03 10:50:52,,Offensive Lineman,Pass Blocker,,,,50,0,50,0,0,76,0,0,0,0,0,0,0,0,0,0,-203000,71.0,"Boston, Massachusetts ",Syracuse,,,
787,444,Howley,Crith Coalrange,Crith,Coalrange,3.0,retired,,2025-04-03 10:50:52,,Offensive Lineman,Run Blocker,,,,50,0,50,0,0,87,0,0,0,0,0,0,0,0,0,0,-500000,66.0,"Calabasas, California",Columbia,,,
786,454,Ganjaroller,Stephon Simpson,Stephon,Simpson,3.0,retired,,2025-04-03 10:50:52,,Kicker,Balanced ,,,,50,0,50,0,0,78,0,0,0,0,0,0,0,0,0,0,5000000,3.0,,Texas,,,
785,378,PointGod,Sammy Walters,Sammy,Walters,3.0,retired,,2025-04-03 10:50:52,,Offensive Lineman,Athletic Lineman,,,,50,0,50,0,0,136,0,0,0,0,0,0,0,0,0,0,9374581,66.0,"New Hyde Park, NY",Stony Brook,,,
784,409,bluesfan55,Joseph Lombardi,Joseph,Lombardi,3.0,retired,,2025-04-03 10:50:52,,Kicker,Accurate,,,,50,0,50,0,0,180,0,0,0,0,0,0,0,0,0,0,17195780,15.0,"Voorhees, New Jersey, USA ",Vanderbilt University ,,,
783,406,A Boogie Wit Da Hoodie,Artist Boogie,Artist,Boogie,3.0,retired,,2025-04-03 10:50:52,,Cornerback,Man to Man,,,,50,0,50,0,0,57,0,0,0,0,0,0,0,0,0,0,2887000,23.0,"Bronx, New York",N/A,,,
782,448,MinusXP,Aaron Rasheed,Aaron,Rasheed,3.0,retired,,2025-04-03 10:50:52,,Quarterback,Pocket Passer,,,,50,0,50,0,0,50,0,0,0,0,0,0,0,0,0,0,3149000,5.0,"Minneapolis, Minnesota",Florida State,,,
781,425,luckymumbo,Quavo Gordon,Quavo,Gordon,3.0,retired,,2025-04-03 10:50:52,,Quarterback,Mobile,,,,50,0,50,0,0,50,0,0,0,0,0,0,0,0,0,0,4517400,2.0,"Houston, TX",Lamar University,,,
780,413,ralams123,Jonathan King,Jonathan,King,3.0,retired,,2025-04-03 10:50:52,,Cornerback,All-Around,,,,50,0,50,0,0,462,0,0,0,0,0,0,0,0,0,0,12914800,22.0,,University of Florida,,,
779,26,Waters,Jimmy Cox,Jimmy,Cox,3.0,retired,,2025-04-03 10:50:52,,Defensive End,Power Back,,,,50,0,50,0,0,186,0,0,0,0,0,0,0,0,0,0,17918700,19.0,Nashville,Tennessee,,,
778,375,Yurt6,Clifford Rove,Clifford,Rove,3.0,retired,,2025-04-03 10:50:52,,Cornerback,Man to Man,,,,50,0,50,0,0,221,0,0,0,0,0,0,0,0,0,0,22416000,6.0,"Knoxville, Tennessee ",Michigan University,,,
777,425,luckymumbo,Kiko Bakari,Kiko,Bakari,3.0,retired,,2025-04-03 10:50:52,,Cornerback,All-Around,,,,50,0,50,0,0,74,0,0,0,0,0,0,0,0,0,0,4517400,27.0,"Missouri City, TX",Lamar University,,,
776,446,AdamS,Charlie Law,Charlie,Law,3.0,retired,,2025-04-03 10:50:52,,Wide Receiver,Possession Receiver,,,,50,0,50,0,0,587,0,0,0,0,0,0,0,0,0,0,29803325,81.0,"Las Vegas, NV",Boise State University,,,
775,395,Evok,Wallace Stone,Wallace,Stone,3.0,retired,,2025-04-03 10:50:52,,Linebacker,Speed Rusher,,,,50,0,50,0,0,466,0,0,0,0,0,0,0,0,0,0,36550000,22.0,Canada,,,,
774,460,Keyg_an,Connor Tanner,Connor,Tanner,3.0,retired,,2025-04-03 10:50:52,,Tight End,Balanced Tight End,,,,50,0,50,0,0,270,0,0,0,0,0,0,0,0,0,0,8595125,82.0,"Galway, Ireland",University of Dublin,,,
773,372,StoneColdJaneAusten,Luke Long,Luke,Long,3.0,retired,,2025-04-03 10:50:52,,Offensive Lineman,,,,,50,0,50,0,0,65,0,0,0,0,0,0,0,0,0,0,2323000,62.0,Chicago IL,University of Illinois,,,
772,432,luchalibre,Juan Andres,Juan,Andres,3.0,retired,,2025-04-03 10:50:52,,Defensive End,Run Stopper,,,,50,0,50,0,0,145,0,0,0,0,0,0,0,0,0,0,8146000,28.0,"Havana, Cuba",University of Houston,,,
771,374,Shadowz,Godfrey King,Godfrey,King,3.0,retired,,2025-04-03 10:50:52,,Defensive Tackle,Interior Rusher,,,,50,0,50,0,0,194,0,0,0,0,0,0,0,0,0,0,5465750,72.0,"Philadelphia, PA",Temple University,,,
770,452,Rindiee,Budda Browning,Budda,Browning,3.0,retired,,2025-04-03 10:50:52,,Wide Receiver,Speed Receiver,,,,50,0,50,0,0,304,0,0,0,0,0,0,0,0,0,0,2347063,13.0,"Bellevue, WA",University of Washington,,,
769,154,Apache_Chief,Franklin Harris Jr.,Franklin,Harris Jr.,3.0,retired,,2025-04-03 10:50:52,,Tight End,Balanced Tight End,,,,50,0,50,0,0,185,0,0,0,0,0,0,0,0,0,0,25349000,3.0,Houston,LSU,,,
768,231,MixAndMatch,James Warner,James,Warner,3.0,retired,,2025-04-03 10:50:52,,Linebacker,Speed Rusher,,,,50,0,50,0,0,57,0,0,0,0,0,0,0,0,0,0,1000000,47.0,"Orlando, Florida",Florida St.,,,
767,387,Lendoris,Calkewlated Chambers III,Calkewlated,Chambers III,3.0,retired,,2025-04-03 10:50:52,,Defensive Tackle,Interior Rusher,,,,50,0,50,0,0,199,0,0,0,0,0,0,0,0,0,0,16744000,88.0,"New Orleans, Louisiana",LSU,,,
766,412,jaskins811,Joseph Askins,Joseph,Askins,3.0,retired,,2025-04-03 10:50:52,,Defensive Tackle,Run Stuffer,,,,50,0,50,0,0,397,0,0,0,0,0,0,0,0,0,0,19884266,98.0,,ASU,,,
765,403,Schmarchee,Archetype Schmarchetype,Archetype,Schmarchetype,3.0,retired,,2025-04-03 10:50:52,,Offensive Lineman,Run Blocker,,,,50,0,50,0,0,81,0,0,0,0,0,0,0,0,0,0,1000000,62.0,Key West,FSU,,,
764,368,OwlStrike13,Mark Strike,Mark,Strike,3.0,retired,,2025-04-03 10:50:52,,Quarterback,Mobile,,,,50,0,50,0,0,193,0,0,0,0,0,0,0,0,0,0,5964900,13.0,,Penn State,,,
763,391,gth66897,Tyler Grant,Tyler,Grant,3.0,retired,,2025-04-03 10:50:52,,Cornerback,Man to Man ,,,,50,0,50,0,0,81,0,0,0,0,0,0,0,0,0,0,2066800,3.0,"San Diego, CA",Northwestern,,,
762,398,Jakob,Jovan Grujicic,Jovan,Grujicic,3.0,retired,,2025-04-03 10:50:52,,Running Back,All-Purpose Back,,,,50,0,50,0,0,50,0,0,0,0,0,0,0,0,0,0,7000000,22.0,"Belgrade, SRB",Michigan St,,,
761,451,nijomemo,Matt Edilio,Matt,Edilio,3.0,retired,,2025-04-03 10:50:52,,Linebacker,Coverage Linebacker,,,,50,0,50,0,0,57,0,0,0,0,0,0,0,0,0,0,2000000,77.0,"Holliston, MA",Michigan,,,
760,408,BucksDude1,Ben Hartsock,Ben,Hartsock,3.0,retired,,2025-04-03 10:50:52,,Tight End,Blocking Tight End,,,,50,0,50,0,0,50,0,0,0,0,0,0,0,0,0,0,1000000,0.0,"Chillicothe, Ohio",,,,
759,365,Rabidsponge21,Iyah Blewitt,Iyah,Blewitt,3.0,retired,,2025-04-03 10:50:52,,Kicker,Accurate,,,,50,0,50,0,0,581,0,0,0,0,0,0,0,0,0,0,14194580,98.0,"Kingston, Ontario, Canada",Queens,,,
758,235,Jepox,Sebastian Joyce,Sebastian,Joyce,3.0,retired,,2025-04-03 10:50:52,,Running Back,Blocking Back,,,,50,0,50,0,0,177,0,0,0,0,0,0,0,0,0,0,15320500,87.0,"Denver, Colorado",University of Denver,,,
757,376,Skatestorm,Victor DeMar,Victor,DeMar,3.0,retired,,2025-04-03 10:50:52,,Wide Receiver,Speed Receiver,,,,50,0,50,0,0,50,0,0,0,0,0,0,0,0,0,0,500000,17.0,"Minneapolis, MN",Wisconsin,,,
756,426,Zeegee,Vash Erikson,Vash,Erikson,3.0,retired,,2025-04-03 10:50:52,,Safety,Playmaker ,,,,50,0,50,0,0,154,0,0,0,0,0,0,0,0,0,0,12500000,42.0,"Sparta, New Jersey",Ohio State University ,,,
755,436,kcheng686,Samuel Zhang,Samuel,Zhang,3.0,retired,,2025-04-03 10:50:52,,Cornerback, Man to Man,,,,50,0,50,0,0,201,0,0,0,0,0,0,0,0,0,0,9648400,24.0,"Mount Pleasant, MI",Michigan State,,,
754,392,BoltyMcSpeedy,Erlich Burnsman,Erlich,Burnsman,3.0,retired,,2025-04-03 10:50:52,,Running Back,Speed Back ,,,,50,0,50,0,0,210,0,0,0,0,0,0,0,0,0,0,11093050,31.0,"London, England",Texas,,,
753,457,flight,Eddy Kim,Eddy,Kim,3.0,retired,,2025-04-03 10:50:52,,Safety,Center Fielder,,,,50,0,50,0,0,50,0,0,0,0,0,0,0,0,0,0,2500000,54.0,"Queens, New York",University of Southern California,,,
752,214,GilfredTheGreat,Jughead Jones,Jughead,Jones,3.0,retired,,2025-04-03 10:50:52,,Offensive Lineman,Technician,,,,50,0,50,0,0,65,0,0,0,0,0,0,0,0,0,0,2500000,8.0,Riverdale,Riverdale,,,
751,433,runrunpasspunt,Ryan Fitzfatrick,Ryan,Fitzfatrick,3.0,retired,,2025-04-03 10:50:52,,Defensive Tackle,Balanced,,,,50,0,50,0,0,138,0,0,0,0,0,0,0,0,0,0,7000000,66.0,"El Paso, TX",Yale,,,
750,381,ItsJustBarry,Trey Willie,Trey,Willie,3.0,retired,,2025-04-03 10:50:52,,Wide Receiver,Route Runner,,,,50,0,50,0,0,243,0,0,0,0,0,0,0,0,0,0,16543590,87.0,"Indianapolis, IN",USC,,,
749,400,Kris,Eidur Gustavsson,Eidur,Gustavsson,3.0,retired,,2025-04-03 10:50:52,,Defensive End,Power Rusher,,,,50,0,50,0,0,159,0,0,0,0,0,0,0,0,0,0,7838500,0.0,,,,,
748,445,Yurio,Nate Atasuke,Nate,Atasuke,3.0,retired,,2025-04-03 10:50:52,,Wide Receiver,Possession Receiver,,,,50,0,50,0,0,67,0,0,0,0,0,0,0,0,0,0,4765000,13.0," Chicago, IL",Auburn,,,
747,450,Ducks,Arjen de Ligt,Arjen,de Ligt,3.0,retired,,2025-04-03 10:50:52,,Defensive End,Speed Rusher,,,,50,0,50,0,0,88,0,0,0,0,0,0,0,0,0,0,-500000,79.0,"Eindhoven, Nederland",-,,,
746,371,Creyes971,Gavin Graham,Gavin,Graham,3.0,retired,,2025-04-03 10:50:52,,Safety,Playmaker,,,,50,0,50,0,0,50,0,0,0,0,0,0,0,0,0,0,-354500,0.0,"Madrid,Spain ",,,,
745,427,picklerick#33;#33;,Rick Sanchez,Rick,Sanchez,3.0,retired,,2025-04-03 10:50:52,,Linebacker,Speed Rusher ,,,,50,0,50,0,0,50,0,0,0,0,0,0,0,0,0,0,1000000,0.0,"Jackson, MI",University of Texas,,,
744,282,njparker,Noah Parker,Noah,Parker,2.0,retired,,2025-04-03 10:48:42,,Linebacker,Coverage Linebacker,,,,50,0,50,0,0,50,0,0,0,0,0,0,0,0,0,0,-676000,54.0,"Seattle, Washington",No College,,,
743,260,Kronen,Ragnar Kronen,Ragnar,Kronen,2.0,retired,,2025-04-03 10:47:57,,Safety,All-Around,,,,50,0,50,0,0,160,0,0,0,0,0,0,0,0,0,0,9900000,1.0,"Risør, Norway",University of Minnesota,,,
742,281,TheRealBK,Christian Adams,Christian,Adams,2.0,retired,,2025-04-03 10:47:04,,Quarterback,Gunslinger,,,,50,0,50,0,0,173,0,0,0,0,0,0,0,0,0,0,295000,9.0,"Gainsville, Georgia",Ohio State,,,
741,266,Stralec,Jordan Smith,Jordan,Smith,2.0,retired,,2025-04-03 10:39:43,,Wide Receiver,Red Zone Threat,,,,50,0,50,0,0,50,0,0,0,0,0,0,0,0,0,0,1000000,11.0,"Dallas, Texas",University of Texas,,,
740,235,Jepox,Isaiah McGinn,Isaiah,McGinn,2.0,retired,,2025-04-03 10:39:43,,Safety,Center Fielder,,,,50,0,50,0,0,116,0,0,0,0,0,0,0,0,0,0,15320500,76.0,"Detroit, Michigan",University of Michigan (Michigan Wolverines),,,
739,256,RandomDays,Busters Brownce,Busters,Brownce,2.0,retired,,2025-04-03 10:39:43,,Offensive Lineman,Pass Blocker,,,,50,0,50,0,0,50,0,0,0,0,0,0,0,0,0,0,4500000,74.0,"Lebanon, IL",Illinois State University,,,
738,354,Damienj10,Damien Kroetch,Damien,Kroetch,2.0,retired,,2025-04-03 10:39:43,,Running Back,Speed Back,,,,50,0,50,0,0,184,0,0,0,0,0,0,0,0,0,0,452000,52.0,Vancouver BC,Notre Dame,,,
737,239,Red_Staar,Typical Newenglander,Typical,Newenglander,2.0,retired,,2025-04-03 10:39:43,,Defensive Tackle,Interior Rusher,,,,50,0,50,0,0,52,0,0,0,0,0,0,0,0,0,0,1000000,42.0,"Bangor, Maine",MIT,,,
736,242,sapp2013,Matthew Vincent,Matthew,Vincent,2.0,retired,,2025-04-03 10:39:43,,Wide Receiver,Red Zone Threat,,,,50,0,50,0,0,301,0,0,0,0,0,0,0,0,0,0,66804787,19.0,Wisconsin,University of Florida,,,
735,219,adamantium,Braden Sharp,Braden,Sharp,2.0,retired,,2025-04-03 10:39:43,,Offensive Lineman,Technician,,,,50,0,50,0,0,117,0,0,0,0,0,0,0,0,0,0,6000000,56.0,"Hartford, Connecticut",University of Notre Dame,,,
734,231,MixAndMatch,Rich Gucci,Rich,Gucci,2.0,retired,,2025-04-03 10:39:43,,Tight End,Vertical Threat,,,,50,0,50,0,0,153,0,0,0,0,0,0,0,0,0,0,1000000,64.0,"Detroit, Michigan",Boston College,,,
733,279,Gwdaja,Darlane Farlane,Darlane,Farlane,2.0,retired,,2025-04-03 10:39:43,,Running Back,Speed Back,,,,50,0,50,0,0,193,0,0,0,0,0,0,0,0,0,0,6961500,20.0,"Phoenix, AZ",USC,,,
732,251,Lillico24,James Lillico,James,Lillico,2.0,retired,,2025-04-03 10:39:43,,Safety,Run Support,,,,50,0,50,0,0,66,0,0,0,0,0,0,0,0,0,0,1500000,24.0,"London, England",Tennessee,,,
731,97,ImCokeZero,Bernard Forthward,Bernard,Forthward,2.0,retired,,2025-04-03 10:39:43,,Offensive Lineman,Run Blocker,,,,50,0,50,0,0,50,0,0,0,0,0,0,0,0,0,0,2500000,65.0,"Cameron, North Carolina",Wisconsin ,,,
730,326,JasonMars,Brett Dodggy,Brett,Dodggy,2.0,retired,,2025-04-03 10:39:43,,Offensive Lineman,Technician,,,,50,0,50,0,0,89,0,0,0,0,0,0,0,0,0,0,-3000000,0.0,,,,,
729,277,SwagSloth,Eric Kennedy,Eric,Kennedy,2.0,retired,active,2025-04-03 10:39:43,,Wide Receiver,Speed Receiver,,,,50,0,50,0,0,769,0,0,0,0,0,0,0,0,0,0,7976774,82.0,"New Orleans, Louisiana",LSU,,,
728,215,:.Elite.:,Johnny Rocket,Johnny,Rocket,2.0,retired,,2025-04-03 10:39:43,,Wide Receiver,Speed Receiver ,,,,50,0,50,0,0,122,0,0,0,0,0,0,0,0,0,0,1000000,89.0,"Tempe, AZ",Stanford,,,
727,241,vledoc,Jupiter Oaks,Jupiter,Oaks,2.0,retired,,2025-04-03 10:39:43,,Linebacker,Coverage Linebacker,,,,50,0,50,0,0,50,0,0,0,0,0,0,0,0,0,0,3000000,93.0,"Bradenton, FL",Ohio State,,,
726,220,Muford,Vincent Sharpei,Vincent,Sharpei,2.0,retired,,2025-04-03 10:39:43,,Linebacker,Balanced,,,,50,0,50,0,0,799,0,0,0,0,0,0,0,0,0,0,45192618,54.0,Chicago,Army,,,
725,287,TheLastOlympian07,Shawn Brady,Shawn,Brady,2.0,retired,,2025-04-03 10:39:43,,Quarterback,Pocket Passer,,,,50,0,50,0,0,139,0,0,0,0,0,0,0,0,0,0,1724000,12.0,"San Mateo, California",Michigan,,,
724,293,Honolulublue,Mac Donald,Mac,Donald,2.0,retired,,2025-04-03 10:39:43,,Defensive End,Balanced,,,,50,0,50,0,0,50,0,0,0,0,0,0,0,0,0,0,1500000,68.0,"Toronto, Canada",Grand valley State university,,,
723,230,Geh,Teez Tobin,Teez,Tobin,2.0,retired,,2025-04-03 10:39:43,,Running Back,,,,,50,0,50,0,0,50,0,0,0,0,0,0,0,0,0,0,3500000,28.0,,Nicholls State,,,
722,224,The Wall,Frederick Smith,Frederick,Smith,2.0,retired,,2025-04-03 10:39:43,,Defensive Tackle,Balanced,,,,50,0,50,0,0,53,0,0,0,0,0,0,0,0,0,0,3500000,0.0,Scarborough Ontario,,,,
721,244,Kcobb9,Kyle Cobb,Kyle,Cobb,2.0,retired,,2025-04-03 10:39:43,,Running Back,Receiving Back,,,,50,0,50,0,0,123,0,0,0,0,0,0,0,0,0,0,8789000,47.0,"Lockport, NY",Ball State,,,
720,306,XxpurplepurpsxX,Allen Davis,Allen,Davis,2.0,retired,,2025-04-03 10:39:43,,Safety,Playmaker,,,,50,0,50,0,0,153,0,0,0,0,0,0,0,0,0,0,7062500,27.0,"Wichita Falls, TX",Arizona,,,
719,316,Guy worthy,Gui Worthy,Gui,Worthy,2.0,retired,,2025-04-03 10:39:43,,Offensive Lineman,Pass Blocker,,,,50,0,50,0,0,75,0,0,0,0,0,0,0,0,0,0,7500000,0.0,"Pittsburgh, PA",School of Hard Knocks (no college),,,
718,344,Esarhaddon,Leon Morgan,Leon,Morgan,2.0,retired,,2025-04-03 10:39:43,,Cornerback,All-Around,,,,50,0,50,0,0,107,0,0,0,0,0,0,0,0,0,0,3000000,61.0,"Denmark, ME",UMass,,,
717,312,Perry87,Perry Tucker,Perry,Tucker,2.0,retired,,2025-04-03 10:39:43,,Linebacker,Balanced ,,,,50,0,50,0,0,157,0,0,0,0,0,0,0,0,0,0,4989500,84.0,"Athens, Ohio",Bowling Green State University,,,
716,321,protooman,Manny Paz,Manny,Paz,2.0,retired,,2025-04-03 10:39:43,,Linebacker,Power Rusher,,,,50,0,50,0,0,83,0,0,0,0,0,0,0,0,0,0,2500000,50.0,"Las Vegas, NV",University of Michigan,,,
715,53,Ephemeris,Ryan Lecavalier,Ryan,Lecavalier,2.0,retired,,2025-04-03 10:39:43,,Safety,Playmaker,,,,50,0,50,0,0,59,0,0,0,0,0,0,0,0,0,0,1500000,15.0,"Gatineau, Quebec, Canada",Arizona,,,
714,322,Colombiano,Hingle Mcringleberry,Hingle,Mcringleberry,2.0,retired,,2025-04-03 10:39:43,,Linebacker,Speed Rusher,,,,50,0,50,0,0,50,0,0,0,0,0,0,0,0,0,0,1000000,0.0,"Atlanta, GA",LSU,,,
713,349,CommunistSweden,Donovan Maric,Donovan,Maric,2.0,retired,,2025-04-03 10:39:43,,Linebacker,Balanced,,,,50,0,50,0,0,70,0,0,0,0,0,0,0,0,0,0,4500000,57.0,"Baltimore, MD",University of Maryland,,,
712,223,veritas,Connor MacManus,Connor,MacManus,2.0,retired,,2025-04-03 10:39:43,,Offensive Lineman,Pass Blocker,,,,50,0,50,0,0,69,0,0,0,0,0,0,0,0,0,0,500000,61.0,Boston,Boston College,,,
711,348,hmason91,Hunter Mason,Hunter,Mason,2.0,retired,,2025-04-03 10:39:43,,Wide Receiver,Speed Receiver,,,,50,0,50,0,0,79,0,0,0,0,0,0,0,0,0,0,4500000,80.0,"Milwaukee, Wisconsin",Wisconsin,,,
710,314,kckolbe,Kevin Cushing,Kevin,Cushing,2.0,retired,,2025-04-03 10:39:43,,Cornerback,All-Around,,,,50,0,50,0,0,838,0,0,0,0,0,0,0,0,0,0,88944900,30.0,"Houston, Texas",University of Houston,,,
709,361,Julio,Rafael Reyes,Rafael,Reyes,2.0,retired,,2025-04-03 10:39:43,,Cornerback,Run Support,,,,50,0,50,0,0,127,0,0,0,0,0,0,0,0,0,0,10090800,50.0,"Houston, Texas",Kansas State,,,
708,351,Sleepy,Dieter Koch,Dieter,Koch,2.0,retired,,2025-04-03 10:39:43,,Running Back,Blocking Back,,,,50,0,50,0,0,199,0,0,0,0,0,0,0,0,0,0,13318000,76.0,"Roth, Germany",LSU,,,
707,342,PlotzkeA,James Wright,James,Wright,2.0,retired,,2025-04-03 10:39:43,,Linebacker,Balanced,,,,50,0,50,0,0,155,0,0,0,0,0,0,0,0,0,0,6485000,50.0,"Detroit, Michigan",Michigan State University,,,
706,269,Bakepiece,John Baker,John,Baker,2.0,retired,,2025-04-03 10:39:43,,Wide Receiver,Route Runner,,,,50,0,50,0,0,101,0,0,0,0,0,0,0,0,0,0,5500000,24.0,"Hunstville, AL",LSU,,,
705,250,okonkwoco,Chidubem Okonkwo,Chidubem,Okonkwo,2.0,retired,,2025-04-03 10:39:43,,Defensive End,Power Rusher,,,,50,0,50,0,0,595,0,0,0,0,0,0,0,0,0,0,3000000,93.0,,Fresno State,,,
704,268,Silver Fox,Fox North,Fox,North,2.0,retired,,2025-04-03 10:39:43,,Wide Receiver,Route Runner,,,,50,0,50,0,0,164,0,0,0,0,0,0,0,0,0,0,10248000,42.0,"Detroit, MI",Penn State,,,
703,302,Hypodynamic,Torque Lewith,Torque,Lewith,2.0,retired,,2025-04-03 10:39:43,,Safety,Center Fielder,,,,50,0,50,0,0,172,0,0,0,0,0,0,0,0,0,0,8168000,21.0,Long Island,Nevada State,,,
702,222,automatic,Greg Clegane,Greg,Clegane,2.0,retired,,2025-04-03 10:39:43,,Defensive Tackle,Run Stuffer,,,,50,0,50,0,0,50,0,0,0,0,0,0,0,0,0,0,13241950,65.0,"Clegane Keep, Casterly Rock",House of Clegane,,,
701,352,Dangles13,Marcus Kane,Marcus,Kane,2.0,retired,,2025-04-03 10:39:43,,Safety,Run Support,,,,50,0,50,0,0,321,0,0,0,0,0,0,0,0,0,0,12001670,20.0,"Philadelphia, Pennsylvania",Clemson,,,
700,327,TyronSmith,Tyron Smith,Tyron,Smith,2.0,retired,,2025-04-03 10:39:43,,Offensive Lineman,Pass Blocker,,,,50,0,50,0,0,106,0,0,0,0,0,0,0,0,0,0,7936000,0.0,,,,,
699,350,Joester09,Joey Langdon,Joey,Langdon,2.0,retired,,2025-04-03 10:39:43,,Kicker,Balanced,,,,50,0,50,0,0,50,0,0,0,0,0,0,0,0,0,0,3000000,76.0,"Woodstock, ON, Canada",DeVry University,,,
698,290,CubsFan19,Xavier Newman,Xavier,Newman,2.0,retired,,2025-04-03 10:39:43,,Cornerback,All-Around ,,,,50,0,50,0,0,108,0,0,0,0,0,0,0,0,0,0,5410000,29.0,"Intercourse, PA",Boston University,,,
697,360,OnionRings,Joel Kallems,Joel,Kallems,2.0,retired,,2025-04-03 10:39:43,,Kicker,Accurate,,,,50,0,50,0,0,50,0,0,0,0,0,0,0,0,0,0,1000000,5.0,"Minneapolis, MN",University of Minnesota,,,
696,238,Jharter94,Jesse Sanderson,Jesse,Sanderson,2.0,retired,,2025-04-03 10:39:43,,Tight End,Possession Tight End,,,,50,0,50,0,0,52,0,0,0,0,0,0,0,0,0,0,3000000,82.0,"Kirksville, Missouri",University of California - Santa Cruz,,,
695,280,jordan327,Jordan Yates,Jordan,Yates,2.0,retired,,2025-04-03 10:39:43,,Running Back,Speed Back,,,,50,0,50,0,0,576,0,0,0,0,0,0,0,0,0,0,10947450,0.0,Ohio,UVA,,,
694,307,Chunk,Luke Chunk,Luke,Chunk,2.0,retired,,2025-04-03 10:39:43,,Linebacker,Power Rusher,,,,50,0,50,0,0,107,0,0,0,0,0,0,0,0,0,0,28850000,56.0,"Houston, TX",University of Louisiana at Monroe,,,
693,334,Big Baller Brand,Alonzo Charles,Alonzo,Charles,2.0,retired,,2025-04-03 10:39:43,,Offensive Lineman,Athletic Lineman,,,,50,0,50,0,0,50,0,0,0,0,0,0,0,0,0,0,4000000,77.0,"Los Angeles, California ",Butler University ,,,
692,336,Kristy95,Kristoffer O’Sullivan,Kristoffer,O’Sullivan,2.0,retired,,2025-04-03 10:39:43,,Cornerback,Man to Man,,,,50,0,50,0,0,334,0,0,0,0,0,0,0,0,0,0,4473500,10.0,"Dublin, Ireland",Boise St.,,,
691,335,Big Country,Shjom Finkenlarkin,Shjom,Finkenlarkin,2.0,retired,,2025-04-03 10:39:43,,Offensive Lineman,Pass Blocker,,,,50,0,50,0,0,156,0,0,0,0,0,0,0,0,0,0,1196000,62.0,"Malmö, Sweden",Temple,,,
689,295,Den_Tex_Mix2,Luke Washington,Luke,Washington,2.0,retired,,2025-04-03 10:39:43,,Linebacker,Balanced,,,,50,0,50,0,0,163,0,0,0,0,0,0,0,0,0,0,9449000,46.0,"Denver, CO",Texas,,,
688,353,mpclardy,Enchilada Charlton,Enchilada,Charlton,2.0,retired,,2025-04-03 10:39:43,,Defensive End,Run Stopper,,,,50,0,50,0,0,77,0,0,0,0,0,0,0,0,0,0,6060000,64.0,"Houston, Texas",,,,
687,221,Blaster,Blaster Blade,Blaster,Blade,2.0,retired,,2025-04-03 10:39:43,,Defensive End,Power Rusher,,,,50,0,50,0,0,355,0,0,0,0,0,0,0,0,0,0,13451442,92.0,Austin,Texas,,,
686,292,DRUNKmeerkat,John Goose,John,Goose,2.0,retired,,2025-04-03 10:39:43,,Running Back,All-Purpose Back,,,,50,0,50,0,0,79,0,0,0,0,0,0,0,0,0,0,2500000,47.0,"Charlotte, NC",UNC,,,
685,275,scottyt,Scott Timlin,Scott,Timlin,2.0,retired,,2025-04-03 10:39:43,,Offensive Lineman,Athletic Lineman,,,,50,0,50,0,0,184,0,0,0,0,0,0,0,0,0,0,869500,69.0,"Newcastle, UK",Ohio State,,,
684,320,HalfEatenOnionBagel,Micah Hendrix,Micah,Hendrix,2.0,retired,,2025-04-03 10:39:43,,Linebacker, Balanced,,,,50,0,50,0,0,786,0,0,0,0,0,0,0,0,0,0,12893645,40.0,"Orlando, FL ",University of Miami,,,
683,46,Bafetimbi Gomis,Wayne Gooney,Wayne,Gooney,2.0,retired,,2025-04-03 10:39:43,,Kicker,Accurate,,,,50,0,50,0,0,152,0,0,0,0,0,0,0,0,0,0,5851000,10.0,"Croxteth, Liverpool, England",England,,,
682,328,MattJames,Matt James,Matt,James,2.0,retired,,2025-04-03 10:39:43,,Offensive Lineman,Run Blocker,,,,50,0,50,0,0,113,0,0,0,0,0,0,0,0,0,0,4576500,65.0,"Riverside, CA",,,,
681,339,fish,Ottokar Von Gerhardt,Ottokar,Von Gerhardt,2.0,retired,active,2025-04-03 10:39:43,,Defensive End,Power Rusher,,,,50,0,50,0,0,104,0,0,0,0,0,0,0,0,0,0,6615000,64.0,"Trier, Germany",Indiana University,,,
680,333,ElMachoNacho,Denzel Diaz,Denzel,Diaz,2.0,retired,,2025-04-03 10:39:43,,Running Back,All-Purpose Back,,,,50,0,50,0,0,183,0,0,0,0,0,0,0,0,0,0,10485500,11.0,"El Paso, Texas",USC,,,
679,291,Tyfeld93,Santana Moss,Santana,Moss,2.0,retired,,2025-04-03 10:39:43,,Wide Receiver,Red Zone Threat,,,,50,0,50,0,0,50,0,0,0,0,0,0,0,0,0,0,1000000,86.0,Greenville NC,ECU,,,
678,271,Ben,Ardie Savea,Ardie,Savea,2.0,retired,active,2025-04-03 10:39:43,,Tight End,Balanced,,,,50,0,50,0,0,483,0,0,0,0,0,0,0,0,0,0,-169410,49.0,"Wellington, New Zealand",Rongotai College (NZ),,,
677,170,CampinKiller,Steve Austin,Steve,Austin,2.0,retired,,2025-04-03 10:39:43,,Linebacker,Power Rusher,,,,50,0,50,0,0,100,0,0,0,0,0,0,0,0,0,0,4000000,49.0,"Huntsville, AL",Alabama,,,
676,248,vikesdce,Rashad Tarkenton,Rashad,Tarkenton,2.0,retired,,2025-04-03 10:39:43,,Kicker,Accurate Kicker,,,,50,0,50,0,0,70,0,0,0,0,0,0,0,0,0,0,1000000,13.0,"Wausau, WI",Minnesota,,,
675,323,SexualEarwax,Carmel Gibson,Carmel,Gibson,2.0,retired,,2025-04-03 10:39:43,,Tight End,Balanced Tight End,,,,50,0,50,0,0,50,0,0,0,0,0,0,0,0,0,0,3000000,88.0,"Louisville, KY",WKU,,,
674,325,Etolduso,Domantas Sabonis,Domantas,Sabonis,2.0,retired,,2025-04-03 10:39:43,,Running Back,All-Purpose Back,,,,50,0,50,0,0,50,0,0,0,0,0,0,0,0,0,0,1000000,21.0, Lithuania,Gonzaga,,,
673,309,BradtheMadLad,Bradley T Madlad,Bradley,T Madlad,2.0,retired,,2025-04-03 10:39:43,,Kicker,Power,,,,50,0,50,0,0,156,0,0,0,0,0,0,0,0,0,0,3700000,78.0,"Potos Village, NE",University of Nebraska,,,
672,305,Oles,Tyler Oles,Tyler,Oles,2.0,retired,active,2025-04-03 10:39:43,,Quarterback,Gunslinger,,,,50,0,50,0,0,1135,0,0,0,0,0,0,0,0,0,0,31145397,5.0,"Baltimore, MD",University of Maryland,,,
671,245,AsylumParty,Dustin Evans,Dustin,Evans,2.0,retired,,2025-04-03 10:39:43,,Wide Receiver,Speed Receiver,,,,50,0,50,0,0,815,0,0,0,0,0,0,0,0,0,0,78819797,89.0,California ,University of Miami,,,
670,265,bovovovo,Bork Björnsson,Bork,Björnsson,2.0,retired,,2025-04-03 10:39:43,,Defensive End,Run Stopper,,,,50,0,50,0,0,562,0,0,0,0,0,0,0,0,0,0,52139766,98.0,"Reykjavík, Iceland",University of Minnesota Twin Cities,,,
669,331,4D Chess,C.A Chess,C.A,Chess,2.0,retired,,2025-04-03 10:39:43,,Wide Receiver,Red Zone Threat,,,,50,0,50,0,0,269,0,0,0,0,0,0,0,0,0,0,21423500,88.0,"Flint, MI",University of Michigan,,,
668,332,Tech,Gadget Tech,Gadget,Tech,2.0,retired,,2025-04-03 10:39:43,,Offensive Lineman,Technician,,,,50,0,50,0,0,168,0,0,0,0,0,0,0,0,0,0,555000,43.0,"Morristown, New Jersey",Airforce Academy,,,
667,258,Darnellthebeast,Darnell Turner,Darnell,Turner,2.0,retired,,2025-04-03 10:39:43,,Cornerback,Man to Man,,,,50,0,50,0,0,369,0,0,0,0,0,0,0,0,0,0,18138000,11.0,Armenia,James Madison University,,,
666,274,sabills,Drew Davidson,Drew,Davidson,2.0,retired,,2025-04-03 10:39:43,,Defensive End,Speed Rusher,,,,50,0,50,0,0,150,0,0,0,0,0,0,0,0,0,0,13705000,67.0,"Buffalo, NY",Michigan,,,
665,324,JR95,Jon Ross,Jon,Ross,2.0,retired,,2025-04-03 10:39:43,,Wide Receiver,Possession Receiver,,,,50,0,50,0,0,292,0,0,0,0,0,0,0,0,0,0,8268000,95.0,Ottawa,Ottawa U,,,
664,252,TheDangaZone,Roman Thomas,Roman,Thomas,2.0,retired,,2025-04-03 10:39:43,,Safety,Center Fielder,,,,50,0,50,0,0,163,0,0,0,0,0,0,0,0,0,0,15248400,22.0,"Pensacola, Florida",FSU,,,
663,240,Baby_Reggie,Jason Jerek,Jason,Jerek,2.0,retired,,2025-04-03 10:39:43,,Kicker,Power,,,,50,0,50,0,0,50,0,0,0,0,0,0,0,0,0,0,500000,7.0,"Kampala, Uganda",WVU,,,
662,249,Bgreene21,Ben Green,Ben,Green,2.0,retired,,2025-04-03 10:39:43,,Defensive Tackle,Nose Tackle,,,,50,0,50,0,0,76,0,0,0,0,0,0,0,0,0,0,11593000,65.0,"Greensboro, NC",Liberty,,,
661,257,Daybe,Dwayne Barton,Dwayne,Barton,2.0,retired,,2025-04-03 10:39:43,,Cornerback,Man to Man,,,,50,0,50,0,0,61,0,0,0,0,0,0,0,0,0,0,8012300,24.0,"Spokane, WA",Washington,,,
660,356,JasieJ,Jazzy J,Jazzy,J,2.0,retired,,2025-04-03 10:39:43,,Offensive Lineman,Run Blocker,,,,50,0,50,0,0,50,0,0,0,0,0,0,0,0,0,0,11000000,0.0,,,,,
659,39,Ghostspeed,Cooper Christmas,Cooper,Christmas,1.0,retired,,2025-04-02 16:23:46,,Wide Receiver,Red Zone Threat,,,,50,0,50,0,0,214,0,0,0,0,0,0,0,0,0,0,8006000,10.0,"Coeur d'Alene, Idaho",EWU,,,
658,124,Ltsmashie,Luke Tiernan,Luke,Tiernan,1.0,retired,,2025-04-02 16:21:03,,Linebacker,Balanced,,,,50,0,50,0,0,163,0,0,0,0,0,0,0,0,0,0,15808166,23.0,"Tullow, Ireland",Notre Dame,,,
657,150,BenderRodriguez,Bender Rodriguez,Bender,Rodriguez,1.0,retired,,2025-04-02 16:21:03,,Offensive Lineman,Run Blocker,,,,50,0,50,0,0,146,0,0,0,0,0,0,0,0,0,0,5500000,77.0,NJ,Temple,,,
656,104,Jbearly,Adamle Tomlinson,Adamle,Tomlinson,1.0,retired,,2025-04-02 16:21:03,,Defensive End,Speed Rusher,,,,50,0,50,0,0,207,0,0,0,0,0,0,0,0,0,0,7637000,56.0,"Albany, New York ",Buffalo ,,,
655,46,Bafetimbi Gomis,Khalifa Al Mahrouqi,Khalifa,Al Mahrouqi,1.0,retired,,2025-04-02 16:21:03,,Linebacker,Power Rusher,,,,50,0,50,0,0,50,0,0,0,0,0,0,0,0,0,0,5851000,99.0,UAE,Japan X-League,,,
654,177,neall26,Mark Bowden,Mark,Bowden,1.0,retired,,2025-04-02 16:21:03,,Cornerback,Man to Man ,,,,50,0,50,0,0,50,0,0,0,0,0,0,0,0,0,0,5000000,0.0,"Atlanta, GA",FSU,,,
653,175,Dageorge8180,Sean Strong,Sean,Strong,1.0,retired,,2025-04-02 16:21:03,,Wide Receiver,Route Runner,,,,50,0,50,0,0,50,0,0,0,0,0,0,0,0,0,0,500000,86.0,"Chicago, IL",Beloit,,,
651,202,BasedGase,Saggitariutt Jefferspin,Saggitariutt,Jefferspin,1.0,retired,,2025-04-02 16:21:03,,Offensive Lineman,Athletic Lineman,,,,50,0,50,0,0,74,0,0,0,0,0,0,0,0,0,0,4050000,66.0,"Miami, Fl",Texas A&M,,,
650,17,Symmetrik,Shane Weston,Shane,Weston,1.0,retired,,2025-04-02 16:21:03,,Wide Receiver,Speed Receiver,,,,50,0,50,0,0,170,0,0,0,0,0,0,0,0,0,0,29331023,81.0,"Ottawa, ON, CAN",UCLA,,,
649,171,WiSeIVIaN,"Ezekiel ""Easy"" Bishop",Ezekiel,"""Easy"" Bishop",1.0,retired,,2025-04-02 16:21:03,,Cornerback,Zone,,,,50,0,50,0,0,50,0,0,0,0,0,0,0,0,0,0,1000000,33.0,"Chicago, IL",NIU,,,
648,35,Storm,RFFO Mademe,RFFO,Mademe,1.0,retired,,2025-04-02 16:21:03,,Wide Receiver,Speed Receiver,,,,50,0,50,0,0,58,0,0,0,0,0,0,0,0,0,0,4000000,56.0,NJ,Rutgers,,,
647,54,.Broken,Marcus Robinson,Marcus,Robinson,1.0,retired,,2025-04-02 16:21:03,,Running Back,Receiving Back,,,,50,0,50,0,0,111,0,0,0,0,0,0,0,0,0,0,10200000,11.0,"Toronto, Canada",Duke,,,
646,214,GilfredTheGreat,Gilfred Harrison,Gilfred,Harrison,1.0,retired,,2025-04-02 16:21:03,,Defensive Tackle,Run Stuffer,,,,50,0,50,0,0,50,0,0,0,0,0,0,0,0,0,0,2500000,0.0,Dallas Texas,,,,
645,65,Blake Bortles,Break Bottles,Break,Bottles,1.0,retired,,2025-04-02 16:21:03,,Tight End,Vertical Threat,,,,50,0,50,0,0,119,0,0,0,0,0,0,0,0,0,0,16481000,87.0,"Miami, FL","Miami, FL",,,
644,182,Stormblessed,Stormblessed -,Stormblessed,-,1.0,retired,,2025-04-02 16:21:03,,Wide Receiver,Speed Receiver,,,,50,0,50,0,0,152,0,0,0,0,0,0,0,0,0,0,16359000,12.0,Michigan,Michigan,,,
643,194,DrunkenTeddy,Robert Phelps,Robert,Phelps,1.0,retired,,2025-04-02 16:21:03,,Wide Receiver,Possession Receiver,,,,50,0,50,0,0,472,0,0,0,0,0,0,0,0,0,0,6036607,52.0,"Seattle, WA",University of Washington,,,
642,102,scmsf49,Wes Washington,Wes,Washington,1.0,retired,,2025-04-02 16:21:03,,Wide Receiver,Speed Receiver,,,,50,0,50,0,0,56,0,0,0,0,0,0,0,0,0,0,500000,19.0,"San Francisco, California",Ohio State University,,,
641,27,Tomen,Alexander Selich,Alexander,Selich,1.0,retired,,2025-04-02 16:21:03,,Linebacker,Balanced,,,,50,0,50,0,0,116,0,0,0,0,0,0,0,0,0,0,32669624,52.0,"Fulda, Germany",FAU (Florida Atlantic University) ,,,
640,44,breakingthe4THWALL,Cliff Hamilton,Cliff,Hamilton,1.0,retired,,2025-04-02 16:21:03,,Offensive Lineman,Run Blocker,,,,50,0,50,0,0,50,0,0,0,0,0,0,0,0,0,0,4000000,55.0,"Philadelphia, Pennsylvania",Hard Knocks,,,
639,199,WillW,Fernando Bessel,Fernando,Bessel,1.0,retired,,2025-04-02 16:21:03,,Running Back,Power Back,,,,50,0,50,0,0,50,0,0,0,0,0,0,0,0,0,0,3500000,26.0,Richmond VA,Notre Dame,,,
638,112,Sloopseanb,Blast Michaels,Blast,Michaels,1.0,retired,,2025-04-02 16:21:03,,Wide Receiver,Route Runner,,,,50,0,50,0,0,50,0,0,0,0,0,0,0,0,0,0,1500000,11.0,"Anaheim, CA",Michigan,,,
637,106,RealShimSlady,Emerald Wednesday,Emerald,Wednesday,1.0,retired,,2025-04-02 16:21:03,,Tight End,Possession Tight End ,,,,50,0,50,0,0,50,0,0,0,0,0,0,0,0,0,0,500000,87.0,"Allentown, PA",Wake Forest ,,,
636,22,.wahala.,Tim Tebow,Tim,Tebow,1.0,retired,,2025-04-02 16:21:03,,Offensive Lineman,Run Blocker,,,,50,0,50,0,0,96,0,0,0,0,0,0,0,0,0,0,6000000,0.0,,Florida,,,
635,72,WisconsinBadgers,Arby Krimlaw,Arby,Krimlaw,1.0,retired,,2025-04-02 16:21:03,,Linebacker,Power Rusher,,,,50,0,50,0,0,128,0,0,0,0,0,0,0,0,0,0,2350000,69.0,Wisconsin,Wisconsin-Whitewater,,,
634,207,Jiggly_333,Leroy Jenkins,Leroy,Jenkins,1.0,retired,active,2025-04-02 16:21:03,,Running Back,Power Back,,,,50,0,50,0,0,389,0,0,0,0,0,0,0,0,0,0,-152273,3.0,Chicago,Oregon University,,,
633,80,Jogn,Jogn Floggity,Jogn,Floggity,1.0,retired,,2025-04-02 16:21:03,,Safety,Run Blocker,,,,50,0,50,0,0,144,0,0,0,0,0,0,0,0,0,0,9500000,54.0,"Lafayette, LA",Hawaii,,,
632,36,Shaka,J.J. Reigns,J.J.,Reigns,1.0,retired,,2025-04-02 16:21:03,,Wide Receiver,Red Zone Threat,,,,50,0,50,0,0,168,0,0,0,0,0,0,0,0,0,0,14950000,99.0,Parts Unknown,Wisconsin,,,
631,66,CaptainCats,Dirk Cutter,Dirk,Cutter,1.0,retired,,2025-04-02 16:21:03,,Cornerback,Man to Man,,,,50,0,50,0,0,145,0,0,0,0,0,0,0,0,0,0,20612000,19.0,"Toronto, ON",FSU,,,
630,28,galatix,Adrienne Nugent,Adrienne,Nugent,1.0,retired,,2025-04-02 16:21:03,,Kicker,Accurate Kicker,,,,50,0,50,0,0,50,0,0,0,0,0,0,0,0,0,0,3000000,13.0,"Holmdel, New Jersey",Syracuse University,,,
629,118,CamBrady,Josh Cameron,Josh,Cameron,1.0,retired,,2025-04-02 16:21:03,,Defensive Tackle,Interior Rusher,,,,50,0,50,0,0,93,0,0,0,0,0,0,0,0,0,0,4775000,75.0,"Midland, Michigan",University of Michigan,,,
628,33,ckroyal92,Ja Brill,Ja,Brill,1.0,retired,active,2025-04-02 16:21:03,,Safety,Playmaker,,,,50,0,50,0,0,286,0,0,0,0,0,0,0,0,0,0,197648400,5.0,"Ann Arbor, MI",Michigan,,,
627,68,Aenir,Chris Orosz,Chris,Orosz,1.0,retired,,2025-04-02 16:21:03,,Quarterback,Pocket Passer,,,,50,0,50,0,0,695,0,0,0,0,0,0,0,0,0,0,22955220,10.0,Chicago,Navy,,,
626,23,Saliva^,Clee Hardrool,Clee,Hardrool,1.0,retired,,2025-04-02 16:21:03,,Safety,Center Fielder,,,,50,0,50,0,0,449,0,0,0,0,0,0,0,0,0,0,12175666,79.0,Twin Falls,Idaho,,,
625,8,NUCK,Bubba Nuck,Bubba,Nuck,1.0,retired,,2025-04-02 16:21:03,,Running Back,Speed Back ,,,,50,0,50,0,0,193,0,0,0,0,0,0,0,0,0,0,2516666,41.0,"Vancouver., B.C.",,,,
624,13,Kendrick,Mayran Jackson,Mayran,Jackson,1.0,retired,,2025-04-02 16:21:03,,Wide Receiver,Route Runner,,,,50,0,50,0,0,479,0,0,0,0,0,0,0,0,0,0,6696490,10.0,Chino,California (Berkeley),,,
623,75,Zdot,Reginald Hampshireton,Reginald,Hampshireton,1.0,retired,,2025-04-02 16:21:03,,Linebacker,Run Stopper,,,,50,0,50,0,0,115,0,0,0,0,0,0,0,0,0,0,5000000,51.0,,,,,
621,57,xfactorx121,Everest Teagarden,Everest,Teagarden,1.0,retired,,2025-04-02 16:21:03,,Defensive End,Power Rusher ,,,,50,0,50,0,0,50,0,0,0,0,0,0,0,0,0,0,1000000,52.0,West Virginia,TCU,,,
620,114,WindyChi,Josepher Kamby,Josepher,Kamby,1.0,retired,,2025-04-02 16:21:03,,Tight End,Possession Tight End,,,,50,0,50,0,0,50,0,0,0,0,0,0,0,0,0,0,2500000,87.0,"Mobile, AL",University of Michigan,,,
619,55,GoodLeftUndone,Damian West,Damian,West,1.0,retired,,2025-04-02 16:21:03,,Wide Receiver,Route Runner,,,,50,0,50,0,0,170,0,0,0,0,0,0,0,0,0,0,6062000,89.0,"Detroit, MI",,,,
618,183,Lainncli,Kieran O’Connell,Kieran,O’Connell,1.0,retired,,2025-04-02 16:21:03,,Running Back,All-Purpose Back,,,,50,0,50,0,0,164,0,0,0,0,0,0,0,0,0,0,4698000,28.0,"Glasgow, Scotland",Pittsburgh,,,
617,84,Evolution,Samuel Watson,Samuel,Watson,1.0,retired,,2025-04-02 16:21:03,,Safety,All-Around,,,,50,0,50,0,0,50,0,0,0,0,0,0,0,0,0,0,5000000,29.0,"Kansas City, Missouri",Missouri,,,
616,211,Peterson,Matthew Peterson,Matthew,Peterson,1.0,retired,,2025-04-02 16:21:03,,Cornerback,Man to Man,,,,50,0,50,0,0,118,0,0,0,0,0,0,0,0,0,0,10666728,24.0,Seattle WA,Washington,,,
615,187,Deusolis,AC Hackett,AC,Hackett,1.0,retired,,2025-04-02 16:21:03,,Linebacker,Coverage Linebacker,,,,50,0,50,0,0,178,0,0,0,0,0,0,0,0,0,0,35452401,17.0,"Baltimore, MD",Maryland,,,
614,131,PoloPro,Archibald Booter,Archibald,Booter,1.0,retired,,2025-04-02 16:21:03,,,Power,,,,50,0,50,0,0,229,0,0,0,0,0,0,0,0,0,0,21094300,0.0,Weed Springs Colorado,Colorado State,,,
613,123,mosacra,Henri Rivere,Henri,Rivere,1.0,retired,,2025-04-02 16:21:03,,Cornerback,Man to Man,,,,50,0,50,0,0,50,0,0,0,0,0,0,0,0,0,0,1500000,22.0,"Baton Rouge, LA",LSU,,,
612,4,princekyle,Gabriel Tenzini,Gabriel,Tenzini,1.0,retired,,2025-04-02 16:21:03,,Tight End,Possession Tight End,,,,50,0,50,0,0,88,0,0,0,0,0,0,0,0,0,0,24600000,71.0,"Eden Prairie, Minnesota",Minnesota,,,
611,43,Gooney,Vinny Cox,Vinny,Cox,1.0,retired,,2025-04-02 16:21:03,,Defensive Tackle,Run Stuffer,,,,50,0,50,0,0,335,0,0,0,0,0,0,0,0,0,0,1500000,91.0,Nashville,Tennessee,,,
610,70,CosmicAtom,Adam Bennett,Adam,Bennett,1.0,retired,,2025-04-02 16:21:03,,Offensive Lineman,Pass Blocker,,,,50,0,50,0,0,101,0,0,0,0,0,0,0,0,0,0,3325000,77.0,"Vancouver, British Columbia",USC (California),,,
609,190,papap0st,Logan Ryder,Logan,Ryder,1.0,retired,,2025-04-02 16:21:03,,Quarterback,Gunslinger,,,,50,0,50,0,0,50,0,0,0,0,0,0,0,0,0,0,2425000,12.0,"Appleton, WI",Wisconsin,,,
608,15,Merica,Josh Bercovici,Josh,Bercovici,1.0,retired,,2025-04-02 16:21:03,,Quarterback,Gunslinger ,,,,50,0,50,0,0,272,0,0,0,0,0,0,0,0,0,0,17746000,2.0,"Phoenix, Arizona,  USA",Arizona State,,,
607,18,RayCobaine,Jason Williams,Jason,Williams,1.0,retired,,2025-04-02 16:21:03,,Cornerback,All-Around,,,,50,0,50,0,0,162,0,0,0,0,0,0,0,0,0,0,7760000,0.0,Baltimore,,,,
606,170,CampinKiller,Ryan Ellis,Ryan,Ellis,1.0,retired,,2025-04-02 16:21:03,,,Balanced,,,,50,0,50,0,0,50,0,0,0,0,0,0,0,0,0,0,4000000,99.0,"Guntersville, AL",Alabama,,,
605,186,RainDelay,Bailey Cook,Bailey,Cook,1.0,retired,,2025-04-02 16:21:03,,Wide Receiver,Possession Receiver,,,,50,0,50,0,0,210,0,0,0,0,0,0,0,0,0,0,19093902,18.0,"Tallahassee, FL",Florida State,,,
604,34,evryday,Erasmo Broadway,Erasmo,Broadway,1.0,retired,,2025-04-02 16:21:03,,Defensive Tackle,Nose Tackle,,,,50,0,50,0,0,270,0,0,0,0,0,0,0,0,0,0,23438700,65.0,"Chicago, IL",Notre Dame,,,
603,32,701,Vincent Draxel,Vincent,Draxel,1.0,retired,,2025-04-02 16:21:03,,Quarterback,Pocket Passer,,,,50,0,50,0,0,107,0,0,0,0,0,0,0,0,0,0,7200000,7.0,"Walla Walla, Washington",South Carolina Gamecocks,,,
602,115,Anti-Hype,Mark Ramrio,Mark,Ramrio,1.0,retired,,2025-04-02 16:21:03,,Defensive Tackle,Interior Rusher,,,,50,0,50,0,0,134,0,0,0,0,0,0,0,0,0,0,11020500,98.0,Wilkes Barre PA,Penn State,,,
601,48,andybj,Levon Novel,Levon,Novel,1.0,retired,,2025-04-02 16:21:03,,Safety,Center Fielder,,,,50,0,50,0,0,164,0,0,0,0,0,0,0,0,0,0,12900000,23.0,"New York, New York",Ohio State,,,
600,58,Evans,Romeo Devitt,Romeo,Devitt,1.0,retired,,2025-04-02 16:21:03,,Defensive Tackle,Run Stuffer ,,,,50,0,50,0,0,100,0,0,0,0,0,0,0,0,0,0,2200000,98.0,,Washington,,,
599,140,Roshambo,Dominic Verns,Dominic,Verns,1.0,retired,,2025-04-02 16:21:03,,Safety,Center Fielder ,,,,50,0,50,0,0,178,0,0,0,0,0,0,0,0,0,0,21672500,41.0,"Chicago, Illinois",Notre Dame,,,
598,122,GengarGoat,Trent Bender,Trent,Bender,1.0,retired,,2025-04-02 16:21:03,,Defensive Tackle,Balanced,,,,50,0,50,0,0,50,0,0,0,0,0,0,0,0,0,0,7500000,11.0,"Phoenix, Arizona",University Of Florida,,,
597,163,nbomb220,Barrick Acolyte,Barrick,Acolyte,1.0,retired,,2025-04-02 16:21:03,,Linebacker,Balanced,,,,50,0,50,0,0,50,0,0,0,0,0,0,0,0,0,0,2500000,51.0,"Chicago, IL",Florida State,,,
596,130,dropbear,Ben Longshaw,Ben,Longshaw,1.0,retired,,2025-04-02 16:21:03,,Offensive Lineman,Pass Blocker,,,,50,0,50,0,0,205,0,0,0,0,0,0,0,0,0,0,29130272,74.0,"Chicago, Illinois",Northern Illinois,,,
594,128,J.shaloiko,Jonathan Shaloiko,Jonathan,Shaloiko,1.0,retired,,2025-04-02 16:21:03,,Wide Receiver,Route Runner,,,,50,0,50,0,0,93,0,0,0,0,0,0,0,0,0,0,8000000,84.0,"erie, pennsylvania",Duke,,,
593,9,Durden,Jack Durden,Jack,Durden,1.0,retired,,2025-04-02 16:21:03,,Running Back,Speed Back,,,,50,0,50,0,0,206,0,0,0,0,0,0,0,0,0,0,6818610,26.0,,Buffalo State,,,
592,203,Grieber,Ryan Jensen,Ryan,Jensen,1.0,retired,,2025-04-02 16:21:03,,Running Back,All-Purpose Back,,,,50,0,50,0,0,50,0,0,0,0,0,0,0,0,0,0,2500000,34.0,"Saint Louis, MO",Alabama,,,
591,82,Glennie_p,Glennie Retro,Glennie,Retro,1.0,retired,,2025-04-02 16:21:03,,Linebacker,Balanced,,,,50,0,50,0,0,50,0,0,0,0,0,0,0,0,0,0,500000,40.0,"Birmingham, UK",Georgia Southern,,,
590,73,Plastic Bowl,Zed Richter,Zed,Richter,1.0,retired,,2025-04-02 16:21:03,,Safety,Center Fielder,,,,50,0,50,0,0,50,0,0,0,0,0,0,0,0,0,0,4000000,46.0,"Charlotte, North Carolina",UNC Charlotte,,,
589,6,Perkules,Jameis Christ,Jameis,Christ,1.0,retired,,2025-04-02 16:21:03,,Quarterback,Gunslinger,,,,50,0,50,0,0,166,0,0,0,0,0,0,0,0,0,0,6072000,3.0,"San Jose, California",,,,
588,98,Atahualpa,Atahualpa Romero,Atahualpa,Romero,1.0,retired,,2025-04-02 16:21:03,,Running Back,All-Purpose Back ,,,,50,0,50,0,0,50,0,0,0,0,0,0,0,0,0,0,2500000,4.0,"Benton Harbor, MI ",Michigan,,,
586,180,mnewman19,Michael Newman,Michael,Newman,1.0,retired,,2025-04-02 16:21:03,,Running Back,Speed Back,,,,50,0,50,0,0,79,0,0,0,0,0,0,0,0,0,0,2600000,19.0,Philadelphia,Penn State,,,
585,14,DollarAndADream,Scrub Kyubee,Scrub,Kyubee,1.0,retired,,2025-04-02 16:21:03,,Safety,Playmaker,,,,50,0,50,0,0,200,0,0,0,0,0,0,0,0,0,0,13600000,23.0,"Burnaby, BC, Canada",Michigan State,,,
584,25,RavensFanFromOntario,Tyler Varga,Tyler,Varga,1.0,retired,,2025-04-02 16:21:03,,Linebacker,Power Rusher,,,,50,0,50,0,0,307,0,0,0,0,0,0,0,0,0,0,14902966,38.0,"Stockholm, Sweden",Yale,,,
583,136,KalaVouna,Bisquiteen Crocker,Bisquiteen,Crocker,1.0,retired,,2025-04-02 16:21:03,,Defensive End,Speed Rusher,,,,50,0,50,0,0,90,0,0,0,0,0,0,0,0,0,0,6500000,62.0,"Greenville, Mississippi",Harvard,,,
582,135,adam2552,Lincoln Jefferson,Lincoln,Jefferson,1.0,retired,,2025-04-02 16:21:03,,Safety,Playmaker,,,,50,0,50,0,0,582,0,0,0,0,0,0,0,0,0,0,23021470,33.0,"Camden, NJ",Syracuse,,,
581,94,Noppadet,Stephen Harrison,Stephen,Harrison,1.0,retired,,2025-04-02 16:21:03,,Linebacker,Balanced,,,,50,0,50,0,0,162,0,0,0,0,0,0,0,0,0,0,12985000,54.0,"Reno, Nevada",Nevada,,,
580,3,Copenhagen,Brandon Walsh,Brandon,Walsh,1.0,retired,,2025-04-02 16:21:03,,Kicker,Balanced,,,,50,0,50,0,0,50,0,0,0,0,0,0,0,0,0,0,7850000,3.0,"Tuscaloosa, Alabama, USA",Alabama,,,
579,29,Bengals1Fan,Vick Bowers Jr.,Vick,Bowers Jr.,1.0,retired,,2025-04-02 16:21:03,,Running Back,All-Purpose Back,,,,50,0,50,0,0,164,0,0,0,0,0,0,0,0,0,0,6600000,23.0,Georgia,Clemson,,,
578,37,Official DT,Jackson Harris,Jackson,Harris,1.0,retired,,2025-04-02 16:21:03,,Cornerback,All-Around,,,,50,0,50,0,0,109,0,0,0,0,0,0,0,0,0,0,13382500,20.0,"Jackson, Tennessee",Florida State,,,
577,11,Leafer,Sensabaughdy Leafer,Sensabaughdy,Leafer,1.0,retired,,2025-04-02 16:21:03,,Defensive End,Speed Rusher,,,,50,0,50,0,0,96,0,0,0,0,0,0,0,0,0,0,4304690,85.0,"Regina, Saskatoon ",University of Regina Rams,,,
576,145,Bzerkap,Mat Akselsen,Mat,Akselsen,1.0,retired,,2025-04-02 16:21:03,,Quarterback,Mobile,,,,50,0,50,0,0,701,0,0,0,0,0,0,0,0,0,0,36375744,5.0,"Fertile, MN",LSU,,,
575,62,SimmerDownBruhh,Ricky Maddox,Ricky,Maddox,1.0,retired,,2025-04-02 16:21:03,,Defensive End,Run Stopper,,,,50,0,50,0,0,157,0,0,0,0,0,0,0,0,0,0,38557666,85.0,"Valdosta, GA",Georgia,,,
574,129,Dinklburger01,Sinjin Flimjollywop,Sinjin,Flimjollywop,1.0,retired,,2025-04-02 16:21:03,,Linebacker,Balanced,,,,50,0,50,0,0,109,0,0,0,0,0,0,0,0,0,0,8800000,52.0,"Owosso, Michigan",University of Michigan,,,
573,212,Desu,Jack Stats,Jack,Stats,1.0,retired,,2025-04-02 16:21:03,,Running Back,Power Back,,,,50,0,50,0,0,75,0,0,0,0,0,0,0,0,0,0,6125000,34.0,"Jacksonville, Florida",FSU,,,
572,110,zerxiez,Josh Davidson,Josh,Davidson,1.0,retired,,2025-04-02 16:21:03,,Tight End,Balanced Tight End,,,,50,0,50,0,0,53,0,0,0,0,0,0,0,0,0,0,2500000,87.0,"Omaha, Nebraska",University of Nebraska,,,
571,21,Noble,Logan Noble,Logan,Noble,1.0,retired,,2025-04-02 16:21:03,,Quarterback,Pocket Passer,,,,50,0,50,0,0,174,0,0,0,0,0,0,0,0,0,0,3237600,11.0,"Seattle, Washington, USA",Ohio State,,,
570,141,dave,Omar Wright,Omar,Wright,1.0,retired,,2025-04-02 16:21:03,,Running Back,Speed Back,,,,50,0,50,0,0,265,0,0,0,0,0,0,0,0,0,0,12971150,20.0,Newark,Rutgers,,,
569,191,MattSmith518,Matt Smith,Matt,Smith,1.0,retired,,2025-04-02 16:21:03,,Safety,Center Fielder,,,,50,0,50,0,0,50,0,0,0,0,0,0,0,0,0,0,2500000,20.0,"Philadelphia, PA",Penn State,,,
568,90,Sweetwater,John Canton,John,Canton,1.0,retired,,2025-04-02 16:21:03,,Cornerback,Man to Man,,,,50,0,50,0,0,231,0,0,0,0,0,0,0,0,0,0,99140130,23.0,"Columbus, OH",Ohio University,,,
567,144,SundayShowcase,Sunday Showcase,Sunday,Showcase,1.0,retired,,2025-04-02 16:21:03,,Safety,All-Around,,,,50,0,50,0,0,50,0,0,0,0,0,0,0,0,0,0,3250000,20.0,Charlotte NC,Michigan,,,
566,138,Mr_Brightside11,Bert Macklin,Bert,Macklin,1.0,retired,,2025-04-02 16:21:03,,Linebacker,Balanced,,,,50,0,50,0,0,50,0,0,0,0,0,0,0,0,0,0,2000000,56.0,"LI, NY",LSU,,,
565,116,TheAliensAreCumming,Jimmy Darkapple,Jimmy,Darkapple,1.0,retired,,2025-04-02 16:21:03,,Kicker,Balanced,,,,50,0,50,0,0,84,0,0,0,0,0,0,0,0,0,0,6575000,13.0,Wisconsin,UGA,,,
564,92,Nick,Stanislaw Maddox,Stanislaw,Maddox,1.0,retired,,2025-04-02 16:21:03,,Cornerback,Man to Man,,,,50,0,50,0,0,151,0,0,0,0,0,0,0,0,0,0,4100000,32.0,"Wilkes-Barre, PA",University of Cincinnati,,,
563,208,acki,Alex Hansen,Alex,Hansen,1.0,retired,,2025-04-02 16:21:03,,Safety,Center Fielder,,,,50,0,50,0,0,183,0,0,0,0,0,0,0,0,0,0,10725000,0.0,Chicago,Triton College,,,
562,101,PL55,Memphis Bloomfield,Memphis,Bloomfield,1.0,retired,,2025-04-02 16:21:03,,Defensive Tackle,Interior Rusher,,,,50,0,50,0,0,50,0,0,0,0,0,0,0,0,0,0,1000000,92.0,"Long Beach, California",University of Southern California,,,
561,210,Ramadeus,Luke Pierce,Luke,Pierce,1.0,retired,,2025-04-02 16:21:03,,Defensive Tackle,Balanced,,,,50,0,50,0,0,94,0,0,0,0,0,0,0,0,0,0,3500000,69.0,"Jacksonville, FL",,,,
560,81,Bronson,Rickey Mills,Rickey,Mills,1.0,retired,,2025-04-02 16:21:03,,Linebacker,Coverage Linebacker,,,,50,0,50,0,0,50,0,0,0,0,0,0,0,0,0,0,1500000,57.0, New Orleans,LSU,,,
559,109,deadendpath27,Kendrick Hendrix,Kendrick,Hendrix,1.0,retired,,2025-04-02 16:21:03,,Wide Receiver,Route Runner,,,,50,0,50,0,0,317,0,0,0,0,0,0,0,0,0,0,10843000,83.0,Vermont,Baylor,,,
558,16,noahcool11,Warin Parry,Warin,Parry,1.0,retired,,2025-04-02 16:21:03,,Running Back,Power Back,,,,50,0,50,0,0,50,0,0,0,0,0,0,0,0,0,0,500000,0.0,"Marburg,Hessen,Germany",,,,
557,69,Professorpayne69,Marcus Boyd,Marcus,Boyd,1.0,retired,,2025-04-02 16:21:03,,Offensive Lineman,Run Blocker ,,,,50,0,50,0,0,61,0,0,0,0,0,0,0,0,0,0,850000,69.0,"Wahoo, Nebraska - USA",Texas A&M,,,
556,74,Theo667,Joseph Tkachuk,Joseph,Tkachuk,1.0,retired,,2025-04-02 16:21:03,,Tight End,Balanced Tight End,,,,50,0,50,0,0,138,0,0,0,0,0,0,0,0,0,0,6500000,87.0,"Scottsdale, ARI",University of Missouri,,,
555,40,Law,D.J. Law,D.J.,Law,1.0,retired,active,2025-04-02 16:21:03,,Wide Receiver,Speed Receiver ,,,,50,0,50,0,0,180,0,0,0,0,0,0,0,0,0,0,5274000,9.0,Miami,,,,
554,164,OwenJH,Granit Lewis,Granit,Lewis,1.0,retired,,2025-04-02 16:21:03,,Wide Receiver,Speed Receiver,,,,50,0,50,0,0,50,0,0,0,0,0,0,0,0,0,0,500000,11.0,"London, UK",University of Michigan,,,
553,19,Pandar,Alex Thomas,Alex,Thomas,1.0,retired,,2025-04-02 16:21:03,,Offensive Lineman,Technician,,,,50,0,50,0,0,141,0,0,0,0,0,0,0,0,0,0,5400000,73.0,"Toledo, Ohio",Michigan State,,,
552,7,Grapehead,Anthony Petrakis,Anthony,Petrakis,1.0,retired,,2025-04-02 16:21:03,,Running Back,Blocking Back,,,,50,0,50,0,0,231,0,0,0,0,0,0,0,0,0,0,14081200,86.0,"Chino, CA",UC Berkeley,,,
551,88,BigE,Vinz Lockkeu,Vinz,Lockkeu,1.0,retired,,2025-04-02 16:21:03,,Defensive End,Speed Rusher,,,,50,0,50,0,0,50,0,0,0,0,0,0,0,0,0,0,2500000,56.0,"Saginaw, Michigan",Western Michigan,,,
550,77,ErMurazor,Jayce Tuck,Jayce,Tuck,1.0,retired,,2025-04-02 16:21:03,,Defensive End,Run Stopper,,,,50,0,50,0,0,548,0,0,0,0,0,0,0,0,0,0,11766695,91.0,,,,,
549,205,AvengedtK,Joshua Ortega,Joshua,Ortega,1.0,retired,,2025-04-02 16:21:03,,Defensive Tackle,Nose Tackle,,,,50,0,50,0,0,50,0,0,0,0,0,0,0,0,0,0,1000000,13.0,"Jackson, Tennessee",University of Tennessee,,,
548,153,enigmatic,Philippe Carter,Philippe,Carter,1.0,retired,,2025-04-02 16:21:03,,Cornerback,Zone,,,,50,0,50,0,0,492,0,0,0,0,0,0,0,0,0,0,54367240,21.0,"New Orleans, Louisiana",Colorado State,,,
547,86,theFlock,Ryan Flock,Ryan,Flock,1.0,retired,,2025-04-02 16:21:03,,Safety,All-Around ,,,,50,0,50,0,0,208,0,0,0,0,0,0,0,0,0,0,15183250,20.0,"Baltimore, MD",Navy,,,
546,67,HazardouSpork,Rolf Larsendorf,Rolf,Larsendorf,1.0,retired,,2025-04-02 16:21:03,,Tight End,Balanced Tight End,,,,50,0,50,0,0,67,0,0,0,0,0,0,0,0,0,0,3350000,7.0,Lake Michigan Car Ferry,University of Wisconsin - Leipzig,,,
545,157,baltimoreravens,Pablo Sanchez,Pablo,Sanchez,1.0,retired,,2025-04-02 16:21:03,,Safety,Playmaker,,,,50,0,50,0,0,57,0,0,0,0,0,0,0,0,0,0,2000000,21.0,"Baltimore, Maryland",Georgia Tech,,,
544,166,Bingbongday,Wren Piper,Wren,Piper,1.0,retired,,2025-04-02 16:21:03,,Tight End,Balanced Tight End,,,,50,0,50,0,0,54,0,0,0,0,0,0,0,0,0,0,2000000,81.0,"Fort Collins, CO",University of Washington,,,
543,148,Electraspace,Daniel Robicheaux,Daniel,Robicheaux,1.0,retired,,2025-04-02 16:21:03,,Offensive Lineman,Pass Blocker,,,,50,0,50,0,0,81,0,0,0,0,0,0,0,0,0,0,7982000,64.0,"Lake Charles, LA",Ole Miss,,,
542,192,EvanR123,Lindarius Shelton,Lindarius,Shelton,1.0,retired,,2025-04-02 16:21:03,,Linebacker,Balanced,,,,50,0,50,0,0,123,0,0,0,0,0,0,0,0,0,0,5525000,52.0,"Philadelphia, PA",Louisiana State University,,,
541,120,Viktor1980,Mark Hargrove,Mark,Hargrove,1.0,retired,,2025-04-02 16:21:03,,Tight End,Balanced Tight End,,,,50,0,50,0,0,56,0,0,0,0,0,0,0,0,0,0,2600000,85.0,"Sacramento, CA",USC,,,
540,64,Bertiswho,Bert Metas,Bert,Metas,1.0,retired,,2025-04-02 16:21:03,,Defensive Tackle,Balanced,,,,50,0,50,0,0,182,0,0,0,0,0,0,0,0,0,0,7500000,90.0,"Dearborn Heights, MI",University of Michigan,,,
539,89,King,Devin Speed,Devin,Speed,1.0,retired,,2025-04-02 16:21:03,,Safety,Center Fielder,,,,50,0,50,0,0,56,0,0,0,0,0,0,0,0,0,0,6425000,11.0,Virginia Beach,Virginia Tech,,,
538,95,BasedPooter,Jason Spearhead,Jason,Spearhead,1.0,retired,,2025-04-02 16:21:03,,Defensive End,Power Rusher,,,,50,0,50,0,0,85,0,0,0,0,0,0,0,0,0,0,10625000,56.0,"Mobile, AL",Alabama,,,
537,30,ztevans,Greg Taylor,Greg,Taylor,1.0,retired,,2025-04-02 16:21:03,,Defensive End,Speed Rusher,,,,50,0,50,0,0,80,0,0,0,0,0,0,0,0,0,0,21000000,91.0,"Hudson, NC",North Carolina,,,
536,142,Destroyer,Isaiah Rashad,Isaiah,Rashad,1.0,retired,,2025-04-02 16:21:03,,Safety,Center Fielder,,,,50,0,50,0,0,126,0,0,0,0,0,0,0,0,0,0,11067000,33.0,"Miami, Florida",LSU,,,
535,215,:.Elite.:,Demetrius Wiley,Demetrius,Wiley,1.0,retired,,2025-04-02 16:21:03,,Running Back,Speed Back,,,,50,0,50,0,0,79,0,0,0,0,0,0,0,0,0,0,1000000,31.0,"Tempe, Arizona",Northern Iowa,,,
534,154,Apache_Chief,Franklin Harris,Franklin,Harris,1.0,retired,,2025-04-02 16:21:03,,Linebacker,Speed Rusher,,,,50,0,50,0,0,330,0,0,0,0,0,0,0,0,0,0,25349000,96.0,"Houston, Texas",University of Houston,,,
533,61,Foompin,Dental Dam,Dental,Dam,1.0,retired,,2025-04-02 16:21:03,,Defensive End,Balanced,,,,50,0,50,0,0,157,0,0,0,0,0,0,0,0,0,0,5030000,99.0,,Cal,,,
531,49,LT21,Timote Shoate,Timote,Shoate,1.0,retired,,2025-04-02 16:21:03,,Cornerback,All-Around ,,,,50,0,50,0,0,161,0,0,0,0,0,0,0,0,0,0,7000000,36.0,"Compton, CA",Georgia,,,
530,201,mjdharder,D’Brickashaw Ferguson,D’Brickashaw,Ferguson,1.0,retired,,2025-04-02 16:21:03,,Offensive Lineman,Technician,,,,50,0,50,0,0,105,0,0,0,0,0,0,0,0,0,0,3500000,69.0,"Bluffton, Ohio",Ohio State,,,
529,103,Billieck,Bill Weller,Bill,Weller,1.0,retired,,2025-04-02 16:21:03,,Tight End,Possession Tight End,,,,50,0,50,0,0,50,0,0,0,0,0,0,0,0,0,0,1000000,29.0,"Detroit, MI",Michigan,,,
528,42,WinstonKodogo,Stephen Harris,Stephen,Harris,1.0,retired,,2025-04-02 16:21:03,,Kicker,Balanced,,,,50,0,50,0,0,218,0,0,0,0,0,0,0,0,0,0,15328050,3.0,"Edinburgh, Scotland",Notre Dame,,,
527,127,Player1,George Wright Jr.,George,Wright Jr.,1.0,retired,,2025-04-02 16:21:03,,Defensive End,Run Stopper,,,,50,0,50,0,0,206,0,0,0,0,0,0,0,0,0,0,11010615,44.0,"Madison, WI",University of Iowa,,,
526,38,Bushito,Brady Stropko,Brady,Stropko,1.0,retired,,2025-04-02 16:21:03,,Linebacker,Speed Rusher,,,,50,0,50,0,0,114,0,0,0,0,0,0,0,0,0,0,4150000,55.0,Canada,Oregon,,,
525,169,DefensiveJesus,Lightskin Thor,Lightskin,Thor,1.0,retired,,2025-04-02 16:21:03,,Defensive End,Balanced,,,,50,0,50,0,0,70,0,0,0,0,0,0,0,0,0,0,3000000,90.0,Napa Valley,Stanford,,,
524,87,TheLoopster,Mike McNoodle,Mike,McNoodle,1.0,retired,,2025-04-02 16:21:03,,Safety,All-Around,,,,50,0,50,0,0,81,0,0,0,0,0,0,0,0,0,0,11700000,32.0,"Detroit, Michigan",University of Michigan,,,
523,41,ESH,Eric Hansen,Eric,Hansen,1.0,retired,,2025-04-02 16:21:03,,Cornerback,Zone,,,,50,0,50,0,0,74,0,0,0,0,0,0,0,0,0,0,1000000,25.0,"Calgary, AB",Washington State,,,
522,31,Rich,Alex Hayden,Alex,Hayden,1.0,retired,,2025-04-02 16:21:03,,Cornerback,All-Around,,,,50,0,50,0,0,210,0,0,0,0,0,0,0,0,0,0,15900000,23.0,,Texas,,,
521,10,Bojo,Bojo Kicksit,Bojo,Kicksit,1.0,retired,,2025-04-02 16:21:03,,Kicker,Power,,,,50,0,50,0,0,158,0,0,0,0,0,0,0,0,0,0,3250000,10.0,"Richmond, VA",South Carolina,,,
520,188,samee,Jordan Weal,Jordan,Weal,1.0,retired,,2025-04-02 16:21:03,,Offensive Lineman,Technician ,,,,50,0,50,0,0,80,0,0,0,0,0,0,0,0,0,0,14386850,7.0,idk,idk,,,
519,51,jeter137,King Arthur,King,Arthur,1.0,retired,,2025-04-02 16:21:03,,Cornerback,All-Around,,,,50,0,50,0,0,50,0,0,0,0,0,0,0,0,0,0,1000000,20.0,,florida st,,,
403,60,timeconsumer,Angus Winchester,Angus,Winchester,1.0,retired,,2025-08-21 15:31:11,2024-01-01 12:00:00,Defensive End,Balanced,,,,168,0,168,0,0,0,0,0,0,0,0,0,0,0,0,0,26610454,,,Import College,,,
257,1365,Kyle,Kyle Idlewyld,Kyle,Idlewyld,20.0,retired,,2025-08-21 19:30:57,2024-01-01 12:00:00,Defensive End,Unknown,,,,250,0,250,0,0,0,0,0,0,0,0,0,0,0,0,0,12370691,,,Import College,,,
256,2,Admin,Clove Rhook,Clove,Rhook,11.0,retired,,2025-08-21 19:27:25,2024-01-01 12:00:00,Running Back,Unknown,,,,250,0,250,0,0,0,0,0,0,0,0,0,0,0,0,0,1000000,,,Import College,,,
255,769,Tinkler,Ryan Cobalt,Ryan,Cobalt,11.0,retired,,2025-08-21 19:22:03,2024-01-01 12:00:00,Safety,Run Support,,,,250,0,250,0,0,0,0,0,0,0,0,0,0,0,0,0,5501000,,,Import College,,,
254,758,mckee29,Antonio Summer,Antonio,Summer,11.0,retired,,2025-08-21 19:21:08,2024-01-01 12:00:00,Running Back,Unknown,,,,250,0,250,0,0,0,0,0,0,0,0,0,0,0,0,0,-8758710,,,Import College,,,
253,12,DELIRIVM,Alexander Overholt,Alexander,Overholt,8.0,retired,active,2025-08-21 19:15:30,2024-01-01 12:00:00,Quarterback,Pocket Passer,,,,250,0,250,0,0,0,0,0,0,0,0,0,0,0,0,0,45853530,,,Import College,,,
252,611,Angels_Otani,Bubba Beau-Boucher,Bubba,Beau-Boucher,7.0,retired,,2025-08-21 19:14:08,2024-01-01 12:00:00,Safety,Run Support,,,,250,0,250,0,0,0,0,0,0,0,0,0,0,0,0,0,2123500,,,Import College,,,
251,566,AFierceSpoon,Deez Nutts,Deez,Nutts,6.0,retired,,2025-08-21 19:12:40,2024-01-01 12:00:00,Defensive Tackle,Interior Rusher,,,,250,0,250,0,0,0,0,0,0,0,0,0,0,0,0,0,3500000,,,Import College,,,
250,363,loco,Lil Bot,Lil,Bot,6.0,retired,,2025-08-21 19:11:05,2024-01-01 12:00:00,Running Back,Speed Back,,,,250,0,250,0,0,0,0,0,0,0,0,0,0,0,0,0,37883750,,,Import College,,,
249,585,Jonstradamus,Grey Slax,Grey,Slax,6.0,retired,,2025-08-21 19:09:48,2024-01-01 12:00:00,Wide Receiver,Route Runner,,,,250,0,250,0,0,0,0,0,0,0,0,0,0,0,0,0,5075300,,,Import College,,,
248,460,Keyg_an,Antonio Legion,Antonio,Legion,6.0,retired,,2025-08-21 19:08:47,2024-01-01 12:00:00,Wide Receiver,Route Runner,,,,250,0,250,0,0,0,0,0,0,0,0,0,0,0,0,0,8595125,,,Import College,,,
247,582,speculadora,Jaylon Broxton,Jaylon,Broxton,6.0,retired,active,2025-08-21 19:05:44,2024-01-01 12:00:00,Safety,Center Fielder,,,,250,0,250,0,0,0,0,0,0,0,0,0,0,0,0,0,10604601,,,Import College,,,
246,500,Teriyaki God,Jacob Lattimore,Jacob,Lattimore,5.0,retired,,2025-08-21 19:04:45,2024-01-01 12:00:00,Safety,Coverage LB,,,,250,0,250,0,0,0,0,0,0,0,0,0,0,0,0,0,1000000,,,Import College,,,
245,485,Nonsense,Trey Lonzac,Trey,Lonzac,4.0,retired,,2025-08-21 19:03:49,2024-01-01 12:00:00,Cornerback,All-Around,,,,250,0,250,0,0,106,0,0,0,0,0,0,0,0,0,0,5000000,,,Import College,,,
244,2,Admin,Jaxon Tuck,Jaxon,Tuck,3.0,retired,,2025-08-21 19:02:31,2024-01-01 12:00:00,Running Back,Unknown,,,,250,0,250,0,0,0,0,0,0,0,0,0,0,0,0,0,1000000,,,Import College,,,
243,397,Archon,Francois Lamoreux,Francois,Lamoreux,3.0,retired,,2025-08-21 18:58:49,2024-01-01 12:00:00,Offensive Lineman,Pass Blocker,,,,250,0,250,0,0,0,0,0,0,0,0,0,0,0,0,0,18377783,,,Import College,,,
242,402,JuOSu,Julian O'Sullivan,Julian,O'Sullivan,3.0,retired,active,2025-08-21 18:57:06,2024-01-01 12:00:00,Linebacker,Run Stopper,,,,250,0,250,0,0,0,0,0,0,0,0,0,0,0,0,0,-977735,,,Import College,,,
241,399,Bayley,Benson Bayley,Benson,Bayley,3.0,retired,active,2025-08-21 18:56:23,2024-01-01 12:00:00,Cornerback,Man-to-Man,,,,250,0,250,0,0,0,0,0,0,0,0,0,0,0,0,0,178823307,,,Import College,,,
240,226,Jack,Jack Vanderjagt,Jack,Vanderjagt,2.0,retired,,2025-08-21 18:52:10,2024-01-01 12:00:00,Kicker,Accurate,,,,250,0,250,0,0,0,0,0,0,0,0,0,0,0,0,0,500000,,,Import College,,,
239,2,Admin,Pat Pancake,Pat,Pancake,2.0,retired,,2025-08-21 18:50:30,2024-01-01 12:00:00,Offensive Lineman,Unknown,,,,250,0,250,0,0,0,0,0,0,0,0,0,0,0,0,0,1000000,,,Import College,,,
238,299,tlk742,Darren Smallwood,Darren,Smallwood,2.0,retired,,2025-08-21 18:47:11,2024-01-01 12:00:00,Wide Receiver,Speed Back,,,,250,0,250,0,0,0,0,0,0,0,0,0,0,0,0,0,7971001,,,Import College,,,
237,2,Admin,Christiano Ronaldo,Christiano,Ronaldo,2.0,retired,,2025-08-21 18:46:09,2024-01-01 12:00:00,Kicker,Unknown,,,,250,0,250,0,0,0,0,0,0,0,0,0,0,0,0,0,1000000,,,Import College,,,
236,2,Admin,Luke Luechly,Luke,Luechly,2.0,retired,,2025-08-21 18:44:38,2024-01-01 12:00:00,Linebacker,Unknown,,,,250,0,250,0,0,0,0,0,0,0,0,0,0,0,0,0,1000000,,,Import College,,,
235,363,loco,Big Bot,Big,Bot,2.0,retired,,2025-08-21 18:42:35,2024-01-01 12:00:00,Defensive End,Power Rusher,,,,250,0,250,0,0,0,0,0,0,0,0,0,0,0,0,0,37883750,,,Import College,,,
234,346,RedCydranth,Marc Spector,Marc,Spector,2.0,retired,,2025-08-21 18:39:50,2024-01-01 12:00:00,Cornerback,Man-to-Man,,,,250,0,250,0,0,0,0,0,0,0,0,0,0,0,0,0,27276220,,,Import College,,,
233,300,iamslm22,Avon Blocksdale,Avon,Blocksdale,2.0,retired,,2025-08-21 18:38:30,2024-01-01 12:00:00,Cornerback,All-Around,,,,250,0,250,0,0,0,0,0,0,0,0,0,0,0,0,0,97097512,,,Import College,,,
232,253,124715,Paul DiMirio,Paul,DiMirio,2.0,retired,,2025-08-21 18:36:13,2024-01-01 12:00:00,Tight End,Vertical Threat,,,,250,0,250,0,0,0,0,0,0,0,0,0,0,0,0,0,483014098,,,Import College,,,
231,297,GSD,Jorge Masvidal,Jorge,Masvidal,2.0,retired,,2025-08-21 16:16:30,2024-01-01 12:00:00,Safety,Center Fielder,,,,250,0,250,0,0,0,0,0,0,0,0,0,0,0,0,0,6137000,,,Import College,,,
230,294,manicmav36,Owen Taylor,Owen,Taylor,2.0,retired,active,2025-08-21 16:15:17,2024-01-01 12:00:00,Running Back,Speed Back,,,,250,0,250,0,0,0,0,0,0,0,0,0,0,0,0,0,6920793,,,University of Nebraska,,,
229,278,BrokkLee,Brokk Lee,Brokk,Lee,2.0,retired,,2025-08-21 16:14:03,2024-01-01 12:00:00,Offensive Lineman,Unknown,,,,250,0,250,0,0,0,0,0,0,0,0,0,0,0,0,0,6127000,,,Import College,,,
228,2,Admin,Tim Pest,Tim,Pest,2.0,retired,,2025-08-21 16:10:23,2024-01-01 12:00:00,Offensive Lineman,Unknown,,,,250,0,250,0,0,0,0,0,0,0,0,0,0,0,0,0,1000000,,,Import College,,,
227,218,White Cornerback,Dermot Lavelle,Dermot,Lavelle,1.0,retired,,2025-08-21 16:06:26,2024-01-01 12:00:00,Cornerback,Man to Man,,,,250,0,250,0,0,0,0,0,0,0,0,0,0,0,0,0,47695466,,,Import College,,,
226,12,DELIRIVM,Wyatt Fulton,Wyatt,Fulton,1.0,retired,active,2025-08-21 16:04:13,2024-01-01 12:00:00,Linebacker,Speed Rusher,,,,250,0,250,0,0,0,0,0,0,0,0,0,0,0,0,0,45853530,,,Import College,,,
225,20,ADwyer87,King Bronko,King,Bronko,1.0,retired,,2025-08-21 15:58:48,2024-01-01 12:00:00,Quarterback,Gunslinger,,,,250,0,250,0,0,0,0,0,0,0,0,0,0,0,0,0,158214174,,,Import College,,,
224,52,ChicagoKid4Life,Alistair Amir,Alistair,Amir,1.0,retired,,2025-08-21 15:55:40,2024-01-01 12:00:00,Defensive End,Speed Rusher,,,,250,0,250,0,0,0,0,0,0,0,0,0,0,0,0,0,2000000,,,Import College,,,
223,213,redguy22,William Nasher,William,Nasher,1.0,retired,,2025-08-21 15:54:52,2024-01-01 12:00:00,Defensive Tackle,Interior Rusher,,,,250,0,250,0,0,0,0,0,0,0,0,0,0,0,0,0,7000000,,,Import College,,,
222,59,PigSnout,Boss Tweed,Boss,Tweed,1.0,retired,,2025-08-21 15:53:11,2024-01-01 12:00:00,Running Back,Speed Rusher,,,,250,0,250,0,0,0,0,0,0,0,0,0,0,0,0,0,5837256,,,Import College,,,
221,133,WizardStephen,Wizard Stephen,Wizard,Stephen,1.0,retired,,2025-08-21 15:51:41,2024-01-01 12:00:00,Wide Receiver,Red Zone Threat,,,,250,0,250,0,0,0,0,0,0,0,0,0,0,0,0,0,1000000,,,Import College,,,
220,172,tootboots12,Kentillan Laces,Kentillan,Laces,1.0,retired,,2025-08-21 15:50:34,2024-01-01 12:00:00,Kicker,Balanced,,,,250,0,250,0,0,0,0,0,0,0,0,0,0,0,0,0,4000000,,,Import College,,,
219,159,7hawk77,Dan Miller,Dan,Miller,1.0,retired,,2025-08-21 15:49:34,2024-01-01 12:00:00,Defensive Tackle,Run Stuffer,,,,250,0,250,0,0,0,0,0,0,0,0,0,0,0,0,0,15620850,,,Import College,,,
218,78,Vikain,Vikian Marmeladov,Vikian,Marmeladov,1.0,retired,,2025-08-21 15:48:50,2024-01-01 12:00:00,Safety,Playmaker,,,,250,0,250,0,0,0,0,0,0,0,0,0,0,0,0,0,29106000,,,Import College,,,
217,111,Valtookan,Harrif Ernston,Harrif,Ernston,1.0,retired,,2025-08-21 15:47:04,2024-01-01 12:00:00,Linebacker,Coverage LB,,,,250,0,250,0,0,0,0,0,0,0,0,0,0,0,0,0,16382843,,,Import College,,,
216,24,Raven,Turk Turkleton,Turk,Turkleton,1.0,retired,active,2025-08-21 15:45:56,2024-01-01 12:00:00,Kicker,Accuracy,,,,250,0,250,0,0,0,0,0,0,0,0,0,0,0,0,0,81878343,,,Import College,,,
215,147,Bwestfield,Bradley Westfield,Bradley,Westfield,1.0,retired,,2025-08-21 15:45:10,2024-01-01 12:00:00,Wide Receiver,Route Runner,,,,250,0,250,0,0,0,0,0,0,0,0,0,0,0,0,0,24958515,,,Import College,,,
214,161,DeathOnReddit,Arbin Asipi,Arbin,Asipi,1.0,retired,,2025-08-21 15:44:15,2024-01-01 12:00:00,Defensive Tackle,Nose Tackle,,,,250,0,250,0,0,0,0,0,0,0,0,0,0,0,0,0,31238347,,,Import College,,,
213,126,37thchamber,Antoine Delacour,Antoine,Delacour,1.0,retired,active,2025-08-21 15:43:23,2024-01-01 12:00:00,Cornerback,Man to Man,,,,250,0,250,0,0,0,0,0,0,0,0,0,0,0,0,0,101780342,,,Import College,,,
212,206,Zoone16,Alexandre LeClair,Alexandre,LeClair,1.0,retired,,2025-08-21 15:42:30,2024-01-01 12:00:00,Wide Receiver,Route Runner,,,,250,0,250,0,0,0,0,0,0,0,0,0,0,0,0,0,20876241,,,Import College,,,
211,181,jparks98,Johnathon Saint,Johnathon,Saint,1.0,retired,,2025-08-21 15:41:13,2024-01-01 12:00:00,Linebacker,Power Rusher,,,,250,0,250,0,0,0,0,0,0,0,0,0,0,0,0,0,53889000,,,Import College,,,
210,151,HENDRIX,Kurt Hendrix,Kurt,Hendrix,1.0,retired,,2025-08-21 15:40:26,2024-01-01 12:00:00,Defensive End,Run Stopper,,,,250,0,250,0,0,0,0,0,0,0,0,0,0,0,0,0,50641700,,,Import College,,,
209,182,Stormblessed,- Stormblessed,-,Stormblessed,1.0,retired,,2025-08-21 15:39:27,2024-01-01 12:00:00,Wide Receiver,Speed Receiver,,,,250,0,250,0,0,0,0,0,0,0,0,0,0,0,0,0,16359000,,,Import College,,,
208,47,JBLAZE_THE_BOSS,Mike Boss,Mike,Boss,1.0,retired,active,2025-08-21 15:38:34,2024-01-01 12:00:00,Quarterback,Pocket Passer,,,,250,0,250,0,0,0,0,0,0,0,0,0,0,0,0,0,7950589,,,Import College,,,
207,121,youngcricket,Jaylon Lee,Jaylon,Lee,1.0,retired,,2025-08-21 15:37:54,2024-01-01 12:00:00,Linebacker,Balanced,,,,250,0,250,0,0,0,0,0,0,0,0,0,0,0,0,0,1272800,,,Import College,,,
206,45,TheWoZy,Fuego Wozy,Fuego,Wozy,1.0,retired,,2025-08-21 15:36:59,2024-01-01 12:00:00,Defensive End,Power Rusher,,,,250,0,250,0,0,0,0,0,0,0,0,0,0,0,0,0,21373500,,,Import College,,,
205,149,Molarpistols,Ian Bavitz,Ian,Bavitz,1.0,retired,,2025-08-21 15:36:00,2024-01-01 12:00:00,Linebacker,Center Fielder,,,,250,0,250,0,0,0,0,0,0,0,0,0,0,0,0,0,7516530,,,Import College,,,
202,50,daBenchwarmer,Gosh Jarden,Gosh,Jarden,1.0,retired,,2025-08-21 15:29:15,2024-01-01 12:00:00,Wide Receiver,Speed Receiver,,,,250,0,250,0,0,0,0,0,0,0,0,0,0,0,0,0,-682914,,,Import College,,,
201,5,Esa77,Reg Mackworthy,Reg,Mackworthy,1.0,retired,,2025-08-21 15:22:48,2024-01-01 12:00:00,Running Back,Speed Back,,,,250,0,250,0,0,0,0,0,0,0,0,0,0,0,0,0,3977000,30.0,"Compton, California",Oregon State University,,,
200,555,Ballerstorm,Josh Garden,Josh,Garden,1.0,retired,,2025-08-21 15:01:55,2024-01-01 12:00:00,Wide Receiver,Speed Receiver,,,,250,0,250,0,0,0,0,0,0,0,0,0,0,0,0,0,30820500,12.0,"Houston, Texas",Baylor,,,
